path/id,purpose,owner,dependencies,evidence_of_use,risk,recommendation,classification
civora:.github/workflows/civora-persistence-reconciliation.yml,CIVORA Persistence Reconciliation,repo maintainer / runtime owner if registered,.github/workflows/civora-persistence-reconciliation.yml;.github/workflows/civora-scope-drift.yml,workflow reference: .github/workflows/civora-persistence-reconciliation.yml;.github/workflows/civora-scope-drift.yml,compute/validation,retain until resource ownership and result closure proven,INVESTIGATE
civora:.github/workflows/civora-scope-drift.yml,CIVORA Scope Drift,repo maintainer / runtime owner if registered,.github/workflows/civora-scope-drift.yml,workflow reference: .github/workflows/civora-scope-drift.yml,compute/validation,retain until resource ownership and result closure proven,INVESTIGATE
civora:.github/workflows/craiova-clar-public-safety-scheduler.yml,CRAIOVA CLAR Public Safety Scheduler,repo maintainer / runtime owner if registered,.github/workflows/craiova-clar-public-safety-scheduler.yml,workflow reference: .github/workflows/craiova-clar-public-safety-scheduler.yml,external effects,retain until resource ownership and result closure proven,INVESTIGATE
civora:.github/workflows/craiova-clar-utility-scheduler.yml,CRAIOVA CLAR Utility Scheduler,repo maintainer / runtime owner if registered,.github/workflows/craiova-clar-utility-scheduler.yml,workflow reference: .github/workflows/craiova-clar-utility-scheduler.yml,external effects,retain until resource ownership and result closure proven,INVESTIGATE
civora:.github/workflows/eucons-ai4work-research.yml,EUCONS AI4WORK Research Gate,repo maintainer / runtime owner if registered,.github/workflows/eucons-ai4work-research.yml,workflow reference: .github/workflows/eucons-ai4work-research.yml,compute/validation,retain until resource ownership and result closure proven,INVESTIGATE
civora:.github/workflows/eucons-build.yml,EUCONS Build,repo maintainer / runtime owner if registered,not resolved,tracked at pinned HEAD; runtime use not proven,compute/validation,retain until resource ownership and result closure proven,INVESTIGATE
civora:.github/workflows/eucons-client-finder-commercial-scope-readiness.yml,EUCONS Client Finder Commercial Scope Readiness,repo maintainer / runtime owner if registered,.github/workflows/eucons-client-finder-commercial-scope-readiness.yml,workflow reference: .github/workflows/eucons-client-finder-commercial-scope-readiness.yml,compute/validation,retain until resource ownership and result closure proven,INVESTIGATE
civora:.github/workflows/eucons-client-finder-evaluation-transition.yml,EUCONS Client Finder Evaluation Transition,repo maintainer / runtime owner if registered,.github/workflows/eucons-client-finder-evaluation-transition.yml,workflow reference: .github/workflows/eucons-client-finder-evaluation-transition.yml,compute/validation,retain until resource ownership and result closure proven,INVESTIGATE
civora:.github/workflows/eucons-client-finder-final-offer-candidate-review.yml,EUCONS Client Finder Final Offer Candidate Review,repo maintainer / runtime owner if registered,.github/workflows/eucons-client-finder-final-offer-candidate-review.yml,workflow reference: .github/workflows/eucons-client-finder-final-offer-candidate-review.yml,compute/validation,retain until resource ownership and result closure proven,INVESTIGATE
civora:.github/workflows/eucons-client-finder-final-offer-release-authorization.yml,EUCONS Client Finder Final Offer Release Authorization,repo maintainer / runtime owner if registered,.github/workflows/eucons-client-finder-final-offer-release-authorization.yml,workflow reference: .github/workflows/eucons-client-finder-final-offer-release-authorization.yml,compute/validation,retain until resource ownership and result closure proven,INVESTIGATE
civora:.github/workflows/eucons-client-finder-final-offer-release-execution-authorization.yml,EUCONS Client Finder Final Offer Release Execution Authorization,repo maintainer / runtime owner if registered,.github/workflows/eucons-client-finder-final-offer-release-execution-authorization.yml,workflow reference: .github/workflows/eucons-client-finder-final-offer-release-execution-authorization.yml,compute/validation,retain until resource ownership and result closure proven,INVESTIGATE
civora:.github/workflows/eucons-client-finder-final-offer-release-execution-commit-authorization.yml,EUCONS Client Finder Final Offer Release Execution Commit Authorization,repo maintainer / runtime owner if registered,.github/workflows/eucons-client-finder-final-offer-release-execution-commit-authorization.yml,workflow reference: .github/workflows/eucons-client-finder-final-offer-release-execution-commit-authorization.yml,compute/validation,retain until resource ownership and result closure proven,INVESTIGATE
civora:.github/workflows/eucons-client-finder-final-offer-release-execution-commit-preparation.yml,EUCONS Client Finder Final Offer Release Execution Commit Preparation,repo maintainer / runtime owner if registered,.github/workflows/eucons-client-finder-final-offer-release-execution-commit-preparation.yml,workflow reference: .github/workflows/eucons-client-finder-final-offer-release-execution-commit-preparation.yml,compute/validation,retain until resource ownership and result closure proven,INVESTIGATE
civora:.github/workflows/eucons-client-finder-final-offer-release-execution-commit-review.yml,EUCONS Client Finder Final Offer Release Execution Commit Review,repo maintainer / runtime owner if registered,.github/workflows/eucons-client-finder-final-offer-release-execution-commit-review.yml,workflow reference: .github/workflows/eucons-client-finder-final-offer-release-execution-commit-review.yml,compute/validation,retain until resource ownership and result closure proven,INVESTIGATE
civora:.github/workflows/eucons-client-finder-final-offer-release-execution-gate.yml,EUCONS Client Finder Final Offer Release Execution Gate,repo maintainer / runtime owner if registered,.github/workflows/eucons-client-finder-final-offer-release-execution-gate.yml,workflow reference: .github/workflows/eucons-client-finder-final-offer-release-execution-gate.yml,compute/validation,retain until resource ownership and result closure proven,INVESTIGATE
civora:.github/workflows/eucons-client-finder-final-offer-release-execution-review.yml,EUCONS Client Finder Final Offer Release Execution Review,repo maintainer / runtime owner if registered,.github/workflows/eucons-client-finder-final-offer-release-execution-review.yml,workflow reference: .github/workflows/eucons-client-finder-final-offer-release-execution-review.yml,compute/validation,retain until resource ownership and result closure proven,INVESTIGATE
civora:.github/workflows/eucons-client-finder-final-offer-release-package-preparation.yml,EUCONS Client Finder Final Offer Release Package Preparation,repo maintainer / runtime owner if registered,.github/workflows/eucons-client-finder-final-offer-release-package-preparation.yml,workflow reference: .github/workflows/eucons-client-finder-final-offer-release-package-preparation.yml,compute/validation,retain until resource ownership and result closure proven,INVESTIGATE
civora:.github/workflows/eucons-client-finder-final-offer-release-package-review.yml,EUCONS Client Finder Final Offer Release Package Review,repo maintainer / runtime owner if registered,.github/workflows/eucons-client-finder-final-offer-release-package-review.yml,workflow reference: .github/workflows/eucons-client-finder-final-offer-release-package-review.yml,compute/validation,retain until resource ownership and result closure proven,INVESTIGATE
civora:.github/workflows/eucons-client-finder-final-offer-release-readiness.yml,EUCONS Client Finder Final Offer Release Readiness,repo maintainer / runtime owner if registered,.github/workflows/eucons-client-finder-final-offer-release-readiness.yml,workflow reference: .github/workflows/eucons-client-finder-final-offer-release-readiness.yml,compute/validation,retain until resource ownership and result closure proven,INVESTIGATE
civora:.github/workflows/eucons-client-finder-internal-final-offer-candidate-generation.yml,EUCONS Client Finder Internal Final Offer Candidate Generation,repo maintainer / runtime owner if registered,.github/workflows/eucons-client-finder-internal-final-offer-candidate-generation.yml,workflow reference: .github/workflows/eucons-client-finder-internal-final-offer-candidate-generation.yml,compute/validation,retain until resource ownership and result closure proven,INVESTIGATE
civora:.github/workflows/eucons-client-finder-internal-offer-draft-generation.yml,EUCONS Client Finder Internal Offer Draft Generation,repo maintainer / runtime owner if registered,.github/workflows/eucons-client-finder-internal-offer-draft-generation.yml,workflow reference: .github/workflows/eucons-client-finder-internal-offer-draft-generation.yml,compute/validation,retain until resource ownership and result closure proven,INVESTIGATE
civora:.github/workflows/eucons-client-finder-match-explainability.yml,EUCONS Client Finder Match Explainability,repo maintainer / runtime owner if registered,.github/workflows/eucons-client-finder-match-explainability.yml,workflow reference: .github/workflows/eucons-client-finder-match-explainability.yml,compute/validation,retain until resource ownership and result closure proven,INVESTIGATE
civora:.github/workflows/eucons-client-finder-offer-content-review.yml,EUCONS Client Finder Offer Content Review,repo maintainer / runtime owner if registered,.github/workflows/eucons-client-finder-offer-content-review.yml,workflow reference: .github/workflows/eucons-client-finder-offer-content-review.yml,compute/validation,retain until resource ownership and result closure proven,INVESTIGATE
civora:.github/workflows/eucons-client-finder-offer-finalization-readiness.yml,EUCONS Client Finder Offer Finalization Readiness,repo maintainer / runtime owner if registered,.github/workflows/eucons-client-finder-offer-finalization-readiness.yml,workflow reference: .github/workflows/eucons-client-finder-offer-finalization-readiness.yml,compute/validation,retain until resource ownership and result closure proven,INVESTIGATE
civora:.github/workflows/eucons-client-finder-offer-preparation-authorization.yml,EUCONS Client Finder Offer Preparation Authorization,repo maintainer / runtime owner if registered,.github/workflows/eucons-client-finder-offer-preparation-authorization.yml,workflow reference: .github/workflows/eucons-client-finder-offer-preparation-authorization.yml,compute/validation,retain until resource ownership and result closure proven,INVESTIGATE
civora:.github/workflows/eucons-client-finder-operator-triage.yml,EUCONS Client Finder Operator Triage,repo maintainer / runtime owner if registered,.github/workflows/eucons-client-finder-operator-triage.yml,workflow reference: .github/workflows/eucons-client-finder-operator-triage.yml,compute/validation,retain until resource ownership and result closure proven,INVESTIGATE
civora:.github/workflows/eucons-client-finder-research-evaluation-review.yml,EUCONS Client Finder Research Evaluation Review,repo maintainer / runtime owner if registered,.github/workflows/eucons-client-finder-research-evaluation-review.yml,workflow reference: .github/workflows/eucons-client-finder-research-evaluation-review.yml,compute/validation,retain until resource ownership and result closure proven,INVESTIGATE
civora:.github/workflows/eucons-client-finder-source-authority-queue.yml,EUCONS Client Finder Source Authority Queue,repo maintainer / runtime owner if registered,.github/workflows/eucons-client-finder-source-authority-queue.yml,workflow reference: .github/workflows/eucons-client-finder-source-authority-queue.yml,compute/validation,retain until resource ownership and result closure proven,INVESTIGATE
civora:.github/workflows/eucons-health.yml,EUCONS Health,repo maintainer / runtime owner if registered,.github/workflows/eucons-health.yml,workflow reference: .github/workflows/eucons-health.yml,compute/validation,retain until resource ownership and result closure proven,INVESTIGATE
civora:.github/workflows/eucons-hygiene.yml,EUCONS Hygiene,repo maintainer / runtime owner if registered,.github/workflows/eucons-hygiene.yml,workflow reference: .github/workflows/eucons-hygiene.yml,compute/validation,retain until resource ownership and result closure proven,INVESTIGATE
civora:.github/workflows/eucons-main-writer-serialization.yml,EUCONS Main Writer Serialization,repo maintainer / runtime owner if registered,.github/workflows/eucons-main-writer-serialization.yml,workflow reference: .github/workflows/eucons-main-writer-serialization.yml,compute/validation,retain until resource ownership and result closure proven,INVESTIGATE
civora:.github/workflows/eucons-official-source-operator-queue.yml,EUCONS Official Source Operator Queue,repo maintainer / runtime owner if registered,.github/workflows/eucons-official-source-operator-queue.yml,workflow reference: .github/workflows/eucons-official-source-operator-queue.yml,compute/validation,retain until resource ownership and result closure proven,INVESTIGATE
civora:.github/workflows/eucons-opportunity-official-source-authority.yml,EUCONS Opportunity Official Source Authority,repo maintainer / runtime owner if registered,.github/workflows/eucons-opportunity-official-source-authority.yml,workflow reference: .github/workflows/eucons-opportunity-official-source-authority.yml,compute/validation,retain until resource ownership and result closure proven,INVESTIGATE
civora:.github/workflows/eucons-php-runtime.yml,EUCONS PHP Runtime,repo maintainer / runtime owner if registered,.github/workflows/eucons-php-runtime.yml,workflow reference: .github/workflows/eucons-php-runtime.yml,compute/validation,retain until resource ownership and result closure proven,INVESTIGATE
civora:.github/workflows/eucons-provenance-freshness.yml,EUCONS Provenance Freshness,repo maintainer / runtime owner if registered,.github/workflows/eucons-provenance-freshness.yml,workflow reference: .github/workflows/eucons-provenance-freshness.yml,compute/validation,retain until resource ownership and result closure proven,INVESTIGATE
civora:.github/workflows/eucons-provenance-triage-explainability.yml,EUCONS Provenance Triage Explainability,repo maintainer / runtime owner if registered,.github/workflows/eucons-provenance-triage-explainability.yml,workflow reference: .github/workflows/eucons-provenance-triage-explainability.yml,compute/validation,retain until resource ownership and result closure proven,INVESTIGATE
civora:.github/workflows/eucons-quality.yml,EUCONS Quality,repo maintainer / runtime owner if registered,not resolved,tracked at pinned HEAD; runtime use not proven,compute/validation,retain until resource ownership and result closure proven,INVESTIGATE
civora:.github/workflows/eucons-reconciliation.yml,EUCONS Reconciliation,repo maintainer / runtime owner if registered,.github/workflows/eucons-reconciliation.yml,workflow reference: .github/workflows/eucons-reconciliation.yml,compute/validation,retain until resource ownership and result closure proven,INVESTIGATE
civora:.github/workflows/eucons-scheduler.yml,EUCONS Scheduler,repo maintainer / runtime owner if registered,.github/workflows/eucons-scheduler.yml,workflow reference: .github/workflows/eucons-scheduler.yml,compute/validation,retain until resource ownership and result closure proven,INVESTIGATE
civora:.github/workflows/eucons-source-freshness-recovery.yml,EUCONS Source Freshness Recovery,repo maintainer / runtime owner if registered,.github/workflows/eucons-source-freshness-recovery.yml,workflow reference: .github/workflows/eucons-source-freshness-recovery.yml,compute/validation,retain until resource ownership and result closure proven,INVESTIGATE
civora:.github/workflows/local-news-os-authorization-sealed-harvest-receipt.yml,LOCAL NEWS OS Authorization-Sealed Harvest Receipt,repo maintainer / runtime owner if registered,.github/workflows/local-news-os-authorization-sealed-harvest-receipt.yml,workflow reference: .github/workflows/local-news-os-authorization-sealed-harvest-receipt.yml,compute/validation,retain until resource ownership and result closure proven,INVESTIGATE
civora:.github/workflows/local-news-os-authorization-sealed-harvest-recovery.yml,LOCAL NEWS OS Authorization-Sealed Harvest Recovery,repo maintainer / runtime owner if registered,.github/workflows/local-news-os-authorization-sealed-harvest-recovery.yml,workflow reference: .github/workflows/local-news-os-authorization-sealed-harvest-recovery.yml,compute/validation,retain until resource ownership and result closure proven,INVESTIGATE
civora:.github/workflows/local-news-os-core-hardcoding.yml,LOCAL NEWS OS CORE_GENERIC Hardcoding Guard,repo maintainer / runtime owner if registered,.github/workflows/local-news-os-core-hardcoding.yml,workflow reference: .github/workflows/local-news-os-core-hardcoding.yml,compute/validation,retain until resource ownership and result closure proven,INVESTIGATE
civora:.github/workflows/local-news-os-core.yml,LOCAL NEWS OS Core Validation,repo maintainer / runtime owner if registered,.github/workflows/local-news-os-core.yml,workflow reference: .github/workflows/local-news-os-core.yml,compute/validation,retain until resource ownership and result closure proven,INVESTIGATE
civora:.github/workflows/local-news-os-correction-dispatch-router.yml,LOCAL NEWS OS Correction Dispatch Router,repo maintainer / runtime owner if registered,.github/workflows/local-news-os-correction-dispatch-router.yml,workflow reference: .github/workflows/local-news-os-correction-dispatch-router.yml,compute/validation,retain until resource ownership and result closure proven,INVESTIGATE
civora:.github/workflows/local-news-os-correction-outbox-materializer.yml,LOCAL NEWS OS Correction Outbox Materializer,repo maintainer / runtime owner if registered,.github/workflows/local-news-os-correction-outbox-materializer.yml,workflow reference: .github/workflows/local-news-os-correction-outbox-materializer.yml,compute/validation,retain until resource ownership and result closure proven,INVESTIGATE
civora:.github/workflows/local-news-os-durable-feedback-snapshot.yml,LOCAL NEWS OS Durable Feedback Snapshot,repo maintainer / runtime owner if registered,.github/workflows/local-news-os-durable-feedback-snapshot.yml,workflow reference: .github/workflows/local-news-os-durable-feedback-snapshot.yml,compute/validation,retain until resource ownership and result closure proven,INVESTIGATE
civora:.github/workflows/local-news-os-fleet-harvest-recovery.yml,LOCAL NEWS OS Fleet Harvest Recovery,repo maintainer / runtime owner if registered,.github/workflows/local-news-os-fleet-harvest-recovery.yml,workflow reference: .github/workflows/local-news-os-fleet-harvest-recovery.yml,external effects,retain until resource ownership and result closure proven,INVESTIGATE
civora:.github/workflows/local-news-os-fleet-reread-authorization-handoff.yml,LOCAL NEWS OS Fleet Provider Reread Handoff,repo maintainer / runtime owner if registered,.github/workflows/local-news-os-fleet-reread-authorization-handoff.yml,workflow reference: .github/workflows/local-news-os-fleet-reread-authorization-handoff.yml,compute/validation,retain until resource ownership and result closure proven,INVESTIGATE
civora:.github/workflows/local-news-os-metrics-harvest-runtime.yml,LOCAL NEWS OS Metrics Harvest Runtime,repo maintainer / runtime owner if registered,.github/workflows/local-news-os-metrics-harvest-runtime.yml,workflow reference: .github/workflows/local-news-os-metrics-harvest-runtime.yml,compute/validation,retain until resource ownership and result closure proven,INVESTIGATE
civora:.github/workflows/local-news-os-metrics-harvest-scheduler.yml,LOCAL NEWS OS Metrics Harvest Scheduler,repo maintainer / runtime owner if registered,.github/workflows/local-news-os-metrics-harvest-scheduler.yml,workflow reference: .github/workflows/local-news-os-metrics-harvest-scheduler.yml,compute/validation,retain until resource ownership and result closure proven,INVESTIGATE
civora:.github/workflows/local-news-os-native-metrics-transport.yml,LOCAL NEWS OS Native Metrics Transport,repo maintainer / runtime owner if registered,.github/workflows/local-news-os-native-metrics-transport.yml,workflow reference: .github/workflows/local-news-os-native-metrics-transport.yml,compute/validation,retain until resource ownership and result closure proven,INVESTIGATE
civora:.github/workflows/local-news-os-native-series-compositor.yml,LOCAL NEWS OS Native Series Compositor,repo maintainer / runtime owner if registered,.github/workflows/local-news-os-native-series-compositor.yml,workflow reference: .github/workflows/local-news-os-native-series-compositor.yml,compute/validation,retain until resource ownership and result closure proven,INVESTIGATE
civora:.github/workflows/local-news-os-observed-feedback-application.yml,LOCAL NEWS OS Observed Feedback Application,repo maintainer / runtime owner if registered,.github/workflows/local-news-os-observed-feedback-application.yml,workflow reference: .github/workflows/local-news-os-observed-feedback-application.yml,compute/validation,retain until resource ownership and result closure proven,INVESTIGATE
civora:.github/workflows/local-news-os-observed-metrics-collector.yml,LOCAL NEWS OS Observed Metrics Collector,repo maintainer / runtime owner if registered,.github/workflows/local-news-os-observed-metrics-collector.yml,workflow reference: .github/workflows/local-news-os-observed-metrics-collector.yml,compute/validation,retain until resource ownership and result closure proven,INVESTIGATE
civora:.github/workflows/local-news-os-publication-metrics-catalog.yml,LOCAL NEWS OS Publication Metrics Catalog,repo maintainer / runtime owner if registered,.github/workflows/local-news-os-publication-metrics-catalog.yml,workflow reference: .github/workflows/local-news-os-publication-metrics-catalog.yml,compute/validation,retain until resource ownership and result closure proven,INVESTIGATE
civora:.github/workflows/local-news-os-publication-metrics-handoff.yml,LOCAL NEWS OS Publication Metrics Handoff,repo maintainer / runtime owner if registered,.github/workflows/local-news-os-publication-metrics-handoff.yml,workflow reference: .github/workflows/local-news-os-publication-metrics-handoff.yml,compute/validation,retain until resource ownership and result closure proven,INVESTIGATE
civora:.github/workflows/local-news-os-recurring-series-runtime.yml,LOCAL NEWS OS Recurring Series Runtime,repo maintainer / runtime owner if registered,.github/workflows/local-news-os-recurring-series-runtime.yml,workflow reference: .github/workflows/local-news-os-recurring-series-runtime.yml,compute/validation,retain until resource ownership and result closure proven,INVESTIGATE
civora:.github/workflows/local-news-os-reread-attempt-provenance.yml,LOCAL NEWS OS Reread Attempt Provenance,repo maintainer / runtime owner if registered,.github/workflows/local-news-os-reread-attempt-provenance.yml,workflow reference: .github/workflows/local-news-os-reread-attempt-provenance.yml,compute/validation,retain until resource ownership and result closure proven,INVESTIGATE
civora:.github/workflows/local-news-os-reread-materialization-crash-reconciliation.yml,LOCAL NEWS OS Reread Materialization Crash Reconciliation,repo maintainer / runtime owner if registered,.github/workflows/local-news-os-reread-materialization-crash-reconciliation.yml,workflow reference: .github/workflows/local-news-os-reread-materialization-crash-reconciliation.yml,compute/validation,retain until resource ownership and result closure proven,INVESTIGATE
civora:.github/workflows/local-news-os-reread-provider-outcome-binding.yml,LOCAL NEWS OS Reread Provider Outcome Binding,repo maintainer / runtime owner if registered,.github/workflows/local-news-os-reread-provider-outcome-binding.yml,workflow reference: .github/workflows/local-news-os-reread-provider-outcome-binding.yml,compute/validation,retain until resource ownership and result closure proven,INVESTIGATE
civora:.github/workflows/local-news-os-reread-result-materialization-binding.yml,LOCAL NEWS OS Reread Result Materialization Binding,repo maintainer / runtime owner if registered,.github/workflows/local-news-os-reread-result-materialization-binding.yml,workflow reference: .github/workflows/local-news-os-reread-result-materialization-binding.yml,compute/validation,retain until resource ownership and result closure proven,INVESTIGATE
civora:.github/workflows/local-news-os-reread-spend-reauthorization.yml,LOCAL NEWS OS Reread Spend Reauthorization,repo maintainer / runtime owner if registered,.github/workflows/local-news-os-reread-spend-reauthorization.yml,workflow reference: .github/workflows/local-news-os-reread-spend-reauthorization.yml,compute/validation,retain until resource ownership and result closure proven,INVESTIGATE
civora:.github/workflows/local-news-os-reread-spend-reclaim-binding.yml,LOCAL NEWS OS Reread Spend Reclaim Binding,repo maintainer / runtime owner if registered,.github/workflows/local-news-os-reread-spend-reclaim-binding.yml,workflow reference: .github/workflows/local-news-os-reread-spend-reclaim-binding.yml,compute/validation,retain until resource ownership and result closure proven,INVESTIGATE
civora:.github/workflows/local-news-os-reread-spend-reservation-recovery.yml,LOCAL NEWS OS Reread Spend Reservation Recovery,repo maintainer / runtime owner if registered,.github/workflows/local-news-os-reread-spend-reservation-recovery.yml,workflow reference: .github/workflows/local-news-os-reread-spend-reservation-recovery.yml,compute/validation,retain until resource ownership and result closure proven,INVESTIGATE
civora:.github/workflows/local-news-os-series-adapter-dispatch-handoff.yml,LOCAL NEWS OS Series Adapter-Gated Dispatch Handoff,repo maintainer / runtime owner if registered,.github/workflows/local-news-os-series-adapter-dispatch-handoff.yml,workflow reference: .github/workflows/local-news-os-series-adapter-dispatch-handoff.yml,external effects,retain until resource ownership and result closure proven,INVESTIGATE
civora:.github/workflows/local-news-os-series-async-dispatch.yml,LOCAL NEWS OS Series Async Remote Dispatch,repo maintainer / runtime owner if registered,.github/workflows/local-news-os-series-async-dispatch.yml,workflow reference: .github/workflows/local-news-os-series-async-dispatch.yml,compute/validation,retain until resource ownership and result closure proven,INVESTIGATE
civora:.github/workflows/local-news-os-series-durable-dispatch.yml,LOCAL NEWS OS Series Durable Dispatch,repo maintainer / runtime owner if registered,.github/workflows/local-news-os-series-durable-dispatch.yml,workflow reference: .github/workflows/local-news-os-series-durable-dispatch.yml,compute/validation,retain until resource ownership and result closure proven,INVESTIGATE
civora:.github/workflows/local-news-os-series-publication-state-bridge.yml,LOCAL NEWS OS Series Publication-State Bridge,repo maintainer / runtime owner if registered,.github/workflows/local-news-os-series-publication-state-bridge.yml,workflow reference: .github/workflows/local-news-os-series-publication-state-bridge.yml,compute/validation,retain until resource ownership and result closure proven,INVESTIGATE
civora:.github/workflows/local-news-os-series-visual-router.yml,LOCAL NEWS OS Series Visual Router,repo maintainer / runtime owner if registered,.github/workflows/local-news-os-series-visual-router.yml,workflow reference: .github/workflows/local-news-os-series-visual-router.yml,compute/validation,retain until resource ownership and result closure proven,INVESTIGATE
civora:.github/workflows/local-news-os-social-adapter-capabilities.yml,LOCAL NEWS OS Adapter Capability Gate,repo maintainer / runtime owner if registered,.github/workflows/local-news-os-social-adapter-capabilities.yml,workflow reference: .github/workflows/local-news-os-social-adapter-capabilities.yml,external effects,retain until resource ownership and result closure proven,INVESTIGATE
civora:.github/workflows/local-news-os-social-core.yml,LOCAL NEWS OS Social Core,repo maintainer / runtime owner if registered,.github/workflows/local-news-os-social-core.yml,workflow reference: .github/workflows/local-news-os-social-core.yml,external effects,retain until resource ownership and result closure proven,INVESTIGATE
civora:.github/workflows/local-news-os-vnext-build-state.yml,LOCAL NEWS OS vNext Build State,repo maintainer / runtime owner if registered,.github/workflows/local-news-os-vnext-build-state.yml,workflow reference: .github/workflows/local-news-os-vnext-build-state.yml,compute/validation,retain until resource ownership and result closure proven,INVESTIGATE
civora:.github/workflows/local-news-os-vnext-distribution.yml,LOCAL NEWS OS vNext Distribution,repo maintainer / runtime owner if registered,.github/workflows/local-news-os-vnext-distribution.yml,workflow reference: .github/workflows/local-news-os-vnext-distribution.yml,compute/validation,retain until resource ownership and result closure proven,INVESTIGATE
civora:.github/workflows/local-news-os-vnext-editorial-qa.yml,LOCAL NEWS OS vNext Editorial QA Validation,repo maintainer / runtime owner if registered,.github/workflows/local-news-os-vnext-editorial-qa.yml,workflow reference: .github/workflows/local-news-os-vnext-editorial-qa.yml,external effects,retain until resource ownership and result closure proven,INVESTIGATE
civora:.github/workflows/local-news-os-vnext-instance-bootstrap.yml,LOCAL NEWS OS vNext Instance Bootstrap,repo maintainer / runtime owner if registered,.github/workflows/local-news-os-vnext-instance-bootstrap.yml,workflow reference: .github/workflows/local-news-os-vnext-instance-bootstrap.yml,compute/validation,retain until resource ownership and result closure proven,INVESTIGATE
civora:.github/workflows/local-news-os-vnext-knowledge-graph.yml,LOCAL NEWS OS vNext Knowledge Graph,repo maintainer / runtime owner if registered,.github/workflows/local-news-os-vnext-knowledge-graph.yml,workflow reference: .github/workflows/local-news-os-vnext-knowledge-graph.yml,external effects,retain until resource ownership and result closure proven,INVESTIGATE
civora:.github/workflows/local-news-os-vnext-media-intelligence.yml,LOCAL NEWS OS vNext Media Intelligence,repo maintainer / runtime owner if registered,.github/workflows/local-news-os-vnext-media-intelligence.yml,workflow reference: .github/workflows/local-news-os-vnext-media-intelligence.yml,compute/validation,retain until resource ownership and result closure proven,INVESTIGATE
civora:.github/workflows/local-news-os-vnext-release-control.yml,LOCAL NEWS OS vNext Release Control,repo maintainer / runtime owner if registered,.github/workflows/local-news-os-vnext-release-control.yml,workflow reference: .github/workflows/local-news-os-vnext-release-control.yml,compute/validation,retain until resource ownership and result closure proven,INVESTIGATE
civora:.github/workflows/local-news-os-vnext-scheduler.yml,LOCAL NEWS OS vNext Scheduler,repo maintainer / runtime owner if registered,.github/workflows/local-news-os-vnext-scheduler.yml,workflow reference: .github/workflows/local-news-os-vnext-scheduler.yml,compute/validation,retain until resource ownership and result closure proven,INVESTIGATE
civora:.github/workflows/local-news-os-vnext-site-publication.yml,LOCAL NEWS OS vNext Site Publication Validation,repo maintainer / runtime owner if registered,.github/workflows/local-news-os-vnext-site-publication.yml,workflow reference: .github/workflows/local-news-os-vnext-site-publication.yml,external effects,retain until resource ownership and result closure proven,INVESTIGATE
civora:.github/workflows/local-news-os-vnext-valcea-shadow-migration.yml,LOCAL NEWS OS vNext Vâlcea Shadow Migration,repo maintainer / runtime owner if registered,.github/workflows/eucons-main-writer-serialization.yml;.github/workflows/local-news-os-vnext-valcea-shadow-migration.yml,workflow reference: .github/workflows/eucons-main-writer-serialization.yml;.github/workflows/local-news-os-vnext-valcea-shadow-migration.yml,external effects,retain until resource ownership and result closure proven,INVESTIGATE
civora:.github/workflows/local-news-os-vnext-valcea-shadow-projection.yml,LOCAL NEWS OS vNext Vâlcea Shadow Projection,repo maintainer / runtime owner if registered,.github/workflows/local-news-os-vnext-valcea-shadow-projection.yml,workflow reference: .github/workflows/local-news-os-vnext-valcea-shadow-projection.yml,external effects,retain until resource ownership and result closure proven,INVESTIGATE
civora:.github/workflows/local-news-os-vnext.yml,LOCAL NEWS OS vNext Validation,repo maintainer / runtime owner if registered,.github/workflows/local-news-os-vnext.yml,workflow reference: .github/workflows/local-news-os-vnext.yml,external effects,retain until resource ownership and result closure proven,INVESTIGATE
civora:.github/workflows/local-news-vnext-runtime-db.yml,LOCAL NEWS OS vNext Runtime DB,repo maintainer / runtime owner if registered,.github/workflows/local-news-vnext-runtime-db.yml,workflow reference: .github/workflows/local-news-vnext-runtime-db.yml,compute/validation,retain until resource ownership and result closure proven,INVESTIGATE
civora:.github/workflows/needs-factory-need-synthesis.yml,Needs Factory Need Synthesis,repo maintainer / runtime owner if registered,.github/workflows/needs-factory-need-synthesis.yml,workflow reference: .github/workflows/needs-factory-need-synthesis.yml,compute/validation,retain until resource ownership and result closure proven,INVESTIGATE
civora:.github/workflows/needs-factory-primary-research-pack.yml,Needs Factory Primary Research Pack,repo maintainer / runtime owner if registered,.github/workflows/needs-factory-primary-research-pack.yml,workflow reference: .github/workflows/needs-factory-primary-research-pack.yml,compute/validation,retain until resource ownership and result closure proven,INVESTIGATE
civora:.github/workflows/needs-factory-quality.yml,Needs Factory Quality,repo maintainer / runtime owner if registered,.github/workflows/needs-factory-quality.yml,workflow reference: .github/workflows/needs-factory-quality.yml,compute/validation,retain until resource ownership and result closure proven,INVESTIGATE
civora:.github/workflows/needs-factory-release-handoff.yml,Needs Factory Release Handoff,repo maintainer / runtime owner if registered,.github/workflows/needs-factory-release-handoff.yml,workflow reference: .github/workflows/needs-factory-release-handoff.yml,compute/validation,retain until resource ownership and result closure proven,INVESTIGATE
civora:.github/workflows/needs-factory-research-adapters.yml,Needs Factory Research Adapters,repo maintainer / runtime owner if registered,.github/workflows/needs-factory-research-adapters.yml,workflow reference: .github/workflows/needs-factory-research-adapters.yml,compute/validation,retain until resource ownership and result closure proven,INVESTIGATE
civora:.github/workflows/needs-factory-research-orchestrator.yml,Needs Factory Research Orchestrator,repo maintainer / runtime owner if registered,.github/workflows/needs-factory-research-orchestrator.yml,workflow reference: .github/workflows/needs-factory-research-orchestrator.yml,compute/validation,retain until resource ownership and result closure proven,INVESTIGATE
civora:.github/workflows/needs-factory-standalone-needs.yml,Needs Factory Standalone Needs Analysis,repo maintainer / runtime owner if registered,.github/workflows/needs-factory-standalone-needs.yml,workflow reference: .github/workflows/needs-factory-standalone-needs.yml,compute/validation,retain until resource ownership and result closure proven,INVESTIGATE
civora:.github/workflows/partener-edge-local.yml,PARTENER.EU Edge Local Acquisition,repo maintainer / runtime owner if registered,.github/workflows/partener-edge-local.yml,workflow reference: .github/workflows/partener-edge-local.yml,compute/validation,retain until resource ownership and result closure proven,INVESTIGATE
civora:.github/workflows/partener-eu-afir-ingest.yml,PARTENER.EU AFIR Ingestion,repo maintainer / runtime owner if registered,.github/workflows/partener-eu-afir-ingest.yml,workflow reference: .github/workflows/partener-eu-afir-ingest.yml,external effects,retain until resource ownership and result closure proven,INVESTIGATE
civora:.github/workflows/partener-eu-afir-pages-bridge.yml,PARTENER.EU AFIR Coverage Pages Bridge,repo maintainer / runtime owner if registered,.github/workflows/partener-eu-afir-pages-bridge.yml,workflow reference: .github/workflows/partener-eu-afir-pages-bridge.yml,external effects,retain until resource ownership and result closure proven,INVESTIGATE
civora:.github/workflows/partener-eu-afir-september-coverage.yml,PARTENER.EU AFIR September Coverage,repo maintainer / runtime owner if registered,.github/workflows/partener-eu-afir-september-coverage.yml,workflow reference: .github/workflows/partener-eu-afir-september-coverage.yml,external effects,retain until resource ownership and result closure proven,INVESTIGATE
civora:.github/workflows/partener-eu-anaf-financial-smoke.yml,PARTENER.EU ANAF Financial Smoke,repo maintainer / runtime owner if registered,.github/workflows/partener-eu-anaf-financial-smoke.yml,workflow reference: .github/workflows/partener-eu-anaf-financial-smoke.yml,compute/validation,retain until resource ownership and result closure proven,INVESTIGATE
civora:.github/workflows/partener-eu-consultant-v3.yml,PARTENER.EU Consultant Workspace v3 QA,repo maintainer / runtime owner if registered,.github/workflows/partener-eu-consultant-v3.yml,workflow reference: .github/workflows/partener-eu-consultant-v3.yml,compute/validation,retain until resource ownership and result closure proven,INVESTIGATE
civora:.github/workflows/partener-eu-creative-europe-calls.yml,PARTENER.EU Creative Europe Call Index CI,repo maintainer / runtime owner if registered,.github/workflows/partener-eu-creative-europe-calls.yml,workflow reference: .github/workflows/partener-eu-creative-europe-calls.yml,compute/validation,retain until resource ownership and result closure proven,INVESTIGATE
civora:.github/workflows/partener-eu-cui-profile-smoke.yml,PARTENER.EU Persistent CUI Profile,repo maintainer / runtime owner if registered,.github/workflows/partener-eu-cui-profile-smoke.yml,workflow reference: .github/workflows/partener-eu-cui-profile-smoke.yml,compute/validation,retain until resource ownership and result closure proven,INVESTIGATE
civora:.github/workflows/partener-eu-decision-products.yml,PARTENER.EU Decision Products,repo maintainer / runtime owner if registered,.github/workflows/partener-eu-decision-products.yml;.github/workflows/partener-eu-mipe-final-cleanup-qa.yml,workflow reference: .github/workflows/partener-eu-decision-products.yml;.github/workflows/partener-eu-mipe-final-cleanup-qa.yml,external effects,retain until resource ownership and result closure proven,INVESTIGATE
civora:.github/workflows/partener-eu-editorial-daily.yml,PARTENER.EU Editorial Daily Products,repo maintainer / runtime owner if registered,.github/workflows/partener-eu-editorial-daily.yml;.github/workflows/partener-eu-source-intelligence-ci.yml,workflow reference: .github/workflows/partener-eu-editorial-daily.yml;.github/workflows/partener-eu-source-intelligence-ci.yml,external effects,retain until resource ownership and result closure proven,INVESTIGATE
civora:.github/workflows/partener-eu-eea-csf-live.yml,PARTENER.EU EEA Civil Society Live Evidence,repo maintainer / runtime owner if registered,.github/workflows/partener-eu-eea-csf-live.yml,workflow reference: .github/workflows/partener-eu-eea-csf-live.yml,compute/validation,retain until resource ownership and result closure proven,INVESTIGATE
civora:.github/workflows/partener-eu-esc-source.yml,PARTENER.EU ESC Source Gate,repo maintainer / runtime owner if registered,.github/workflows/partener-eu-esc-source.yml,workflow reference: .github/workflows/partener-eu-esc-source.yml,compute/validation,retain until resource ownership and result closure proven,INVESTIGATE
civora:.github/workflows/partener-eu-eu4health-hadea-ci.yml,PARTENER.EU EU4Health HaDEA Call CI,repo maintainer / runtime owner if registered,.github/workflows/partener-eu-eu4health-hadea-ci.yml,workflow reference: .github/workflows/partener-eu-eu4health-hadea-ci.yml,compute/validation,retain until resource ownership and result closure proven,INVESTIGATE
civora:.github/workflows/partener-eu-eui-calls.yml,PARTENER.EU EUI Call Index Gate,repo maintainer / runtime owner if registered,.github/workflows/partener-eu-eui-calls.yml,workflow reference: .github/workflows/partener-eu-eui-calls.yml,compute/validation,retain until resource ownership and result closure proven,INVESTIGATE
civora:.github/workflows/partener-eu-ft-programme-coverage.yml,PARTENER.EU F&T Programme Coverage Watch,repo maintainer / runtime owner if registered,.github/workflows/partener-eu-ft-programme-coverage.yml,workflow reference: .github/workflows/partener-eu-ft-programme-coverage.yml,compute/validation,retain until resource ownership and result closure proven,INVESTIGATE
civora:.github/workflows/partener-eu-funding-tenders-live.yml,PARTENER.EU Funding & Tenders Live Evidence,repo maintainer / runtime owner if registered,.github/workflows/partener-eu-funding-tenders-live.yml,workflow reference: .github/workflows/partener-eu-funding-tenders-live.yml,compute/validation,retain until resource ownership and result closure proven,INVESTIGATE
civora:.github/workflows/partener-eu-go-live.yml,PARTENER.EU Go Live,repo maintainer / runtime owner if registered,not resolved,tracked at pinned HEAD; runtime use not proven,external effects,retain until resource ownership and result closure proven,INVESTIGATE
civora:.github/workflows/partener-eu-legislatie-api.yml,PARTENER.EU Portal Legislativ API,repo maintainer / runtime owner if registered,.github/workflows/partener-eu-legislatie-api.yml,workflow reference: .github/workflows/partener-eu-legislatie-api.yml,external effects,retain until resource ownership and result closure proven,INVESTIGATE
civora:.github/workflows/partener-eu-mff-2028.yml,PARTENER.EU MFF 2028-2034 Monitor,repo maintainer / runtime owner if registered,not resolved,tracked at pinned HEAD; runtime use not proven,external effects,retain until resource ownership and result closure proven,INVESTIGATE
civora:.github/workflows/partener-eu-mipe-collector-probe.yml,PARTENER.EU MIPE Trusted Collector Probe,repo maintainer / runtime owner if registered,.github/workflows/partener-eu-mipe-collector-probe.yml,workflow reference: .github/workflows/partener-eu-mipe-collector-probe.yml,compute/validation,retain until resource ownership and result closure proven,INVESTIGATE
civora:.github/workflows/partener-eu-mipe-dual-cache.yml,PARTENER.EU MIPE Dual Cache,repo maintainer / runtime owner if registered,.github/workflows/partener-eu-mipe-dual-cache.yml,workflow reference: .github/workflows/partener-eu-mipe-dual-cache.yml,external effects,retain until resource ownership and result closure proven,INVESTIGATE
civora:.github/workflows/partener-eu-mipe-dual-relay.yml,PARTENER.EU MIPE Dual Relay Diagnostic,repo maintainer / runtime owner if registered,not resolved,tracked at pinned HEAD; runtime use not proven,compute/validation,retain until resource ownership and result closure proven,INVESTIGATE
civora:.github/workflows/partener-eu-mipe-engine-v3.yml,PARTENER.EU MIPE Engine v3,repo maintainer / runtime owner if registered,.github/workflows/partener-eu-validation.yml,workflow reference: .github/workflows/partener-eu-validation.yml,compute/validation,retain until resource ownership and result closure proven,INVESTIGATE
civora:.github/workflows/partener-eu-mipe-final-cleanup-qa.yml,PARTENER.EU MIPE Final Cleanup QA,repo maintainer / runtime owner if registered,not resolved,tracked at pinned HEAD; runtime use not proven,compute/validation,retain until resource ownership and result closure proven,INVESTIGATE
civora:.github/workflows/partener-eu-mipe-ingest.yml,PARTENER.EU MIPE Ingestion,repo maintainer / runtime owner if registered,.github/workflows/partener-eu-mipe-ingest.yml,workflow reference: .github/workflows/partener-eu-mipe-ingest.yml,external effects,retain until resource ownership and result closure proven,INVESTIGATE
civora:.github/workflows/partener-eu-mipe-ro-crawl-v3.yml,PARTENER.EU MIPE Windows Crawl v3,repo maintainer / runtime owner if registered,.github/workflows/partener-eu-mipe-ro-crawl-v3.yml,workflow reference: .github/workflows/partener-eu-mipe-ro-crawl-v3.yml,compute/validation,retain until resource ownership and result closure proven,INVESTIGATE
civora:.github/workflows/partener-eu-mipe-ro-v3-scheduler.yml,PARTENER.EU MIPE Romania v3 Scheduler,repo maintainer / runtime owner if registered,not resolved,tracked at pinned HEAD; runtime use not proven,compute/validation,retain until resource ownership and result closure proven,INVESTIGATE
civora:.github/workflows/partener-eu-mipe-source-replay.yml,PARTENER.EU MIPE Persistent Source Replay,repo maintainer / runtime owner if registered,.github/workflows/partener-eu-mipe-source-replay.yml;.github/workflows/partener-eu-source-intelligence-ci.yml,workflow reference: .github/workflows/partener-eu-mipe-source-replay.yml;.github/workflows/partener-eu-source-intelligence-ci.yml,external effects,retain until resource ownership and result closure proven,INVESTIGATE
civora:.github/workflows/partener-eu-mipe-transport-scout.yml,PARTENER.EU MIPE Transport Scout,repo maintainer / runtime owner if registered,.github/workflows/partener-eu-mipe-transport-scout.yml,workflow reference: .github/workflows/partener-eu-mipe-transport-scout.yml,external effects,retain until resource ownership and result closure proven,INVESTIGATE
civora:.github/workflows/partener-eu-p11.yml,PARTENER.EU P11 Quality Gate,repo maintainer / runtime owner if registered,.github/workflows/partener-eu-p11.yml,workflow reference: .github/workflows/partener-eu-p11.yml,compute/validation,retain until resource ownership and result closure proven,INVESTIGATE
civora:.github/workflows/partener-eu-pages-diagnostic.yml,PARTENER.EU Pages Diagnostic,repo maintainer / runtime owner if registered,.github/workflows/partener-eu-mipe-final-cleanup-qa.yml;.github/workflows/partener-eu-pages-diagnostic.yml,workflow reference: .github/workflows/partener-eu-mipe-final-cleanup-qa.yml;.github/workflows/partener-eu-pages-diagnostic.yml,external effects,retain until resource ownership and result closure proven,INVESTIGATE
civora:.github/workflows/partener-eu-pages.yml,PARTENER.EU Pages,repo maintainer / runtime owner if registered,.github/workflows/partener-eu-mipe-final-cleanup-qa.yml;.github/workflows/partener-eu-pages.yml,workflow reference: .github/workflows/partener-eu-mipe-final-cleanup-qa.yml;.github/workflows/partener-eu-pages.yml,external effects,retain until resource ownership and result closure proven,INVESTIGATE
civora:.github/workflows/partener-eu-peo-calendar.yml,PARTENER.EU PEO Calendar,repo maintainer / runtime owner if registered,.github/workflows/partener-eu-peo-calendar.yml,workflow reference: .github/workflows/partener-eu-peo-calendar.yml,external effects,retain until resource ownership and result closure proven,INVESTIGATE
civora:.github/workflows/partener-eu-source-intelligence-ci.yml,PARTENER.EU Source Intelligence CI,repo maintainer / runtime owner if registered,.github/workflows/partener-eu-source-intelligence-ci.yml,workflow reference: .github/workflows/partener-eu-source-intelligence-ci.yml,compute/validation,retain until resource ownership and result closure proven,INVESTIGATE
civora:.github/workflows/partener-eu-source-reconciliation-trigger.yml,PARTENER.EU Source Reconciliation Trigger,repo maintainer / runtime owner if registered,.github/workflows/partener-eu-source-reconciliation-trigger.yml,workflow reference: .github/workflows/partener-eu-source-reconciliation-trigger.yml,external effects,retain until resource ownership and result closure proven,INVESTIGATE
civora:.github/workflows/partener-eu-source-registry-ci.yml,PARTENER.EU Source Registry CI,repo maintainer / runtime owner if registered,.github/workflows/partener-eu-source-registry-ci.yml,workflow reference: .github/workflows/partener-eu-source-registry-ci.yml,compute/validation,retain until resource ownership and result closure proven,INVESTIGATE
civora:.github/workflows/partener-eu-source-registry.yml,PARTENER.EU Verified Source Registry,repo maintainer / runtime owner if registered,.github/workflows/partener-eu-source-registry.yml,workflow reference: .github/workflows/partener-eu-source-registry.yml,external effects,retain until resource ownership and result closure proven,INVESTIGATE
civora:.github/workflows/partener-eu-ux-consolidated-v1-v4.yml,PARTENER.EU UX vNext QA,repo maintainer / runtime owner if registered,.github/workflows/partener-eu-ux-consolidated-v1-v4.yml,workflow reference: .github/workflows/partener-eu-ux-consolidated-v1-v4.yml,compute/validation,retain until resource ownership and result closure proven,INVESTIGATE
civora:.github/workflows/partener-eu-validation.yml,PARTENER.EU Production Validation,repo maintainer / runtime owner if registered,.github/workflows/partener-eu-mipe-final-cleanup-qa.yml;.github/workflows/partener-eu-validation.yml,workflow reference: .github/workflows/partener-eu-mipe-final-cleanup-qa.yml;.github/workflows/partener-eu-validation.yml,external effects,retain until resource ownership and result closure proven,INVESTIGATE
civora:.github/workflows/partener-eu-web-qa.yml,PARTENER.EU Web QA,repo maintainer / runtime owner if registered,.github/workflows/partener-eu-web-qa.yml,workflow reference: .github/workflows/partener-eu-web-qa.yml,compute/validation,retain until resource ownership and result closure proven,INVESTIGATE
civora:.github/workflows/public-presence-os-ci.yml,PUBLIC PRESENCE OS CI,repo maintainer / runtime owner if registered,.github/workflows/public-presence-os-ci.yml,workflow reference: .github/workflows/public-presence-os-ci.yml,compute/validation,retain until resource ownership and result closure proven,INVESTIGATE
civora:.github/workflows/public-presence-shadow.yml,PUBLIC PRESENCE SHADOW PREFLIGHT,repo maintainer / runtime owner if registered,.github/workflows/public-presence-os-ci.yml,workflow reference: .github/workflows/public-presence-os-ci.yml,compute/validation,retain until resource ownership and result closure proven,INVESTIGATE
civora:.github/workflows/rpm-lead-api.yml,Deploy RPM Lead API,repo maintainer / runtime owner if registered,.github/workflows/rpm-lead-api.yml,workflow reference: .github/workflows/rpm-lead-api.yml,compute/validation,retain until resource ownership and result closure proven,INVESTIGATE
civora:.github/workflows/valcea-clar-ajofm-valcea-labour-market-references.yml,VÂLCEA CLAR AJOFM Vâlcea Labour Market References,repo maintainer / runtime owner if registered,.github/workflows/valcea-clar-ajofm-valcea-labour-market-references.yml,workflow reference: .github/workflows/valcea-clar-ajofm-valcea-labour-market-references.yml,compute/validation,retain until resource ownership and result closure proven,INVESTIGATE
civora:.github/workflows/valcea-clar-apavil-scheduled-water-interruption-references.yml,VÂLCEA CLAR APAVIL Scheduled Water Interruption References,repo maintainer / runtime owner if registered,.github/workflows/valcea-clar-apavil-scheduled-water-interruption-references.yml,workflow reference: .github/workflows/valcea-clar-apavil-scheduled-water-interruption-references.yml,compute/validation,retain until resource ownership and result closure proven,INVESTIGATE
civora:.github/workflows/valcea-clar-apavil-signals.yml,VÂLCEA CLAR APAVIL Signals,repo maintainer / runtime owner if registered,.github/workflows/valcea-clar-apavil-signals.yml,workflow reference: .github/workflows/valcea-clar-apavil-signals.yml,compute/validation,retain until resource ownership and result closure proven,INVESTIGATE
civora:.github/workflows/valcea-clar-artist-story-links.yml,VÂLCEA CLAR Artist Story Links Compatibility Check,repo maintainer / runtime owner if registered,.github/workflows/valcea-clar-artist-story-links.yml,workflow reference: .github/workflows/valcea-clar-artist-story-links.yml,compute/validation,retain until resource ownership and result closure proven,INVESTIGATE
civora:.github/workflows/valcea-clar-babeni-municipal-announcement-document-references.yml,VÂLCEA CLAR Băbeni Municipal Announcement Document References,repo maintainer / runtime owner if registered,.github/workflows/valcea-clar-babeni-municipal-announcement-document-references.yml,workflow reference: .github/workflows/valcea-clar-babeni-municipal-announcement-document-references.yml,compute/validation,retain until resource ownership and result closure proven,INVESTIGATE
civora:.github/workflows/valcea-clar-bjai-events-desk.yml,VÂLCEA CLAR BJAI Events Desk,repo maintainer / runtime owner if registered,.github/workflows/valcea-clar-bjai-events-desk.yml,workflow reference: .github/workflows/valcea-clar-bjai-events-desk.yml,compute/validation,retain until resource ownership and result closure proven,INVESTIGATE
civora:.github/workflows/valcea-clar-bjai-events-signals.yml,VÂLCEA CLAR BJAI Event Signals,repo maintainer / runtime owner if registered,.github/workflows/valcea-clar-bjai-events-signals.yml,workflow reference: .github/workflows/valcea-clar-bjai-events-signals.yml,compute/validation,retain until resource ownership and result closure proven,INVESTIGATE
civora:.github/workflows/valcea-clar-bjai-valcea-event-references.yml,VÂLCEA CLAR BJAI Vâlcea Event References,repo maintainer / runtime owner if registered,.github/workflows/valcea-clar-bjai-valcea-event-references.yml,workflow reference: .github/workflows/valcea-clar-bjai-valcea-event-references.yml,compute/validation,retain until resource ownership and result closure proven,INVESTIGATE
civora:.github/workflows/valcea-clar-canonical-export.yml,VÂLCEA CLAR Canonical Runtime Acceptance,repo maintainer / runtime owner if registered,.github/workflows/valcea-clar-canonical-export.yml,workflow reference: .github/workflows/valcea-clar-canonical-export.yml,compute/validation,retain until resource ownership and result closure proven,INVESTIGATE
civora:.github/workflows/valcea-clar-cas-provider-directory-recency.yml,VÂLCEA CLAR CAS Provider Directory Recency,repo maintainer / runtime owner if registered,.github/workflows/valcea-clar-cas-provider-directory-recency.yml,workflow reference: .github/workflows/valcea-clar-cas-provider-directory-recency.yml,compute/validation,retain until resource ownership and result closure proven,INVESTIGATE
civora:.github/workflows/valcea-clar-cas-provider-directory-reference-change.yml,VÂLCEA CLAR CAS Provider Directory Reference Change,repo maintainer / runtime owner if registered,.github/workflows/valcea-clar-cas-provider-directory-reference-change.yml,workflow reference: .github/workflows/valcea-clar-cas-provider-directory-reference-change.yml,compute/validation,retain until resource ownership and result closure proven,INVESTIGATE
civora:.github/workflows/valcea-clar-cas-provider-document-metadata.yml,VÂLCEA CLAR CAS Provider Document Metadata,repo maintainer / runtime owner if registered,.github/workflows/valcea-clar-cas-provider-document-metadata.yml,workflow reference: .github/workflows/valcea-clar-cas-provider-document-metadata.yml,compute/validation,retain until resource ownership and result closure proven,INVESTIGATE
civora:.github/workflows/valcea-clar-cas-service-signals.yml,VÂLCEA CLAR CAS Service Signals,repo maintainer / runtime owner if registered,.github/workflows/valcea-clar-cas-service-signals.yml,workflow reference: .github/workflows/valcea-clar-cas-service-signals.yml,compute/validation,retain until resource ownership and result closure proven,INVESTIGATE
civora:.github/workflows/valcea-clar-ccd-professional-development-signals.yml,VÂLCEA CLAR CCD Professional Development Signals,repo maintainer / runtime owner if registered,.github/workflows/valcea-clar-ccd-professional-development-signals.yml,workflow reference: .github/workflows/valcea-clar-ccd-professional-development-signals.yml,compute/validation,retain until resource ownership and result closure proven,INVESTIGATE
civora:.github/workflows/valcea-clar-cci-signals.yml,VÂLCEA CLAR CCI Vâlcea Signals,repo maintainer / runtime owner if registered,.github/workflows/valcea-clar-cci-signals.yml,workflow reference: .github/workflows/valcea-clar-cci-signals.yml,compute/validation,retain until resource ownership and result closure proven,INVESTIGATE
civora:.github/workflows/valcea-clar-cfr-craiova-speed-restriction-references.yml,VÂLCEA CLAR CFR Craiova Speed Restriction References,repo maintainer / runtime owner if registered,.github/workflows/valcea-clar-cfr-craiova-speed-restriction-references.yml,workflow reference: .github/workflows/valcea-clar-cfr-craiova-speed-restriction-references.yml,compute/validation,retain until resource ownership and result closure proven,INVESTIGATE
civora:.github/workflows/valcea-clar-cfr-craiova-valcea-reference-change.yml,VÂLCEA CLAR CFR Craiova Vâlcea Reference Change,repo maintainer / runtime owner if registered,.github/workflows/valcea-clar-cfr-craiova-valcea-reference-change.yml,workflow reference: .github/workflows/valcea-clar-cfr-craiova-valcea-reference-change.yml,compute/validation,retain until resource ownership and result closure proven,INVESTIGATE
civora:.github/workflows/valcea-clar-cfr-craiova-valcea-scope.yml,VÂLCEA CLAR CFR Craiova Vâlcea Scope,repo maintainer / runtime owner if registered,.github/workflows/valcea-clar-cfr-craiova-valcea-scope.yml,workflow reference: .github/workflows/valcea-clar-cfr-craiova-valcea-scope.yml,compute/validation,retain until resource ownership and result closure proven,INVESTIGATE
civora:.github/workflows/valcea-clar-cj-roadworks-signals.yml,VÂLCEA CLAR CJ Roadworks Signals,repo maintainer / runtime owner if registered,.github/workflows/valcea-clar-cj-roadworks-signals.yml,workflow reference: .github/workflows/valcea-clar-cj-roadworks-signals.yml,compute/validation,retain until resource ownership and result closure proven,INVESTIGATE
civora:.github/workflows/valcea-clar-cj-valcea-adopted-decision-reference.yml,VÂLCEA CLAR CJ Vâlcea Adopted Decision References,repo maintainer / runtime owner if registered,.github/workflows/valcea-clar-cj-valcea-adopted-decision-reference.yml,workflow reference: .github/workflows/valcea-clar-cj-valcea-adopted-decision-reference.yml,compute/validation,retain until resource ownership and result closure proven,INVESTIGATE
civora:.github/workflows/valcea-clar-cj-valcea-executive-disposition-register-reference.yml,VÂLCEA CLAR CJ Vâlcea Executive Disposition Register References,repo maintainer / runtime owner if registered,.github/workflows/valcea-clar-cj-valcea-executive-disposition-register-reference.yml,workflow reference: .github/workflows/valcea-clar-cj-valcea-executive-disposition-register-reference.yml,compute/validation,retain until resource ownership and result closure proven,INVESTIGATE
civora:.github/workflows/valcea-clar-cj-valcea-session-announcement-reference.yml,VÂLCEA CLAR CJ Vâlcea Session Announcement References,repo maintainer / runtime owner if registered,.github/workflows/valcea-clar-cj-valcea-session-announcement-reference.yml,workflow reference: .github/workflows/valcea-clar-cj-valcea-session-announcement-reference.yml,compute/validation,retain until resource ownership and result closure proven,INVESTIGATE
civora:.github/workflows/valcea-clar-cjrae-education-support-signals.yml,VÂLCEA CLAR CJRAE Education Support Signals,repo maintainer / runtime owner if registered,.github/workflows/valcea-clar-cjrae-education-support-signals.yml,workflow reference: .github/workflows/valcea-clar-cjrae-education-support-signals.yml,compute/validation,retain until resource ownership and result closure proven,INVESTIGATE
civora:.github/workflows/valcea-clar-djm-valcea-environment-permit-register-reference.yml,VÂLCEA CLAR DJM Vâlcea Environment Permit Register References,repo maintainer / runtime owner if registered,.github/workflows/valcea-clar-djm-valcea-environment-permit-register-reference.yml,workflow reference: .github/workflows/valcea-clar-djm-valcea-environment-permit-register-reference.yml,compute/validation,retain until resource ownership and result closure proven,INVESTIGATE
civora:.github/workflows/valcea-clar-dragasani-public-service-directory-references.yml,VÂLCEA CLAR Drăgășani Public Service Directory References,repo maintainer / runtime owner if registered,.github/workflows/valcea-clar-dragasani-public-service-directory-references.yml,workflow reference: .github/workflows/valcea-clar-dragasani-public-service-directory-references.yml,compute/validation,retain until resource ownership and result closure proven,INVESTIGATE
civora:.github/workflows/valcea-clar-dsp-health-signals.yml,VÂLCEA CLAR DSP Health Signals,repo maintainer / runtime owner if registered,.github/workflows/valcea-clar-dsp-health-signals.yml,workflow reference: .github/workflows/valcea-clar-dsp-health-signals.yml,compute/validation,retain until resource ownership and result closure proven,INVESTIGATE
civora:.github/workflows/valcea-clar-dsp-public-health-signals.yml,VÂLCEA CLAR DSP Public Health Signals,repo maintainer / runtime owner if registered,.github/workflows/valcea-clar-dsp-public-health-signals.yml,workflow reference: .github/workflows/valcea-clar-dsp-public-health-signals.yml,compute/validation,retain until resource ownership and result closure proven,INVESTIGATE
civora:.github/workflows/valcea-clar-edition-delivery.yml,VÂLCEA CLAR S1 Edition Delivery,repo maintainer / runtime owner if registered,.github/workflows/valcea-clar-edition-delivery.yml,workflow reference: .github/workflows/valcea-clar-edition-delivery.yml,external effects,retain until resource ownership and result closure proven,KEEP
civora:.github/workflows/valcea-clar-edition-recovery.yml,VÂLCEA CLAR Edition Recovery,repo maintainer / runtime owner if registered,.github/workflows/valcea-clar-edition-recovery.yml,workflow reference: .github/workflows/valcea-clar-edition-recovery.yml,external effects,retain until resource ownership and result closure proven,KEEP
civora:.github/workflows/valcea-clar-editions.yml,VÂLCEA CLAR Autonomous Editions,repo maintainer / runtime owner if registered,not resolved,tracked at pinned HEAD; runtime use not proven,external effects,retain until resource ownership and result closure proven,KEEP
civora:.github/workflows/valcea-clar-editorial-dispatch-contracts.yml,VÂLCEA CLAR Editorial Dispatch Contracts,repo maintainer / runtime owner if registered,.github/workflows/valcea-clar-editorial-dispatch-contracts.yml,workflow reference: .github/workflows/valcea-clar-editorial-dispatch-contracts.yml,compute/validation,retain until resource ownership and result closure proven,INVESTIGATE
civora:.github/workflows/valcea-clar-editorial-opportunity-engine.yml,VÂLCEA CLAR Editorial Opportunity Engine,repo maintainer / runtime owner if registered,.github/workflows/valcea-clar-editorial-opportunity-engine.yml,workflow reference: .github/workflows/valcea-clar-editorial-opportunity-engine.yml,external effects,retain until resource ownership and result closure proven,KEEP
civora:.github/workflows/valcea-clar-editorial-writer.yml,VÂLCEA CLAR Editorial Writer,repo maintainer / runtime owner if registered,.github/workflows/valcea-clar-editorial-writer.yml,workflow reference: .github/workflows/valcea-clar-editorial-writer.yml,compute/validation,retain until resource ownership and result closure proven,KEEP
civora:.github/workflows/valcea-clar-editorial-writing-quality.yml,VÂLCEA CLAR Editorial Writing Quality,repo maintainer / runtime owner if registered,.github/workflows/valcea-clar-editorial-writing-quality.yml,workflow reference: .github/workflows/valcea-clar-editorial-writing-quality.yml,compute/validation,retain until resource ownership and result closure proven,INVESTIGATE
civora:.github/workflows/valcea-clar-engine-guard.yml,VÂLCEA CLAR Site Engine Ownership Guard,repo maintainer / runtime owner if registered,.github/workflows/valcea-clar-quality.yml,workflow reference: .github/workflows/valcea-clar-quality.yml,compute/validation,retain until resource ownership and result closure proven,KEEP
civora:.github/workflows/valcea-clar-eta-bus-route-directory-references.yml,VÂLCEA CLAR ETA Bus Route Directory References,repo maintainer / runtime owner if registered,.github/workflows/valcea-clar-eta-bus-route-directory-references.yml,workflow reference: .github/workflows/valcea-clar-eta-bus-route-directory-references.yml,compute/validation,retain until resource ownership and result closure proven,INVESTIGATE
civora:.github/workflows/valcea-clar-eta-bus-service-announcement-references.yml,VÂLCEA CLAR ETA Bus Service Announcement References,repo maintainer / runtime owner if registered,.github/workflows/valcea-clar-eta-bus-service-announcement-references.yml,workflow reference: .github/workflows/valcea-clar-eta-bus-service-announcement-references.yml,compute/validation,retain until resource ownership and result closure proven,INVESTIGATE
civora:.github/workflows/valcea-clar-eta-event-transport-detail-evidence.yml,VÂLCEA CLAR ETA Event Transport Detail Evidence,repo maintainer / runtime owner if registered,.github/workflows/valcea-clar-eta-event-transport-detail-evidence.yml,workflow reference: .github/workflows/valcea-clar-eta-event-transport-detail-evidence.yml,compute/validation,retain until resource ownership and result closure proven,INVESTIGATE
civora:.github/workflows/valcea-clar-eta-historical-detail-reconciliation.yml,VÂLCEA CLAR ETA Historical Detail Reconciliation,repo maintainer / runtime owner if registered,.github/workflows/valcea-clar-eta-historical-detail-reconciliation.yml,workflow reference: .github/workflows/valcea-clar-eta-historical-detail-reconciliation.yml,compute/validation,retain until resource ownership and result closure proven,INVESTIGATE
civora:.github/workflows/valcea-clar-eta-service-news-temporal-gate.yml,VÂLCEA CLAR ETA Service News Temporal Gate,repo maintainer / runtime owner if registered,.github/workflows/valcea-clar-eta-service-news-temporal-gate.yml,workflow reference: .github/workflows/valcea-clar-eta-service-news-temporal-gate.yml,compute/validation,retain until resource ownership and result closure proven,INVESTIGATE
civora:.github/workflows/valcea-clar-eta-signals.yml,VÂLCEA CLAR ETA Signals,repo maintainer / runtime owner if registered,.github/workflows/valcea-clar-eta-signals.yml,workflow reference: .github/workflows/valcea-clar-eta-signals.yml,compute/validation,retain until resource ownership and result closure proven,INVESTIGATE
civora:.github/workflows/valcea-clar-eta-transport-archive-references.yml,VÂLCEA CLAR ETA Transport Archive References,repo maintainer / runtime owner if registered,.github/workflows/valcea-clar-eta-transport-archive-references.yml,workflow reference: .github/workflows/valcea-clar-eta-transport-archive-references.yml,compute/validation,retain until resource ownership and result closure proven,INVESTIGATE
civora:.github/workflows/valcea-clar-eta-transport-detail-evidence.yml,VÂLCEA CLAR ETA Transport Detail Evidence,repo maintainer / runtime owner if registered,.github/workflows/valcea-clar-eta-transport-detail-evidence.yml,workflow reference: .github/workflows/valcea-clar-eta-transport-detail-evidence.yml,compute/validation,retain until resource ownership and result closure proven,INVESTIGATE
civora:.github/workflows/valcea-clar-eta-transport-references.yml,VÂLCEA CLAR ETA Transport References,repo maintainer / runtime owner if registered,.github/workflows/valcea-clar-eta-transport-references.yml,workflow reference: .github/workflows/valcea-clar-eta-transport-references.yml,compute/validation,retain until resource ownership and result closure proven,INVESTIGATE
civora:.github/workflows/valcea-clar-facebook-editorial-adapter.yml,VÂLCEA CLAR Facebook Editorial Adapter,repo maintainer / runtime owner if registered,.github/workflows/valcea-clar-facebook-editorial-adapter.yml,workflow reference: .github/workflows/valcea-clar-facebook-editorial-adapter.yml,external effects,retain until resource ownership and result closure proven,INVESTIGATE
civora:.github/workflows/valcea-clar-facebook-profile-sync.yml,VÂLCEA CLAR Facebook Profile Sync,repo maintainer / runtime owner if registered,not resolved,tracked at pinned HEAD; runtime use not proven,external effects,retain until resource ownership and result closure proven,INVESTIGATE
civora:.github/workflows/valcea-clar-facebook-single-writer-guard.yml,VÂLCEA CLAR Facebook Single Writer Guard,repo maintainer / runtime owner if registered,not resolved,tracked at pinned HEAD; runtime use not proven,compute/validation,retain until resource ownership and result closure proven,INVESTIGATE
civora:.github/workflows/valcea-clar-fact-kernel.yml,VÂLCEA CLAR Fact Kernel Builder,repo maintainer / runtime owner if registered,.github/workflows/valcea-clar-fact-kernel.yml,workflow reference: .github/workflows/valcea-clar-fact-kernel.yml,external effects,retain until resource ownership and result closure proven,KEEP
civora:.github/workflows/valcea-clar-festival-intelligence-monitor.yml,VÂLCEA CLAR Cultural Sources Monitor,repo maintainer / runtime owner if registered,.github/workflows/valcea-clar-festival-intelligence-monitor.yml,workflow reference: .github/workflows/valcea-clar-festival-intelligence-monitor.yml,external effects,retain until resource ownership and result closure proven,KEEP
civora:.github/workflows/valcea-clar-filarmonica-valcea-upcoming-event-references.yml,VÂLCEA CLAR Filarmonica Vâlcea Upcoming Event References,repo maintainer / runtime owner if registered,.github/workflows/valcea-clar-filarmonica-valcea-upcoming-event-references.yml,workflow reference: .github/workflows/valcea-clar-filarmonica-valcea-upcoming-event-references.yml,compute/validation,retain until resource ownership and result closure proven,INVESTIGATE
civora:.github/workflows/valcea-clar-health-service-crossref.yml,VÂLCEA CLAR Health Service Crossref,repo maintainer / runtime owner if registered,.github/workflows/valcea-clar-health-service-crossref.yml,workflow reference: .github/workflows/valcea-clar-health-service-crossref.yml,compute/validation,retain until resource ownership and result closure proven,INVESTIGATE
civora:.github/workflows/valcea-clar-health-workforce-context.yml,VÂLCEA CLAR Health Workforce Context,repo maintainer / runtime owner if registered,.github/workflows/valcea-clar-health-workforce-context.yml,workflow reference: .github/workflows/valcea-clar-health-workforce-context.yml,compute/validation,retain until resource ownership and result closure proven,INVESTIGATE
civora:.github/workflows/valcea-clar-hold-projection.yml,VÂLCEA CLAR Publication Hold Projection,repo maintainer / runtime owner if registered,.github/workflows/valcea-clar-hold-projection.yml,workflow reference: .github/workflows/valcea-clar-hold-projection.yml,external effects,retain until resource ownership and result closure proven,KEEP
civora:.github/workflows/valcea-clar-horezu-municipal-announcement-references.yml,VÂLCEA CLAR Horezu Municipal Announcement References,repo maintainer / runtime owner if registered,.github/workflows/valcea-clar-horezu-municipal-announcement-references.yml,workflow reference: .github/workflows/valcea-clar-horezu-municipal-announcement-references.yml,compute/validation,retain until resource ownership and result closure proven,INVESTIGATE
civora:.github/workflows/valcea-clar-infotrafic-breaking-candidates.yml,VÂLCEA CLAR INFOTRAFIC Breaking Candidates,repo maintainer / runtime owner if registered,.github/workflows/valcea-clar-infotrafic-breaking-candidates.yml,workflow reference: .github/workflows/valcea-clar-infotrafic-breaking-candidates.yml,compute/validation,retain until resource ownership and result closure proven,INVESTIGATE
civora:.github/workflows/valcea-clar-infotrafic-valcea-references.yml,VÂLCEA CLAR INFOTRAFIC Vâlcea References,repo maintainer / runtime owner if registered,.github/workflows/valcea-clar-infotrafic-valcea-references.yml,workflow reference: .github/workflows/valcea-clar-infotrafic-valcea-references.yml,compute/validation,retain until resource ownership and result closure proven,INVESTIGATE
civora:.github/workflows/valcea-clar-instagram-editorial-adapter.yml,VÂLCEA CLAR Instagram Editorial Adapter,repo maintainer / runtime owner if registered,.github/workflows/valcea-clar-instagram-editorial-adapter.yml,workflow reference: .github/workflows/valcea-clar-instagram-editorial-adapter.yml,external effects,retain until resource ownership and result closure proven,INVESTIGATE
civora:.github/workflows/valcea-clar-instagram-visual-preview.yml,VÂLCEA CLAR Instagram Visual Preview,repo maintainer / runtime owner if registered,.github/workflows/valcea-clar-instagram-visual-preview.yml,workflow reference: .github/workflows/valcea-clar-instagram-visual-preview.yml,compute/validation,retain until resource ownership and result closure proven,INVESTIGATE
civora:.github/workflows/valcea-clar-ipj-news-signals.yml,VÂLCEA CLAR IPJ News Signals,repo maintainer / runtime owner if registered,.github/workflows/valcea-clar-ipj-news-signals.yml,workflow reference: .github/workflows/valcea-clar-ipj-news-signals.yml,compute/validation,retain until resource ownership and result closure proven,INVESTIGATE
civora:.github/workflows/valcea-clar-ipj-public-safety-detail-evidence.yml,VÂLCEA CLAR IPJ Public Safety Detail Evidence,repo maintainer / runtime owner if registered,.github/workflows/valcea-clar-ipj-public-safety-detail-evidence.yml,workflow reference: .github/workflows/valcea-clar-ipj-public-safety-detail-evidence.yml,compute/validation,retain until resource ownership and result closure proven,INVESTIGATE
civora:.github/workflows/valcea-clar-ipj-public-safety-references.yml,VÂLCEA CLAR IPJ Public Safety References,repo maintainer / runtime owner if registered,.github/workflows/valcea-clar-ipj-public-safety-references.yml,workflow reference: .github/workflows/valcea-clar-ipj-public-safety-references.yml,compute/validation,retain until resource ownership and result closure proven,INVESTIGATE
civora:.github/workflows/valcea-clar-ipj-valcea-road-traffic-references.yml,VÂLCEA CLAR IPJ Vâlcea Road Traffic References,repo maintainer / runtime owner if registered,.github/workflows/valcea-clar-ipj-valcea-road-traffic-references.yml,workflow reference: .github/workflows/valcea-clar-ipj-valcea-road-traffic-references.yml,compute/validation,retain until resource ownership and result closure proven,INVESTIGATE
civora:.github/workflows/valcea-clar-isj-education-deadlines.yml,VÂLCEA CLAR ISJ Education Deadlines,repo maintainer / runtime owner if registered,.github/workflows/valcea-clar-isj-education-deadlines.yml,workflow reference: .github/workflows/valcea-clar-isj-education-deadlines.yml,compute/validation,retain until resource ownership and result closure proven,INVESTIGATE
civora:.github/workflows/valcea-clar-isj-education-detail-evidence.yml,VÂLCEA CLAR ISJ Education Detail Evidence,repo maintainer / runtime owner if registered,.github/workflows/valcea-clar-isj-education-detail-evidence.yml,workflow reference: .github/workflows/valcea-clar-isj-education-detail-evidence.yml,compute/validation,retain until resource ownership and result closure proven,INVESTIGATE
civora:.github/workflows/valcea-clar-isj-education-references.yml,VÂLCEA CLAR ISJ Education References,repo maintainer / runtime owner if registered,.github/workflows/valcea-clar-isj-education-references.yml,workflow reference: .github/workflows/valcea-clar-isj-education-references.yml,compute/validation,retain until resource ownership and result closure proven,INVESTIGATE
civora:.github/workflows/valcea-clar-isj-education-signals.yml,VÂLCEA CLAR ISJ Education Signals,repo maintainer / runtime owner if registered,.github/workflows/valcea-clar-isj-education-signals.yml,workflow reference: .github/workflows/valcea-clar-isj-education-signals.yml,compute/validation,retain until resource ownership and result closure proven,INVESTIGATE
civora:.github/workflows/valcea-clar-isj-signals.yml,VÂLCEA CLAR ISJ Signals,repo maintainer / runtime owner if registered,.github/workflows/valcea-clar-isj-signals.yml,workflow reference: .github/workflows/valcea-clar-isj-signals.yml,compute/validation,retain until resource ownership and result closure proven,INVESTIGATE
civora:.github/workflows/valcea-clar-isj-valcea-education-home-references.yml,VÂLCEA CLAR ISJ Vâlcea Education Home References,repo maintainer / runtime owner if registered,.github/workflows/valcea-clar-isj-valcea-education-home-references.yml,workflow reference: .github/workflows/valcea-clar-isj-valcea-education-home-references.yml,compute/validation,retain until resource ownership and result closure proven,INVESTIGATE
civora:.github/workflows/valcea-clar-isj-valcea-education-reference-change.yml,VÂLCEA CLAR ISJ Vâlcea Education Reference Change,repo maintainer / runtime owner if registered,.github/workflows/valcea-clar-isj-valcea-education-reference-change.yml,workflow reference: .github/workflows/valcea-clar-isj-valcea-education-reference-change.yml,compute/validation,retain until resource ownership and result closure proven,INVESTIGATE
civora:.github/workflows/valcea-clar-isu-avizare-autorizare.yml,VÂLCEA CLAR ISU Avizare-Autorizare References,repo maintainer / runtime owner if registered,.github/workflows/valcea-clar-isu-avizare-autorizare.yml,workflow reference: .github/workflows/valcea-clar-isu-avizare-autorizare.yml,compute/validation,retain until resource ownership and result closure proven,INVESTIGATE
civora:.github/workflows/valcea-clar-isu-cjsu-decisions.yml,VÂLCEA CLAR ISU CJSU Decision References,repo maintainer / runtime owner if registered,.github/workflows/valcea-clar-isu-cjsu-decisions.yml,workflow reference: .github/workflows/valcea-clar-isu-cjsu-decisions.yml,compute/validation,retain until resource ownership and result closure proven,INVESTIGATE
civora:.github/workflows/valcea-clar-isu-emergency-detail-evidence.yml,VÂLCEA CLAR ISU Emergency Detail Evidence,repo maintainer / runtime owner if registered,.github/workflows/valcea-clar-isu-emergency-detail-evidence.yml,workflow reference: .github/workflows/valcea-clar-isu-emergency-detail-evidence.yml,compute/validation,retain until resource ownership and result closure proven,INVESTIGATE
civora:.github/workflows/valcea-clar-isu-emergency-references.yml,VÂLCEA CLAR ISU Emergency References,repo maintainer / runtime owner if registered,.github/workflows/valcea-clar-isu-emergency-references.yml,workflow reference: .github/workflows/valcea-clar-isu-emergency-references.yml,compute/validation,retain until resource ownership and result closure proven,INVESTIGATE
civora:.github/workflows/valcea-clar-isu-incident-thread-state.yml,VÂLCEA CLAR ISU Incident Thread State,repo maintainer / runtime owner if registered,.github/workflows/valcea-clar-isu-incident-thread-state.yml,workflow reference: .github/workflows/valcea-clar-isu-incident-thread-state.yml,compute/validation,retain until resource ownership and result closure proven,INVESTIGATE
civora:.github/workflows/valcea-clar-isu-local-news-signals.yml,VÂLCEA CLAR ISU Local News Signals,repo maintainer / runtime owner if registered,.github/workflows/valcea-clar-isu-local-news-signals.yml,workflow reference: .github/workflows/valcea-clar-isu-local-news-signals.yml,compute/validation,retain until resource ownership and result closure proven,INVESTIGATE
civora:.github/workflows/valcea-clar-isu-preventive-info.yml,VÂLCEA CLAR ISU Preventive Information,repo maintainer / runtime owner if registered,.github/workflows/valcea-clar-isu-preventive-info.yml,workflow reference: .github/workflows/valcea-clar-isu-preventive-info.yml,compute/validation,retain until resource ownership and result closure proven,INVESTIGATE
civora:.github/workflows/valcea-clar-isu-safety-signals.yml,VÂLCEA CLAR ISU Safety Signals,repo maintainer / runtime owner if registered,.github/workflows/valcea-clar-isu-safety-signals.yml,workflow reference: .github/workflows/valcea-clar-isu-safety-signals.yml,compute/validation,retain until resource ownership and result closure proven,INVESTIGATE
civora:.github/workflows/valcea-clar-isu-valcea-press-release-references.yml,VÂLCEA CLAR ISU Vâlcea Press Release References,repo maintainer / runtime owner if registered,.github/workflows/valcea-clar-isu-valcea-press-release-references.yml,workflow reference: .github/workflows/valcea-clar-isu-valcea-press-release-references.yml,compute/validation,retain until resource ownership and result closure proven,INVESTIGATE
civora:.github/workflows/valcea-clar-itm-valcea-public-information-references.yml,VÂLCEA CLAR ITM Vâlcea Public Information References,repo maintainer / runtime owner if registered,.github/workflows/valcea-clar-itm-valcea-public-information-references.yml,workflow reference: .github/workflows/valcea-clar-itm-valcea-public-information-references.yml,compute/validation,retain until resource ownership and result closure proven,INVESTIGATE
civora:.github/workflows/valcea-clar-linkedin-editorial.yml,VÂLCEA CLAR LinkedIn Editorial Compatibility Check,repo maintainer / runtime owner if registered,.github/workflows/valcea-clar-linkedin-editorial.yml,workflow reference: .github/workflows/valcea-clar-linkedin-editorial.yml,compute/validation,retain until resource ownership and result closure proven,INVESTIGATE
civora:.github/workflows/valcea-clar-live-http.yml,VÂLCEA CLAR Live HTTP Verification (manual diagnostic),repo maintainer / runtime owner if registered,not resolved,tracked at pinned HEAD; runtime use not proven,compute/validation,retain until resource ownership and result closure proven,INVESTIGATE
civora:.github/workflows/valcea-clar-live-newsroom-operator.yml,VÂLCEA CLAR Live Newsroom Operator Bridge,repo maintainer / runtime owner if registered,not resolved,tracked at pinned HEAD; runtime use not proven,external effects,retain until resource ownership and result closure proven,KEEP
civora:.github/workflows/valcea-clar-local-life-sync.yml,VÂLCEA CLAR Local Life Sync,repo maintainer / runtime owner if registered,not resolved,tracked at pinned HEAD; runtime use not proven,external effects,retain until resource ownership and result closure proven,KEEP
civora:.github/workflows/valcea-clar-manual-publish.yml,VÂLCEA CLAR Manual Publish Intake,repo maintainer / runtime owner if registered,.github/workflows/valcea-clar-manual-publish.yml,workflow reference: .github/workflows/valcea-clar-manual-publish.yml,external effects,retain until resource ownership and result closure proven,INVESTIGATE
civora:.github/workflows/valcea-clar-monitor-ledger.yml,VÂLCEA CLAR Monitor Ledger,repo maintainer / runtime owner if registered,.github/workflows/valcea-clar-monitor-ledger.yml,workflow reference: .github/workflows/valcea-clar-monitor-ledger.yml,external effects,retain until resource ownership and result closure proven,KEEP
civora:.github/workflows/valcea-clar-ms-health-workforce-references.yml,VÂLCEA CLAR Ministry Health Workforce References,repo maintainer / runtime owner if registered,.github/workflows/valcea-clar-ms-health-workforce-references.yml,workflow reference: .github/workflows/valcea-clar-ms-health-workforce-references.yml,compute/validation,retain until resource ownership and result closure proven,INVESTIGATE
civora:.github/workflows/valcea-clar-ms-hospital-network-reference.yml,VÂLCEA CLAR MS Hospital Network Reference,repo maintainer / runtime owner if registered,.github/workflows/valcea-clar-ms-hospital-network-reference.yml,workflow reference: .github/workflows/valcea-clar-ms-hospital-network-reference.yml,compute/validation,retain until resource ownership and result closure proven,INVESTIGATE
civora:.github/workflows/valcea-clar-muzee-valcea-public-information-references.yml,VÂLCEA CLAR Muzee Vâlcea Public Information References,repo maintainer / runtime owner if registered,.github/workflows/valcea-clar-muzee-valcea-public-information-references.yml,workflow reference: .github/workflows/valcea-clar-muzee-valcea-public-information-references.yml,compute/validation,retain until resource ownership and result closure proven,INVESTIGATE
civora:.github/workflows/valcea-clar-native-visual-identity-preview.yml,VÂLCEA CLAR Native Visual Identity Preview,repo maintainer / runtime owner if registered,.github/workflows/valcea-clar-native-visual-identity-preview.yml,workflow reference: .github/workflows/valcea-clar-native-visual-identity-preview.yml,compute/validation,retain until resource ownership and result closure proven,INVESTIGATE
civora:.github/workflows/valcea-clar-newsroom-live.yml,VÂLCEA CLAR Live Newsroom,repo maintainer / runtime owner if registered,.github/workflows/valcea-clar-newsroom-live.yml;.github/workflows/valcea-clar-quality.yml,workflow reference: .github/workflows/valcea-clar-newsroom-live.yml;.github/workflows/valcea-clar-quality.yml,external effects,retain until resource ownership and result closure proven,KEEP
civora:.github/workflows/valcea-clar-newsroom-transaction-diagnostic.yml,VÂLCEA CLAR Live Newsroom Transaction Diagnostic,repo maintainer / runtime owner if registered,.github/workflows/valcea-clar-newsroom-transaction-diagnostic.yml,workflow reference: .github/workflows/valcea-clar-newsroom-transaction-diagnostic.yml,compute/validation,retain until resource ownership and result closure proven,INVESTIGATE
civora:.github/workflows/valcea-clar-observed-metrics-harvest.yml,LOCAL NEWS OS Fleet Observed Metrics Harvest,repo maintainer / runtime owner if registered,.github/workflows/local-news-os-reread-spend-reauthorization.yml;.github/workflows/local-news-os-reread-spend-reclaim-binding.yml;.github/workflows/local-news-os-reread-spend-reservation-recovery.yml;.github/workflows/valcea-clar-observed-metrics-harvest.yml,workflow reference: .github/workflows/local-news-os-reread-spend-reauthorization.yml;.github/workflows/local-news-os-reread-spend-reclaim-binding.yml;.github/workflows/local-news-os-reread-spend-reservation-recovery.yml;.github/workflows/valcea-clar-observed-metrics-harvest.yml,external effects,retain until resource ownership and result closure proven,KEEP
civora:.github/workflows/valcea-clar-olanesti-investigation-monitor.yml,VÂLCEA CLAR — Olănești investigation monitor,repo maintainer / runtime owner if registered,.github/workflows/valcea-clar-olanesti-investigation-monitor.yml,workflow reference: .github/workflows/valcea-clar-olanesti-investigation-monitor.yml,external effects,retain until resource ownership and result closure proven,KEEP
civora:.github/workflows/valcea-clar-owned-photo-ingest.yml,VÂLCEA CLAR Owned Photo Drive Ingest,repo maintainer / runtime owner if registered,.github/workflows/valcea-clar-owned-photo-ingest.yml,workflow reference: .github/workflows/valcea-clar-owned-photo-ingest.yml,compute/validation,retain until resource ownership and result closure proven,INVESTIGATE
civora:.github/workflows/valcea-clar-people-intelligence.yml,VÂLCEA CLAR Identity Intelligence,repo maintainer / runtime owner if registered,.github/workflows/valcea-clar-people-intelligence.yml,workflow reference: .github/workflows/valcea-clar-people-intelligence.yml,external effects,retain until resource ownership and result closure proven,KEEP
civora:.github/workflows/valcea-clar-persistence-scope-runtime.yml,VÂLCEA CLAR Persistence Scope Runtime Guard,repo maintainer / runtime owner if registered,.github/workflows/valcea-clar-persistence-scope-runtime.yml,workflow reference: .github/workflows/valcea-clar-persistence-scope-runtime.yml,compute/validation,retain until resource ownership and result closure proven,INVESTIGATE
civora:.github/workflows/valcea-clar-person-candidate-discovery.yml,VÂLCEA CLAR Person Candidate Discovery,repo maintainer / runtime owner if registered,.github/workflows/valcea-clar-person-candidate-discovery.yml,workflow reference: .github/workflows/valcea-clar-person-candidate-discovery.yml,external effects,retain until resource ownership and result closure proven,KEEP
civora:.github/workflows/valcea-clar-person-story-links.yml,VÂLCEA CLAR Person Story Links Compatibility Check,repo maintainer / runtime owner if registered,.github/workflows/valcea-clar-person-story-links.yml,workflow reference: .github/workflows/valcea-clar-person-story-links.yml,compute/validation,retain until resource ownership and result closure proven,INVESTIGATE
civora:.github/workflows/valcea-clar-photo-atlas.yml,VÂLCEA CLAR Photo Atlas,repo maintainer / runtime owner if registered,.github/workflows/valcea-clar-photo-atlas.yml,workflow reference: .github/workflows/valcea-clar-photo-atlas.yml,compute/validation,retain until resource ownership and result closure proven,INVESTIGATE
civora:.github/workflows/valcea-clar-photo-candidate-discovery.yml,VÂLCEA CLAR Photo Candidate Discovery,repo maintainer / runtime owner if registered,.github/workflows/valcea-clar-photo-candidate-discovery.yml,workflow reference: .github/workflows/valcea-clar-photo-candidate-discovery.yml,external effects,retain until resource ownership and result closure proven,KEEP
civora:.github/workflows/valcea-clar-posturi-gov-references.yml,VÂLCEA CLAR Posturi.gov.ro References,repo maintainer / runtime owner if registered,.github/workflows/valcea-clar-posturi-gov-references.yml,workflow reference: .github/workflows/valcea-clar-posturi-gov-references.yml,compute/validation,retain until resource ownership and result closure proven,INVESTIGATE
civora:.github/workflows/valcea-clar-presentation-http-handoff.yml,VÂLCEA CLAR Presentation HTTP Handoff,repo maintainer / runtime owner if registered,not resolved,tracked at pinned HEAD; runtime use not proven,external effects,retain until resource ownership and result closure proven,INVESTIGATE
civora:.github/workflows/valcea-clar-profile-identity-deployment.yml,VÂLCEA CLAR Profile Identity Deployment,repo maintainer / runtime owner if registered,.github/workflows/valcea-clar-profile-identity-deployment.yml,workflow reference: .github/workflows/valcea-clar-profile-identity-deployment.yml,compute/validation,retain until resource ownership and result closure proven,INVESTIGATE
civora:.github/workflows/valcea-clar-profile-identity.yml,VÂLCEA CLAR Profile Identity Acceptance,repo maintainer / runtime owner if registered,.github/workflows/valcea-clar-profile-identity.yml,workflow reference: .github/workflows/valcea-clar-profile-identity.yml,compute/validation,retain until resource ownership and result closure proven,INVESTIGATE
civora:.github/workflows/valcea-clar-profile-presence.yml,VÂLCEA CLAR Profile Presence,repo maintainer / runtime owner if registered,.github/workflows/valcea-clar-profile-presence.yml,workflow reference: .github/workflows/valcea-clar-profile-presence.yml,compute/validation,retain until resource ownership and result closure proven,INVESTIGATE
civora:.github/workflows/valcea-clar-public-health.yml,VÂLCEA CLAR Public HTTP Health,repo maintainer / runtime owner if registered,.github/workflows/valcea-clar-public-health.yml,workflow reference: .github/workflows/valcea-clar-public-health.yml,compute/validation,retain until resource ownership and result closure proven,KEEP
civora:.github/workflows/valcea-clar-public-media-health.yml,VÂLCEA CLAR Public Article Media Health,repo maintainer / runtime owner if registered,.github/workflows/valcea-clar-public-media-health.yml,workflow reference: .github/workflows/valcea-clar-public-media-health.yml,compute/validation,retain until resource ownership and result closure proven,INVESTIGATE
civora:.github/workflows/valcea-clar-public-safety-crosslink.yml,VÂLCEA CLAR Public Safety Crosslink,repo maintainer / runtime owner if registered,.github/workflows/valcea-clar-public-safety-crosslink.yml,workflow reference: .github/workflows/valcea-clar-public-safety-crosslink.yml,compute/validation,retain until resource ownership and result closure proven,INVESTIGATE
civora:.github/workflows/valcea-clar-public-ux-archive-invariant.yml,VÂLCEA CLAR Public UX Archive Invariant,repo maintainer / runtime owner if registered,.github/workflows/valcea-clar-public-ux-archive-invariant.yml,workflow reference: .github/workflows/valcea-clar-public-ux-archive-invariant.yml,compute/validation,retain until resource ownership and result closure proven,INVESTIGATE
civora:.github/workflows/valcea-clar-quality.yml,VÂLCEA CLAR Quality,repo maintainer / runtime owner if registered,.github/workflows/valcea-clar-quality.yml,workflow reference: .github/workflows/valcea-clar-quality.yml,external effects,retain until resource ownership and result closure proven,KEEP
civora:.github/workflows/valcea-clar-rajdp-network-reference.yml,VÂLCEA CLAR RAJDP Network Reference,repo maintainer / runtime owner if registered,.github/workflows/valcea-clar-rajdp-network-reference.yml,workflow reference: .github/workflows/valcea-clar-rajdp-network-reference.yml,compute/validation,retain until resource ownership and result closure proven,INVESTIGATE
civora:.github/workflows/valcea-clar-ramnicu-valcea-local-council-decision-reference.yml,VÂLCEA CLAR Râmnicu Vâlcea Local Council Decision References,repo maintainer / runtime owner if registered,.github/workflows/valcea-clar-ramnicu-valcea-local-council-decision-reference.yml,workflow reference: .github/workflows/valcea-clar-ramnicu-valcea-local-council-decision-reference.yml,compute/validation,retain until resource ownership and result closure proven,INVESTIGATE
civora:.github/workflows/valcea-clar-s2-research-writing.yml,VÂLCEA CLAR S2 Research & Writing,repo maintainer / runtime owner if registered,.github/workflows/valcea-clar-s2-research-writing.yml,workflow reference: .github/workflows/valcea-clar-s2-research-writing.yml,compute/validation,retain until resource ownership and result closure proven,KEEP
civora:.github/workflows/valcea-clar-s3-visuals.yml,VÂLCEA CLAR S3 Visuals & Channels,repo maintainer / runtime owner if registered,.github/workflows/valcea-clar-s3-visuals.yml,workflow reference: .github/workflows/valcea-clar-s3-visuals.yml,external effects,retain until resource ownership and result closure proven,KEEP
civora:.github/workflows/valcea-clar-s4-publication-ux.yml,VÂLCEA CLAR S4 Publication Experience,repo maintainer / runtime owner if registered,.github/workflows/valcea-clar-s4-publication-ux.yml,workflow reference: .github/workflows/valcea-clar-s4-publication-ux.yml,external effects,retain until resource ownership and result closure proven,KEEP
civora:.github/workflows/valcea-clar-s5-distinctive-products.yml,VÂLCEA CLAR S5 Distinctive Products,repo maintainer / runtime owner if registered,.github/workflows/valcea-clar-s5-distinctive-products.yml,workflow reference: .github/workflows/valcea-clar-s5-distinctive-products.yml,external effects,retain until resource ownership and result closure proven,KEEP
civora:.github/workflows/valcea-clar-s6-operations-governance.yml,VÂLCEA CLAR S6 Operations & Governance,repo maintainer / runtime owner if registered,.github/workflows/valcea-clar-s6-operations-governance.yml,workflow reference: .github/workflows/valcea-clar-s6-operations-governance.yml,external effects,retain until resource ownership and result closure proven,KEEP
civora:.github/workflows/valcea-clar-saj-valcea-workforce-signals.yml,VÂLCEA CLAR SAJ Vâlcea Workforce Signals,repo maintainer / runtime owner if registered,.github/workflows/valcea-clar-saj-valcea-workforce-signals.yml,workflow reference: .github/workflows/valcea-clar-saj-valcea-workforce-signals.yml,compute/validation,retain until resource ownership and result closure proven,INVESTIGATE
civora:.github/workflows/valcea-clar-scm-newsroom-diagnostic.yml,VÂLCEA CLAR SCM Newsroom Acceptance Diagnostic,repo maintainer / runtime owner if registered,.github/workflows/valcea-clar-scm-newsroom-diagnostic.yml,workflow reference: .github/workflows/valcea-clar-scm-newsroom-diagnostic.yml,compute/validation,retain until resource ownership and result closure proven,INVESTIGATE
civora:.github/workflows/valcea-clar-sga-valcea-water-permit-register-reference.yml,VÂLCEA CLAR SGA Vâlcea Water Permit Register References,repo maintainer / runtime owner if registered,.github/workflows/valcea-clar-sga-valcea-water-permit-register-reference.yml,workflow reference: .github/workflows/valcea-clar-sga-valcea-water-permit-register-reference.yml,compute/validation,retain until resource ownership and result closure proven,INVESTIGATE
civora:.github/workflows/valcea-clar-sju-hospital-reference.yml,VÂLCEA CLAR SJU Hospital Reference,repo maintainer / runtime owner if registered,.github/workflows/valcea-clar-sju-hospital-reference.yml,workflow reference: .github/workflows/valcea-clar-sju-hospital-reference.yml,compute/validation,retain until resource ownership and result closure proven,INVESTIGATE
civora:.github/workflows/valcea-clar-sju-service-reference-signals.yml,VÂLCEA CLAR SJU Service Reference Signals,repo maintainer / runtime owner if registered,.github/workflows/valcea-clar-sju-service-reference-signals.yml,workflow reference: .github/workflows/valcea-clar-sju-service-reference-signals.yml,compute/validation,retain until resource ownership and result closure proven,INVESTIGATE
civora:.github/workflows/valcea-clar-sju-workforce-signals.yml,VÂLCEA CLAR SJU Workforce Signals,repo maintainer / runtime owner if registered,.github/workflows/valcea-clar-sju-workforce-signals.yml,workflow reference: .github/workflows/valcea-clar-sju-workforce-signals.yml,compute/validation,retain until resource ownership and result closure proven,INVESTIGATE
civora:.github/workflows/valcea-clar-social-doctrine.yml,VÂLCEA CLAR Social Doctrine,repo maintainer / runtime owner if registered,.github/workflows/valcea-clar-social-doctrine.yml,workflow reference: .github/workflows/valcea-clar-social-doctrine.yml,compute/validation,retain until resource ownership and result closure proven,INVESTIGATE
civora:.github/workflows/valcea-clar-social-publishing.yml,VÂLCEA CLAR Social Publication Engine,repo maintainer / runtime owner if registered,.github/workflows/valcea-clar-quality.yml;.github/workflows/valcea-clar-social-publishing.yml,workflow reference: .github/workflows/valcea-clar-quality.yml;.github/workflows/valcea-clar-social-publishing.yml,external effects,retain until resource ownership and result closure proven,KEEP
civora:.github/workflows/valcea-clar-source-radar.yml,VÂLCEA CLAR Source Radar,repo maintainer / runtime owner if registered,.github/workflows/valcea-clar-persistence-scope-runtime.yml;.github/workflows/valcea-clar-quality.yml;.github/workflows/valcea-clar-source-radar.yml,workflow reference: .github/workflows/valcea-clar-persistence-scope-runtime.yml;.github/workflows/valcea-clar-quality.yml;.github/workflows/valcea-clar-source-radar.yml,external effects,retain until resource ownership and result closure proven,KEEP
civora:.github/workflows/valcea-clar-story-social-metadata.yml,VÂLCEA CLAR Story Social Metadata,repo maintainer / runtime owner if registered,.github/workflows/valcea-clar-story-social-metadata.yml,workflow reference: .github/workflows/valcea-clar-story-social-metadata.yml,external effects,retain until resource ownership and result closure proven,KEEP
civora:.github/workflows/valcea-clar-structured-alerts.yml,VÂLCEA CLAR Structured Primary Alerts,repo maintainer / runtime owner if registered,.github/workflows/valcea-clar-persistence-scope-runtime.yml;.github/workflows/valcea-clar-structured-alerts.yml,workflow reference: .github/workflows/valcea-clar-persistence-scope-runtime.yml;.github/workflows/valcea-clar-structured-alerts.yml,external effects,retain until resource ownership and result closure proven,KEEP
civora:.github/workflows/valcea-clar-teatrul-anton-pann-journal-references.yml,VÂLCEA CLAR Teatrul Anton Pann Journal References,repo maintainer / runtime owner if registered,.github/workflows/valcea-clar-teatrul-anton-pann-journal-references.yml,workflow reference: .github/workflows/valcea-clar-teatrul-anton-pann-journal-references.yml,compute/validation,retain until resource ownership and result closure proven,INVESTIGATE
civora:.github/workflows/valcea-clar-telegram-editorial.yml,VÂLCEA CLAR Telegram Editorial Compatibility Check,repo maintainer / runtime owner if registered,.github/workflows/valcea-clar-telegram-editorial.yml,workflow reference: .github/workflows/valcea-clar-telegram-editorial.yml,compute/validation,retain until resource ownership and result closure proven,INVESTIGATE
civora:.github/workflows/valcea-clar-threads-editorial.yml,VÂLCEA CLAR Threads Editorial,repo maintainer / runtime owner if registered,.github/workflows/valcea-clar-threads-editorial.yml,workflow reference: .github/workflows/valcea-clar-threads-editorial.yml,external effects,retain until resource ownership and result closure proven,KEEP
civora:.github/workflows/valcea-clar-tiktok-editorial-preview.yml,VÂLCEA CLAR TikTok Editorial Preview,repo maintainer / runtime owner if registered,.github/workflows/valcea-clar-tiktok-editorial-preview.yml,workflow reference: .github/workflows/valcea-clar-tiktok-editorial-preview.yml,external effects,retain until resource ownership and result closure proven,INVESTIGATE
civora:.github/workflows/valcea-clar-traffic-dossier-thread-candidates.yml,VÂLCEA CLAR Traffic Dossier Thread Candidates,repo maintainer / runtime owner if registered,.github/workflows/valcea-clar-traffic-dossier-thread-candidates.yml,workflow reference: .github/workflows/valcea-clar-traffic-dossier-thread-candidates.yml,compute/validation,retain until resource ownership and result closure proven,INVESTIGATE
civora:.github/workflows/valcea-clar-traffic-explicit-temporal-evidence.yml,VÂLCEA CLAR Traffic Explicit Temporal Evidence,repo maintainer / runtime owner if registered,.github/workflows/valcea-clar-traffic-explicit-temporal-evidence.yml,workflow reference: .github/workflows/valcea-clar-traffic-explicit-temporal-evidence.yml,compute/validation,retain until resource ownership and result closure proven,INVESTIGATE
civora:.github/workflows/valcea-clar-traffic-reference-correlation.yml,VÂLCEA CLAR Traffic Reference Correlation,repo maintainer / runtime owner if registered,.github/workflows/valcea-clar-traffic-reference-correlation.yml,workflow reference: .github/workflows/valcea-clar-traffic-reference-correlation.yml,compute/validation,retain until resource ownership and result closure proven,INVESTIGATE
civora:.github/workflows/valcea-clar-traffic-temporal-evidence-flow.yml,VÂLCEA CLAR Traffic Temporal Evidence Flow,repo maintainer / runtime owner if registered,.github/workflows/valcea-clar-traffic-temporal-evidence-flow.yml,workflow reference: .github/workflows/valcea-clar-traffic-temporal-evidence-flow.yml,compute/validation,retain until resource ownership and result closure proven,INVESTIGATE
civora:.github/workflows/valcea-clar-venues-ingest.yml,VÂLCEA CLAR — UNDE IEȘIM ingest,repo maintainer / runtime owner if registered,.github/workflows/valcea-clar-quality.yml;.github/workflows/valcea-clar-venues-ingest.yml,workflow reference: .github/workflows/valcea-clar-quality.yml;.github/workflows/valcea-clar-venues-ingest.yml,external effects,retain until resource ownership and result closure proven,KEEP
civora:.github/workflows/valcea-clar-whatsapp-editorial.yml,VÂLCEA CLAR WhatsApp Editorial Compatibility Check,repo maintainer / runtime owner if registered,.github/workflows/valcea-clar-whatsapp-editorial.yml,workflow reference: .github/workflows/valcea-clar-whatsapp-editorial.yml,compute/validation,retain until resource ownership and result closure proven,INVESTIGATE
civora:.github/workflows/valcea-clar-x-api-gate.yml,VÂLCEA CLAR X API Compatibility Check,repo maintainer / runtime owner if registered,.github/workflows/valcea-clar-x-api-gate.yml,workflow reference: .github/workflows/valcea-clar-x-api-gate.yml,external effects,retain until resource ownership and result closure proven,INVESTIGATE
civora:.github/workflows/valcea-clar-x-native-outbox.yml,VÂLCEA CLAR X Native Outbox,repo maintainer / runtime owner if registered,.github/workflows/valcea-clar-x-native-outbox.yml,workflow reference: .github/workflows/valcea-clar-x-native-outbox.yml,compute/validation,retain until resource ownership and result closure proven,INVESTIGATE
civora:.github/workflows/valcea-clar-youtube-api-gate.yml,VÂLCEA CLAR YouTube API Gate,repo maintainer / runtime owner if registered,.github/workflows/valcea-clar-youtube-api-gate.yml,workflow reference: .github/workflows/valcea-clar-youtube-api-gate.yml,external effects,retain until resource ownership and result closure proven,INVESTIGATE
civora:.github/workflows/valcea-clar-youtube-editorial.yml,VÂLCEA CLAR YouTube Editorial Compatibility Check,repo maintainer / runtime owner if registered,.github/workflows/valcea-clar-youtube-editorial.yml,workflow reference: .github/workflows/valcea-clar-youtube-editorial.yml,compute/validation,retain until resource ownership and result closure proven,INVESTIGATE
civora:local-news-os/contracts/editorial_coverage_taxonomy_v1.json,legacy code/config; exact operational role requires dynamic closure,repo maintainer / runtime owner if registered,not resolved,tracked at pinned HEAD; runtime use not proven,unknown,preserve; no deletion justified by static absence alone,INVESTIGATE
civora:local-news-os/core/STATIC_RUNTIME_OVERLAY_CONTRACT.md,documentation/research,repo maintainer / runtime owner if registered,not resolved,tracked at pinned HEAD; runtime use not proven,loss of rationale,retain reference; historic mechanics are revisable,KEEP
civora:local-news-os/core/article_structured_data.py,legacy code/config; exact operational role requires dynamic closure,repo maintainer / runtime owner if registered,.github/workflows/local-news-os-core.yml,workflow reference: .github/workflows/local-news-os-core.yml,unknown,preserve; no deletion justified by static absence alone,INVESTIGATE
civora:local-news-os/core/build_instance_manifest.py,legacy code/config; exact operational role requires dynamic closure,repo maintainer / runtime owner if registered,.github/workflows/local-news-os-core.yml,workflow reference: .github/workflows/local-news-os-core.yml,unknown,preserve; no deletion justified by static absence alone,INVESTIGATE
civora:local-news-os/core/check_core_generic_hardcoding.py,legacy code/config; exact operational role requires dynamic closure,repo maintainer / runtime owner if registered,.github/workflows/local-news-os-core-hardcoding.yml,workflow reference: .github/workflows/local-news-os-core-hardcoding.yml,unknown,preserve; no deletion justified by static absence alone,INVESTIGATE
civora:local-news-os/core/date_provenance.py,legacy code/config; exact operational role requires dynamic closure,repo maintainer / runtime owner if registered,.github/workflows/local-news-os-core.yml,workflow reference: .github/workflows/local-news-os-core.yml,unknown,preserve; no deletion justified by static absence alone,INVESTIGATE
civora:local-news-os/core/discover_primary_source_facts.py,legacy code/config; exact operational role requires dynamic closure,repo maintainer / runtime owner if registered,.github/workflows/local-news-os-core.yml;.github/workflows/valcea-clar-editions.yml,workflow reference: .github/workflows/local-news-os-core.yml;.github/workflows/valcea-clar-editions.yml,unknown,preserve; no deletion justified by static absence alone,INVESTIGATE
civora:local-news-os/core/discover_primary_source_facts_fast.py,legacy code/config; exact operational role requires dynamic closure,repo maintainer / runtime owner if registered,.github/workflows/valcea-clar-newsroom-live.yml,workflow reference: .github/workflows/valcea-clar-newsroom-live.yml,unknown,preserve; no deletion justified by static absence alone,INVESTIGATE
civora:local-news-os/core/discovery_health.py,legacy code/config; exact operational role requires dynamic closure,repo maintainer / runtime owner if registered,.github/workflows/local-news-os-core.yml;.github/workflows/valcea-clar-newsroom-live.yml,workflow reference: .github/workflows/local-news-os-core.yml;.github/workflows/valcea-clar-newsroom-live.yml,unknown,preserve; no deletion justified by static absence alone,INVESTIGATE
civora:local-news-os/core/generate_verified_edition.py,legacy code/config; exact operational role requires dynamic closure,repo maintainer / runtime owner if registered,.github/workflows/local-news-os-core.yml,workflow reference: .github/workflows/local-news-os-core.yml,unknown,preserve; no deletion justified by static absence alone,INVESTIGATE
civora:local-news-os/core/indexing_assets.py,legacy code/config; exact operational role requires dynamic closure,repo maintainer / runtime owner if registered,not resolved,tracked at pinned HEAD; runtime use not proven,unknown,preserve; no deletion justified by static absence alone,INVESTIGATE
civora:local-news-os/core/instance_bootstrap.py,legacy code/config; exact operational role requires dynamic closure,repo maintainer / runtime owner if registered,.github/workflows/local-news-os-core.yml;.github/workflows/local-news-os-vnext-instance-bootstrap.yml,workflow reference: .github/workflows/local-news-os-core.yml;.github/workflows/local-news-os-vnext-instance-bootstrap.yml,unknown,preserve; no deletion justified by static absence alone,INVESTIGATE
civora:local-news-os/core/ops_trigger_valcea_distribution_20260821.json,legacy code/config; exact operational role requires dynamic closure,repo maintainer / runtime owner if registered,not resolved,tracked at pinned HEAD; runtime use not proven,unknown,preserve; no deletion justified by static absence alone,INVESTIGATE
civora:local-news-os/core/primary_signal_verifier.py,legacy code/config; exact operational role requires dynamic closure,repo maintainer / runtime owner if registered,.github/workflows/valcea-clar-source-radar.yml,workflow reference: .github/workflows/valcea-clar-source-radar.yml,unknown,preserve; no deletion justified by static absence alone,INVESTIGATE
civora:local-news-os/core/primary_signal_verifier_ranked.py,legacy code/config; exact operational role requires dynamic closure,repo maintainer / runtime owner if registered,.github/workflows/valcea-clar-source-radar.yml,workflow reference: .github/workflows/valcea-clar-source-radar.yml,unknown,preserve; no deletion justified by static absence alone,INVESTIGATE
civora:local-news-os/core/primary_signal_verifier_ranked_strict.py,legacy code/config; exact operational role requires dynamic closure,repo maintainer / runtime owner if registered,.github/workflows/valcea-clar-source-radar.yml,workflow reference: .github/workflows/valcea-clar-source-radar.yml,unknown,preserve; no deletion justified by static absence alone,INVESTIGATE
civora:local-news-os/core/primary_signal_verifier_routed_strict.py,legacy code/config; exact operational role requires dynamic closure,repo maintainer / runtime owner if registered,.github/workflows/valcea-clar-source-radar.yml,workflow reference: .github/workflows/valcea-clar-source-radar.yml,unknown,preserve; no deletion justified by static absence alone,INVESTIGATE
civora:local-news-os/core/primary_signal_verifier_strict.py,legacy code/config; exact operational role requires dynamic closure,repo maintainer / runtime owner if registered,.github/workflows/valcea-clar-source-radar.yml,workflow reference: .github/workflows/valcea-clar-source-radar.yml,unknown,preserve; no deletion justified by static absence alone,INVESTIGATE
civora:local-news-os/core/publication_kicks/valcea-arutela-20260820.json,legacy code/config; exact operational role requires dynamic closure,repo maintainer / runtime owner if registered,not resolved,tracked at pinned HEAD; runtime use not proven,unknown,preserve; no deletion justified by static absence alone,INVESTIGATE
civora:local-news-os/core/reconcile_triggers/valcea-20260822T164700+0300.json,legacy code/config; exact operational role requires dynamic closure,repo maintainer / runtime owner if registered,not resolved,tracked at pinned HEAD; runtime use not proven,unknown,preserve; no deletion justified by static absence alone,INVESTIGATE
civora:local-news-os/core/related_stories.py,legacy code/config; exact operational role requires dynamic closure,repo maintainer / runtime owner if registered,.github/workflows/local-news-os-core.yml,workflow reference: .github/workflows/local-news-os-core.yml,unknown,preserve; no deletion justified by static absence alone,INVESTIGATE
civora:local-news-os/core/render_frontpage.py,legacy code/config; exact operational role requires dynamic closure,repo maintainer / runtime owner if registered,.github/workflows/local-news-os-core.yml;.github/workflows/valcea-clar-edition-recovery.yml;.github/workflows/valcea-clar-editions.yml;.github/workflows/valcea-clar-editorial-writer.yml;.github/workflows/valcea-clar-newsroom-live.yml,workflow reference: .github/workflows/local-news-os-core.yml;.github/workflows/valcea-clar-edition-recovery.yml;.github/workflows/valcea-clar-editions.yml;.github/workflows/valcea-clar-editorial-writer.yml;.github/workflows/valcea-clar-newsroom-live.yml,unknown,preserve; no deletion justified by static absence alone,INVESTIGATE
civora:local-news-os/core/repository_scope_fingerprint.py,legacy code/config; exact operational role requires dynamic closure,repo maintainer / runtime owner if registered,.github/workflows/civora-persistence-reconciliation.yml;.github/workflows/civora-scope-drift.yml;.github/workflows/local-news-os-core.yml,workflow reference: .github/workflows/civora-persistence-reconciliation.yml;.github/workflows/civora-scope-drift.yml;.github/workflows/local-news-os-core.yml,unknown,preserve; no deletion justified by static absence alone,INVESTIGATE
civora:local-news-os/core/resolve_source_pack.py,legacy code/config; exact operational role requires dynamic closure,repo maintainer / runtime owner if registered,.github/workflows/local-news-os-core.yml,workflow reference: .github/workflows/local-news-os-core.yml,unknown,preserve; no deletion justified by static absence alone,INVESTIGATE
civora:local-news-os/core/signal_radar.py,legacy code/config; exact operational role requires dynamic closure,repo maintainer / runtime owner if registered,.github/workflows/valcea-clar-source-radar.yml,workflow reference: .github/workflows/valcea-clar-source-radar.yml,unknown,preserve; no deletion justified by static absence alone,INVESTIGATE
civora:local-news-os/core/signal_radar_routed.py,legacy code/config; exact operational role requires dynamic closure,repo maintainer / runtime owner if registered,.github/workflows/valcea-clar-source-radar.yml,workflow reference: .github/workflows/valcea-clar-source-radar.yml,unknown,preserve; no deletion justified by static absence alone,INVESTIGATE
civora:local-news-os/core/signal_routing_contract.py,legacy code/config; exact operational role requires dynamic closure,repo maintainer / runtime owner if registered,.github/workflows/valcea-clar-source-radar.yml,workflow reference: .github/workflows/valcea-clar-source-radar.yml,unknown,preserve; no deletion justified by static absence alone,INVESTIGATE
civora:local-news-os/core/structured_alert_ingest.py,legacy code/config; exact operational role requires dynamic closure,repo maintainer / runtime owner if registered,.github/workflows/valcea-clar-structured-alerts.yml,workflow reference: .github/workflows/valcea-clar-structured-alerts.yml,unknown,preserve; no deletion justified by static absence alone,INVESTIGATE
civora:local-news-os/core/structured_alert_runtime.py,legacy code/config; exact operational role requires dynamic closure,repo maintainer / runtime owner if registered,.github/workflows/valcea-clar-structured-alerts.yml,workflow reference: .github/workflows/valcea-clar-structured-alerts.yml,unknown,preserve; no deletion justified by static absence alone,INVESTIGATE
civora:local-news-os/core/structured_electricity_interruption_parser.py,legacy code/config; exact operational role requires dynamic closure,repo maintainer / runtime owner if registered,.github/workflows/valcea-clar-structured-alerts.yml,workflow reference: .github/workflows/valcea-clar-structured-alerts.yml,unknown,preserve; no deletion justified by static absence alone,INVESTIGATE
civora:local-news-os/core/structured_electricity_schedule_adapter.py,legacy code/config; exact operational role requires dynamic closure,repo maintainer / runtime owner if registered,.github/workflows/valcea-clar-structured-alerts.yml,workflow reference: .github/workflows/valcea-clar-structured-alerts.yml,unknown,preserve; no deletion justified by static absence alone,INVESTIGATE
civora:local-news-os/core/structured_heat_interruption_parser.py,legacy code/config; exact operational role requires dynamic closure,repo maintainer / runtime owner if registered,.github/workflows/valcea-clar-structured-alerts.yml,workflow reference: .github/workflows/valcea-clar-structured-alerts.yml,unknown,preserve; no deletion justified by static absence alone,INVESTIGATE
civora:local-news-os/core/temporal_freshness.py,legacy code/config; exact operational role requires dynamic closure,repo maintainer / runtime owner if registered,.github/workflows/local-news-os-core.yml,workflow reference: .github/workflows/local-news-os-core.yml,unknown,preserve; no deletion justified by static absence alone,INVESTIGATE
civora:local-news-os/core/validate_coverage_plan.py,legacy code/config; exact operational role requires dynamic closure,repo maintainer / runtime owner if registered,.github/workflows/local-news-os-core.yml,workflow reference: .github/workflows/local-news-os-core.yml,unknown,preserve; no deletion justified by static absence alone,INVESTIGATE
civora:local-news-os/core/validate_instance_config.py,legacy code/config; exact operational role requires dynamic closure,repo maintainer / runtime owner if registered,.github/workflows/local-news-os-core.yml,workflow reference: .github/workflows/local-news-os-core.yml,unknown,preserve; no deletion justified by static absence alone,INVESTIGATE
civora:local-news-os/core/verified_story_media.py,legacy code/config; exact operational role requires dynamic closure,repo maintainer / runtime owner if registered,.github/workflows/local-news-os-core.yml;.github/workflows/valcea-clar-story-social-metadata.yml,workflow reference: .github/workflows/local-news-os-core.yml;.github/workflows/valcea-clar-story-social-metadata.yml,unknown,preserve; no deletion justified by static absence alone,INVESTIGATE
civora:local-news-os/instances/test-local/fixtures/brand_pack.json,legacy code/config; exact operational role requires dynamic closure,repo maintainer / runtime owner if registered,.github/workflows/local-news-os-core.yml,workflow reference: .github/workflows/local-news-os-core.yml,unknown,preserve; no deletion justified by static absence alone,INVESTIGATE
civora:local-news-os/instances/test-local/fixtures/geography_pack.json,legacy code/config; exact operational role requires dynamic closure,repo maintainer / runtime owner if registered,.github/workflows/local-news-os-core.yml,workflow reference: .github/workflows/local-news-os-core.yml,unknown,preserve; no deletion justified by static absence alone,INVESTIGATE
civora:local-news-os/instances/test-local/fixtures/source_pack.json,legacy code/config; exact operational role requires dynamic closure,repo maintainer / runtime owner if registered,.github/workflows/local-news-os-core.yml,workflow reference: .github/workflows/local-news-os-core.yml,unknown,preserve; no deletion justified by static absence alone,INVESTIGATE
civora:local-news-os/instances/test-local/instance.json,legacy code/config; exact operational role requires dynamic closure,repo maintainer / runtime owner if registered,.github/workflows/local-news-os-core.yml,workflow reference: .github/workflows/local-news-os-core.yml,unknown,preserve; no deletion justified by static absence alone,INVESTIGATE
civora:local-news-os/instances/valcea/brand_pack.json,legacy code/config; exact operational role requires dynamic closure,repo maintainer / runtime owner if registered,not resolved,tracked at pinned HEAD; runtime use not proven,unknown,preserve; no deletion justified by static absence alone,INVESTIGATE
civora:local-news-os/instances/valcea/coverage_plan.json,legacy code/config; exact operational role requires dynamic closure,repo maintainer / runtime owner if registered,not resolved,tracked at pinned HEAD; runtime use not proven,unknown,preserve; no deletion justified by static absence alone,INVESTIGATE
civora:local-news-os/instances/valcea/geography_pack.json,legacy code/config; exact operational role requires dynamic closure,repo maintainer / runtime owner if registered,not resolved,tracked at pinned HEAD; runtime use not proven,unknown,preserve; no deletion justified by static absence alone,INVESTIGATE
civora:local-news-os/instances/valcea/instance.json,legacy code/config; exact operational role requires dynamic closure,repo maintainer / runtime owner if registered,.github/workflows/local-news-os-core.yml,workflow reference: .github/workflows/local-news-os-core.yml,unknown,preserve; no deletion justified by static absence alone,INVESTIGATE
civora:local-news-os/instances/valcea/source_pack.json,legacy code/config; exact operational role requires dynamic closure,repo maintainer / runtime owner if registered,.github/workflows/valcea-clar-source-radar.yml;.github/workflows/valcea-clar-structured-alerts.yml,workflow reference: .github/workflows/valcea-clar-source-radar.yml;.github/workflows/valcea-clar-structured-alerts.yml,unknown,preserve; no deletion justified by static absence alone,INVESTIGATE
civora:local-news-os/instances/valcea/structured_alert_pack.json,legacy code/config; exact operational role requires dynamic closure,repo maintainer / runtime owner if registered,.github/workflows/valcea-clar-structured-alerts.yml,workflow reference: .github/workflows/valcea-clar-structured-alerts.yml,unknown,preserve; no deletion justified by static absence alone,INVESTIGATE
civora:local-news-os/persistence/CREDENTIAL_SAFETY_ACCEPTANCE.md,documentation/research,repo maintainer / runtime owner if registered,.github/workflows/civora-persistence-reconciliation.yml,workflow reference: .github/workflows/civora-persistence-reconciliation.yml,loss of rationale,retain reference; historic mechanics are revisable,KEEP
civora:local-news-os/persistence/PERSISTENCE_HEALTH_ACCEPTANCE.md,documentation/research,repo maintainer / runtime owner if registered,.github/workflows/civora-persistence-reconciliation.yml,workflow reference: .github/workflows/civora-persistence-reconciliation.yml,loss of rationale,retain reference; historic mechanics are revisable,KEEP
civora:local-news-os/persistence/PERSISTENCE_WRITER_ACCEPTANCE.md,documentation/research,repo maintainer / runtime owner if registered,.github/workflows/civora-persistence-reconciliation.yml,workflow reference: .github/workflows/civora-persistence-reconciliation.yml,loss of rationale,retain reference; historic mechanics are revisable,KEEP
civora:local-news-os/persistence/READBACK_PROMOTION_ACCEPTANCE.md,documentation/research,repo maintainer / runtime owner if registered,.github/workflows/civora-persistence-reconciliation.yml,workflow reference: .github/workflows/civora-persistence-reconciliation.yml,loss of rationale,retain reference; historic mechanics are revisable,KEEP
civora:local-news-os/persistence/RECONCILIATION_ENGINE_ACCEPTANCE.md,documentation/research,repo maintainer / runtime owner if registered,.github/workflows/civora-persistence-reconciliation.yml,workflow reference: .github/workflows/civora-persistence-reconciliation.yml,loss of rationale,retain reference; historic mechanics are revisable,KEEP
civora:local-news-os/persistence/SCOPE_AWARE_DRIFT_ACCEPTANCE.md,documentation/research,repo maintainer / runtime owner if registered,not resolved,tracked at pinned HEAD; runtime use not proven,loss of rationale,retain reference; historic mechanics are revisable,KEEP
civora:local-news-os/persistence/credential_safety.py,legacy code/config; exact operational role requires dynamic closure,repo maintainer / runtime owner if registered,.github/workflows/civora-persistence-reconciliation.yml,workflow reference: .github/workflows/civora-persistence-reconciliation.yml,unknown,preserve; no deletion justified by static absence alone,INVESTIGATE
civora:local-news-os/persistence/latest_state_promotion.py,legacy code/config; exact operational role requires dynamic closure,repo maintainer / runtime owner if registered,.github/workflows/civora-persistence-reconciliation.yml,workflow reference: .github/workflows/civora-persistence-reconciliation.yml,unknown,preserve; no deletion justified by static absence alone,INVESTIGATE
civora:local-news-os/persistence/persistence_health.py,legacy code/config; exact operational role requires dynamic closure,repo maintainer / runtime owner if registered,.github/workflows/civora-persistence-reconciliation.yml,workflow reference: .github/workflows/civora-persistence-reconciliation.yml,unknown,preserve; no deletion justified by static absence alone,INVESTIGATE
civora:local-news-os/persistence/persistence_writer.py,legacy code/config; exact operational role requires dynamic closure,repo maintainer / runtime owner if registered,.github/workflows/civora-persistence-reconciliation.yml,workflow reference: .github/workflows/civora-persistence-reconciliation.yml,unknown,preserve; no deletion justified by static absence alone,INVESTIGATE
civora:local-news-os/persistence/prs_042_drive_old_main_new_acceptance.py,legacy code/config; exact operational role requires dynamic closure,repo maintainer / runtime owner if registered,.github/workflows/civora-persistence-reconciliation.yml,workflow reference: .github/workflows/civora-persistence-reconciliation.yml,unknown,preserve; no deletion justified by static absence alone,INVESTIGATE
civora:local-news-os/persistence/prs_043_open_pr_unmerged_acceptance.py,legacy code/config; exact operational role requires dynamic closure,repo maintainer / runtime owner if registered,.github/workflows/civora-persistence-reconciliation.yml,workflow reference: .github/workflows/civora-persistence-reconciliation.yml,unknown,preserve; no deletion justified by static absence alone,INVESTIGATE
civora:local-news-os/persistence/prs_044_superseded_pr_later_merge_acceptance.py,legacy code/config; exact operational role requires dynamic closure,repo maintainer / runtime owner if registered,.github/workflows/civora-persistence-reconciliation.yml,workflow reference: .github/workflows/civora-persistence-reconciliation.yml,unknown,preserve; no deletion justified by static absence alone,INVESTIGATE
civora:local-news-os/persistence/prs_045_outbox_only_capability_acceptance.py,legacy code/config; exact operational role requires dynamic closure,repo maintainer / runtime owner if registered,.github/workflows/civora-persistence-reconciliation.yml,workflow reference: .github/workflows/civora-persistence-reconciliation.yml,unknown,preserve; no deletion justified by static absence alone,INVESTIGATE
civora:local-news-os/persistence/prs_046_profile_asset_no_remote_readback_acceptance.py,legacy code/config; exact operational role requires dynamic closure,repo maintainer / runtime owner if registered,.github/workflows/civora-persistence-reconciliation.yml,workflow reference: .github/workflows/civora-persistence-reconciliation.yml,unknown,preserve; no deletion justified by static absence alone,INVESTIGATE
civora:local-news-os/persistence/prs_047_no_progress_checkpoint_then_main_acceptance.py,legacy code/config; exact operational role requires dynamic closure,repo maintainer / runtime owner if registered,.github/workflows/civora-persistence-reconciliation.yml,workflow reference: .github/workflows/civora-persistence-reconciliation.yml,unknown,preserve; no deletion justified by static absence alone,INVESTIGATE
civora:local-news-os/persistence/prs_048_explicit_decision_replacement_acceptance.py,legacy code/config; exact operational role requires dynamic closure,repo maintainer / runtime owner if registered,.github/workflows/civora-persistence-reconciliation.yml,workflow reference: .github/workflows/civora-persistence-reconciliation.yml,unknown,preserve; no deletion justified by static absence alone,INVESTIGATE
civora:local-news-os/persistence/prs_049_consecutive_no_change_idempotency_acceptance.py,legacy code/config; exact operational role requires dynamic closure,repo maintainer / runtime owner if registered,.github/workflows/civora-persistence-reconciliation.yml,workflow reference: .github/workflows/civora-persistence-reconciliation.yml,unknown,preserve; no deletion justified by static absence alone,INVESTIGATE
civora:local-news-os/persistence/prs_050_current_social_truth_acceptance.py,legacy code/config; exact operational role requires dynamic closure,repo maintainer / runtime owner if registered,.github/workflows/civora-persistence-reconciliation.yml,workflow reference: .github/workflows/civora-persistence-reconciliation.yml,unknown,preserve; no deletion justified by static absence alone,INVESTIGATE
civora:local-news-os/persistence/prs_051_profile_state_separation_acceptance.py,legacy code/config; exact operational role requires dynamic closure,repo maintainer / runtime owner if registered,.github/workflows/civora-persistence-reconciliation.yml,workflow reference: .github/workflows/civora-persistence-reconciliation.yml,unknown,preserve; no deletion justified by static absence alone,INVESTIGATE
civora:local-news-os/persistence/prs_052_open_editorial_decision_acceptance.py,legacy code/config; exact operational role requires dynamic closure,repo maintainer / runtime owner if registered,.github/workflows/civora-persistence-reconciliation.yml,workflow reference: .github/workflows/civora-persistence-reconciliation.yml,unknown,preserve; no deletion justified by static absence alone,INVESTIGATE
civora:local-news-os/persistence/prs_053_low_latency_main_evidence_acceptance.py,legacy code/config; exact operational role requires dynamic closure,repo maintainer / runtime owner if registered,.github/workflows/civora-persistence-reconciliation.yml,workflow reference: .github/workflows/civora-persistence-reconciliation.yml,unknown,preserve; no deletion justified by static absence alone,INVESTIGATE
civora:local-news-os/persistence/prs_054_source_intelligence_workstream_acceptance.py,legacy code/config; exact operational role requires dynamic closure,repo maintainer / runtime owner if registered,.github/workflows/civora-persistence-reconciliation.yml,workflow reference: .github/workflows/civora-persistence-reconciliation.yml,unknown,preserve; no deletion justified by static absence alone,INVESTIGATE
civora:local-news-os/persistence/prs_055_monitor_fact_kernel_bridge_acceptance.py,legacy code/config; exact operational role requires dynamic closure,repo maintainer / runtime owner if registered,.github/workflows/civora-persistence-reconciliation.yml,workflow reference: .github/workflows/civora-persistence-reconciliation.yml,unknown,preserve; no deletion justified by static absence alone,INVESTIGATE
civora:local-news-os/persistence/prs_056_local_places_subcapability_acceptance.py,legacy code/config; exact operational role requires dynamic closure,repo maintainer / runtime owner if registered,.github/workflows/civora-persistence-reconciliation.yml,workflow reference: .github/workflows/civora-persistence-reconciliation.yml,unknown,preserve; no deletion justified by static absence alone,INVESTIGATE
civora:local-news-os/persistence/prs_057_operational_dashboard_recovery_acceptance.py,legacy code/config; exact operational role requires dynamic closure,repo maintainer / runtime owner if registered,.github/workflows/civora-persistence-reconciliation.yml,workflow reference: .github/workflows/civora-persistence-reconciliation.yml,unknown,preserve; no deletion justified by static absence alone,INVESTIGATE
civora:local-news-os/persistence/prs_058_self_improvement_component_acceptance.py,legacy code/config; exact operational role requires dynamic closure,repo maintainer / runtime owner if registered,.github/workflows/civora-persistence-reconciliation.yml,workflow reference: .github/workflows/civora-persistence-reconciliation.yml,unknown,preserve; no deletion justified by static absence alone,INVESTIGATE
civora:local-news-os/persistence/reconciliation_engine.py,legacy code/config; exact operational role requires dynamic closure,repo maintainer / runtime owner if registered,.github/workflows/civora-persistence-reconciliation.yml,workflow reference: .github/workflows/civora-persistence-reconciliation.yml,unknown,preserve; no deletion justified by static absence alone,INVESTIGATE
civora:local-news-os/persistence/reconciliation_triggers.json,legacy code/config; exact operational role requires dynamic closure,repo maintainer / runtime owner if registered,not resolved,tracked at pinned HEAD; runtime use not proven,unknown,preserve; no deletion justified by static absence alone,INVESTIGATE
civora:local-news-os/persistence/repository_scope.json,legacy code/config; exact operational role requires dynamic closure,repo maintainer / runtime owner if registered,.github/workflows/valcea-clar-persistence-scope-runtime.yml,workflow reference: .github/workflows/valcea-clar-persistence-scope-runtime.yml,unknown,preserve; no deletion justified by static absence alone,INVESTIGATE
civora:local-news-os/persistence/validate_reconciliation_triggers.py,legacy code/config; exact operational role requires dynamic closure,repo maintainer / runtime owner if registered,.github/workflows/civora-persistence-reconciliation.yml,workflow reference: .github/workflows/civora-persistence-reconciliation.yml,unknown,preserve; no deletion justified by static absence alone,INVESTIGATE
civora:local-news-os/schemas/local_instance_config.schema.json,legacy code/config; exact operational role requires dynamic closure,repo maintainer / runtime owner if registered,not resolved,tracked at pinned HEAD; runtime use not proven,unknown,preserve; no deletion justified by static absence alone,INVESTIGATE
civora:local-news-os/schemas/source_pack.schema.json,legacy code/config; exact operational role requires dynamic closure,repo maintainer / runtime owner if registered,not resolved,tracked at pinned HEAD; runtime use not proven,unknown,preserve; no deletion justified by static absence alone,INVESTIGATE
civora:local-news-os/social/adapter_capability_gate.py,legacy code/config; exact operational role requires dynamic closure,repo maintainer / runtime owner if registered,.github/workflows/local-news-os-correction-dispatch-router.yml;.github/workflows/local-news-os-series-adapter-dispatch-handoff.yml;.github/workflows/local-news-os-social-adapter-capabilities.yml,workflow reference: .github/workflows/local-news-os-correction-dispatch-router.yml;.github/workflows/local-news-os-series-adapter-dispatch-handoff.yml;.github/workflows/local-news-os-social-adapter-capabilities.yml,unknown,preserve; no deletion justified by static absence alone,INVESTIGATE
civora:local-news-os/social/adapter_dispatch_bridge.py,legacy code/config; exact operational role requires dynamic closure,repo maintainer / runtime owner if registered,.github/workflows/local-news-os-series-adapter-dispatch-handoff.yml;.github/workflows/local-news-os-social-adapter-capabilities.yml;.github/workflows/local-news-os-social-core.yml,workflow reference: .github/workflows/local-news-os-series-adapter-dispatch-handoff.yml;.github/workflows/local-news-os-social-adapter-capabilities.yml;.github/workflows/local-news-os-social-core.yml,unknown,preserve; no deletion justified by static absence alone,INVESTIGATE
civora:local-news-os/social/async_remote_dispatch.py,legacy code/config; exact operational role requires dynamic closure,repo maintainer / runtime owner if registered,.github/workflows/local-news-os-series-async-dispatch.yml;.github/workflows/local-news-os-social-adapter-capabilities.yml;.github/workflows/local-news-os-social-core.yml,workflow reference: .github/workflows/local-news-os-series-async-dispatch.yml;.github/workflows/local-news-os-social-adapter-capabilities.yml;.github/workflows/local-news-os-social-core.yml,unknown,preserve; no deletion justified by static absence alone,INVESTIGATE
civora:local-news-os/social/authorization_sealed_harvest_receipt.py,legacy code/config; exact operational role requires dynamic closure,repo maintainer / runtime owner if registered,.github/workflows/local-news-os-authorization-sealed-harvest-receipt.yml;.github/workflows/local-news-os-authorization-sealed-harvest-recovery.yml;.github/workflows/local-news-os-fleet-harvest-recovery.yml;.github/workflows/local-news-os-fleet-reread-authorization-handoff.yml;.github/workflows/local-news-os-reread-attempt-provenance.yml;.github/workflows/local-news-os-reread-materialization-crash-reconciliation.yml;.github/workflows/local-news-os-reread-provider-outcome-binding.yml;.github/workflows/local-news-os-reread-result-materialization-binding.yml;.github/workflows/local-news-os-reread-spend-reauthorization.yml;.github/workflows/local-news-os-reread-spend-reclaim-binding.yml;.github/workflows/local-news-os-reread-spend-reservation-recovery.yml,workflow reference: .github/workflows/local-news-os-authorization-sealed-harvest-receipt.yml;.github/workflows/local-news-os-authorization-sealed-harvest-recovery.yml;.github/workflows/local-news-os-fleet-harvest-recovery.yml;.github/workflows/local-news-os-fleet-reread-authorization-handoff.yml;.github/workflows/local-news-os-reread-attempt-provenance.yml;.github/workflows/local-news-os-reread-materialization-crash-reconciliation.yml;.github/workflows/local-news-os-reread-provider-outcome-binding.yml;.github/workflows/local-news-os-reread-result-materialization-binding.yml,unknown,preserve; no deletion justified by static absence alone,INVESTIGATE
civora:local-news-os/social/authorization_sealed_harvest_recovery.py,legacy code/config; exact operational role requires dynamic closure,repo maintainer / runtime owner if registered,.github/workflows/local-news-os-authorization-sealed-harvest-recovery.yml;.github/workflows/local-news-os-fleet-harvest-recovery.yml;.github/workflows/local-news-os-fleet-reread-authorization-handoff.yml;.github/workflows/local-news-os-reread-attempt-provenance.yml;.github/workflows/local-news-os-reread-spend-reauthorization.yml,workflow reference: .github/workflows/local-news-os-authorization-sealed-harvest-recovery.yml;.github/workflows/local-news-os-fleet-harvest-recovery.yml;.github/workflows/local-news-os-fleet-reread-authorization-handoff.yml;.github/workflows/local-news-os-reread-attempt-provenance.yml;.github/workflows/local-news-os-reread-spend-reauthorization.yml,unknown,preserve; no deletion justified by static absence alone,INVESTIGATE
civora:local-news-os/social/cadence_fatigue.py,legacy code/config; exact operational role requires dynamic closure,repo maintainer / runtime owner if registered,.github/workflows/local-news-os-series-adapter-dispatch-handoff.yml;.github/workflows/local-news-os-series-publication-state-bridge.yml;.github/workflows/local-news-os-social-core.yml,workflow reference: .github/workflows/local-news-os-series-adapter-dispatch-handoff.yml;.github/workflows/local-news-os-series-publication-state-bridge.yml;.github/workflows/local-news-os-social-core.yml,unknown,preserve; no deletion justified by static absence alone,INVESTIGATE
civora:local-news-os/social/channel_config.schema.json,legacy code/config; exact operational role requires dynamic closure,repo maintainer / runtime owner if registered,.github/workflows/valcea-clar-social-doctrine.yml;.github/workflows/valcea-clar-x-native-outbox.yml,workflow reference: .github/workflows/valcea-clar-social-doctrine.yml;.github/workflows/valcea-clar-x-native-outbox.yml,unknown,preserve; no deletion justified by static absence alone,INVESTIGATE
civora:local-news-os/social/channel_fit.py,legacy code/config; exact operational role requires dynamic closure,repo maintainer / runtime owner if registered,.github/workflows/local-news-os-social-core.yml,workflow reference: .github/workflows/local-news-os-social-core.yml,unknown,preserve; no deletion justified by static absence alone,INVESTIGATE
civora:local-news-os/social/content_atomizer.py,legacy code/config; exact operational role requires dynamic closure,repo maintainer / runtime owner if registered,.github/workflows/local-news-os-native-series-compositor.yml;.github/workflows/local-news-os-publication-metrics-catalog.yml;.github/workflows/local-news-os-publication-metrics-handoff.yml;.github/workflows/local-news-os-series-adapter-dispatch-handoff.yml;.github/workflows/local-news-os-series-publication-state-bridge.yml;.github/workflows/local-news-os-series-visual-router.yml;.github/workflows/local-news-os-social-core.yml,workflow reference: .github/workflows/local-news-os-native-series-compositor.yml;.github/workflows/local-news-os-publication-metrics-catalog.yml;.github/workflows/local-news-os-publication-metrics-handoff.yml;.github/workflows/local-news-os-series-adapter-dispatch-handoff.yml;.github/workflows/local-news-os-series-publication-state-bridge.yml;.github/workflows/local-news-os-series-visual-router.yml;.github/workflows/local-news-os-social-core.yml,unknown,preserve; no deletion justified by static absence alone,INVESTIGATE
civora:local-news-os/social/correction_dispatch_router.py,legacy code/config; exact operational role requires dynamic closure,repo maintainer / runtime owner if registered,.github/workflows/local-news-os-correction-dispatch-router.yml;.github/workflows/local-news-os-correction-outbox-materializer.yml,workflow reference: .github/workflows/local-news-os-correction-dispatch-router.yml;.github/workflows/local-news-os-correction-outbox-materializer.yml,unknown,preserve; no deletion justified by static absence alone,INVESTIGATE
civora:local-news-os/social/correction_outbox_materializer.py,legacy code/config; exact operational role requires dynamic closure,repo maintainer / runtime owner if registered,.github/workflows/local-news-os-correction-outbox-materializer.yml,workflow reference: .github/workflows/local-news-os-correction-outbox-materializer.yml,unknown,preserve; no deletion justified by static absence alone,INVESTIGATE
civora:local-news-os/social/correction_propagation.py,legacy code/config; exact operational role requires dynamic closure,repo maintainer / runtime owner if registered,.github/workflows/local-news-os-correction-dispatch-router.yml;.github/workflows/local-news-os-social-core.yml,workflow reference: .github/workflows/local-news-os-correction-dispatch-router.yml;.github/workflows/local-news-os-social-core.yml,unknown,preserve; no deletion justified by static absence alone,INVESTIGATE
civora:local-news-os/social/durable_dispatch_executor.py,legacy code/config; exact operational role requires dynamic closure,repo maintainer / runtime owner if registered,.github/workflows/local-news-os-publication-metrics-handoff.yml;.github/workflows/local-news-os-series-async-dispatch.yml;.github/workflows/local-news-os-series-durable-dispatch.yml;.github/workflows/local-news-os-social-adapter-capabilities.yml;.github/workflows/local-news-os-social-core.yml,workflow reference: .github/workflows/local-news-os-publication-metrics-handoff.yml;.github/workflows/local-news-os-series-async-dispatch.yml;.github/workflows/local-news-os-series-durable-dispatch.yml;.github/workflows/local-news-os-social-adapter-capabilities.yml;.github/workflows/local-news-os-social-core.yml,unknown,preserve; no deletion justified by static absence alone,INVESTIGATE
civora:local-news-os/social/durable_feedback_snapshot.py,legacy code/config; exact operational role requires dynamic closure,repo maintainer / runtime owner if registered,.github/workflows/local-news-os-durable-feedback-snapshot.yml;.github/workflows/local-news-os-metrics-harvest-runtime.yml;.github/workflows/local-news-os-metrics-harvest-scheduler.yml;.github/workflows/local-news-os-observed-metrics-collector.yml;.github/workflows/local-news-os-reread-materialization-crash-reconciliation.yml;.github/workflows/local-news-os-reread-result-materialization-binding.yml;.github/workflows/valcea-clar-observed-metrics-harvest.yml,workflow reference: .github/workflows/local-news-os-durable-feedback-snapshot.yml;.github/workflows/local-news-os-metrics-harvest-runtime.yml;.github/workflows/local-news-os-metrics-harvest-scheduler.yml;.github/workflows/local-news-os-observed-metrics-collector.yml;.github/workflows/local-news-os-reread-materialization-crash-reconciliation.yml;.github/workflows/local-news-os-reread-result-materialization-binding.yml;.github/workflows/valcea-clar-observed-metrics-harvest.yml,unknown,preserve; no deletion justified by static absence alone,INVESTIGATE
civora:local-news-os/social/e2e_acceptance.py,legacy code/config; exact operational role requires dynamic closure,repo maintainer / runtime owner if registered,.github/workflows/local-news-os-social-core.yml,workflow reference: .github/workflows/local-news-os-social-core.yml,unknown,preserve; no deletion justified by static absence alone,INVESTIGATE
civora:local-news-os/social/fleet_metrics_authorization_seal.py,legacy code/config; exact operational role requires dynamic closure,repo maintainer / runtime owner if registered,.github/workflows/local-news-os-authorization-sealed-harvest-receipt.yml;.github/workflows/local-news-os-fleet-harvest-recovery.yml;.github/workflows/valcea-clar-observed-metrics-harvest.yml,workflow reference: .github/workflows/local-news-os-authorization-sealed-harvest-receipt.yml;.github/workflows/local-news-os-fleet-harvest-recovery.yml;.github/workflows/valcea-clar-observed-metrics-harvest.yml,unknown,preserve; no deletion justified by static absence alone,INVESTIGATE
civora:local-news-os/social/fleet_metrics_authorization_seal_with_reread_spend.py,legacy code/config; exact operational role requires dynamic closure,repo maintainer / runtime owner if registered,.github/workflows/local-news-os-reread-provider-outcome-binding.yml;.github/workflows/local-news-os-reread-result-materialization-binding.yml;.github/workflows/local-news-os-reread-spend-reauthorization.yml;.github/workflows/local-news-os-reread-spend-reclaim-binding.yml;.github/workflows/local-news-os-reread-spend-reservation-recovery.yml;.github/workflows/valcea-clar-observed-metrics-harvest.yml,workflow reference: .github/workflows/local-news-os-reread-provider-outcome-binding.yml;.github/workflows/local-news-os-reread-result-materialization-binding.yml;.github/workflows/local-news-os-reread-spend-reauthorization.yml;.github/workflows/local-news-os-reread-spend-reclaim-binding.yml;.github/workflows/local-news-os-reread-spend-reservation-recovery.yml;.github/workflows/valcea-clar-observed-metrics-harvest.yml,unknown,preserve; no deletion justified by static absence alone,INVESTIGATE
civora:local-news-os/social/fleet_metrics_credential_binding.py,legacy code/config; exact operational role requires dynamic closure,repo maintainer / runtime owner if registered,.github/workflows/valcea-clar-observed-metrics-harvest.yml,workflow reference: .github/workflows/valcea-clar-observed-metrics-harvest.yml,unknown,preserve; no deletion justified by static absence alone,INVESTIGATE
civora:local-news-os/social/fleet_metrics_harvest_orchestrator.py,legacy code/config; exact operational role requires dynamic closure,repo maintainer / runtime owner if registered,.github/workflows/local-news-os-social-core.yml;.github/workflows/valcea-clar-observed-metrics-harvest.yml,workflow reference: .github/workflows/local-news-os-social-core.yml;.github/workflows/valcea-clar-observed-metrics-harvest.yml,unknown,preserve; no deletion justified by static absence alone,INVESTIGATE
civora:local-news-os/social/fleet_metrics_recovery_orchestrator.py,legacy code/config; exact operational role requires dynamic closure,repo maintainer / runtime owner if registered,.github/workflows/local-news-os-fleet-harvest-recovery.yml,workflow reference: .github/workflows/local-news-os-fleet-harvest-recovery.yml,unknown,preserve; no deletion justified by static absence alone,INVESTIGATE
civora:local-news-os/social/fleet_metrics_reread_authorization_handoff.py,legacy code/config; exact operational role requires dynamic closure,repo maintainer / runtime owner if registered,.github/workflows/local-news-os-fleet-reread-authorization-handoff.yml;.github/workflows/local-news-os-reread-attempt-provenance.yml;.github/workflows/local-news-os-reread-spend-reauthorization.yml,workflow reference: .github/workflows/local-news-os-fleet-reread-authorization-handoff.yml;.github/workflows/local-news-os-reread-attempt-provenance.yml;.github/workflows/local-news-os-reread-spend-reauthorization.yml,unknown,preserve; no deletion justified by static absence alone,INVESTIGATE
civora:local-news-os/social/fleet_metrics_transport_capability_gate.py,legacy code/config; exact operational role requires dynamic closure,repo maintainer / runtime owner if registered,.github/workflows/valcea-clar-observed-metrics-harvest.yml,workflow reference: .github/workflows/valcea-clar-observed-metrics-harvest.yml,unknown,preserve; no deletion justified by static absence alone,INVESTIGATE
civora:local-news-os/social/fleet_reread_materialization_recovery_routing.py,legacy code/config; exact operational role requires dynamic closure,repo maintainer / runtime owner if registered,.github/workflows/local-news-os-fleet-harvest-recovery.yml,workflow reference: .github/workflows/local-news-os-fleet-harvest-recovery.yml,unknown,preserve; no deletion justified by static absence alone,INVESTIGATE
civora:local-news-os/social/format_engine.py,legacy code/config; exact operational role requires dynamic closure,repo maintainer / runtime owner if registered,.github/workflows/local-news-os-social-adapter-capabilities.yml;.github/workflows/local-news-os-social-core.yml,workflow reference: .github/workflows/local-news-os-social-adapter-capabilities.yml;.github/workflows/local-news-os-social-core.yml,unknown,preserve; no deletion justified by static absence alone,INVESTIGATE
civora:local-news-os/social/hook_engine.py,legacy code/config; exact operational role requires dynamic closure,repo maintainer / runtime owner if registered,.github/workflows/local-news-os-native-series-compositor.yml;.github/workflows/local-news-os-series-adapter-dispatch-handoff.yml;.github/workflows/local-news-os-series-publication-state-bridge.yml;.github/workflows/local-news-os-series-visual-router.yml;.github/workflows/local-news-os-social-core.yml,workflow reference: .github/workflows/local-news-os-native-series-compositor.yml;.github/workflows/local-news-os-series-adapter-dispatch-handoff.yml;.github/workflows/local-news-os-series-publication-state-bridge.yml;.github/workflows/local-news-os-series-visual-router.yml;.github/workflows/local-news-os-social-core.yml,unknown,preserve; no deletion justified by static absence alone,INVESTIGATE
civora:local-news-os/social/metrics_credential_bindings.json,legacy code/config; exact operational role requires dynamic closure,repo maintainer / runtime owner if registered,.github/workflows/local-news-os-fleet-harvest-recovery.yml;.github/workflows/valcea-clar-observed-metrics-harvest.yml,workflow reference: .github/workflows/local-news-os-fleet-harvest-recovery.yml;.github/workflows/valcea-clar-observed-metrics-harvest.yml,unknown,preserve; no deletion justified by static absence alone,INVESTIGATE
civora:local-news-os/social/metrics_harvest_runtime.py,legacy code/config; exact operational role requires dynamic closure,repo maintainer / runtime owner if registered,.github/workflows/local-news-os-authorization-sealed-harvest-receipt.yml;.github/workflows/local-news-os-authorization-sealed-harvest-recovery.yml;.github/workflows/local-news-os-fleet-harvest-recovery.yml;.github/workflows/local-news-os-fleet-reread-authorization-handoff.yml;.github/workflows/local-news-os-metrics-harvest-runtime.yml;.github/workflows/local-news-os-reread-attempt-provenance.yml;.github/workflows/local-news-os-reread-spend-reauthorization.yml;.github/workflows/local-news-os-social-core.yml;.github/workflows/valcea-clar-observed-metrics-harvest.yml,workflow reference: .github/workflows/local-news-os-authorization-sealed-harvest-receipt.yml;.github/workflows/local-news-os-authorization-sealed-harvest-recovery.yml;.github/workflows/local-news-os-fleet-harvest-recovery.yml;.github/workflows/local-news-os-fleet-reread-authorization-handoff.yml;.github/workflows/local-news-os-metrics-harvest-runtime.yml;.github/workflows/local-news-os-reread-attempt-provenance.yml;.github/workflows/local-news-os-reread-spend-reauthorization.yml;.github/workflows/local-news-os-social-core.yml,unknown,preserve; no deletion justified by static absence alone,INVESTIGATE
civora:local-news-os/social/metrics_harvest_scheduler.py,legacy code/config; exact operational role requires dynamic closure,repo maintainer / runtime owner if registered,.github/workflows/local-news-os-fleet-harvest-recovery.yml;.github/workflows/local-news-os-metrics-harvest-runtime.yml;.github/workflows/local-news-os-metrics-harvest-scheduler.yml;.github/workflows/local-news-os-publication-metrics-catalog.yml;.github/workflows/local-news-os-publication-metrics-handoff.yml;.github/workflows/local-news-os-social-core.yml;.github/workflows/valcea-clar-observed-metrics-harvest.yml,workflow reference: .github/workflows/local-news-os-fleet-harvest-recovery.yml;.github/workflows/local-news-os-metrics-harvest-runtime.yml;.github/workflows/local-news-os-metrics-harvest-scheduler.yml;.github/workflows/local-news-os-publication-metrics-catalog.yml;.github/workflows/local-news-os-publication-metrics-handoff.yml;.github/workflows/local-news-os-social-core.yml;.github/workflows/valcea-clar-observed-metrics-harvest.yml,unknown,preserve; no deletion justified by static absence alone,INVESTIGATE
civora:local-news-os/social/metrics_transport_capabilities.json,legacy code/config; exact operational role requires dynamic closure,repo maintainer / runtime owner if registered,.github/workflows/local-news-os-fleet-harvest-recovery.yml;.github/workflows/valcea-clar-observed-metrics-harvest.yml,workflow reference: .github/workflows/local-news-os-fleet-harvest-recovery.yml;.github/workflows/valcea-clar-observed-metrics-harvest.yml,unknown,preserve; no deletion justified by static absence alone,INVESTIGATE
civora:local-news-os/social/metrics_transport_capability_registry.py,legacy code/config; exact operational role requires dynamic closure,repo maintainer / runtime owner if registered,.github/workflows/valcea-clar-observed-metrics-harvest.yml,workflow reference: .github/workflows/valcea-clar-observed-metrics-harvest.yml,unknown,preserve; no deletion justified by static absence alone,INVESTIGATE
civora:local-news-os/social/multi_instance_isolation.py,legacy code/config; exact operational role requires dynamic closure,repo maintainer / runtime owner if registered,.github/workflows/local-news-os-social-core.yml;.github/workflows/valcea-clar-observed-metrics-harvest.yml,workflow reference: .github/workflows/local-news-os-social-core.yml;.github/workflows/valcea-clar-observed-metrics-harvest.yml,unknown,preserve; no deletion justified by static absence alone,INVESTIGATE
civora:local-news-os/social/native_metrics_transport.py,legacy code/config; exact operational role requires dynamic closure,repo maintainer / runtime owner if registered,.github/workflows/local-news-os-fleet-harvest-recovery.yml;.github/workflows/local-news-os-metrics-harvest-runtime.yml;.github/workflows/local-news-os-metrics-harvest-scheduler.yml;.github/workflows/local-news-os-native-metrics-transport.yml;.github/workflows/local-news-os-publication-metrics-handoff.yml;.github/workflows/local-news-os-social-core.yml;.github/workflows/valcea-clar-observed-metrics-harvest.yml,workflow reference: .github/workflows/local-news-os-fleet-harvest-recovery.yml;.github/workflows/local-news-os-metrics-harvest-runtime.yml;.github/workflows/local-news-os-metrics-harvest-scheduler.yml;.github/workflows/local-news-os-native-metrics-transport.yml;.github/workflows/local-news-os-publication-metrics-handoff.yml;.github/workflows/local-news-os-social-core.yml;.github/workflows/valcea-clar-observed-metrics-harvest.yml,unknown,preserve; no deletion justified by static absence alone,INVESTIGATE
civora:local-news-os/social/native_series_compositor.py,legacy code/config; exact operational role requires dynamic closure,repo maintainer / runtime owner if registered,.github/workflows/local-news-os-native-series-compositor.yml;.github/workflows/local-news-os-series-adapter-dispatch-handoff.yml;.github/workflows/local-news-os-series-publication-state-bridge.yml;.github/workflows/local-news-os-series-visual-router.yml,workflow reference: .github/workflows/local-news-os-native-series-compositor.yml;.github/workflows/local-news-os-series-adapter-dispatch-handoff.yml;.github/workflows/local-news-os-series-publication-state-bridge.yml;.github/workflows/local-news-os-series-visual-router.yml,unknown,preserve; no deletion justified by static absence alone,INVESTIGATE
civora:local-news-os/social/observed_feedback_application.py,legacy code/config; exact operational role requires dynamic closure,repo maintainer / runtime owner if registered,.github/workflows/local-news-os-durable-feedback-snapshot.yml;.github/workflows/local-news-os-observed-feedback-application.yml;.github/workflows/local-news-os-observed-metrics-collector.yml;.github/workflows/local-news-os-social-core.yml,workflow reference: .github/workflows/local-news-os-durable-feedback-snapshot.yml;.github/workflows/local-news-os-observed-feedback-application.yml;.github/workflows/local-news-os-observed-metrics-collector.yml;.github/workflows/local-news-os-social-core.yml,unknown,preserve; no deletion justified by static absence alone,INVESTIGATE
civora:local-news-os/social/observed_metrics.py,legacy code/config; exact operational role requires dynamic closure,repo maintainer / runtime owner if registered,.github/workflows/local-news-os-durable-feedback-snapshot.yml;.github/workflows/local-news-os-metrics-harvest-runtime.yml;.github/workflows/local-news-os-metrics-harvest-scheduler.yml;.github/workflows/local-news-os-native-metrics-transport.yml;.github/workflows/local-news-os-observed-feedback-application.yml;.github/workflows/local-news-os-observed-metrics-collector.yml;.github/workflows/local-news-os-social-core.yml,workflow reference: .github/workflows/local-news-os-durable-feedback-snapshot.yml;.github/workflows/local-news-os-metrics-harvest-runtime.yml;.github/workflows/local-news-os-metrics-harvest-scheduler.yml;.github/workflows/local-news-os-native-metrics-transport.yml;.github/workflows/local-news-os-observed-feedback-application.yml;.github/workflows/local-news-os-observed-metrics-collector.yml;.github/workflows/local-news-os-social-core.yml,unknown,preserve; no deletion justified by static absence alone,INVESTIGATE
civora:local-news-os/social/observed_metrics.schema.json,legacy code/config; exact operational role requires dynamic closure,repo maintainer / runtime owner if registered,.github/workflows/local-news-os-social-core.yml,workflow reference: .github/workflows/local-news-os-social-core.yml,unknown,preserve; no deletion justified by static absence alone,INVESTIGATE
civora:local-news-os/social/observed_metrics_collector.py,legacy code/config; exact operational role requires dynamic closure,repo maintainer / runtime owner if registered,.github/workflows/local-news-os-authorization-sealed-harvest-recovery.yml;.github/workflows/local-news-os-fleet-harvest-recovery.yml;.github/workflows/local-news-os-fleet-reread-authorization-handoff.yml;.github/workflows/local-news-os-metrics-harvest-runtime.yml;.github/workflows/local-news-os-metrics-harvest-scheduler.yml;.github/workflows/local-news-os-native-metrics-transport.yml;.github/workflows/local-news-os-observed-metrics-collector.yml;.github/workflows/local-news-os-publication-metrics-catalog.yml;.github/workflows/local-news-os-publication-metrics-handoff.yml;.github/workflows/local-news-os-reread-materialization-crash-reconciliation.yml;.github/workflows/local-news-os-reread-result-materialization-binding.yml;.github/workflows/local-news-os-social-core.yml,workflow reference: .github/workflows/local-news-os-authorization-sealed-harvest-recovery.yml;.github/workflows/local-news-os-fleet-harvest-recovery.yml;.github/workflows/local-news-os-fleet-reread-authorization-handoff.yml;.github/workflows/local-news-os-metrics-harvest-runtime.yml;.github/workflows/local-news-os-metrics-harvest-scheduler.yml;.github/workflows/local-news-os-native-metrics-transport.yml;.github/workflows/local-news-os-observed-metrics-collector.yml;.github/workflows/local-news-os-publication-metrics-catalog.yml,unknown,preserve; no deletion justified by static absence alone,INVESTIGATE
civora:local-news-os/social/operational_metrics_harvest_trigger.py,legacy code/config; exact operational role requires dynamic closure,repo maintainer / runtime owner if registered,.github/workflows/local-news-os-social-core.yml;.github/workflows/valcea-clar-observed-metrics-harvest.yml,workflow reference: .github/workflows/local-news-os-social-core.yml;.github/workflows/valcea-clar-observed-metrics-harvest.yml,unknown,preserve; no deletion justified by static absence alone,INVESTIGATE
civora:local-news-os/social/production_runtime.py,legacy code/config; exact operational role requires dynamic closure,repo maintainer / runtime owner if registered,.github/workflows/local-news-os-durable-feedback-snapshot.yml;.github/workflows/local-news-os-observed-feedback-application.yml;.github/workflows/local-news-os-observed-metrics-collector.yml;.github/workflows/local-news-os-publication-metrics-catalog.yml;.github/workflows/local-news-os-publication-metrics-handoff.yml;.github/workflows/local-news-os-social-adapter-capabilities.yml;.github/workflows/local-news-os-social-core.yml,workflow reference: .github/workflows/local-news-os-durable-feedback-snapshot.yml;.github/workflows/local-news-os-observed-feedback-application.yml;.github/workflows/local-news-os-observed-metrics-collector.yml;.github/workflows/local-news-os-publication-metrics-catalog.yml;.github/workflows/local-news-os-publication-metrics-handoff.yml;.github/workflows/local-news-os-social-adapter-capabilities.yml;.github/workflows/local-news-os-social-core.yml,unknown,preserve; no deletion justified by static absence alone,INVESTIGATE
civora:local-news-os/social/publication_metrics_catalog.py,legacy code/config; exact operational role requires dynamic closure,repo maintainer / runtime owner if registered,.github/workflows/local-news-os-fleet-harvest-recovery.yml;.github/workflows/local-news-os-publication-metrics-catalog.yml;.github/workflows/local-news-os-publication-metrics-handoff.yml;.github/workflows/local-news-os-social-core.yml;.github/workflows/valcea-clar-observed-metrics-harvest.yml,workflow reference: .github/workflows/local-news-os-fleet-harvest-recovery.yml;.github/workflows/local-news-os-publication-metrics-catalog.yml;.github/workflows/local-news-os-publication-metrics-handoff.yml;.github/workflows/local-news-os-social-core.yml;.github/workflows/valcea-clar-observed-metrics-harvest.yml,unknown,preserve; no deletion justified by static absence alone,INVESTIGATE
civora:local-news-os/social/publication_metrics_handoff.py,legacy code/config; exact operational role requires dynamic closure,repo maintainer / runtime owner if registered,.github/workflows/local-news-os-publication-metrics-handoff.yml,workflow reference: .github/workflows/local-news-os-publication-metrics-handoff.yml,unknown,preserve; no deletion justified by static absence alone,INVESTIGATE
civora:local-news-os/social/publication_state.py,legacy code/config; exact operational role requires dynamic closure,repo maintainer / runtime owner if registered,.github/workflows/local-news-os-publication-metrics-catalog.yml;.github/workflows/local-news-os-publication-metrics-handoff.yml;.github/workflows/local-news-os-series-async-dispatch.yml;.github/workflows/local-news-os-series-durable-dispatch.yml;.github/workflows/local-news-os-social-core.yml,workflow reference: .github/workflows/local-news-os-publication-metrics-catalog.yml;.github/workflows/local-news-os-publication-metrics-handoff.yml;.github/workflows/local-news-os-series-async-dispatch.yml;.github/workflows/local-news-os-series-durable-dispatch.yml;.github/workflows/local-news-os-social-core.yml,unknown,preserve; no deletion justified by static absence alone,INVESTIGATE
civora:local-news-os/social/publishing_adapters.py,legacy code/config; exact operational role requires dynamic closure,repo maintainer / runtime owner if registered,.github/workflows/local-news-os-series-adapter-dispatch-handoff.yml;.github/workflows/local-news-os-social-adapter-capabilities.yml;.github/workflows/local-news-os-social-core.yml,workflow reference: .github/workflows/local-news-os-series-adapter-dispatch-handoff.yml;.github/workflows/local-news-os-social-adapter-capabilities.yml;.github/workflows/local-news-os-social-core.yml,unknown,preserve; no deletion justified by static absence alone,INVESTIGATE
civora:local-news-os/social/recurring_series.py,legacy code/config; exact operational role requires dynamic closure,repo maintainer / runtime owner if registered,.github/workflows/local-news-os-native-series-compositor.yml;.github/workflows/local-news-os-recurring-series-runtime.yml;.github/workflows/local-news-os-social-core.yml,workflow reference: .github/workflows/local-news-os-native-series-compositor.yml;.github/workflows/local-news-os-recurring-series-runtime.yml;.github/workflows/local-news-os-social-core.yml,unknown,preserve; no deletion justified by static absence alone,INVESTIGATE
civora:local-news-os/social/recurring_series_runtime.py,legacy code/config; exact operational role requires dynamic closure,repo maintainer / runtime owner if registered,.github/workflows/local-news-os-native-series-compositor.yml;.github/workflows/local-news-os-recurring-series-runtime.yml,workflow reference: .github/workflows/local-news-os-native-series-compositor.yml;.github/workflows/local-news-os-recurring-series-runtime.yml,unknown,preserve; no deletion justified by static absence alone,INVESTIGATE
civora:local-news-os/social/reread_materialization_crash_reconciliation.py,legacy code/config; exact operational role requires dynamic closure,repo maintainer / runtime owner if registered,.github/workflows/local-news-os-fleet-harvest-recovery.yml;.github/workflows/local-news-os-reread-materialization-crash-reconciliation.yml,workflow reference: .github/workflows/local-news-os-fleet-harvest-recovery.yml;.github/workflows/local-news-os-reread-materialization-crash-reconciliation.yml,unknown,preserve; no deletion justified by static absence alone,INVESTIGATE
civora:local-news-os/social/reread_provider_outcome_binding.py,legacy code/config; exact operational role requires dynamic closure,repo maintainer / runtime owner if registered,.github/workflows/local-news-os-reread-materialization-crash-reconciliation.yml;.github/workflows/local-news-os-reread-provider-outcome-binding.yml;.github/workflows/local-news-os-reread-result-materialization-binding.yml,workflow reference: .github/workflows/local-news-os-reread-materialization-crash-reconciliation.yml;.github/workflows/local-news-os-reread-provider-outcome-binding.yml;.github/workflows/local-news-os-reread-result-materialization-binding.yml,unknown,preserve; no deletion justified by static absence alone,INVESTIGATE
civora:local-news-os/social/reread_result_materialization_binding.py,legacy code/config; exact operational role requires dynamic closure,repo maintainer / runtime owner if registered,.github/workflows/local-news-os-reread-materialization-crash-reconciliation.yml;.github/workflows/local-news-os-reread-provider-outcome-binding.yml;.github/workflows/local-news-os-reread-result-materialization-binding.yml,workflow reference: .github/workflows/local-news-os-reread-materialization-crash-reconciliation.yml;.github/workflows/local-news-os-reread-provider-outcome-binding.yml;.github/workflows/local-news-os-reread-result-materialization-binding.yml,unknown,preserve; no deletion justified by static absence alone,INVESTIGATE
civora:local-news-os/social/reread_spend_reauthorization.py,legacy code/config; exact operational role requires dynamic closure,repo maintainer / runtime owner if registered,.github/workflows/local-news-os-reread-materialization-crash-reconciliation.yml;.github/workflows/local-news-os-reread-provider-outcome-binding.yml;.github/workflows/local-news-os-reread-spend-reauthorization.yml;.github/workflows/local-news-os-reread-spend-reclaim-binding.yml;.github/workflows/local-news-os-reread-spend-reservation-recovery.yml,workflow reference: .github/workflows/local-news-os-reread-materialization-crash-reconciliation.yml;.github/workflows/local-news-os-reread-provider-outcome-binding.yml;.github/workflows/local-news-os-reread-spend-reauthorization.yml;.github/workflows/local-news-os-reread-spend-reclaim-binding.yml;.github/workflows/local-news-os-reread-spend-reservation-recovery.yml,unknown,preserve; no deletion justified by static absence alone,INVESTIGATE
civora:local-news-os/social/reread_spend_reclaim_binding.py,legacy code/config; exact operational role requires dynamic closure,repo maintainer / runtime owner if registered,.github/workflows/local-news-os-reread-materialization-crash-reconciliation.yml;.github/workflows/local-news-os-reread-provider-outcome-binding.yml;.github/workflows/local-news-os-reread-spend-reclaim-binding.yml,workflow reference: .github/workflows/local-news-os-reread-materialization-crash-reconciliation.yml;.github/workflows/local-news-os-reread-provider-outcome-binding.yml;.github/workflows/local-news-os-reread-spend-reclaim-binding.yml,unknown,preserve; no deletion justified by static absence alone,INVESTIGATE
civora:local-news-os/social/reread_spend_reservation_recovery.py,legacy code/config; exact operational role requires dynamic closure,repo maintainer / runtime owner if registered,.github/workflows/local-news-os-reread-provider-outcome-binding.yml;.github/workflows/local-news-os-reread-spend-reclaim-binding.yml;.github/workflows/local-news-os-reread-spend-reservation-recovery.yml,workflow reference: .github/workflows/local-news-os-reread-provider-outcome-binding.yml;.github/workflows/local-news-os-reread-spend-reclaim-binding.yml;.github/workflows/local-news-os-reread-spend-reservation-recovery.yml,unknown,preserve; no deletion justified by static absence alone,INVESTIGATE
civora:local-news-os/social/series_adapter_dispatch_handoff.py,legacy code/config; exact operational role requires dynamic closure,repo maintainer / runtime owner if registered,.github/workflows/local-news-os-series-adapter-dispatch-handoff.yml;.github/workflows/local-news-os-series-async-dispatch.yml;.github/workflows/local-news-os-series-durable-dispatch.yml,workflow reference: .github/workflows/local-news-os-series-adapter-dispatch-handoff.yml;.github/workflows/local-news-os-series-async-dispatch.yml;.github/workflows/local-news-os-series-durable-dispatch.yml,unknown,preserve; no deletion justified by static absence alone,INVESTIGATE
civora:local-news-os/social/series_async_remote_dispatch.py,legacy code/config; exact operational role requires dynamic closure,repo maintainer / runtime owner if registered,.github/workflows/local-news-os-series-async-dispatch.yml,workflow reference: .github/workflows/local-news-os-series-async-dispatch.yml,unknown,preserve; no deletion justified by static absence alone,INVESTIGATE
civora:local-news-os/social/series_durable_dispatch_executor.py,legacy code/config; exact operational role requires dynamic closure,repo maintainer / runtime owner if registered,.github/workflows/local-news-os-series-async-dispatch.yml;.github/workflows/local-news-os-series-durable-dispatch.yml,workflow reference: .github/workflows/local-news-os-series-async-dispatch.yml;.github/workflows/local-news-os-series-durable-dispatch.yml,unknown,preserve; no deletion justified by static absence alone,INVESTIGATE
civora:local-news-os/social/series_publication_state_bridge.py,legacy code/config; exact operational role requires dynamic closure,repo maintainer / runtime owner if registered,.github/workflows/local-news-os-series-adapter-dispatch-handoff.yml;.github/workflows/local-news-os-series-async-dispatch.yml;.github/workflows/local-news-os-series-durable-dispatch.yml;.github/workflows/local-news-os-series-publication-state-bridge.yml,workflow reference: .github/workflows/local-news-os-series-adapter-dispatch-handoff.yml;.github/workflows/local-news-os-series-async-dispatch.yml;.github/workflows/local-news-os-series-durable-dispatch.yml;.github/workflows/local-news-os-series-publication-state-bridge.yml,unknown,preserve; no deletion justified by static absence alone,INVESTIGATE
civora:local-news-os/social/series_registry.schema.json,legacy code/config; exact operational role requires dynamic closure,repo maintainer / runtime owner if registered,not resolved,tracked at pinned HEAD; runtime use not proven,unknown,preserve; no deletion justified by static absence alone,INVESTIGATE
civora:local-news-os/social/series_visual_router.py,legacy code/config; exact operational role requires dynamic closure,repo maintainer / runtime owner if registered,.github/workflows/local-news-os-series-adapter-dispatch-handoff.yml;.github/workflows/local-news-os-series-publication-state-bridge.yml;.github/workflows/local-news-os-series-visual-router.yml,workflow reference: .github/workflows/local-news-os-series-adapter-dispatch-handoff.yml;.github/workflows/local-news-os-series-publication-state-bridge.yml;.github/workflows/local-news-os-series-visual-router.yml,unknown,preserve; no deletion justified by static absence alone,INVESTIGATE
civora:local-news-os/social/social_runtime_registry.json,legacy code/config; exact operational role requires dynamic closure,repo maintainer / runtime owner if registered,.github/workflows/local-news-os-fleet-harvest-recovery.yml;.github/workflows/local-news-os-social-core.yml;.github/workflows/valcea-clar-observed-metrics-harvest.yml,workflow reference: .github/workflows/local-news-os-fleet-harvest-recovery.yml;.github/workflows/local-news-os-social-core.yml;.github/workflows/valcea-clar-observed-metrics-harvest.yml,unknown,preserve; no deletion justified by static absence alone,INVESTIGATE
civora:local-news-os/social/test_adapter_capability_gate.py,legacy code/config; exact operational role requires dynamic closure,repo maintainer / runtime owner if registered,.github/workflows/local-news-os-series-adapter-dispatch-handoff.yml;.github/workflows/local-news-os-social-adapter-capabilities.yml,workflow reference: .github/workflows/local-news-os-series-adapter-dispatch-handoff.yml;.github/workflows/local-news-os-social-adapter-capabilities.yml,unknown,preserve; no deletion justified by static absence alone,INVESTIGATE
civora:local-news-os/social/test_adapter_dispatch_bridge.py,legacy code/config; exact operational role requires dynamic closure,repo maintainer / runtime owner if registered,.github/workflows/local-news-os-series-adapter-dispatch-handoff.yml;.github/workflows/local-news-os-social-adapter-capabilities.yml;.github/workflows/local-news-os-social-core.yml,workflow reference: .github/workflows/local-news-os-series-adapter-dispatch-handoff.yml;.github/workflows/local-news-os-social-adapter-capabilities.yml;.github/workflows/local-news-os-social-core.yml,unknown,preserve; no deletion justified by static absence alone,INVESTIGATE
civora:local-news-os/social/test_async_remote_dispatch.py,legacy code/config; exact operational role requires dynamic closure,repo maintainer / runtime owner if registered,.github/workflows/local-news-os-series-async-dispatch.yml;.github/workflows/local-news-os-social-adapter-capabilities.yml;.github/workflows/local-news-os-social-core.yml,workflow reference: .github/workflows/local-news-os-series-async-dispatch.yml;.github/workflows/local-news-os-social-adapter-capabilities.yml;.github/workflows/local-news-os-social-core.yml,unknown,preserve; no deletion justified by static absence alone,INVESTIGATE
civora:local-news-os/social/test_authorization_sealed_harvest_receipt.py,legacy code/config; exact operational role requires dynamic closure,repo maintainer / runtime owner if registered,.github/workflows/local-news-os-authorization-sealed-harvest-receipt.yml,workflow reference: .github/workflows/local-news-os-authorization-sealed-harvest-receipt.yml,unknown,preserve; no deletion justified by static absence alone,INVESTIGATE
civora:local-news-os/social/test_authorization_sealed_harvest_recovery.py,legacy code/config; exact operational role requires dynamic closure,repo maintainer / runtime owner if registered,.github/workflows/local-news-os-authorization-sealed-harvest-recovery.yml,workflow reference: .github/workflows/local-news-os-authorization-sealed-harvest-recovery.yml,unknown,preserve; no deletion justified by static absence alone,INVESTIGATE
civora:local-news-os/social/test_cadence_fatigue.py,legacy code/config; exact operational role requires dynamic closure,repo maintainer / runtime owner if registered,.github/workflows/local-news-os-social-core.yml,workflow reference: .github/workflows/local-news-os-social-core.yml,unknown,preserve; no deletion justified by static absence alone,INVESTIGATE
civora:local-news-os/social/test_channel_fit.py,legacy code/config; exact operational role requires dynamic closure,repo maintainer / runtime owner if registered,.github/workflows/local-news-os-social-core.yml,workflow reference: .github/workflows/local-news-os-social-core.yml,unknown,preserve; no deletion justified by static absence alone,INVESTIGATE
civora:local-news-os/social/test_content_atomizer.py,legacy code/config; exact operational role requires dynamic closure,repo maintainer / runtime owner if registered,.github/workflows/local-news-os-native-series-compositor.yml;.github/workflows/local-news-os-social-core.yml,workflow reference: .github/workflows/local-news-os-native-series-compositor.yml;.github/workflows/local-news-os-social-core.yml,unknown,preserve; no deletion justified by static absence alone,INVESTIGATE
civora:local-news-os/social/test_correction_dispatch_router.py,legacy code/config; exact operational role requires dynamic closure,repo maintainer / runtime owner if registered,.github/workflows/local-news-os-correction-dispatch-router.yml;.github/workflows/local-news-os-correction-outbox-materializer.yml,workflow reference: .github/workflows/local-news-os-correction-dispatch-router.yml;.github/workflows/local-news-os-correction-outbox-materializer.yml,unknown,preserve; no deletion justified by static absence alone,INVESTIGATE
civora:local-news-os/social/test_correction_outbox_materializer.py,legacy code/config; exact operational role requires dynamic closure,repo maintainer / runtime owner if registered,.github/workflows/local-news-os-correction-outbox-materializer.yml,workflow reference: .github/workflows/local-news-os-correction-outbox-materializer.yml,unknown,preserve; no deletion justified by static absence alone,INVESTIGATE
civora:local-news-os/social/test_correction_propagation.py,legacy code/config; exact operational role requires dynamic closure,repo maintainer / runtime owner if registered,.github/workflows/local-news-os-correction-dispatch-router.yml;.github/workflows/local-news-os-social-core.yml,workflow reference: .github/workflows/local-news-os-correction-dispatch-router.yml;.github/workflows/local-news-os-social-core.yml,unknown,preserve; no deletion justified by static absence alone,INVESTIGATE
civora:local-news-os/social/test_durable_dispatch_executor.py,legacy code/config; exact operational role requires dynamic closure,repo maintainer / runtime owner if registered,.github/workflows/local-news-os-series-durable-dispatch.yml;.github/workflows/local-news-os-social-adapter-capabilities.yml;.github/workflows/local-news-os-social-core.yml,workflow reference: .github/workflows/local-news-os-series-durable-dispatch.yml;.github/workflows/local-news-os-social-adapter-capabilities.yml;.github/workflows/local-news-os-social-core.yml,unknown,preserve; no deletion justified by static absence alone,INVESTIGATE
civora:local-news-os/social/test_durable_feedback_snapshot.py,legacy code/config; exact operational role requires dynamic closure,repo maintainer / runtime owner if registered,.github/workflows/local-news-os-durable-feedback-snapshot.yml,workflow reference: .github/workflows/local-news-os-durable-feedback-snapshot.yml,unknown,preserve; no deletion justified by static absence alone,INVESTIGATE
civora:local-news-os/social/test_e2e_acceptance.py,legacy code/config; exact operational role requires dynamic closure,repo maintainer / runtime owner if registered,.github/workflows/local-news-os-social-core.yml,workflow reference: .github/workflows/local-news-os-social-core.yml,unknown,preserve; no deletion justified by static absence alone,INVESTIGATE
civora:local-news-os/social/test_fleet_metrics_authorization_seal.py,legacy code/config; exact operational role requires dynamic closure,repo maintainer / runtime owner if registered,.github/workflows/local-news-os-authorization-sealed-harvest-receipt.yml;.github/workflows/valcea-clar-observed-metrics-harvest.yml,workflow reference: .github/workflows/local-news-os-authorization-sealed-harvest-receipt.yml;.github/workflows/valcea-clar-observed-metrics-harvest.yml,unknown,preserve; no deletion justified by static absence alone,INVESTIGATE
civora:local-news-os/social/test_fleet_metrics_credential_binding.py,legacy code/config; exact operational role requires dynamic closure,repo maintainer / runtime owner if registered,.github/workflows/valcea-clar-observed-metrics-harvest.yml,workflow reference: .github/workflows/valcea-clar-observed-metrics-harvest.yml,unknown,preserve; no deletion justified by static absence alone,INVESTIGATE
civora:local-news-os/social/test_fleet_metrics_harvest_orchestrator.py,legacy code/config; exact operational role requires dynamic closure,repo maintainer / runtime owner if registered,.github/workflows/local-news-os-social-core.yml;.github/workflows/valcea-clar-observed-metrics-harvest.yml,workflow reference: .github/workflows/local-news-os-social-core.yml;.github/workflows/valcea-clar-observed-metrics-harvest.yml,unknown,preserve; no deletion justified by static absence alone,INVESTIGATE
civora:local-news-os/social/test_fleet_metrics_recovery_orchestrator.py,legacy code/config; exact operational role requires dynamic closure,repo maintainer / runtime owner if registered,.github/workflows/local-news-os-fleet-harvest-recovery.yml,workflow reference: .github/workflows/local-news-os-fleet-harvest-recovery.yml,unknown,preserve; no deletion justified by static absence alone,INVESTIGATE
civora:local-news-os/social/test_fleet_metrics_reread_authorization_handoff.py,legacy code/config; exact operational role requires dynamic closure,repo maintainer / runtime owner if registered,.github/workflows/local-news-os-fleet-reread-authorization-handoff.yml,workflow reference: .github/workflows/local-news-os-fleet-reread-authorization-handoff.yml,unknown,preserve; no deletion justified by static absence alone,INVESTIGATE
civora:local-news-os/social/test_fleet_reread_materialization_recovery_routing.py,legacy code/config; exact operational role requires dynamic closure,repo maintainer / runtime owner if registered,.github/workflows/local-news-os-fleet-harvest-recovery.yml,workflow reference: .github/workflows/local-news-os-fleet-harvest-recovery.yml,unknown,preserve; no deletion justified by static absence alone,INVESTIGATE
civora:local-news-os/social/test_format_engine.py,legacy code/config; exact operational role requires dynamic closure,repo maintainer / runtime owner if registered,.github/workflows/local-news-os-social-core.yml,workflow reference: .github/workflows/local-news-os-social-core.yml,unknown,preserve; no deletion justified by static absence alone,INVESTIGATE
civora:local-news-os/social/test_hook_engine.py,legacy code/config; exact operational role requires dynamic closure,repo maintainer / runtime owner if registered,.github/workflows/local-news-os-native-series-compositor.yml;.github/workflows/local-news-os-social-core.yml,workflow reference: .github/workflows/local-news-os-native-series-compositor.yml;.github/workflows/local-news-os-social-core.yml,unknown,preserve; no deletion justified by static absence alone,INVESTIGATE
civora:local-news-os/social/test_linkedin_outbox_channel.py,legacy code/config; exact operational role requires dynamic closure,repo maintainer / runtime owner if registered,.github/workflows/local-news-os-social-core.yml,workflow reference: .github/workflows/local-news-os-social-core.yml,unknown,preserve; no deletion justified by static absence alone,INVESTIGATE
civora:local-news-os/social/test_metrics_harvest_runtime.py,legacy code/config; exact operational role requires dynamic closure,repo maintainer / runtime owner if registered,.github/workflows/local-news-os-authorization-sealed-harvest-receipt.yml;.github/workflows/local-news-os-metrics-harvest-runtime.yml,workflow reference: .github/workflows/local-news-os-authorization-sealed-harvest-receipt.yml;.github/workflows/local-news-os-metrics-harvest-runtime.yml,unknown,preserve; no deletion justified by static absence alone,INVESTIGATE
civora:local-news-os/social/test_metrics_harvest_scheduler.py,legacy code/config; exact operational role requires dynamic closure,repo maintainer / runtime owner if registered,.github/workflows/local-news-os-metrics-harvest-scheduler.yml;.github/workflows/local-news-os-social-core.yml,workflow reference: .github/workflows/local-news-os-metrics-harvest-scheduler.yml;.github/workflows/local-news-os-social-core.yml,unknown,preserve; no deletion justified by static absence alone,INVESTIGATE
civora:local-news-os/social/test_metrics_transport_capability_registry.py,legacy code/config; exact operational role requires dynamic closure,repo maintainer / runtime owner if registered,.github/workflows/valcea-clar-observed-metrics-harvest.yml,workflow reference: .github/workflows/valcea-clar-observed-metrics-harvest.yml,unknown,preserve; no deletion justified by static absence alone,INVESTIGATE
civora:local-news-os/social/test_multi_instance_isolation.py,legacy code/config; exact operational role requires dynamic closure,repo maintainer / runtime owner if registered,.github/workflows/local-news-os-social-core.yml,workflow reference: .github/workflows/local-news-os-social-core.yml,unknown,preserve; no deletion justified by static absence alone,INVESTIGATE
civora:local-news-os/social/test_native_metrics_transport.py,legacy code/config; exact operational role requires dynamic closure,repo maintainer / runtime owner if registered,.github/workflows/local-news-os-native-metrics-transport.yml;.github/workflows/local-news-os-social-core.yml,workflow reference: .github/workflows/local-news-os-native-metrics-transport.yml;.github/workflows/local-news-os-social-core.yml,unknown,preserve; no deletion justified by static absence alone,INVESTIGATE
civora:local-news-os/social/test_native_series_compositor.py,legacy code/config; exact operational role requires dynamic closure,repo maintainer / runtime owner if registered,.github/workflows/local-news-os-native-series-compositor.yml;.github/workflows/local-news-os-series-visual-router.yml,workflow reference: .github/workflows/local-news-os-native-series-compositor.yml;.github/workflows/local-news-os-series-visual-router.yml,unknown,preserve; no deletion justified by static absence alone,INVESTIGATE
civora:local-news-os/social/test_observed_feedback_application.py,legacy code/config; exact operational role requires dynamic closure,repo maintainer / runtime owner if registered,.github/workflows/local-news-os-durable-feedback-snapshot.yml;.github/workflows/local-news-os-observed-feedback-application.yml;.github/workflows/local-news-os-social-core.yml,workflow reference: .github/workflows/local-news-os-durable-feedback-snapshot.yml;.github/workflows/local-news-os-observed-feedback-application.yml;.github/workflows/local-news-os-social-core.yml,unknown,preserve; no deletion justified by static absence alone,INVESTIGATE
civora:local-news-os/social/test_observed_feedback_production_runtime.py,legacy code/config; exact operational role requires dynamic closure,repo maintainer / runtime owner if registered,.github/workflows/local-news-os-durable-feedback-snapshot.yml;.github/workflows/local-news-os-observed-feedback-application.yml;.github/workflows/local-news-os-social-core.yml,workflow reference: .github/workflows/local-news-os-durable-feedback-snapshot.yml;.github/workflows/local-news-os-observed-feedback-application.yml;.github/workflows/local-news-os-social-core.yml,unknown,preserve; no deletion justified by static absence alone,INVESTIGATE
civora:local-news-os/social/test_observed_metrics.py,legacy code/config; exact operational role requires dynamic closure,repo maintainer / runtime owner if registered,.github/workflows/local-news-os-durable-feedback-snapshot.yml;.github/workflows/local-news-os-observed-feedback-application.yml;.github/workflows/local-news-os-social-core.yml,workflow reference: .github/workflows/local-news-os-durable-feedback-snapshot.yml;.github/workflows/local-news-os-observed-feedback-application.yml;.github/workflows/local-news-os-social-core.yml,unknown,preserve; no deletion justified by static absence alone,INVESTIGATE
civora:local-news-os/social/test_observed_metrics_collector.py,legacy code/config; exact operational role requires dynamic closure,repo maintainer / runtime owner if registered,.github/workflows/local-news-os-observed-metrics-collector.yml;.github/workflows/local-news-os-social-core.yml,workflow reference: .github/workflows/local-news-os-observed-metrics-collector.yml;.github/workflows/local-news-os-social-core.yml,unknown,preserve; no deletion justified by static absence alone,INVESTIGATE
civora:local-news-os/social/test_operational_metrics_harvest_trigger.py,legacy code/config; exact operational role requires dynamic closure,repo maintainer / runtime owner if registered,.github/workflows/valcea-clar-observed-metrics-harvest.yml,workflow reference: .github/workflows/valcea-clar-observed-metrics-harvest.yml,unknown,preserve; no deletion justified by static absence alone,INVESTIGATE
civora:local-news-os/social/test_production_runtime.py,legacy code/config; exact operational role requires dynamic closure,repo maintainer / runtime owner if registered,.github/workflows/local-news-os-observed-feedback-application.yml;.github/workflows/local-news-os-social-core.yml,workflow reference: .github/workflows/local-news-os-observed-feedback-application.yml;.github/workflows/local-news-os-social-core.yml,unknown,preserve; no deletion justified by static absence alone,INVESTIGATE
civora:local-news-os/social/test_publication_metrics_catalog.py,legacy code/config; exact operational role requires dynamic closure,repo maintainer / runtime owner if registered,.github/workflows/local-news-os-publication-metrics-catalog.yml,workflow reference: .github/workflows/local-news-os-publication-metrics-catalog.yml,unknown,preserve; no deletion justified by static absence alone,INVESTIGATE
civora:local-news-os/social/test_publication_metrics_handoff.py,legacy code/config; exact operational role requires dynamic closure,repo maintainer / runtime owner if registered,.github/workflows/local-news-os-publication-metrics-handoff.yml,workflow reference: .github/workflows/local-news-os-publication-metrics-handoff.yml,unknown,preserve; no deletion justified by static absence alone,INVESTIGATE
civora:local-news-os/social/test_publication_state.py,legacy code/config; exact operational role requires dynamic closure,repo maintainer / runtime owner if registered,.github/workflows/local-news-os-social-core.yml,workflow reference: .github/workflows/local-news-os-social-core.yml,unknown,preserve; no deletion justified by static absence alone,INVESTIGATE
civora:local-news-os/social/test_publishing_adapters.py,legacy code/config; exact operational role requires dynamic closure,repo maintainer / runtime owner if registered,.github/workflows/local-news-os-social-core.yml,workflow reference: .github/workflows/local-news-os-social-core.yml,unknown,preserve; no deletion justified by static absence alone,INVESTIGATE
civora:local-news-os/social/test_recurring_series.py,legacy code/config; exact operational role requires dynamic closure,repo maintainer / runtime owner if registered,.github/workflows/local-news-os-recurring-series-runtime.yml;.github/workflows/local-news-os-social-core.yml,workflow reference: .github/workflows/local-news-os-recurring-series-runtime.yml;.github/workflows/local-news-os-social-core.yml,unknown,preserve; no deletion justified by static absence alone,INVESTIGATE
civora:local-news-os/social/test_recurring_series_runtime.py,legacy code/config; exact operational role requires dynamic closure,repo maintainer / runtime owner if registered,.github/workflows/local-news-os-native-series-compositor.yml;.github/workflows/local-news-os-recurring-series-runtime.yml,workflow reference: .github/workflows/local-news-os-native-series-compositor.yml;.github/workflows/local-news-os-recurring-series-runtime.yml,unknown,preserve; no deletion justified by static absence alone,INVESTIGATE
civora:local-news-os/social/test_reread_attempt_provenance_binding.py,legacy code/config; exact operational role requires dynamic closure,repo maintainer / runtime owner if registered,.github/workflows/local-news-os-reread-attempt-provenance.yml;.github/workflows/local-news-os-reread-spend-reservation-recovery.yml,workflow reference: .github/workflows/local-news-os-reread-attempt-provenance.yml;.github/workflows/local-news-os-reread-spend-reservation-recovery.yml,unknown,preserve; no deletion justified by static absence alone,INVESTIGATE
civora:local-news-os/social/test_reread_materialization_crash_reconciliation.py,legacy code/config; exact operational role requires dynamic closure,repo maintainer / runtime owner if registered,.github/workflows/local-news-os-fleet-harvest-recovery.yml;.github/workflows/local-news-os-reread-materialization-crash-reconciliation.yml,workflow reference: .github/workflows/local-news-os-fleet-harvest-recovery.yml;.github/workflows/local-news-os-reread-materialization-crash-reconciliation.yml,unknown,preserve; no deletion justified by static absence alone,INVESTIGATE
civora:local-news-os/social/test_reread_provider_outcome_binding.py,legacy code/config; exact operational role requires dynamic closure,repo maintainer / runtime owner if registered,.github/workflows/local-news-os-reread-provider-outcome-binding.yml;.github/workflows/local-news-os-reread-result-materialization-binding.yml,workflow reference: .github/workflows/local-news-os-reread-provider-outcome-binding.yml;.github/workflows/local-news-os-reread-result-materialization-binding.yml,unknown,preserve; no deletion justified by static absence alone,INVESTIGATE
civora:local-news-os/social/test_reread_result_materialization_binding.py,legacy code/config; exact operational role requires dynamic closure,repo maintainer / runtime owner if registered,.github/workflows/local-news-os-reread-result-materialization-binding.yml,workflow reference: .github/workflows/local-news-os-reread-result-materialization-binding.yml,unknown,preserve; no deletion justified by static absence alone,INVESTIGATE
civora:local-news-os/social/test_reread_spend_reauthorization.py,legacy code/config; exact operational role requires dynamic closure,repo maintainer / runtime owner if registered,.github/workflows/local-news-os-reread-provider-outcome-binding.yml;.github/workflows/local-news-os-reread-spend-reauthorization.yml;.github/workflows/local-news-os-reread-spend-reservation-recovery.yml,workflow reference: .github/workflows/local-news-os-reread-provider-outcome-binding.yml;.github/workflows/local-news-os-reread-spend-reauthorization.yml;.github/workflows/local-news-os-reread-spend-reservation-recovery.yml,unknown,preserve; no deletion justified by static absence alone,INVESTIGATE
civora:local-news-os/social/test_reread_spend_reclaim_binding.py,legacy code/config; exact operational role requires dynamic closure,repo maintainer / runtime owner if registered,.github/workflows/local-news-os-reread-provider-outcome-binding.yml;.github/workflows/local-news-os-reread-spend-reclaim-binding.yml,workflow reference: .github/workflows/local-news-os-reread-provider-outcome-binding.yml;.github/workflows/local-news-os-reread-spend-reclaim-binding.yml,unknown,preserve; no deletion justified by static absence alone,INVESTIGATE
civora:local-news-os/social/test_reread_spend_reservation_recovery.py,legacy code/config; exact operational role requires dynamic closure,repo maintainer / runtime owner if registered,.github/workflows/local-news-os-reread-provider-outcome-binding.yml;.github/workflows/local-news-os-reread-spend-reclaim-binding.yml;.github/workflows/local-news-os-reread-spend-reservation-recovery.yml,workflow reference: .github/workflows/local-news-os-reread-provider-outcome-binding.yml;.github/workflows/local-news-os-reread-spend-reclaim-binding.yml;.github/workflows/local-news-os-reread-spend-reservation-recovery.yml,unknown,preserve; no deletion justified by static absence alone,INVESTIGATE
civora:local-news-os/social/test_series_adapter_dispatch_handoff.py,legacy code/config; exact operational role requires dynamic closure,repo maintainer / runtime owner if registered,.github/workflows/local-news-os-series-adapter-dispatch-handoff.yml;.github/workflows/local-news-os-series-async-dispatch.yml;.github/workflows/local-news-os-series-durable-dispatch.yml,workflow reference: .github/workflows/local-news-os-series-adapter-dispatch-handoff.yml;.github/workflows/local-news-os-series-async-dispatch.yml;.github/workflows/local-news-os-series-durable-dispatch.yml,unknown,preserve; no deletion justified by static absence alone,INVESTIGATE
civora:local-news-os/social/test_series_async_remote_dispatch.py,legacy code/config; exact operational role requires dynamic closure,repo maintainer / runtime owner if registered,.github/workflows/local-news-os-series-async-dispatch.yml,workflow reference: .github/workflows/local-news-os-series-async-dispatch.yml,unknown,preserve; no deletion justified by static absence alone,INVESTIGATE
civora:local-news-os/social/test_series_durable_dispatch_executor.py,legacy code/config; exact operational role requires dynamic closure,repo maintainer / runtime owner if registered,.github/workflows/local-news-os-series-async-dispatch.yml;.github/workflows/local-news-os-series-durable-dispatch.yml,workflow reference: .github/workflows/local-news-os-series-async-dispatch.yml;.github/workflows/local-news-os-series-durable-dispatch.yml,unknown,preserve; no deletion justified by static absence alone,INVESTIGATE
civora:local-news-os/social/test_series_publication_state_bridge.py,legacy code/config; exact operational role requires dynamic closure,repo maintainer / runtime owner if registered,.github/workflows/local-news-os-series-adapter-dispatch-handoff.yml;.github/workflows/local-news-os-series-async-dispatch.yml;.github/workflows/local-news-os-series-durable-dispatch.yml;.github/workflows/local-news-os-series-publication-state-bridge.yml,workflow reference: .github/workflows/local-news-os-series-adapter-dispatch-handoff.yml;.github/workflows/local-news-os-series-async-dispatch.yml;.github/workflows/local-news-os-series-durable-dispatch.yml;.github/workflows/local-news-os-series-publication-state-bridge.yml,unknown,preserve; no deletion justified by static absence alone,INVESTIGATE
civora:local-news-os/social/test_series_visual_router.py,legacy code/config; exact operational role requires dynamic closure,repo maintainer / runtime owner if registered,.github/workflows/local-news-os-series-visual-router.yml,workflow reference: .github/workflows/local-news-os-series-visual-router.yml,unknown,preserve; no deletion justified by static absence alone,INVESTIGATE
civora:local-news-os/social/test_telegram_outbox_channel.py,legacy code/config; exact operational role requires dynamic closure,repo maintainer / runtime owner if registered,.github/workflows/local-news-os-social-core.yml,workflow reference: .github/workflows/local-news-os-social-core.yml,unknown,preserve; no deletion justified by static absence alone,INVESTIGATE
civora:local-news-os/social/test_threads_outbox_channel.py,legacy code/config; exact operational role requires dynamic closure,repo maintainer / runtime owner if registered,.github/workflows/local-news-os-social-core.yml,workflow reference: .github/workflows/local-news-os-social-core.yml,unknown,preserve; no deletion justified by static absence alone,INVESTIGATE
civora:local-news-os/social/test_virality_engine.py,legacy code/config; exact operational role requires dynamic closure,repo maintainer / runtime owner if registered,.github/workflows/local-news-os-observed-feedback-application.yml;.github/workflows/local-news-os-social-core.yml,workflow reference: .github/workflows/local-news-os-observed-feedback-application.yml;.github/workflows/local-news-os-social-core.yml,unknown,preserve; no deletion justified by static absence alone,INVESTIGATE
civora:local-news-os/social/test_visual_router.py,legacy code/config; exact operational role requires dynamic closure,repo maintainer / runtime owner if registered,.github/workflows/local-news-os-series-visual-router.yml;.github/workflows/local-news-os-social-core.yml,workflow reference: .github/workflows/local-news-os-series-visual-router.yml;.github/workflows/local-news-os-social-core.yml,unknown,preserve; no deletion justified by static absence alone,INVESTIGATE
civora:local-news-os/social/test_whatsapp_outbox_channel.py,legacy code/config; exact operational role requires dynamic closure,repo maintainer / runtime owner if registered,.github/workflows/local-news-os-social-core.yml,workflow reference: .github/workflows/local-news-os-social-core.yml,unknown,preserve; no deletion justified by static absence alone,INVESTIGATE
civora:local-news-os/social/test_youtube_outbox_channel.py,legacy code/config; exact operational role requires dynamic closure,repo maintainer / runtime owner if registered,.github/workflows/local-news-os-social-core.yml,workflow reference: .github/workflows/local-news-os-social-core.yml,unknown,preserve; no deletion justified by static absence alone,INVESTIGATE
civora:local-news-os/social/validate_channel_config.py,legacy code/config; exact operational role requires dynamic closure,repo maintainer / runtime owner if registered,.github/workflows/local-news-os-social-core.yml;.github/workflows/valcea-clar-social-doctrine.yml;.github/workflows/valcea-clar-social-publishing.yml;.github/workflows/valcea-clar-x-api-gate.yml;.github/workflows/valcea-clar-x-native-outbox.yml;.github/workflows/valcea-clar-youtube-api-gate.yml,workflow reference: .github/workflows/local-news-os-social-core.yml;.github/workflows/valcea-clar-social-doctrine.yml;.github/workflows/valcea-clar-social-publishing.yml;.github/workflows/valcea-clar-x-api-gate.yml;.github/workflows/valcea-clar-x-native-outbox.yml;.github/workflows/valcea-clar-youtube-api-gate.yml,unknown,preserve; no deletion justified by static absence alone,INVESTIGATE
civora:local-news-os/social/virality_engine.py,legacy code/config; exact operational role requires dynamic closure,repo maintainer / runtime owner if registered,.github/workflows/local-news-os-observed-feedback-application.yml;.github/workflows/local-news-os-social-core.yml,workflow reference: .github/workflows/local-news-os-observed-feedback-application.yml;.github/workflows/local-news-os-social-core.yml,unknown,preserve; no deletion justified by static absence alone,INVESTIGATE
civora:local-news-os/social/visual_router.py,legacy code/config; exact operational role requires dynamic closure,repo maintainer / runtime owner if registered,.github/workflows/local-news-os-series-adapter-dispatch-handoff.yml;.github/workflows/local-news-os-series-publication-state-bridge.yml;.github/workflows/local-news-os-series-visual-router.yml;.github/workflows/local-news-os-social-adapter-capabilities.yml;.github/workflows/local-news-os-social-core.yml,workflow reference: .github/workflows/local-news-os-series-adapter-dispatch-handoff.yml;.github/workflows/local-news-os-series-publication-state-bridge.yml;.github/workflows/local-news-os-series-visual-router.yml;.github/workflows/local-news-os-social-adapter-capabilities.yml;.github/workflows/local-news-os-social-core.yml,unknown,preserve; no deletion justified by static absence alone,INVESTIGATE
civora:local-news-os/vnext/BUILD_READY_FOR_MIGRATION.json,legacy code/config; exact operational role requires dynamic closure,repo maintainer / runtime owner if registered,.github/workflows/local-news-os-vnext-build-state.yml;.github/workflows/local-news-os-vnext-valcea-shadow-migration.yml,workflow reference: .github/workflows/local-news-os-vnext-build-state.yml;.github/workflows/local-news-os-vnext-valcea-shadow-migration.yml,unknown,preserve; no deletion justified by static absence alone,INVESTIGATE
civora:local-news-os/vnext/PRODUCT_CONTRACT_V2.json,legacy code/config; exact operational role requires dynamic closure,repo maintainer / runtime owner if registered,.github/workflows/local-news-os-vnext.yml,workflow reference: .github/workflows/local-news-os-vnext.yml,unknown,preserve; no deletion justified by static absence alone,INVESTIGATE
civora:local-news-os/vnext/VNEXT_STATE.json,legacy code/config; exact operational role requires dynamic closure,repo maintainer / runtime owner if registered,.github/workflows/local-news-os-vnext-build-state.yml,workflow reference: .github/workflows/local-news-os-vnext-build-state.yml,unknown,preserve; no deletion justified by static absence alone,INVESTIGATE
civora:local-news-os/vnext/acceptance/valcea-p18-controlled-live-preflight-latest.json,legacy code/config; exact operational role requires dynamic closure,repo maintainer / runtime owner if registered,.github/workflows/local-news-vnext-runtime-db.yml,workflow reference: .github/workflows/local-news-vnext-runtime-db.yml,unknown,preserve; no deletion justified by static absence alone,INVESTIGATE
civora:local-news-os/vnext/acceptance/valcea-p18-projection-latest.json,legacy code/config; exact operational role requires dynamic closure,repo maintainer / runtime owner if registered,.github/workflows/local-news-os-vnext-valcea-shadow-projection.yml,workflow reference: .github/workflows/local-news-os-vnext-valcea-shadow-projection.yml,unknown,preserve; no deletion justified by static absence alone,INVESTIGATE
civora:local-news-os/vnext/acceptance/valcea-p18-shadow-latest.json,legacy code/config; exact operational role requires dynamic closure,repo maintainer / runtime owner if registered,.github/workflows/local-news-os-vnext-valcea-shadow-migration.yml,workflow reference: .github/workflows/local-news-os-vnext-valcea-shadow-migration.yml,unknown,preserve; no deletion justified by static absence alone,INVESTIGATE
civora:local-news-os/vnext/core/database_backend.py,legacy code/config; exact operational role requires dynamic closure,repo maintainer / runtime owner if registered,.github/workflows/local-news-vnext-runtime-db.yml,workflow reference: .github/workflows/local-news-vnext-runtime-db.yml,unknown,preserve; no deletion justified by static absence alone,INVESTIGATE
civora:local-news-os/vnext/core/deployment_preflight.py,legacy code/config; exact operational role requires dynamic closure,repo maintainer / runtime owner if registered,.github/workflows/local-news-vnext-runtime-db.yml,workflow reference: .github/workflows/local-news-vnext-runtime-db.yml,unknown,preserve; no deletion justified by static absence alone,INVESTIGATE
civora:local-news-os/vnext/core/distribution_engine.py,legacy code/config; exact operational role requires dynamic closure,repo maintainer / runtime owner if registered,.github/workflows/local-news-os-vnext-distribution.yml,workflow reference: .github/workflows/local-news-os-vnext-distribution.yml,unknown,preserve; no deletion justified by static absence alone,INVESTIGATE
civora:local-news-os/vnext/core/distribution_runtime.py,legacy code/config; exact operational role requires dynamic closure,repo maintainer / runtime owner if registered,.github/workflows/local-news-os-vnext-distribution.yml,workflow reference: .github/workflows/local-news-os-vnext-distribution.yml,unknown,preserve; no deletion justified by static absence alone,INVESTIGATE
civora:local-news-os/vnext/core/editorial_qa.py,legacy code/config; exact operational role requires dynamic closure,repo maintainer / runtime owner if registered,.github/workflows/local-news-os-vnext-editorial-qa.yml;.github/workflows/local-news-os-vnext-site-publication.yml,workflow reference: .github/workflows/local-news-os-vnext-editorial-qa.yml;.github/workflows/local-news-os-vnext-site-publication.yml,unknown,preserve; no deletion justified by static absence alone,INVESTIGATE
civora:local-news-os/vnext/core/fact_kernel_engine.py,legacy code/config; exact operational role requires dynamic closure,repo maintainer / runtime owner if registered,.github/workflows/local-news-os-vnext-editorial-qa.yml;.github/workflows/local-news-os-vnext-site-publication.yml;.github/workflows/local-news-os-vnext.yml,workflow reference: .github/workflows/local-news-os-vnext-editorial-qa.yml;.github/workflows/local-news-os-vnext-site-publication.yml;.github/workflows/local-news-os-vnext.yml,unknown,preserve; no deletion justified by static absence alone,INVESTIGATE
civora:local-news-os/vnext/core/instance_bootstrap.py,legacy code/config; exact operational role requires dynamic closure,repo maintainer / runtime owner if registered,.github/workflows/local-news-os-core.yml;.github/workflows/local-news-os-vnext-instance-bootstrap.yml,workflow reference: .github/workflows/local-news-os-core.yml;.github/workflows/local-news-os-vnext-instance-bootstrap.yml,unknown,preserve; no deletion justified by static absence alone,INVESTIGATE
civora:local-news-os/vnext/core/instance_model.py,legacy code/config; exact operational role requires dynamic closure,repo maintainer / runtime owner if registered,.github/workflows/local-news-os-vnext-distribution.yml;.github/workflows/local-news-os-vnext-instance-bootstrap.yml;.github/workflows/local-news-os-vnext-media-intelligence.yml;.github/workflows/local-news-os-vnext-release-control.yml;.github/workflows/local-news-os-vnext-scheduler.yml;.github/workflows/local-news-os-vnext.yml,workflow reference: .github/workflows/local-news-os-vnext-distribution.yml;.github/workflows/local-news-os-vnext-instance-bootstrap.yml;.github/workflows/local-news-os-vnext-media-intelligence.yml;.github/workflows/local-news-os-vnext-release-control.yml;.github/workflows/local-news-os-vnext-scheduler.yml;.github/workflows/local-news-os-vnext.yml,unknown,preserve; no deletion justified by static absence alone,INVESTIGATE
civora:local-news-os/vnext/core/knowledge_graph.py,legacy code/config; exact operational role requires dynamic closure,repo maintainer / runtime owner if registered,.github/workflows/local-news-os-vnext-knowledge-graph.yml;.github/workflows/local-news-os-vnext-valcea-shadow-projection.yml,workflow reference: .github/workflows/local-news-os-vnext-knowledge-graph.yml;.github/workflows/local-news-os-vnext-valcea-shadow-projection.yml,unknown,preserve; no deletion justified by static absence alone,INVESTIGATE
civora:local-news-os/vnext/core/knowledge_runtime.py,legacy code/config; exact operational role requires dynamic closure,repo maintainer / runtime owner if registered,.github/workflows/local-news-os-vnext-knowledge-graph.yml;.github/workflows/local-news-os-vnext-valcea-shadow-projection.yml,workflow reference: .github/workflows/local-news-os-vnext-knowledge-graph.yml;.github/workflows/local-news-os-vnext-valcea-shadow-projection.yml,unknown,preserve; no deletion justified by static absence alone,INVESTIGATE
civora:local-news-os/vnext/core/media_intelligence.py,legacy code/config; exact operational role requires dynamic closure,repo maintainer / runtime owner if registered,.github/workflows/local-news-os-vnext-media-intelligence.yml,workflow reference: .github/workflows/local-news-os-vnext-media-intelligence.yml,unknown,preserve; no deletion justified by static absence alone,INVESTIGATE
civora:local-news-os/vnext/core/media_runtime.py,legacy code/config; exact operational role requires dynamic closure,repo maintainer / runtime owner if registered,.github/workflows/local-news-os-vnext-media-intelligence.yml,workflow reference: .github/workflows/local-news-os-vnext-media-intelligence.yml,unknown,preserve; no deletion justified by static absence alone,INVESTIGATE
civora:local-news-os/vnext/core/newsworthiness_engine.py,legacy code/config; exact operational role requires dynamic closure,repo maintainer / runtime owner if registered,.github/workflows/local-news-os-vnext-editorial-qa.yml;.github/workflows/local-news-os-vnext-site-publication.yml;.github/workflows/local-news-os-vnext.yml,workflow reference: .github/workflows/local-news-os-vnext-editorial-qa.yml;.github/workflows/local-news-os-vnext-site-publication.yml;.github/workflows/local-news-os-vnext.yml,unknown,preserve; no deletion justified by static absence alone,INVESTIGATE
civora:local-news-os/vnext/core/primary_resolver.py,legacy code/config; exact operational role requires dynamic closure,repo maintainer / runtime owner if registered,.github/workflows/local-news-os-vnext-editorial-qa.yml;.github/workflows/local-news-os-vnext-site-publication.yml;.github/workflows/local-news-os-vnext.yml,workflow reference: .github/workflows/local-news-os-vnext-editorial-qa.yml;.github/workflows/local-news-os-vnext-site-publication.yml;.github/workflows/local-news-os-vnext.yml,unknown,preserve; no deletion justified by static absence alone,INVESTIGATE
civora:local-news-os/vnext/core/production_app.py,legacy code/config; exact operational role requires dynamic closure,repo maintainer / runtime owner if registered,.github/workflows/local-news-vnext-runtime-db.yml,workflow reference: .github/workflows/local-news-vnext-runtime-db.yml,unknown,preserve; no deletion justified by static absence alone,INVESTIGATE
civora:local-news-os/vnext/core/public_route_compat.py,legacy code/config; exact operational role requires dynamic closure,repo maintainer / runtime owner if registered,.github/workflows/local-news-os-vnext-valcea-shadow-projection.yml,workflow reference: .github/workflows/local-news-os-vnext-valcea-shadow-projection.yml,unknown,preserve; no deletion justified by static absence alone,INVESTIGATE
civora:local-news-os/vnext/core/release_control.py,legacy code/config; exact operational role requires dynamic closure,repo maintainer / runtime owner if registered,.github/workflows/local-news-os-vnext-instance-bootstrap.yml;.github/workflows/local-news-os-vnext-release-control.yml,workflow reference: .github/workflows/local-news-os-vnext-instance-bootstrap.yml;.github/workflows/local-news-os-vnext-release-control.yml,unknown,preserve; no deletion justified by static absence alone,INVESTIGATE
civora:local-news-os/vnext/core/release_runtime.py,legacy code/config; exact operational role requires dynamic closure,repo maintainer / runtime owner if registered,.github/workflows/local-news-os-vnext-release-control.yml,workflow reference: .github/workflows/local-news-os-vnext-release-control.yml,unknown,preserve; no deletion justified by static absence alone,INVESTIGATE
civora:local-news-os/vnext/core/runtime_store.py,legacy code/config; exact operational role requires dynamic closure,repo maintainer / runtime owner if registered,.github/workflows/local-news-os-vnext-editorial-qa.yml;.github/workflows/local-news-os-vnext-instance-bootstrap.yml;.github/workflows/local-news-os-vnext-site-publication.yml;.github/workflows/local-news-os-vnext.yml;.github/workflows/local-news-vnext-runtime-db.yml,workflow reference: .github/workflows/local-news-os-vnext-editorial-qa.yml;.github/workflows/local-news-os-vnext-instance-bootstrap.yml;.github/workflows/local-news-os-vnext-site-publication.yml;.github/workflows/local-news-os-vnext.yml;.github/workflows/local-news-vnext-runtime-db.yml,unknown,preserve; no deletion justified by static absence alone,INVESTIGATE
civora:local-news-os/vnext/core/scheduler_engine.py,legacy code/config; exact operational role requires dynamic closure,repo maintainer / runtime owner if registered,.github/workflows/local-news-os-vnext-scheduler.yml,workflow reference: .github/workflows/local-news-os-vnext-scheduler.yml,unknown,preserve; no deletion justified by static absence alone,INVESTIGATE
civora:local-news-os/vnext/core/scheduler_runtime.py,legacy code/config; exact operational role requires dynamic closure,repo maintainer / runtime owner if registered,.github/workflows/local-news-os-vnext-scheduler.yml,workflow reference: .github/workflows/local-news-os-vnext-scheduler.yml,unknown,preserve; no deletion justified by static absence alone,INVESTIGATE
civora:local-news-os/vnext/core/signal_engine.py,legacy code/config; exact operational role requires dynamic closure,repo maintainer / runtime owner if registered,.github/workflows/local-news-os-vnext-editorial-qa.yml;.github/workflows/local-news-os-vnext-site-publication.yml;.github/workflows/local-news-os-vnext.yml,workflow reference: .github/workflows/local-news-os-vnext-editorial-qa.yml;.github/workflows/local-news-os-vnext-site-publication.yml;.github/workflows/local-news-os-vnext.yml,unknown,preserve; no deletion justified by static absence alone,INVESTIGATE
civora:local-news-os/vnext/core/site_publication.py,legacy code/config; exact operational role requires dynamic closure,repo maintainer / runtime owner if registered,.github/workflows/local-news-os-vnext-site-publication.yml;.github/workflows/local-news-os-vnext-valcea-shadow-projection.yml,workflow reference: .github/workflows/local-news-os-vnext-site-publication.yml;.github/workflows/local-news-os-vnext-valcea-shadow-projection.yml,unknown,preserve; no deletion justified by static absence alone,INVESTIGATE
civora:local-news-os/vnext/core/site_runtime.py,legacy code/config; exact operational role requires dynamic closure,repo maintainer / runtime owner if registered,.github/workflows/local-news-os-vnext.yml,workflow reference: .github/workflows/local-news-os-vnext.yml,unknown,preserve; no deletion justified by static absence alone,INVESTIGATE
civora:local-news-os/vnext/core/source_adapters.py,legacy code/config; exact operational role requires dynamic closure,repo maintainer / runtime owner if registered,.github/workflows/local-news-os-vnext.yml,workflow reference: .github/workflows/local-news-os-vnext.yml,unknown,preserve; no deletion justified by static absence alone,INVESTIGATE
civora:local-news-os/vnext/core/story_engine.py,legacy code/config; exact operational role requires dynamic closure,repo maintainer / runtime owner if registered,.github/workflows/local-news-os-vnext-editorial-qa.yml;.github/workflows/local-news-os-vnext-site-publication.yml;.github/workflows/local-news-os-vnext.yml,workflow reference: .github/workflows/local-news-os-vnext-editorial-qa.yml;.github/workflows/local-news-os-vnext-site-publication.yml;.github/workflows/local-news-os-vnext.yml,unknown,preserve; no deletion justified by static absence alone,INVESTIGATE
civora:local-news-os/vnext/core/test_distribution_engine.py,legacy code/config; exact operational role requires dynamic closure,repo maintainer / runtime owner if registered,.github/workflows/local-news-os-vnext-distribution.yml,workflow reference: .github/workflows/local-news-os-vnext-distribution.yml,unknown,preserve; no deletion justified by static absence alone,INVESTIGATE
civora:local-news-os/vnext/instances/test-county/instance.json,legacy code/config; exact operational role requires dynamic closure,repo maintainer / runtime owner if registered,not resolved,tracked at pinned HEAD; runtime use not proven,unknown,preserve; no deletion justified by static absence alone,INVESTIGATE
civora:local-news-os/vnext/instances/test-county/packs/brand.json,legacy code/config; exact operational role requires dynamic closure,repo maintainer / runtime owner if registered,not resolved,tracked at pinned HEAD; runtime use not proven,unknown,preserve; no deletion justified by static absence alone,INVESTIGATE
civora:local-news-os/vnext/instances/test-county/packs/channels.json,legacy code/config; exact operational role requires dynamic closure,repo maintainer / runtime owner if registered,not resolved,tracked at pinned HEAD; runtime use not proven,unknown,preserve; no deletion justified by static absence alone,INVESTIGATE
civora:local-news-os/vnext/instances/test-county/packs/editorial.json,legacy code/config; exact operational role requires dynamic closure,repo maintainer / runtime owner if registered,not resolved,tracked at pinned HEAD; runtime use not proven,unknown,preserve; no deletion justified by static absence alone,INVESTIGATE
civora:local-news-os/vnext/instances/test-county/packs/entities.json,legacy code/config; exact operational role requires dynamic closure,repo maintainer / runtime owner if registered,not resolved,tracked at pinned HEAD; runtime use not proven,unknown,preserve; no deletion justified by static absence alone,INVESTIGATE
civora:local-news-os/vnext/instances/test-county/packs/geography.json,legacy code/config; exact operational role requires dynamic closure,repo maintainer / runtime owner if registered,not resolved,tracked at pinned HEAD; runtime use not proven,unknown,preserve; no deletion justified by static absence alone,INVESTIGATE
civora:local-news-os/vnext/instances/test-county/packs/photos.json,legacy code/config; exact operational role requires dynamic closure,repo maintainer / runtime owner if registered,not resolved,tracked at pinned HEAD; runtime use not proven,unknown,preserve; no deletion justified by static absence alone,INVESTIGATE
civora:local-news-os/vnext/instances/test-county/packs/publication.json,legacy code/config; exact operational role requires dynamic closure,repo maintainer / runtime owner if registered,not resolved,tracked at pinned HEAD; runtime use not proven,unknown,preserve; no deletion justified by static absence alone,INVESTIGATE
civora:local-news-os/vnext/instances/test-county/packs/sources.json,legacy code/config; exact operational role requires dynamic closure,repo maintainer / runtime owner if registered,.github/workflows/local-news-os-vnext.yml,workflow reference: .github/workflows/local-news-os-vnext.yml,unknown,preserve; no deletion justified by static absence alone,INVESTIGATE
civora:local-news-os/vnext/instances/valcea/MIGRATION_READINESS_V1.json,legacy code/config; exact operational role requires dynamic closure,repo maintainer / runtime owner if registered,not resolved,tracked at pinned HEAD; runtime use not proven,unknown,preserve; no deletion justified by static absence alone,INVESTIGATE
civora:local-news-os/vnext/instances/valcea/READINESS_RECEIPT_P12_20260819T1837.json,legacy code/config; exact operational role requires dynamic closure,repo maintainer / runtime owner if registered,not resolved,tracked at pinned HEAD; runtime use not proven,unknown,preserve; no deletion justified by static absence alone,INVESTIGATE
civora:local-news-os/vnext/instances/valcea/instance.json,legacy code/config; exact operational role requires dynamic closure,repo maintainer / runtime owner if registered,.github/workflows/local-news-os-vnext-valcea-shadow-migration.yml,workflow reference: .github/workflows/local-news-os-vnext-valcea-shadow-migration.yml,unknown,preserve; no deletion justified by static absence alone,INVESTIGATE
civora:local-news-os/vnext/instances/valcea/migration/p18_shadow_migration.py,legacy code/config; exact operational role requires dynamic closure,repo maintainer / runtime owner if registered,.github/workflows/local-news-os-vnext-valcea-shadow-migration.yml;.github/workflows/local-news-os-vnext-valcea-shadow-projection.yml,workflow reference: .github/workflows/local-news-os-vnext-valcea-shadow-migration.yml;.github/workflows/local-news-os-vnext-valcea-shadow-projection.yml,unknown,preserve; no deletion justified by static absence alone,INVESTIGATE
civora:local-news-os/vnext/instances/valcea/migration/p18_shadow_projection_diff.py,legacy code/config; exact operational role requires dynamic closure,repo maintainer / runtime owner if registered,.github/workflows/local-news-os-vnext-valcea-shadow-projection.yml,workflow reference: .github/workflows/local-news-os-vnext-valcea-shadow-projection.yml,unknown,preserve; no deletion justified by static absence alone,INVESTIGATE
civora:local-news-os/vnext/instances/valcea/packs/brand.json,legacy code/config; exact operational role requires dynamic closure,repo maintainer / runtime owner if registered,not resolved,tracked at pinned HEAD; runtime use not proven,unknown,preserve; no deletion justified by static absence alone,INVESTIGATE
civora:local-news-os/vnext/instances/valcea/packs/channels.json,legacy code/config; exact operational role requires dynamic closure,repo maintainer / runtime owner if registered,.github/workflows/local-news-os-vnext-distribution.yml,workflow reference: .github/workflows/local-news-os-vnext-distribution.yml,unknown,preserve; no deletion justified by static absence alone,INVESTIGATE
civora:local-news-os/vnext/instances/valcea/packs/editorial.json,legacy code/config; exact operational role requires dynamic closure,repo maintainer / runtime owner if registered,not resolved,tracked at pinned HEAD; runtime use not proven,unknown,preserve; no deletion justified by static absence alone,INVESTIGATE
civora:local-news-os/vnext/instances/valcea/packs/entities.json,legacy code/config; exact operational role requires dynamic closure,repo maintainer / runtime owner if registered,not resolved,tracked at pinned HEAD; runtime use not proven,unknown,preserve; no deletion justified by static absence alone,INVESTIGATE
civora:local-news-os/vnext/instances/valcea/packs/geography.json,legacy code/config; exact operational role requires dynamic closure,repo maintainer / runtime owner if registered,not resolved,tracked at pinned HEAD; runtime use not proven,unknown,preserve; no deletion justified by static absence alone,INVESTIGATE
civora:local-news-os/vnext/instances/valcea/packs/photos.json,legacy code/config; exact operational role requires dynamic closure,repo maintainer / runtime owner if registered,not resolved,tracked at pinned HEAD; runtime use not proven,unknown,preserve; no deletion justified by static absence alone,INVESTIGATE
civora:local-news-os/vnext/instances/valcea/packs/publication.json,legacy code/config; exact operational role requires dynamic closure,repo maintainer / runtime owner if registered,.github/workflows/local-news-os-vnext-valcea-shadow-projection.yml,workflow reference: .github/workflows/local-news-os-vnext-valcea-shadow-projection.yml,unknown,preserve; no deletion justified by static absence alone,INVESTIGATE
civora:local-news-os/vnext/instances/valcea/packs/sources.json,legacy code/config; exact operational role requires dynamic closure,repo maintainer / runtime owner if registered,not resolved,tracked at pinned HEAD; runtime use not proven,unknown,preserve; no deletion justified by static absence alone,INVESTIGATE
civora:local-news-os/vnext/instances/valcea/readiness/READINESS_RECEIPT_P10_20260819T1736.json,legacy code/config; exact operational role requires dynamic closure,repo maintainer / runtime owner if registered,not resolved,tracked at pinned HEAD; runtime use not proven,unknown,preserve; no deletion justified by static absence alone,INVESTIGATE
civora:local-news-os/vnext/instances/valcea/readiness/READINESS_RECEIPT_P14_20260819T1935.json,legacy code/config; exact operational role requires dynamic closure,repo maintainer / runtime owner if registered,not resolved,tracked at pinned HEAD; runtime use not proven,unknown,preserve; no deletion justified by static absence alone,INVESTIGATE
civora:local-news-os/vnext/instances/valcea/readiness/READINESS_RECEIPT_P17_PREACCEPTANCE_20260819T2032.json,legacy code/config; exact operational role requires dynamic closure,repo maintainer / runtime owner if registered,not resolved,tracked at pinned HEAD; runtime use not proven,unknown,preserve; no deletion justified by static absence alone,INVESTIGATE
civora:local-news-os/vnext/instances/valcea/readiness/READINESS_RECEIPT_P8_20260819T1632.json,legacy code/config; exact operational role requires dynamic closure,repo maintainer / runtime owner if registered,not resolved,tracked at pinned HEAD; runtime use not proven,unknown,preserve; no deletion justified by static absence alone,INVESTIGATE
civora:local-news-os/vnext/instances/valcea/readiness/SOCIAL_SINGLE_WRITER_CUTOVER_PLAN_V1.json,legacy code/config; exact operational role requires dynamic closure,repo maintainer / runtime owner if registered,not resolved,tracked at pinned HEAD; runtime use not proven,unknown,preserve; no deletion justified by static absence alone,INVESTIGATE
civora:local-news-os/vnext/pyproject.toml,legacy code/config; exact operational role requires dynamic closure,repo maintainer / runtime owner if registered,not resolved,tracked at pinned HEAD; runtime use not proven,unknown,preserve; no deletion justified by static absence alone,INVESTIGATE
civora:local-news-os/vnext/runtime/build_state_consistency.py,legacy code/config; exact operational role requires dynamic closure,repo maintainer / runtime owner if registered,.github/workflows/local-news-os-vnext-build-state.yml,workflow reference: .github/workflows/local-news-os-vnext-build-state.yml,unknown,preserve; no deletion justified by static absence alone,INVESTIGATE
civora:local-news-os/vnext/runtime/distribution_schema.sql,legacy code/config; exact operational role requires dynamic closure,repo maintainer / runtime owner if registered,.github/workflows/local-news-os-vnext-distribution.yml,workflow reference: .github/workflows/local-news-os-vnext-distribution.yml,unknown,preserve; no deletion justified by static absence alone,INVESTIGATE
civora:local-news-os/vnext/runtime/knowledge_schema.sql,legacy code/config; exact operational role requires dynamic closure,repo maintainer / runtime owner if registered,.github/workflows/local-news-os-vnext-knowledge-graph.yml,workflow reference: .github/workflows/local-news-os-vnext-knowledge-graph.yml,unknown,preserve; no deletion justified by static absence alone,INVESTIGATE
civora:local-news-os/vnext/runtime/media_schema.sql,legacy code/config; exact operational role requires dynamic closure,repo maintainer / runtime owner if registered,.github/workflows/local-news-os-vnext-media-intelligence.yml,workflow reference: .github/workflows/local-news-os-vnext-media-intelligence.yml,unknown,preserve; no deletion justified by static absence alone,INVESTIGATE
civora:local-news-os/vnext/runtime/p17_second_instance_acceptance.py,legacy code/config; exact operational role requires dynamic closure,repo maintainer / runtime owner if registered,.github/workflows/local-news-os-vnext-instance-bootstrap.yml,workflow reference: .github/workflows/local-news-os-vnext-instance-bootstrap.yml,unknown,preserve; no deletion justified by static absence alone,INVESTIGATE
civora:local-news-os/vnext/runtime/publication_schema.sql,legacy code/config; exact operational role requires dynamic closure,repo maintainer / runtime owner if registered,.github/workflows/local-news-os-vnext-site-publication.yml,workflow reference: .github/workflows/local-news-os-vnext-site-publication.yml,unknown,preserve; no deletion justified by static absence alone,INVESTIGATE
civora:local-news-os/vnext/runtime/release_schema.sql,legacy code/config; exact operational role requires dynamic closure,repo maintainer / runtime owner if registered,.github/workflows/local-news-os-vnext-release-control.yml,workflow reference: .github/workflows/local-news-os-vnext-release-control.yml,unknown,preserve; no deletion justified by static absence alone,INVESTIGATE
civora:local-news-os/vnext/runtime/scheduler_schema.sql,legacy code/config; exact operational role requires dynamic closure,repo maintainer / runtime owner if registered,.github/workflows/local-news-os-vnext-scheduler.yml,workflow reference: .github/workflows/local-news-os-vnext-scheduler.yml,unknown,preserve; no deletion justified by static absence alone,INVESTIGATE
civora:local-news-os/vnext/runtime/schema.sql,legacy code/config; exact operational role requires dynamic closure,repo maintainer / runtime owner if registered,.github/workflows/local-news-os-vnext-editorial-qa.yml;.github/workflows/local-news-os-vnext.yml,workflow reference: .github/workflows/local-news-os-vnext-editorial-qa.yml;.github/workflows/local-news-os-vnext.yml,unknown,preserve; no deletion justified by static absence alone,INVESTIGATE
civora:local-news-os/vnext/schemas/instance.schema.json,legacy code/config; exact operational role requires dynamic closure,repo maintainer / runtime owner if registered,not resolved,tracked at pinned HEAD; runtime use not proven,unknown,preserve; no deletion justified by static absence alone,INVESTIGATE
civora:local-news-os/vnext/schemas/source_pack.schema.json,legacy code/config; exact operational role requires dynamic closure,repo maintainer / runtime owner if registered,.github/workflows/local-news-os-vnext.yml,workflow reference: .github/workflows/local-news-os-vnext.yml,unknown,preserve; no deletion justified by static absence alone,INVESTIGATE
civora:local-news-os/vnext/vercel_app.py,legacy code/config; exact operational role requires dynamic closure,repo maintainer / runtime owner if registered,.github/workflows/local-news-vnext-runtime-db.yml,workflow reference: .github/workflows/local-news-vnext-runtime-db.yml,unknown,preserve; no deletion justified by static absence alone,INVESTIGATE
civora:valcea-clar/README.md,documentation/research,repo maintainer / runtime owner if registered,not resolved,tracked at pinned HEAD; runtime use not proven,loss of rationale,retain reference; historic mechanics are revisable,KEEP
civora:valcea-clar/ROADMAP.md,documentation/research,repo maintainer / runtime owner if registered,not resolved,tracked at pinned HEAD; runtime use not proven,loss of rationale,retain reference; historic mechanics are revisable,KEEP
civora:valcea-clar/data/creators.json,editorial/source/state/receipt asset; authority varies by resource,repo maintainer / runtime owner if registered,.github/workflows/local-news-os-vnext-valcea-shadow-migration.yml,workflow reference: .github/workflows/local-news-os-vnext-valcea-shadow-migration.yml,data loss / state drift,preserve; registry roles must be resolved before consolidation,KEEP
civora:valcea-clar/data/places.json,editorial/source/state/receipt asset; authority varies by resource,repo maintainer / runtime owner if registered,.github/workflows/local-news-os-vnext-valcea-shadow-migration.yml;.github/workflows/local-news-os-vnext-valcea-shadow-projection.yml;.github/workflows/valcea-clar-venues-ingest.yml,workflow reference: .github/workflows/local-news-os-vnext-valcea-shadow-migration.yml;.github/workflows/local-news-os-vnext-valcea-shadow-projection.yml;.github/workflows/valcea-clar-venues-ingest.yml,data loss / state drift,preserve; registry roles must be resolved before consolidation,KEEP
civora:valcea-clar/data/sources.json,editorial/source/state/receipt asset; authority varies by resource,repo maintainer / runtime owner if registered,.github/workflows/valcea-clar-source-radar.yml;.github/workflows/valcea-clar-venues-ingest.yml,workflow reference: .github/workflows/valcea-clar-source-radar.yml;.github/workflows/valcea-clar-venues-ingest.yml,data loss / state drift,preserve; registry roles must be resolved before consolidation,KEEP
civora:valcea-clar/delivery/README.md,editorial/source/state/receipt asset; authority varies by resource,repo maintainer / runtime owner if registered,not resolved,tracked at pinned HEAD; runtime use not proven,data loss / state drift,preserve; registry roles must be resolved before consolidation,KEEP
civora:valcea-clar/delivery/edition_delivery.py,editorial/source/state/receipt asset; authority varies by resource,repo maintainer / runtime owner if registered,.github/workflows/valcea-clar-edition-delivery.yml,workflow reference: .github/workflows/valcea-clar-edition-delivery.yml,data loss / state drift,preserve; registry roles must be resolved before consolidation,KEEP
civora:valcea-clar/delivery/manifest.json,editorial/source/state/receipt asset; authority varies by resource,repo maintainer / runtime owner if registered,.github/workflows/valcea-clar-edition-delivery.yml;.github/workflows/valcea-clar-s6-operations-governance.yml,workflow reference: .github/workflows/valcea-clar-edition-delivery.yml;.github/workflows/valcea-clar-s6-operations-governance.yml,data loss / state drift,preserve; registry roles must be resolved before consolidation,KEEP
civora:valcea-clar/delivery/queue.json,editorial/source/state/receipt asset; authority varies by resource,repo maintainer / runtime owner if registered,.github/workflows/valcea-clar-edition-delivery.yml;.github/workflows/valcea-clar-s6-operations-governance.yml,workflow reference: .github/workflows/valcea-clar-edition-delivery.yml;.github/workflows/valcea-clar-s6-operations-governance.yml,data loss / state drift,preserve; registry roles must be resolved before consolidation,KEEP
civora:valcea-clar/delivery/report.json,editorial/source/state/receipt asset; authority varies by resource,repo maintainer / runtime owner if registered,.github/workflows/valcea-clar-edition-delivery.yml;.github/workflows/valcea-clar-s6-operations-governance.yml,workflow reference: .github/workflows/valcea-clar-edition-delivery.yml;.github/workflows/valcea-clar-s6-operations-governance.yml,data loss / state drift,preserve; registry roles must be resolved before consolidation,KEEP
civora:valcea-clar/docs/CHATGPT_SITES_INTEGRATION.md,documentation/research,repo maintainer / runtime owner if registered,not resolved,tracked at pinned HEAD; runtime use not proven,loss of rationale,retain reference; historic mechanics are revisable,KEEP
civora:valcea-clar/docs/EDITORIAL_STANDARD.md,documentation/research,repo maintainer / runtime owner if registered,not resolved,tracked at pinned HEAD; runtime use not proven,loss of rationale,retain reference; historic mechanics are revisable,KEEP
civora:valcea-clar/docs/EDITORIAL_WRITER_V1.md,documentation/research,repo maintainer / runtime owner if registered,not resolved,tracked at pinned HEAD; runtime use not proven,loss of rationale,retain reference; historic mechanics are revisable,KEEP
civora:valcea-clar/docs/EVENT_DISCOVERY_UX_MARKET_RESEARCH_V1.md,documentation/research,repo maintainer / runtime owner if registered,not resolved,tracked at pinned HEAD; runtime use not proven,loss of rationale,retain reference; historic mechanics are revisable,KEEP
civora:valcea-clar/docs/EXTERNAL_COST_POLICY.md,documentation/research,repo maintainer / runtime owner if registered,not resolved,tracked at pinned HEAD; runtime use not proven,loss of rationale,retain reference; historic mechanics are revisable,KEEP
civora:valcea-clar/docs/INTEGRATION_ARCHITECTURE.md,documentation/research,repo maintainer / runtime owner if registered,not resolved,tracked at pinned HEAD; runtime use not proven,loss of rationale,retain reference; historic mechanics are revisable,KEEP
civora:valcea-clar/docs/INTERNATIONAL_NEWSROOM_BENCHMARKS_V1.md,documentation/research,repo maintainer / runtime owner if registered,not resolved,tracked at pinned HEAD; runtime use not proven,loss of rationale,retain reference; historic mechanics are revisable,KEEP
civora:valcea-clar/docs/LOCAL_LIFE_UX_MARKET_INTELLIGENCE_V1.md,documentation/research,repo maintainer / runtime owner if registered,not resolved,tracked at pinned HEAD; runtime use not proven,loss of rationale,retain reference; historic mechanics are revisable,KEEP
civora:valcea-clar/docs/OWNED_PHOTO_DRIVE_INGEST_V1.md,documentation/research,repo maintainer / runtime owner if registered,not resolved,tracked at pinned HEAD; runtime use not proven,loss of rationale,retain reference; historic mechanics are revisable,KEEP
civora:valcea-clar/docs/S4_PUBLICATION_EXPERIENCE.md,documentation/research,repo maintainer / runtime owner if registered,.github/workflows/valcea-clar-s4-publication-ux.yml,workflow reference: .github/workflows/valcea-clar-s4-publication-ux.yml,loss of rationale,retain reference; historic mechanics are revisable,KEEP
civora:valcea-clar/docs/S5_DISTINCTIVE_PRODUCTS.md,documentation/research,repo maintainer / runtime owner if registered,.github/workflows/valcea-clar-s5-distinctive-products.yml,workflow reference: .github/workflows/valcea-clar-s5-distinctive-products.yml,loss of rationale,retain reference; historic mechanics are revisable,KEEP
civora:valcea-clar/docs/S6_OPERATIONS_GOVERNANCE.md,documentation/research,repo maintainer / runtime owner if registered,not resolved,tracked at pinned HEAD; runtime use not proven,loss of rationale,retain reference; historic mechanics are revisable,KEEP
civora:valcea-clar/docs/SIGNAL_ROUTING_FIX_2026-08-18.md,documentation/research,repo maintainer / runtime owner if registered,not resolved,tracked at pinned HEAD; runtime use not proven,loss of rationale,retain reference; historic mechanics are revisable,KEEP
civora:valcea-clar/docs/SIGNAL_SOURCE_POLICY.md,documentation/research,repo maintainer / runtime owner if registered,not resolved,tracked at pinned HEAD; runtime use not proven,loss of rationale,retain reference; historic mechanics are revisable,KEEP
civora:valcea-clar/docs/SOCIAL_PUBLICATION_ENGINE_CANON_V1.md,documentation/research,repo maintainer / runtime owner if registered,not resolved,tracked at pinned HEAD; runtime use not proven,loss of rationale,retain reference; historic mechanics are revisable,KEEP
civora:valcea-clar/docs/SOURCE_INTELLIGENCE_CANON_V1.md,documentation/research,repo maintainer / runtime owner if registered,not resolved,tracked at pinned HEAD; runtime use not proven,loss of rationale,retain reference; historic mechanics are revisable,KEEP
civora:valcea-clar/docs/SYSTEM_AUDIT_2026-08-22.md,documentation/research,repo maintainer / runtime owner if registered,not resolved,tracked at pinned HEAD; runtime use not proven,loss of rationale,retain reference; historic mechanics are revisable,KEEP
civora:valcea-clar/docs/VISUAL_FACTORY_CANON_V1.md,documentation/research,repo maintainer / runtime owner if registered,not resolved,tracked at pinned HEAD; runtime use not proven,loss of rationale,retain reference; historic mechanics are revisable,KEEP
civora:valcea-clar/docs/VISUAL_NEWS_UX_RESEARCH_2026.md,documentation/research,repo maintainer / runtime owner if registered,not resolved,tracked at pinned HEAD; runtime use not proven,loss of rationale,retain reference; historic mechanics are revisable,KEEP
civora:valcea-clar/editions/2026-08-14-evening.json,editorial/source/state/receipt asset; authority varies by resource,repo maintainer / runtime owner if registered,not resolved,tracked at pinned HEAD; runtime use not proven,data loss / state drift,preserve; registry roles must be resolved before consolidation,KEEP
civora:valcea-clar/editions/2026-08-14-evening.md,editorial/source/state/receipt asset; authority varies by resource,repo maintainer / runtime owner if registered,not resolved,tracked at pinned HEAD; runtime use not proven,data loss / state drift,preserve; registry roles must be resolved before consolidation,KEEP
civora:valcea-clar/editions/2026-08-15-evening.json,editorial/source/state/receipt asset; authority varies by resource,repo maintainer / runtime owner if registered,not resolved,tracked at pinned HEAD; runtime use not proven,data loss / state drift,preserve; registry roles must be resolved before consolidation,KEEP
civora:valcea-clar/editions/2026-08-15-evening.md,editorial/source/state/receipt asset; authority varies by resource,repo maintainer / runtime owner if registered,not resolved,tracked at pinned HEAD; runtime use not proven,data loss / state drift,preserve; registry roles must be resolved before consolidation,KEEP
civora:valcea-clar/editions/2026-08-15-morning.json,editorial/source/state/receipt asset; authority varies by resource,repo maintainer / runtime owner if registered,not resolved,tracked at pinned HEAD; runtime use not proven,data loss / state drift,preserve; registry roles must be resolved before consolidation,KEEP
civora:valcea-clar/editions/2026-08-15-morning.md,editorial/source/state/receipt asset; authority varies by resource,repo maintainer / runtime owner if registered,not resolved,tracked at pinned HEAD; runtime use not proven,data loss / state drift,preserve; registry roles must be resolved before consolidation,KEEP
civora:valcea-clar/editions/2026-08-16-evening.json,editorial/source/state/receipt asset; authority varies by resource,repo maintainer / runtime owner if registered,not resolved,tracked at pinned HEAD; runtime use not proven,data loss / state drift,preserve; registry roles must be resolved before consolidation,KEEP
civora:valcea-clar/editions/2026-08-16-evening.md,editorial/source/state/receipt asset; authority varies by resource,repo maintainer / runtime owner if registered,not resolved,tracked at pinned HEAD; runtime use not proven,data loss / state drift,preserve; registry roles must be resolved before consolidation,KEEP
civora:valcea-clar/editions/2026-08-16-morning.json,editorial/source/state/receipt asset; authority varies by resource,repo maintainer / runtime owner if registered,not resolved,tracked at pinned HEAD; runtime use not proven,data loss / state drift,preserve; registry roles must be resolved before consolidation,KEEP
civora:valcea-clar/editions/2026-08-16-morning.md,editorial/source/state/receipt asset; authority varies by resource,repo maintainer / runtime owner if registered,not resolved,tracked at pinned HEAD; runtime use not proven,data loss / state drift,preserve; registry roles must be resolved before consolidation,KEEP
civora:valcea-clar/editions/2026-08-17-morning.json,editorial/source/state/receipt asset; authority varies by resource,repo maintainer / runtime owner if registered,not resolved,tracked at pinned HEAD; runtime use not proven,data loss / state drift,preserve; registry roles must be resolved before consolidation,KEEP
civora:valcea-clar/editions/2026-08-17-morning.md,editorial/source/state/receipt asset; authority varies by resource,repo maintainer / runtime owner if registered,not resolved,tracked at pinned HEAD; runtime use not proven,data loss / state drift,preserve; registry roles must be resolved before consolidation,KEEP
civora:valcea-clar/editions/2026-08-18-evening.json,editorial/source/state/receipt asset; authority varies by resource,repo maintainer / runtime owner if registered,not resolved,tracked at pinned HEAD; runtime use not proven,data loss / state drift,preserve; registry roles must be resolved before consolidation,KEEP
civora:valcea-clar/editions/2026-08-18-evening.md,editorial/source/state/receipt asset; authority varies by resource,repo maintainer / runtime owner if registered,not resolved,tracked at pinned HEAD; runtime use not proven,data loss / state drift,preserve; registry roles must be resolved before consolidation,KEEP
civora:valcea-clar/editions/2026-08-18-morning.json,editorial/source/state/receipt asset; authority varies by resource,repo maintainer / runtime owner if registered,not resolved,tracked at pinned HEAD; runtime use not proven,data loss / state drift,preserve; registry roles must be resolved before consolidation,KEEP
civora:valcea-clar/editions/2026-08-18-morning.md,editorial/source/state/receipt asset; authority varies by resource,repo maintainer / runtime owner if registered,not resolved,tracked at pinned HEAD; runtime use not proven,data loss / state drift,preserve; registry roles must be resolved before consolidation,KEEP
civora:valcea-clar/editions/2026-08-19-morning.json,editorial/source/state/receipt asset; authority varies by resource,repo maintainer / runtime owner if registered,not resolved,tracked at pinned HEAD; runtime use not proven,data loss / state drift,preserve; registry roles must be resolved before consolidation,KEEP
civora:valcea-clar/editions/2026-08-19-morning.md,editorial/source/state/receipt asset; authority varies by resource,repo maintainer / runtime owner if registered,not resolved,tracked at pinned HEAD; runtime use not proven,data loss / state drift,preserve; registry roles must be resolved before consolidation,KEEP
civora:valcea-clar/editions/2026-08-20-evening.json,editorial/source/state/receipt asset; authority varies by resource,repo maintainer / runtime owner if registered,not resolved,tracked at pinned HEAD; runtime use not proven,data loss / state drift,preserve; registry roles must be resolved before consolidation,KEEP
civora:valcea-clar/editions/2026-08-20-evening.md,editorial/source/state/receipt asset; authority varies by resource,repo maintainer / runtime owner if registered,not resolved,tracked at pinned HEAD; runtime use not proven,data loss / state drift,preserve; registry roles must be resolved before consolidation,KEEP
civora:valcea-clar/editions/2026-08-20-morning.json,editorial/source/state/receipt asset; authority varies by resource,repo maintainer / runtime owner if registered,not resolved,tracked at pinned HEAD; runtime use not proven,data loss / state drift,preserve; registry roles must be resolved before consolidation,KEEP
civora:valcea-clar/editions/2026-08-20-morning.md,editorial/source/state/receipt asset; authority varies by resource,repo maintainer / runtime owner if registered,not resolved,tracked at pinned HEAD; runtime use not proven,data loss / state drift,preserve; registry roles must be resolved before consolidation,KEEP
civora:valcea-clar/editions/2026-08-21-evening.json,editorial/source/state/receipt asset; authority varies by resource,repo maintainer / runtime owner if registered,not resolved,tracked at pinned HEAD; runtime use not proven,data loss / state drift,preserve; registry roles must be resolved before consolidation,KEEP
civora:valcea-clar/editions/2026-08-21-evening.md,editorial/source/state/receipt asset; authority varies by resource,repo maintainer / runtime owner if registered,not resolved,tracked at pinned HEAD; runtime use not proven,data loss / state drift,preserve; registry roles must be resolved before consolidation,KEEP
civora:valcea-clar/editions/2026-08-21-morning.json,editorial/source/state/receipt asset; authority varies by resource,repo maintainer / runtime owner if registered,not resolved,tracked at pinned HEAD; runtime use not proven,data loss / state drift,preserve; registry roles must be resolved before consolidation,KEEP
civora:valcea-clar/editions/2026-08-21-morning.md,editorial/source/state/receipt asset; authority varies by resource,repo maintainer / runtime owner if registered,not resolved,tracked at pinned HEAD; runtime use not proven,data loss / state drift,preserve; registry roles must be resolved before consolidation,KEEP
civora:valcea-clar/editions/2026-08-22-evening.json,editorial/source/state/receipt asset; authority varies by resource,repo maintainer / runtime owner if registered,not resolved,tracked at pinned HEAD; runtime use not proven,data loss / state drift,preserve; registry roles must be resolved before consolidation,KEEP
civora:valcea-clar/editions/2026-08-22-evening.md,editorial/source/state/receipt asset; authority varies by resource,repo maintainer / runtime owner if registered,not resolved,tracked at pinned HEAD; runtime use not proven,data loss / state drift,preserve; registry roles must be resolved before consolidation,KEEP
civora:valcea-clar/editions/2026-08-22-morning.json,editorial/source/state/receipt asset; authority varies by resource,repo maintainer / runtime owner if registered,not resolved,tracked at pinned HEAD; runtime use not proven,data loss / state drift,preserve; registry roles must be resolved before consolidation,KEEP
civora:valcea-clar/editions/2026-08-22-morning.md,editorial/source/state/receipt asset; authority varies by resource,repo maintainer / runtime owner if registered,not resolved,tracked at pinned HEAD; runtime use not proven,data loss / state drift,preserve; registry roles must be resolved before consolidation,KEEP
civora:valcea-clar/editions/2026-08-23-evening.json,editorial/source/state/receipt asset; authority varies by resource,repo maintainer / runtime owner if registered,not resolved,tracked at pinned HEAD; runtime use not proven,data loss / state drift,preserve; registry roles must be resolved before consolidation,KEEP
civora:valcea-clar/editions/2026-08-23-evening.md,editorial/source/state/receipt asset; authority varies by resource,repo maintainer / runtime owner if registered,not resolved,tracked at pinned HEAD; runtime use not proven,data loss / state drift,preserve; registry roles must be resolved before consolidation,KEEP
civora:valcea-clar/editions/2026-08-23-morning.json,editorial/source/state/receipt asset; authority varies by resource,repo maintainer / runtime owner if registered,not resolved,tracked at pinned HEAD; runtime use not proven,data loss / state drift,preserve; registry roles must be resolved before consolidation,KEEP
civora:valcea-clar/editions/2026-08-23-morning.md,editorial/source/state/receipt asset; authority varies by resource,repo maintainer / runtime owner if registered,not resolved,tracked at pinned HEAD; runtime use not proven,data loss / state drift,preserve; registry roles must be resolved before consolidation,KEEP
civora:valcea-clar/editions/2026-08-24-morning.json,editorial/source/state/receipt asset; authority varies by resource,repo maintainer / runtime owner if registered,not resolved,tracked at pinned HEAD; runtime use not proven,data loss / state drift,preserve; registry roles must be resolved before consolidation,KEEP
civora:valcea-clar/editions/2026-08-24-morning.md,editorial/source/state/receipt asset; authority varies by resource,repo maintainer / runtime owner if registered,not resolved,tracked at pinned HEAD; runtime use not proven,data loss / state drift,preserve; registry roles must be resolved before consolidation,KEEP
civora:valcea-clar/editions/2026-08-25-morning.json,editorial/source/state/receipt asset; authority varies by resource,repo maintainer / runtime owner if registered,not resolved,tracked at pinned HEAD; runtime use not proven,data loss / state drift,preserve; registry roles must be resolved before consolidation,KEEP
civora:valcea-clar/editions/2026-08-25-morning.md,editorial/source/state/receipt asset; authority varies by resource,repo maintainer / runtime owner if registered,not resolved,tracked at pinned HEAD; runtime use not proven,data loss / state drift,preserve; registry roles must be resolved before consolidation,KEEP
civora:valcea-clar/editions/2026-08-26-evening.json,editorial/source/state/receipt asset; authority varies by resource,repo maintainer / runtime owner if registered,not resolved,tracked at pinned HEAD; runtime use not proven,data loss / state drift,preserve; registry roles must be resolved before consolidation,KEEP
civora:valcea-clar/editions/2026-08-26-evening.md,editorial/source/state/receipt asset; authority varies by resource,repo maintainer / runtime owner if registered,not resolved,tracked at pinned HEAD; runtime use not proven,data loss / state drift,preserve; registry roles must be resolved before consolidation,KEEP
civora:valcea-clar/editions/2026-08-26-morning.json,editorial/source/state/receipt asset; authority varies by resource,repo maintainer / runtime owner if registered,not resolved,tracked at pinned HEAD; runtime use not proven,data loss / state drift,preserve; registry roles must be resolved before consolidation,KEEP
civora:valcea-clar/editions/2026-08-26-morning.md,editorial/source/state/receipt asset; authority varies by resource,repo maintainer / runtime owner if registered,not resolved,tracked at pinned HEAD; runtime use not proven,data loss / state drift,preserve; registry roles must be resolved before consolidation,KEEP
civora:valcea-clar/editions/2026-08-27-evening.json,editorial/source/state/receipt asset; authority varies by resource,repo maintainer / runtime owner if registered,not resolved,tracked at pinned HEAD; runtime use not proven,data loss / state drift,preserve; registry roles must be resolved before consolidation,KEEP
civora:valcea-clar/editions/2026-08-27-evening.md,editorial/source/state/receipt asset; authority varies by resource,repo maintainer / runtime owner if registered,not resolved,tracked at pinned HEAD; runtime use not proven,data loss / state drift,preserve; registry roles must be resolved before consolidation,KEEP
civora:valcea-clar/editions/2026-08-27-morning.json,editorial/source/state/receipt asset; authority varies by resource,repo maintainer / runtime owner if registered,not resolved,tracked at pinned HEAD; runtime use not proven,data loss / state drift,preserve; registry roles must be resolved before consolidation,KEEP
civora:valcea-clar/editions/2026-08-27-morning.md,editorial/source/state/receipt asset; authority varies by resource,repo maintainer / runtime owner if registered,not resolved,tracked at pinned HEAD; runtime use not proven,data loss / state drift,preserve; registry roles must be resolved before consolidation,KEEP
civora:valcea-clar/editions/2026-08-29-evening.json,editorial/source/state/receipt asset; authority varies by resource,repo maintainer / runtime owner if registered,not resolved,tracked at pinned HEAD; runtime use not proven,data loss / state drift,preserve; registry roles must be resolved before consolidation,KEEP
civora:valcea-clar/editions/2026-08-29-evening.md,editorial/source/state/receipt asset; authority varies by resource,repo maintainer / runtime owner if registered,not resolved,tracked at pinned HEAD; runtime use not proven,data loss / state drift,preserve; registry roles must be resolved before consolidation,KEEP
civora:valcea-clar/editions/2026-08-29-morning.json,editorial/source/state/receipt asset; authority varies by resource,repo maintainer / runtime owner if registered,not resolved,tracked at pinned HEAD; runtime use not proven,data loss / state drift,preserve; registry roles must be resolved before consolidation,KEEP
civora:valcea-clar/editions/2026-08-29-morning.md,editorial/source/state/receipt asset; authority varies by resource,repo maintainer / runtime owner if registered,not resolved,tracked at pinned HEAD; runtime use not proven,data loss / state drift,preserve; registry roles must be resolved before consolidation,KEEP
civora:valcea-clar/editions/2026-08-30-evening.json,editorial/source/state/receipt asset; authority varies by resource,repo maintainer / runtime owner if registered,not resolved,tracked at pinned HEAD; runtime use not proven,data loss / state drift,preserve; registry roles must be resolved before consolidation,KEEP
civora:valcea-clar/editions/2026-08-30-evening.md,editorial/source/state/receipt asset; authority varies by resource,repo maintainer / runtime owner if registered,not resolved,tracked at pinned HEAD; runtime use not proven,data loss / state drift,preserve; registry roles must be resolved before consolidation,KEEP
civora:valcea-clar/editions/2026-08-30-morning.json,editorial/source/state/receipt asset; authority varies by resource,repo maintainer / runtime owner if registered,not resolved,tracked at pinned HEAD; runtime use not proven,data loss / state drift,preserve; registry roles must be resolved before consolidation,KEEP
civora:valcea-clar/editions/2026-08-30-morning.md,editorial/source/state/receipt asset; authority varies by resource,repo maintainer / runtime owner if registered,not resolved,tracked at pinned HEAD; runtime use not proven,data loss / state drift,preserve; registry roles must be resolved before consolidation,KEEP
civora:valcea-clar/editions/2026-08-31-evening.json,editorial/source/state/receipt asset; authority varies by resource,repo maintainer / runtime owner if registered,not resolved,tracked at pinned HEAD; runtime use not proven,data loss / state drift,preserve; registry roles must be resolved before consolidation,KEEP
civora:valcea-clar/editions/2026-08-31-evening.md,editorial/source/state/receipt asset; authority varies by resource,repo maintainer / runtime owner if registered,not resolved,tracked at pinned HEAD; runtime use not proven,data loss / state drift,preserve; registry roles must be resolved before consolidation,KEEP
civora:valcea-clar/editions/2026-08-31-morning.json,editorial/source/state/receipt asset; authority varies by resource,repo maintainer / runtime owner if registered,not resolved,tracked at pinned HEAD; runtime use not proven,data loss / state drift,preserve; registry roles must be resolved before consolidation,KEEP
civora:valcea-clar/editions/2026-08-31-morning.md,editorial/source/state/receipt asset; authority varies by resource,repo maintainer / runtime owner if registered,not resolved,tracked at pinned HEAD; runtime use not proven,data loss / state drift,preserve; registry roles must be resolved before consolidation,KEEP
civora:valcea-clar/editions/2026-09-01-evening.json,editorial/source/state/receipt asset; authority varies by resource,repo maintainer / runtime owner if registered,not resolved,tracked at pinned HEAD; runtime use not proven,data loss / state drift,preserve; registry roles must be resolved before consolidation,KEEP
civora:valcea-clar/editions/2026-09-01-evening.md,editorial/source/state/receipt asset; authority varies by resource,repo maintainer / runtime owner if registered,not resolved,tracked at pinned HEAD; runtime use not proven,data loss / state drift,preserve; registry roles must be resolved before consolidation,KEEP
civora:valcea-clar/editions/2026-09-01-morning.json,editorial/source/state/receipt asset; authority varies by resource,repo maintainer / runtime owner if registered,not resolved,tracked at pinned HEAD; runtime use not proven,data loss / state drift,preserve; registry roles must be resolved before consolidation,KEEP
civora:valcea-clar/editions/2026-09-01-morning.md,editorial/source/state/receipt asset; authority varies by resource,repo maintainer / runtime owner if registered,not resolved,tracked at pinned HEAD; runtime use not proven,data loss / state drift,preserve; registry roles must be resolved before consolidation,KEEP
civora:valcea-clar/editions/2026-09-02-evening.json,editorial/source/state/receipt asset; authority varies by resource,repo maintainer / runtime owner if registered,not resolved,tracked at pinned HEAD; runtime use not proven,data loss / state drift,preserve; registry roles must be resolved before consolidation,KEEP
civora:valcea-clar/editions/2026-09-02-evening.md,editorial/source/state/receipt asset; authority varies by resource,repo maintainer / runtime owner if registered,not resolved,tracked at pinned HEAD; runtime use not proven,data loss / state drift,preserve; registry roles must be resolved before consolidation,KEEP
civora:valcea-clar/editions/2026-09-03-evening.json,editorial/source/state/receipt asset; authority varies by resource,repo maintainer / runtime owner if registered,not resolved,tracked at pinned HEAD; runtime use not proven,data loss / state drift,preserve; registry roles must be resolved before consolidation,KEEP
civora:valcea-clar/editions/2026-09-03-evening.md,editorial/source/state/receipt asset; authority varies by resource,repo maintainer / runtime owner if registered,not resolved,tracked at pinned HEAD; runtime use not proven,data loss / state drift,preserve; registry roles must be resolved before consolidation,KEEP
civora:valcea-clar/editions/2026-09-03-morning.json,editorial/source/state/receipt asset; authority varies by resource,repo maintainer / runtime owner if registered,not resolved,tracked at pinned HEAD; runtime use not proven,data loss / state drift,preserve; registry roles must be resolved before consolidation,KEEP
civora:valcea-clar/editions/2026-09-03-morning.md,editorial/source/state/receipt asset; authority varies by resource,repo maintainer / runtime owner if registered,not resolved,tracked at pinned HEAD; runtime use not proven,data loss / state drift,preserve; registry roles must be resolved before consolidation,KEEP
civora:valcea-clar/editions/2026-09-04-evening.json,editorial/source/state/receipt asset; authority varies by resource,repo maintainer / runtime owner if registered,not resolved,tracked at pinned HEAD; runtime use not proven,data loss / state drift,preserve; registry roles must be resolved before consolidation,KEEP
civora:valcea-clar/editions/2026-09-04-evening.md,editorial/source/state/receipt asset; authority varies by resource,repo maintainer / runtime owner if registered,not resolved,tracked at pinned HEAD; runtime use not proven,data loss / state drift,preserve; registry roles must be resolved before consolidation,KEEP
civora:valcea-clar/editions/2026-09-04-morning.json,editorial/source/state/receipt asset; authority varies by resource,repo maintainer / runtime owner if registered,not resolved,tracked at pinned HEAD; runtime use not proven,data loss / state drift,preserve; registry roles must be resolved before consolidation,KEEP
civora:valcea-clar/editions/2026-09-04-morning.md,editorial/source/state/receipt asset; authority varies by resource,repo maintainer / runtime owner if registered,not resolved,tracked at pinned HEAD; runtime use not proven,data loss / state drift,preserve; registry roles must be resolved before consolidation,KEEP
civora:valcea-clar/editions/2026-09-05-evening.json,editorial/source/state/receipt asset; authority varies by resource,repo maintainer / runtime owner if registered,not resolved,tracked at pinned HEAD; runtime use not proven,data loss / state drift,preserve; registry roles must be resolved before consolidation,KEEP
civora:valcea-clar/editions/2026-09-05-evening.md,editorial/source/state/receipt asset; authority varies by resource,repo maintainer / runtime owner if registered,not resolved,tracked at pinned HEAD; runtime use not proven,data loss / state drift,preserve; registry roles must be resolved before consolidation,KEEP
civora:valcea-clar/editions/2026-09-05-morning.json,editorial/source/state/receipt asset; authority varies by resource,repo maintainer / runtime owner if registered,not resolved,tracked at pinned HEAD; runtime use not proven,data loss / state drift,preserve; registry roles must be resolved before consolidation,KEEP
civora:valcea-clar/editions/2026-09-05-morning.md,editorial/source/state/receipt asset; authority varies by resource,repo maintainer / runtime owner if registered,not resolved,tracked at pinned HEAD; runtime use not proven,data loss / state drift,preserve; registry roles must be resolved before consolidation,KEEP
civora:valcea-clar/editions/2026-09-06-evening.json,editorial/source/state/receipt asset; authority varies by resource,repo maintainer / runtime owner if registered,not resolved,tracked at pinned HEAD; runtime use not proven,data loss / state drift,preserve; registry roles must be resolved before consolidation,KEEP
civora:valcea-clar/editions/2026-09-06-evening.md,editorial/source/state/receipt asset; authority varies by resource,repo maintainer / runtime owner if registered,not resolved,tracked at pinned HEAD; runtime use not proven,data loss / state drift,preserve; registry roles must be resolved before consolidation,KEEP
civora:valcea-clar/editions/2026-09-06-morning.json,editorial/source/state/receipt asset; authority varies by resource,repo maintainer / runtime owner if registered,not resolved,tracked at pinned HEAD; runtime use not proven,data loss / state drift,preserve; registry roles must be resolved before consolidation,KEEP
civora:valcea-clar/editions/2026-09-06-morning.md,editorial/source/state/receipt asset; authority varies by resource,repo maintainer / runtime owner if registered,not resolved,tracked at pinned HEAD; runtime use not proven,data loss / state drift,preserve; registry roles must be resolved before consolidation,KEEP
civora:valcea-clar/editions/2026-09-07-evening.json,editorial/source/state/receipt asset; authority varies by resource,repo maintainer / runtime owner if registered,not resolved,tracked at pinned HEAD; runtime use not proven,data loss / state drift,preserve; registry roles must be resolved before consolidation,KEEP
civora:valcea-clar/editions/2026-09-07-evening.md,editorial/source/state/receipt asset; authority varies by resource,repo maintainer / runtime owner if registered,not resolved,tracked at pinned HEAD; runtime use not proven,data loss / state drift,preserve; registry roles must be resolved before consolidation,KEEP
civora:valcea-clar/editions/2026-09-07-morning.json,editorial/source/state/receipt asset; authority varies by resource,repo maintainer / runtime owner if registered,not resolved,tracked at pinned HEAD; runtime use not proven,data loss / state drift,preserve; registry roles must be resolved before consolidation,KEEP
civora:valcea-clar/editions/2026-09-07-morning.md,editorial/source/state/receipt asset; authority varies by resource,repo maintainer / runtime owner if registered,not resolved,tracked at pinned HEAD; runtime use not proven,data loss / state drift,preserve; registry roles must be resolved before consolidation,KEEP
civora:valcea-clar/editions/2026-09-08-evening.json,editorial/source/state/receipt asset; authority varies by resource,repo maintainer / runtime owner if registered,not resolved,tracked at pinned HEAD; runtime use not proven,data loss / state drift,preserve; registry roles must be resolved before consolidation,KEEP
civora:valcea-clar/editions/2026-09-08-evening.md,editorial/source/state/receipt asset; authority varies by resource,repo maintainer / runtime owner if registered,not resolved,tracked at pinned HEAD; runtime use not proven,data loss / state drift,preserve; registry roles must be resolved before consolidation,KEEP
civora:valcea-clar/editions/2026-09-08-morning.json,editorial/source/state/receipt asset; authority varies by resource,repo maintainer / runtime owner if registered,not resolved,tracked at pinned HEAD; runtime use not proven,data loss / state drift,preserve; registry roles must be resolved before consolidation,KEEP
civora:valcea-clar/editions/2026-09-08-morning.md,editorial/source/state/receipt asset; authority varies by resource,repo maintainer / runtime owner if registered,not resolved,tracked at pinned HEAD; runtime use not proven,data loss / state drift,preserve; registry roles must be resolved before consolidation,KEEP
civora:valcea-clar/editions/2026-09-09-evening.json,editorial/source/state/receipt asset; authority varies by resource,repo maintainer / runtime owner if registered,not resolved,tracked at pinned HEAD; runtime use not proven,data loss / state drift,preserve; registry roles must be resolved before consolidation,KEEP
civora:valcea-clar/editions/2026-09-09-evening.md,editorial/source/state/receipt asset; authority varies by resource,repo maintainer / runtime owner if registered,not resolved,tracked at pinned HEAD; runtime use not proven,data loss / state drift,preserve; registry roles must be resolved before consolidation,KEEP
civora:valcea-clar/editions/2026-09-09-morning.json,editorial/source/state/receipt asset; authority varies by resource,repo maintainer / runtime owner if registered,not resolved,tracked at pinned HEAD; runtime use not proven,data loss / state drift,preserve; registry roles must be resolved before consolidation,KEEP
civora:valcea-clar/editions/2026-09-09-morning.md,editorial/source/state/receipt asset; authority varies by resource,repo maintainer / runtime owner if registered,not resolved,tracked at pinned HEAD; runtime use not proven,data loss / state drift,preserve; registry roles must be resolved before consolidation,KEEP
civora:valcea-clar/editions/2026-09-10-evening.json,editorial/source/state/receipt asset; authority varies by resource,repo maintainer / runtime owner if registered,not resolved,tracked at pinned HEAD; runtime use not proven,data loss / state drift,preserve; registry roles must be resolved before consolidation,KEEP
civora:valcea-clar/editions/2026-09-10-evening.md,editorial/source/state/receipt asset; authority varies by resource,repo maintainer / runtime owner if registered,not resolved,tracked at pinned HEAD; runtime use not proven,data loss / state drift,preserve; registry roles must be resolved before consolidation,KEEP
civora:valcea-clar/editions/2026-09-10-morning.json,editorial/source/state/receipt asset; authority varies by resource,repo maintainer / runtime owner if registered,not resolved,tracked at pinned HEAD; runtime use not proven,data loss / state drift,preserve; registry roles must be resolved before consolidation,KEEP
civora:valcea-clar/editions/2026-09-10-morning.md,editorial/source/state/receipt asset; authority varies by resource,repo maintainer / runtime owner if registered,not resolved,tracked at pinned HEAD; runtime use not proven,data loss / state drift,preserve; registry roles must be resolved before consolidation,KEEP
civora:valcea-clar/editions/2026-09-11-evening.json,editorial/source/state/receipt asset; authority varies by resource,repo maintainer / runtime owner if registered,not resolved,tracked at pinned HEAD; runtime use not proven,data loss / state drift,preserve; registry roles must be resolved before consolidation,KEEP
civora:valcea-clar/editions/2026-09-11-evening.md,editorial/source/state/receipt asset; authority varies by resource,repo maintainer / runtime owner if registered,not resolved,tracked at pinned HEAD; runtime use not proven,data loss / state drift,preserve; registry roles must be resolved before consolidation,KEEP
civora:valcea-clar/editions/2026-09-11-morning.json,editorial/source/state/receipt asset; authority varies by resource,repo maintainer / runtime owner if registered,not resolved,tracked at pinned HEAD; runtime use not proven,data loss / state drift,preserve; registry roles must be resolved before consolidation,KEEP
civora:valcea-clar/editions/2026-09-11-morning.md,editorial/source/state/receipt asset; authority varies by resource,repo maintainer / runtime owner if registered,not resolved,tracked at pinned HEAD; runtime use not proven,data loss / state drift,preserve; registry roles must be resolved before consolidation,KEEP
civora:valcea-clar/editions/2026-09-12-evening.json,editorial/source/state/receipt asset; authority varies by resource,repo maintainer / runtime owner if registered,not resolved,tracked at pinned HEAD; runtime use not proven,data loss / state drift,preserve; registry roles must be resolved before consolidation,KEEP
civora:valcea-clar/editions/2026-09-12-evening.md,editorial/source/state/receipt asset; authority varies by resource,repo maintainer / runtime owner if registered,not resolved,tracked at pinned HEAD; runtime use not proven,data loss / state drift,preserve; registry roles must be resolved before consolidation,KEEP
civora:valcea-clar/editions/2026-09-12-morning.json,editorial/source/state/receipt asset; authority varies by resource,repo maintainer / runtime owner if registered,not resolved,tracked at pinned HEAD; runtime use not proven,data loss / state drift,preserve; registry roles must be resolved before consolidation,KEEP
civora:valcea-clar/editions/2026-09-12-morning.md,editorial/source/state/receipt asset; authority varies by resource,repo maintainer / runtime owner if registered,not resolved,tracked at pinned HEAD; runtime use not proven,data loss / state drift,preserve; registry roles must be resolved before consolidation,KEEP
civora:valcea-clar/editions/2026-09-13-evening.json,editorial/source/state/receipt asset; authority varies by resource,repo maintainer / runtime owner if registered,not resolved,tracked at pinned HEAD; runtime use not proven,data loss / state drift,preserve; registry roles must be resolved before consolidation,KEEP
civora:valcea-clar/editions/2026-09-13-evening.md,editorial/source/state/receipt asset; authority varies by resource,repo maintainer / runtime owner if registered,not resolved,tracked at pinned HEAD; runtime use not proven,data loss / state drift,preserve; registry roles must be resolved before consolidation,KEEP
civora:valcea-clar/editions/2026-09-13-morning.json,editorial/source/state/receipt asset; authority varies by resource,repo maintainer / runtime owner if registered,not resolved,tracked at pinned HEAD; runtime use not proven,data loss / state drift,preserve; registry roles must be resolved before consolidation,KEEP
civora:valcea-clar/editions/2026-09-13-morning.md,editorial/source/state/receipt asset; authority varies by resource,repo maintainer / runtime owner if registered,not resolved,tracked at pinned HEAD; runtime use not proven,data loss / state drift,preserve; registry roles must be resolved before consolidation,KEEP
civora:valcea-clar/editions/2026-09-14-evening.json,editorial/source/state/receipt asset; authority varies by resource,repo maintainer / runtime owner if registered,not resolved,tracked at pinned HEAD; runtime use not proven,data loss / state drift,preserve; registry roles must be resolved before consolidation,KEEP
civora:valcea-clar/editions/2026-09-14-evening.md,editorial/source/state/receipt asset; authority varies by resource,repo maintainer / runtime owner if registered,not resolved,tracked at pinned HEAD; runtime use not proven,data loss / state drift,preserve; registry roles must be resolved before consolidation,KEEP
civora:valcea-clar/editions/2026-09-14-morning.json,editorial/source/state/receipt asset; authority varies by resource,repo maintainer / runtime owner if registered,not resolved,tracked at pinned HEAD; runtime use not proven,data loss / state drift,preserve; registry roles must be resolved before consolidation,KEEP
civora:valcea-clar/editions/2026-09-14-morning.md,editorial/source/state/receipt asset; authority varies by resource,repo maintainer / runtime owner if registered,not resolved,tracked at pinned HEAD; runtime use not proven,data loss / state drift,preserve; registry roles must be resolved before consolidation,KEEP
civora:valcea-clar/editions/2026-09-15-evening.json,editorial/source/state/receipt asset; authority varies by resource,repo maintainer / runtime owner if registered,not resolved,tracked at pinned HEAD; runtime use not proven,data loss / state drift,preserve; registry roles must be resolved before consolidation,KEEP
civora:valcea-clar/editions/2026-09-15-evening.md,editorial/source/state/receipt asset; authority varies by resource,repo maintainer / runtime owner if registered,not resolved,tracked at pinned HEAD; runtime use not proven,data loss / state drift,preserve; registry roles must be resolved before consolidation,KEEP
civora:valcea-clar/editions/2026-09-15-morning.json,editorial/source/state/receipt asset; authority varies by resource,repo maintainer / runtime owner if registered,not resolved,tracked at pinned HEAD; runtime use not proven,data loss / state drift,preserve; registry roles must be resolved before consolidation,KEEP
civora:valcea-clar/editions/2026-09-15-morning.md,editorial/source/state/receipt asset; authority varies by resource,repo maintainer / runtime owner if registered,not resolved,tracked at pinned HEAD; runtime use not proven,data loss / state drift,preserve; registry roles must be resolved before consolidation,KEEP
civora:valcea-clar/editions/2026-09-16-evening.json,editorial/source/state/receipt asset; authority varies by resource,repo maintainer / runtime owner if registered,not resolved,tracked at pinned HEAD; runtime use not proven,data loss / state drift,preserve; registry roles must be resolved before consolidation,KEEP
civora:valcea-clar/editions/2026-09-16-evening.md,editorial/source/state/receipt asset; authority varies by resource,repo maintainer / runtime owner if registered,not resolved,tracked at pinned HEAD; runtime use not proven,data loss / state drift,preserve; registry roles must be resolved before consolidation,KEEP
civora:valcea-clar/editions/2026-09-16-morning.json,editorial/source/state/receipt asset; authority varies by resource,repo maintainer / runtime owner if registered,not resolved,tracked at pinned HEAD; runtime use not proven,data loss / state drift,preserve; registry roles must be resolved before consolidation,KEEP
civora:valcea-clar/editions/2026-09-16-morning.md,editorial/source/state/receipt asset; authority varies by resource,repo maintainer / runtime owner if registered,not resolved,tracked at pinned HEAD; runtime use not proven,data loss / state drift,preserve; registry roles must be resolved before consolidation,KEEP
civora:valcea-clar/editions/2026-09-17-evening.json,editorial/source/state/receipt asset; authority varies by resource,repo maintainer / runtime owner if registered,not resolved,tracked at pinned HEAD; runtime use not proven,data loss / state drift,preserve; registry roles must be resolved before consolidation,KEEP
civora:valcea-clar/editions/2026-09-17-evening.md,editorial/source/state/receipt asset; authority varies by resource,repo maintainer / runtime owner if registered,not resolved,tracked at pinned HEAD; runtime use not proven,data loss / state drift,preserve; registry roles must be resolved before consolidation,KEEP
civora:valcea-clar/editions/2026-09-17-morning.json,editorial/source/state/receipt asset; authority varies by resource,repo maintainer / runtime owner if registered,not resolved,tracked at pinned HEAD; runtime use not proven,data loss / state drift,preserve; registry roles must be resolved before consolidation,KEEP
civora:valcea-clar/editions/2026-09-17-morning.md,editorial/source/state/receipt asset; authority varies by resource,repo maintainer / runtime owner if registered,not resolved,tracked at pinned HEAD; runtime use not proven,data loss / state drift,preserve; registry roles must be resolved before consolidation,KEEP
civora:valcea-clar/editions/2026-09-18-evening.json,editorial/source/state/receipt asset; authority varies by resource,repo maintainer / runtime owner if registered,not resolved,tracked at pinned HEAD; runtime use not proven,data loss / state drift,preserve; registry roles must be resolved before consolidation,KEEP
civora:valcea-clar/editions/2026-09-18-evening.md,editorial/source/state/receipt asset; authority varies by resource,repo maintainer / runtime owner if registered,not resolved,tracked at pinned HEAD; runtime use not proven,data loss / state drift,preserve; registry roles must be resolved before consolidation,KEEP
civora:valcea-clar/editions/2026-09-18-morning.json,editorial/source/state/receipt asset; authority varies by resource,repo maintainer / runtime owner if registered,not resolved,tracked at pinned HEAD; runtime use not proven,data loss / state drift,preserve; registry roles must be resolved before consolidation,KEEP
civora:valcea-clar/editions/2026-09-18-morning.md,editorial/source/state/receipt asset; authority varies by resource,repo maintainer / runtime owner if registered,not resolved,tracked at pinned HEAD; runtime use not proven,data loss / state drift,preserve; registry roles must be resolved before consolidation,KEEP
civora:valcea-clar/editions/2026-09-19-evening.json,editorial/source/state/receipt asset; authority varies by resource,repo maintainer / runtime owner if registered,not resolved,tracked at pinned HEAD; runtime use not proven,data loss / state drift,preserve; registry roles must be resolved before consolidation,KEEP
civora:valcea-clar/editions/2026-09-19-evening.md,editorial/source/state/receipt asset; authority varies by resource,repo maintainer / runtime owner if registered,not resolved,tracked at pinned HEAD; runtime use not proven,data loss / state drift,preserve; registry roles must be resolved before consolidation,KEEP
civora:valcea-clar/editions/2026-09-20-evening.json,editorial/source/state/receipt asset; authority varies by resource,repo maintainer / runtime owner if registered,not resolved,tracked at pinned HEAD; runtime use not proven,data loss / state drift,preserve; registry roles must be resolved before consolidation,KEEP
civora:valcea-clar/editions/2026-09-20-evening.md,editorial/source/state/receipt asset; authority varies by resource,repo maintainer / runtime owner if registered,not resolved,tracked at pinned HEAD; runtime use not proven,data loss / state drift,preserve; registry roles must be resolved before consolidation,KEEP
civora:valcea-clar/editions/2026-09-20-morning.json,editorial/source/state/receipt asset; authority varies by resource,repo maintainer / runtime owner if registered,not resolved,tracked at pinned HEAD; runtime use not proven,data loss / state drift,preserve; registry roles must be resolved before consolidation,KEEP
civora:valcea-clar/editions/2026-09-20-morning.md,editorial/source/state/receipt asset; authority varies by resource,repo maintainer / runtime owner if registered,not resolved,tracked at pinned HEAD; runtime use not proven,data loss / state drift,preserve; registry roles must be resolved before consolidation,KEEP
civora:valcea-clar/editions/2026-09-21-evening.json,editorial/source/state/receipt asset; authority varies by resource,repo maintainer / runtime owner if registered,not resolved,tracked at pinned HEAD; runtime use not proven,data loss / state drift,preserve; registry roles must be resolved before consolidation,KEEP
civora:valcea-clar/editions/2026-09-21-evening.md,editorial/source/state/receipt asset; authority varies by resource,repo maintainer / runtime owner if registered,not resolved,tracked at pinned HEAD; runtime use not proven,data loss / state drift,preserve; registry roles must be resolved before consolidation,KEEP
civora:valcea-clar/editions/2026-09-21-morning.json,editorial/source/state/receipt asset; authority varies by resource,repo maintainer / runtime owner if registered,not resolved,tracked at pinned HEAD; runtime use not proven,data loss / state drift,preserve; registry roles must be resolved before consolidation,KEEP
civora:valcea-clar/editions/2026-09-21-morning.md,editorial/source/state/receipt asset; authority varies by resource,repo maintainer / runtime owner if registered,not resolved,tracked at pinned HEAD; runtime use not proven,data loss / state drift,preserve; registry roles must be resolved before consolidation,KEEP
civora:valcea-clar/editions/2026-09-22-evening.json,editorial/source/state/receipt asset; authority varies by resource,repo maintainer / runtime owner if registered,not resolved,tracked at pinned HEAD; runtime use not proven,data loss / state drift,preserve; registry roles must be resolved before consolidation,KEEP
civora:valcea-clar/editions/2026-09-22-evening.md,editorial/source/state/receipt asset; authority varies by resource,repo maintainer / runtime owner if registered,not resolved,tracked at pinned HEAD; runtime use not proven,data loss / state drift,preserve; registry roles must be resolved before consolidation,KEEP
civora:valcea-clar/editions/2026-09-22-morning.json,editorial/source/state/receipt asset; authority varies by resource,repo maintainer / runtime owner if registered,not resolved,tracked at pinned HEAD; runtime use not proven,data loss / state drift,preserve; registry roles must be resolved before consolidation,KEEP
civora:valcea-clar/editions/2026-09-22-morning.md,editorial/source/state/receipt asset; authority varies by resource,repo maintainer / runtime owner if registered,not resolved,tracked at pinned HEAD; runtime use not proven,data loss / state drift,preserve; registry roles must be resolved before consolidation,KEEP
civora:valcea-clar/editions/2026-09-23-evening.json,editorial/source/state/receipt asset; authority varies by resource,repo maintainer / runtime owner if registered,not resolved,tracked at pinned HEAD; runtime use not proven,data loss / state drift,preserve; registry roles must be resolved before consolidation,KEEP
civora:valcea-clar/editions/2026-09-23-evening.md,editorial/source/state/receipt asset; authority varies by resource,repo maintainer / runtime owner if registered,not resolved,tracked at pinned HEAD; runtime use not proven,data loss / state drift,preserve; registry roles must be resolved before consolidation,KEEP
civora:valcea-clar/editions/2026-09-23-morning.json,editorial/source/state/receipt asset; authority varies by resource,repo maintainer / runtime owner if registered,not resolved,tracked at pinned HEAD; runtime use not proven,data loss / state drift,preserve; registry roles must be resolved before consolidation,KEEP
civora:valcea-clar/editions/2026-09-23-morning.md,editorial/source/state/receipt asset; authority varies by resource,repo maintainer / runtime owner if registered,not resolved,tracked at pinned HEAD; runtime use not proven,data loss / state drift,preserve; registry roles must be resolved before consolidation,KEEP
civora:valcea-clar/editions/2026-09-24-evening.json,editorial/source/state/receipt asset; authority varies by resource,repo maintainer / runtime owner if registered,not resolved,tracked at pinned HEAD; runtime use not proven,data loss / state drift,preserve; registry roles must be resolved before consolidation,KEEP
civora:valcea-clar/editions/2026-09-24-evening.md,editorial/source/state/receipt asset; authority varies by resource,repo maintainer / runtime owner if registered,not resolved,tracked at pinned HEAD; runtime use not proven,data loss / state drift,preserve; registry roles must be resolved before consolidation,KEEP
civora:valcea-clar/editions/2026-09-24-morning.json,editorial/source/state/receipt asset; authority varies by resource,repo maintainer / runtime owner if registered,not resolved,tracked at pinned HEAD; runtime use not proven,data loss / state drift,preserve; registry roles must be resolved before consolidation,KEEP
civora:valcea-clar/editions/2026-09-24-morning.md,editorial/source/state/receipt asset; authority varies by resource,repo maintainer / runtime owner if registered,not resolved,tracked at pinned HEAD; runtime use not proven,data loss / state drift,preserve; registry roles must be resolved before consolidation,KEEP
civora:valcea-clar/editions/2026-09-25-evening.json,editorial/source/state/receipt asset; authority varies by resource,repo maintainer / runtime owner if registered,not resolved,tracked at pinned HEAD; runtime use not proven,data loss / state drift,preserve; registry roles must be resolved before consolidation,KEEP
civora:valcea-clar/editions/2026-09-25-evening.md,editorial/source/state/receipt asset; authority varies by resource,repo maintainer / runtime owner if registered,not resolved,tracked at pinned HEAD; runtime use not proven,data loss / state drift,preserve; registry roles must be resolved before consolidation,KEEP
civora:valcea-clar/editions/2026-09-25-morning.json,editorial/source/state/receipt asset; authority varies by resource,repo maintainer / runtime owner if registered,not resolved,tracked at pinned HEAD; runtime use not proven,data loss / state drift,preserve; registry roles must be resolved before consolidation,KEEP
civora:valcea-clar/editions/2026-09-25-morning.md,editorial/source/state/receipt asset; authority varies by resource,repo maintainer / runtime owner if registered,not resolved,tracked at pinned HEAD; runtime use not proven,data loss / state drift,preserve; registry roles must be resolved before consolidation,KEEP
civora:valcea-clar/editions/2026-09-26-evening.json,editorial/source/state/receipt asset; authority varies by resource,repo maintainer / runtime owner if registered,not resolved,tracked at pinned HEAD; runtime use not proven,data loss / state drift,preserve; registry roles must be resolved before consolidation,KEEP
civora:valcea-clar/editions/2026-09-26-evening.md,editorial/source/state/receipt asset; authority varies by resource,repo maintainer / runtime owner if registered,not resolved,tracked at pinned HEAD; runtime use not proven,data loss / state drift,preserve; registry roles must be resolved before consolidation,KEEP
civora:valcea-clar/editions/2026-09-26-morning.json,editorial/source/state/receipt asset; authority varies by resource,repo maintainer / runtime owner if registered,not resolved,tracked at pinned HEAD; runtime use not proven,data loss / state drift,preserve; registry roles must be resolved before consolidation,KEEP
civora:valcea-clar/editions/2026-09-26-morning.md,editorial/source/state/receipt asset; authority varies by resource,repo maintainer / runtime owner if registered,not resolved,tracked at pinned HEAD; runtime use not proven,data loss / state drift,preserve; registry roles must be resolved before consolidation,KEEP
civora:valcea-clar/editions/2026-09-27-evening.json,editorial/source/state/receipt asset; authority varies by resource,repo maintainer / runtime owner if registered,not resolved,tracked at pinned HEAD; runtime use not proven,data loss / state drift,preserve; registry roles must be resolved before consolidation,KEEP
civora:valcea-clar/editions/2026-09-27-evening.md,editorial/source/state/receipt asset; authority varies by resource,repo maintainer / runtime owner if registered,not resolved,tracked at pinned HEAD; runtime use not proven,data loss / state drift,preserve; registry roles must be resolved before consolidation,KEEP
civora:valcea-clar/editions/2026-09-27-morning.json,editorial/source/state/receipt asset; authority varies by resource,repo maintainer / runtime owner if registered,not resolved,tracked at pinned HEAD; runtime use not proven,data loss / state drift,preserve; registry roles must be resolved before consolidation,KEEP
civora:valcea-clar/editions/2026-09-27-morning.md,editorial/source/state/receipt asset; authority varies by resource,repo maintainer / runtime owner if registered,not resolved,tracked at pinned HEAD; runtime use not proven,data loss / state drift,preserve; registry roles must be resolved before consolidation,KEEP
civora:valcea-clar/editions/2026-09-28-morning.json,editorial/source/state/receipt asset; authority varies by resource,repo maintainer / runtime owner if registered,not resolved,tracked at pinned HEAD; runtime use not proven,data loss / state drift,preserve; registry roles must be resolved before consolidation,KEEP
civora:valcea-clar/editions/2026-09-28-morning.md,editorial/source/state/receipt asset; authority varies by resource,repo maintainer / runtime owner if registered,not resolved,tracked at pinned HEAD; runtime use not proven,data loss / state drift,preserve; registry roles must be resolved before consolidation,KEEP
civora:valcea-clar/editions/2026-09-29-evening.json,editorial/source/state/receipt asset; authority varies by resource,repo maintainer / runtime owner if registered,not resolved,tracked at pinned HEAD; runtime use not proven,data loss / state drift,preserve; registry roles must be resolved before consolidation,KEEP
civora:valcea-clar/editions/2026-09-29-evening.md,editorial/source/state/receipt asset; authority varies by resource,repo maintainer / runtime owner if registered,not resolved,tracked at pinned HEAD; runtime use not proven,data loss / state drift,preserve; registry roles must be resolved before consolidation,KEEP
civora:valcea-clar/editions/2026-09-29-morning.json,editorial/source/state/receipt asset; authority varies by resource,repo maintainer / runtime owner if registered,not resolved,tracked at pinned HEAD; runtime use not proven,data loss / state drift,preserve; registry roles must be resolved before consolidation,KEEP
civora:valcea-clar/editions/2026-09-29-morning.md,editorial/source/state/receipt asset; authority varies by resource,repo maintainer / runtime owner if registered,not resolved,tracked at pinned HEAD; runtime use not proven,data loss / state drift,preserve; registry roles must be resolved before consolidation,KEEP
civora:valcea-clar/editions/2026-09-30-evening.json,editorial/source/state/receipt asset; authority varies by resource,repo maintainer / runtime owner if registered,not resolved,tracked at pinned HEAD; runtime use not proven,data loss / state drift,preserve; registry roles must be resolved before consolidation,KEEP
civora:valcea-clar/editions/2026-09-30-evening.md,editorial/source/state/receipt asset; authority varies by resource,repo maintainer / runtime owner if registered,not resolved,tracked at pinned HEAD; runtime use not proven,data loss / state drift,preserve; registry roles must be resolved before consolidation,KEEP
civora:valcea-clar/editions/2026-09-30-morning.json,editorial/source/state/receipt asset; authority varies by resource,repo maintainer / runtime owner if registered,not resolved,tracked at pinned HEAD; runtime use not proven,data loss / state drift,preserve; registry roles must be resolved before consolidation,KEEP
civora:valcea-clar/editions/2026-09-30-morning.md,editorial/source/state/receipt asset; authority varies by resource,repo maintainer / runtime owner if registered,not resolved,tracked at pinned HEAD; runtime use not proven,data loss / state drift,preserve; registry roles must be resolved before consolidation,KEEP
civora:valcea-clar/editions/2026-10-01-morning.json,editorial/source/state/receipt asset; authority varies by resource,repo maintainer / runtime owner if registered,not resolved,tracked at pinned HEAD; runtime use not proven,data loss / state drift,preserve; registry roles must be resolved before consolidation,KEEP
civora:valcea-clar/editions/2026-10-01-morning.md,editorial/source/state/receipt asset; authority varies by resource,repo maintainer / runtime owner if registered,not resolved,tracked at pinned HEAD; runtime use not proven,data loss / state drift,preserve; registry roles must be resolved before consolidation,KEEP
civora:valcea-clar/editions/2026-10-02-morning.json,editorial/source/state/receipt asset; authority varies by resource,repo maintainer / runtime owner if registered,not resolved,tracked at pinned HEAD; runtime use not proven,data loss / state drift,preserve; registry roles must be resolved before consolidation,KEEP
civora:valcea-clar/editions/2026-10-02-morning.md,editorial/source/state/receipt asset; authority varies by resource,repo maintainer / runtime owner if registered,not resolved,tracked at pinned HEAD; runtime use not proven,data loss / state drift,preserve; registry roles must be resolved before consolidation,KEEP
civora:valcea-clar/editions/2026-10-03-morning.json,editorial/source/state/receipt asset; authority varies by resource,repo maintainer / runtime owner if registered,not resolved,tracked at pinned HEAD; runtime use not proven,data loss / state drift,preserve; registry roles must be resolved before consolidation,KEEP
civora:valcea-clar/editions/2026-10-03-morning.md,editorial/source/state/receipt asset; authority varies by resource,repo maintainer / runtime owner if registered,not resolved,tracked at pinned HEAD; runtime use not proven,data loss / state drift,preserve; registry roles must be resolved before consolidation,KEEP
civora:valcea-clar/editions/2026-10-04-morning.json,editorial/source/state/receipt asset; authority varies by resource,repo maintainer / runtime owner if registered,not resolved,tracked at pinned HEAD; runtime use not proven,data loss / state drift,preserve; registry roles must be resolved before consolidation,KEEP
civora:valcea-clar/editions/2026-10-04-morning.md,editorial/source/state/receipt asset; authority varies by resource,repo maintainer / runtime owner if registered,not resolved,tracked at pinned HEAD; runtime use not proven,data loss / state drift,preserve; registry roles must be resolved before consolidation,KEEP
civora:valcea-clar/editions/2026-10-05-morning.json,editorial/source/state/receipt asset; authority varies by resource,repo maintainer / runtime owner if registered,not resolved,tracked at pinned HEAD; runtime use not proven,data loss / state drift,preserve; registry roles must be resolved before consolidation,KEEP
civora:valcea-clar/editions/2026-10-05-morning.md,editorial/source/state/receipt asset; authority varies by resource,repo maintainer / runtime owner if registered,not resolved,tracked at pinned HEAD; runtime use not proven,data loss / state drift,preserve; registry roles must be resolved before consolidation,KEEP
civora:valcea-clar/editions/2026-10-06-morning.json,editorial/source/state/receipt asset; authority varies by resource,repo maintainer / runtime owner if registered,not resolved,tracked at pinned HEAD; runtime use not proven,data loss / state drift,preserve; registry roles must be resolved before consolidation,KEEP
civora:valcea-clar/editions/2026-10-06-morning.md,editorial/source/state/receipt asset; authority varies by resource,repo maintainer / runtime owner if registered,not resolved,tracked at pinned HEAD; runtime use not proven,data loss / state drift,preserve; registry roles must be resolved before consolidation,KEEP
civora:valcea-clar/editions/2026-10-07-evening.json,editorial/source/state/receipt asset; authority varies by resource,repo maintainer / runtime owner if registered,not resolved,tracked at pinned HEAD; runtime use not proven,data loss / state drift,preserve; registry roles must be resolved before consolidation,KEEP
civora:valcea-clar/editions/2026-10-07-evening.md,editorial/source/state/receipt asset; authority varies by resource,repo maintainer / runtime owner if registered,not resolved,tracked at pinned HEAD; runtime use not proven,data loss / state drift,preserve; registry roles must be resolved before consolidation,KEEP
civora:valcea-clar/editorial/auto_facts.json,editorial/source/state/receipt asset; authority varies by resource,repo maintainer / runtime owner if registered,.github/workflows/valcea-clar-editions.yml;.github/workflows/valcea-clar-newsroom-live.yml,workflow reference: .github/workflows/valcea-clar-editions.yml;.github/workflows/valcea-clar-newsroom-live.yml,data loss / state drift,preserve; registry roles must be resolved before consolidation,KEEP
civora:valcea-clar/editorial/corrections.json,editorial/source/state/receipt asset; authority varies by resource,repo maintainer / runtime owner if registered,.github/workflows/valcea-clar-s4-publication-ux.yml,workflow reference: .github/workflows/valcea-clar-s4-publication-ux.yml,data loss / state drift,preserve; registry roles must be resolved before consolidation,KEEP
civora:valcea-clar/editorial/council_decision_document_corpus.json,editorial/source/state/receipt asset; authority varies by resource,repo maintainer / runtime owner if registered,.github/workflows/valcea-clar-fact-kernel.yml,workflow reference: .github/workflows/valcea-clar-fact-kernel.yml,data loss / state drift,preserve; registry roles must be resolved before consolidation,KEEP
civora:valcea-clar/editorial/council_decision_graph.json,editorial/source/state/receipt asset; authority varies by resource,repo maintainer / runtime owner if registered,.github/workflows/valcea-clar-fact-kernel.yml,workflow reference: .github/workflows/valcea-clar-fact-kernel.yml,data loss / state drift,preserve; registry roles must be resolved before consolidation,KEEP
civora:valcea-clar/editorial/council_docmanager_document_structure.json,editorial/source/state/receipt asset; authority varies by resource,repo maintainer / runtime owner if registered,.github/workflows/valcea-clar-fact-kernel.yml,workflow reference: .github/workflows/valcea-clar-fact-kernel.yml,data loss / state drift,preserve; registry roles must be resolved before consolidation,KEEP
civora:valcea-clar/editorial/council_docmanager_structure.json,editorial/source/state/receipt asset; authority varies by resource,repo maintainer / runtime owner if registered,.github/workflows/valcea-clar-fact-kernel.yml,workflow reference: .github/workflows/valcea-clar-fact-kernel.yml,data loss / state drift,preserve; registry roles must be resolved before consolidation,KEEP
civora:valcea-clar/editorial/council_investigation_leads.json,editorial/source/state/receipt asset; authority varies by resource,repo maintainer / runtime owner if registered,.github/workflows/valcea-clar-fact-kernel.yml,workflow reference: .github/workflows/valcea-clar-fact-kernel.yml,data loss / state drift,preserve; registry roles must be resolved before consolidation,KEEP
civora:valcea-clar/editorial/council_watch_rm_valcea_state.json,editorial/source/state/receipt asset; authority varies by resource,repo maintainer / runtime owner if registered,.github/workflows/valcea-clar-fact-kernel.yml;.github/workflows/valcea-clar-monitor-ledger.yml,workflow reference: .github/workflows/valcea-clar-fact-kernel.yml;.github/workflows/valcea-clar-monitor-ledger.yml,data loss / state drift,preserve; registry roles must be resolved before consolidation,KEEP
civora:valcea-clar/editorial/currentness_overrides.json,editorial/source/state/receipt asset; authority varies by resource,repo maintainer / runtime owner if registered,not resolved,tracked at pinned HEAD; runtime use not proven,data loss / state drift,preserve; registry roles must be resolved before consolidation,KEEP
civora:valcea-clar/editorial/distinctive_products.json,editorial/source/state/receipt asset; authority varies by resource,repo maintainer / runtime owner if registered,.github/workflows/valcea-clar-s5-distinctive-products.yml,workflow reference: .github/workflows/valcea-clar-s5-distinctive-products.yml,data loss / state drift,preserve; registry roles must be resolved before consolidation,KEEP
civora:valcea-clar/editorial/editorial_manual.json,editorial/source/state/receipt asset; authority varies by resource,repo maintainer / runtime owner if registered,.github/workflows/valcea-clar-editorial-writer.yml;.github/workflows/valcea-clar-fact-kernel.yml,workflow reference: .github/workflows/valcea-clar-editorial-writer.yml;.github/workflows/valcea-clar-fact-kernel.yml,data loss / state drift,preserve; registry roles must be resolved before consolidation,KEEP
civora:valcea-clar/editorial/editorial_opportunity_queue.json,editorial/source/state/receipt asset; authority varies by resource,repo maintainer / runtime owner if registered,.github/workflows/valcea-clar-editorial-opportunity-engine.yml,workflow reference: .github/workflows/valcea-clar-editorial-opportunity-engine.yml,data loss / state drift,preserve; registry roles must be resolved before consolidation,KEEP
civora:valcea-clar/editorial/editorial_product_policy.json,editorial/source/state/receipt asset; authority varies by resource,repo maintainer / runtime owner if registered,.github/workflows/valcea-clar-editorial-opportunity-engine.yml,workflow reference: .github/workflows/valcea-clar-editorial-opportunity-engine.yml,data loss / state drift,preserve; registry roles must be resolved before consolidation,KEEP
civora:valcea-clar/editorial/editorial_products.json,editorial/source/state/receipt asset; authority varies by resource,repo maintainer / runtime owner if registered,.github/workflows/valcea-clar-fact-kernel.yml,workflow reference: .github/workflows/valcea-clar-fact-kernel.yml,data loss / state drift,preserve; registry roles must be resolved before consolidation,KEEP
civora:valcea-clar/editorial/editorial_writing_quality.py,editorial/source/state/receipt asset; authority varies by resource,repo maintainer / runtime owner if registered,.github/workflows/valcea-clar-editorial-writing-quality.yml,workflow reference: .github/workflows/valcea-clar-editorial-writing-quality.yml,data loss / state drift,preserve; registry roles must be resolved before consolidation,KEEP
civora:valcea-clar/editorial/fact_kernel_registry.json,editorial/source/state/receipt asset; authority varies by resource,repo maintainer / runtime owner if registered,.github/workflows/valcea-clar-editorial-opportunity-engine.yml;.github/workflows/valcea-clar-fact-kernel.yml,workflow reference: .github/workflows/valcea-clar-editorial-opportunity-engine.yml;.github/workflows/valcea-clar-fact-kernel.yml,data loss / state drift,preserve; registry roles must be resolved before consolidation,KEEP
civora:valcea-clar/editorial/facts_registry.json,editorial/source/state/receipt asset; authority varies by resource,repo maintainer / runtime owner if registered,.github/workflows/valcea-clar-editorial-opportunity-engine.yml;.github/workflows/valcea-clar-editorial-writer.yml;.github/workflows/valcea-clar-fact-kernel.yml;.github/workflows/valcea-clar-newsroom-live.yml;.github/workflows/valcea-clar-newsroom-transaction-diagnostic.yml;.github/workflows/valcea-clar-person-candidate-discovery.yml;.github/workflows/valcea-clar-s5-distinctive-products.yml;.github/workflows/valcea-clar-scm-newsroom-diagnostic.yml;.github/workflows/valcea-clar-structured-alerts.yml,workflow reference: .github/workflows/valcea-clar-editorial-opportunity-engine.yml;.github/workflows/valcea-clar-editorial-writer.yml;.github/workflows/valcea-clar-fact-kernel.yml;.github/workflows/valcea-clar-newsroom-live.yml;.github/workflows/valcea-clar-newsroom-transaction-diagnostic.yml;.github/workflows/valcea-clar-person-candidate-discovery.yml;.github/workflows/valcea-clar-s5-distinctive-products.yml;.github/workflows/valcea-clar-scm-newsroom-diagnostic.yml,data loss / state drift,preserve; registry roles must be resolved before consolidation,KEEP
civora:valcea-clar/editorial/festival_dossiers_2026.json,editorial/source/state/receipt asset; authority varies by resource,repo maintainer / runtime owner if registered,not resolved,tracked at pinned HEAD; runtime use not proven,data loss / state drift,preserve; registry roles must be resolved before consolidation,KEEP
civora:valcea-clar/editorial/festival_dossiers_traditional_2026.json,editorial/source/state/receipt asset; authority varies by resource,repo maintainer / runtime owner if registered,not resolved,tracked at pinned HEAD; runtime use not proven,data loss / state drift,preserve; registry roles must be resolved before consolidation,KEEP
civora:valcea-clar/editorial/festival_lineups_2026.json,editorial/source/state/receipt asset; authority varies by resource,repo maintainer / runtime owner if registered,.github/workflows/valcea-clar-people-intelligence.yml,workflow reference: .github/workflows/valcea-clar-people-intelligence.yml,data loss / state drift,preserve; registry roles must be resolved before consolidation,KEEP
civora:valcea-clar/editorial/festival_source_registry.json,editorial/source/state/receipt asset; authority varies by resource,repo maintainer / runtime owner if registered,.github/workflows/valcea-clar-festival-intelligence-monitor.yml,workflow reference: .github/workflows/valcea-clar-festival-intelligence-monitor.yml,data loss / state drift,preserve; registry roles must be resolved before consolidation,KEEP
civora:valcea-clar/editorial/festival_update_candidates.json,editorial/source/state/receipt asset; authority varies by resource,repo maintainer / runtime owner if registered,.github/workflows/valcea-clar-festival-intelligence-monitor.yml,workflow reference: .github/workflows/valcea-clar-festival-intelligence-monitor.yml,data loss / state drift,preserve; registry roles must be resolved before consolidation,KEEP
civora:valcea-clar/editorial/gambling_ramnicu_2026_dossier.json,editorial/source/state/receipt asset; authority varies by resource,repo maintainer / runtime owner if registered,.github/workflows/valcea-clar-fact-kernel.yml,workflow reference: .github/workflows/valcea-clar-fact-kernel.yml,data loss / state drift,preserve; registry roles must be resolved before consolidation,KEEP
civora:valcea-clar/editorial/infrastructure_monitor_registry.json,editorial/source/state/receipt asset; authority varies by resource,repo maintainer / runtime owner if registered,.github/workflows/valcea-clar-editorial-opportunity-engine.yml;.github/workflows/valcea-clar-monitor-ledger.yml,workflow reference: .github/workflows/valcea-clar-editorial-opportunity-engine.yml;.github/workflows/valcea-clar-monitor-ledger.yml,data loss / state drift,preserve; registry roles must be resolved before consolidation,KEEP
civora:valcea-clar/editorial/infrastructure_monitor_state.json,editorial/source/state/receipt asset; authority varies by resource,repo maintainer / runtime owner if registered,.github/workflows/valcea-clar-monitor-ledger.yml,workflow reference: .github/workflows/valcea-clar-monitor-ledger.yml,data loss / state drift,preserve; registry roles must be resolved before consolidation,KEEP
civora:valcea-clar/editorial/local_life_entity_corrections.json,editorial/source/state/receipt asset; authority varies by resource,repo maintainer / runtime owner if registered,.github/workflows/valcea-clar-local-life-sync.yml,workflow reference: .github/workflows/valcea-clar-local-life-sync.yml,data loss / state drift,preserve; registry roles must be resolved before consolidation,KEEP
civora:valcea-clar/editorial/local_life_events.json,editorial/source/state/receipt asset; authority varies by resource,repo maintainer / runtime owner if registered,.github/workflows/valcea-clar-local-life-sync.yml,workflow reference: .github/workflows/valcea-clar-local-life-sync.yml,data loss / state drift,preserve; registry roles must be resolved before consolidation,KEEP
civora:valcea-clar/editorial/local_life_surface_registry.json,editorial/source/state/receipt asset; authority varies by resource,repo maintainer / runtime owner if registered,.github/workflows/valcea-clar-local-life-sync.yml,workflow reference: .github/workflows/valcea-clar-local-life-sync.yml,data loss / state drift,preserve; registry roles must be resolved before consolidation,KEEP
civora:valcea-clar/editorial/manual_publish_queue.json,editorial/source/state/receipt asset; authority varies by resource,repo maintainer / runtime owner if registered,.github/workflows/valcea-clar-fact-kernel.yml;.github/workflows/valcea-clar-manual-publish.yml,workflow reference: .github/workflows/valcea-clar-fact-kernel.yml;.github/workflows/valcea-clar-manual-publish.yml,data loss / state drift,preserve; registry roles must be resolved before consolidation,KEEP
civora:valcea-clar/editorial/manual_watch_sources.json,editorial/source/state/receipt asset; authority varies by resource,repo maintainer / runtime owner if registered,.github/workflows/valcea-clar-monitor-ledger.yml;.github/workflows/valcea-clar-source-radar.yml,workflow reference: .github/workflows/valcea-clar-monitor-ledger.yml;.github/workflows/valcea-clar-source-radar.yml,data loss / state drift,preserve; registry roles must be resolved before consolidation,KEEP
civora:valcea-clar/editorial/market_intelligence_registry.json,editorial/source/state/receipt asset; authority varies by resource,repo maintainer / runtime owner if registered,.github/workflows/valcea-clar-editorial-opportunity-engine.yml;.github/workflows/valcea-clar-monitor-ledger.yml,workflow reference: .github/workflows/valcea-clar-editorial-opportunity-engine.yml;.github/workflows/valcea-clar-monitor-ledger.yml,data loss / state drift,preserve; registry roles must be resolved before consolidation,KEEP
civora:valcea-clar/editorial/market_intelligence_state.json,editorial/source/state/receipt asset; authority varies by resource,repo maintainer / runtime owner if registered,.github/workflows/valcea-clar-monitor-ledger.yml,workflow reference: .github/workflows/valcea-clar-monitor-ledger.yml,data loss / state drift,preserve; registry roles must be resolved before consolidation,KEEP
civora:valcea-clar/editorial/monitor_registry.json,editorial/source/state/receipt asset; authority varies by resource,repo maintainer / runtime owner if registered,.github/workflows/valcea-clar-editorial-opportunity-engine.yml;.github/workflows/valcea-clar-festival-intelligence-monitor.yml;.github/workflows/valcea-clar-monitor-ledger.yml,workflow reference: .github/workflows/valcea-clar-editorial-opportunity-engine.yml;.github/workflows/valcea-clar-festival-intelligence-monitor.yml;.github/workflows/valcea-clar-monitor-ledger.yml,data loss / state drift,preserve; registry roles must be resolved before consolidation,KEEP
civora:valcea-clar/editorial/monitor_state.json,editorial/source/state/receipt asset; authority varies by resource,repo maintainer / runtime owner if registered,.github/workflows/valcea-clar-editorial-opportunity-engine.yml;.github/workflows/valcea-clar-monitor-ledger.yml,workflow reference: .github/workflows/valcea-clar-editorial-opportunity-engine.yml;.github/workflows/valcea-clar-monitor-ledger.yml,data loss / state drift,preserve; registry roles must be resolved before consolidation,KEEP
civora:valcea-clar/editorial/news_discovery_state.json,editorial/source/state/receipt asset; authority varies by resource,repo maintainer / runtime owner if registered,.github/workflows/valcea-clar-editions.yml;.github/workflows/valcea-clar-monitor-ledger.yml;.github/workflows/valcea-clar-newsroom-live.yml,workflow reference: .github/workflows/valcea-clar-editions.yml;.github/workflows/valcea-clar-monitor-ledger.yml;.github/workflows/valcea-clar-newsroom-live.yml,data loss / state drift,preserve; registry roles must be resolved before consolidation,KEEP
civora:valcea-clar/editorial/news_sources.json,editorial/source/state/receipt asset; authority varies by resource,repo maintainer / runtime owner if registered,.github/workflows/valcea-clar-monitor-ledger.yml;.github/workflows/valcea-clar-newsroom-live.yml;.github/workflows/valcea-clar-source-radar.yml,workflow reference: .github/workflows/valcea-clar-monitor-ledger.yml;.github/workflows/valcea-clar-newsroom-live.yml;.github/workflows/valcea-clar-source-radar.yml,data loss / state drift,preserve; registry roles must be resolved before consolidation,KEEP
civora:valcea-clar/editorial/news_sources_expansion_v1.json,editorial/source/state/receipt asset; authority varies by resource,repo maintainer / runtime owner if registered,.github/workflows/local-news-os-core.yml,workflow reference: .github/workflows/local-news-os-core.yml,data loss / state drift,preserve; registry roles must be resolved before consolidation,KEEP
civora:valcea-clar/editorial/newsroom_transaction_diagnostic.json,editorial/source/state/receipt asset; authority varies by resource,repo maintainer / runtime owner if registered,not resolved,tracked at pinned HEAD; runtime use not proven,data loss / state drift,preserve; registry roles must be resolved before consolidation,KEEP
civora:valcea-clar/editorial/nou-deschis-spartan-ramnicu-valcea.md,editorial/source/state/receipt asset; authority varies by resource,repo maintainer / runtime owner if registered,not resolved,tracked at pinned HEAD; runtime use not proven,data loss / state drift,preserve; registry roles must be resolved before consolidation,KEEP
civora:valcea-clar/editorial/operator_runs/2026-09-22T2201+0300.json,editorial/source/state/receipt asset; authority varies by resource,repo maintainer / runtime owner if registered,not resolved,tracked at pinned HEAD; runtime use not proven,data loss / state drift,preserve; registry roles must be resolved before consolidation,KEEP
civora:valcea-clar/editorial/operator_runs/2026-09-22T2258+0300.json,editorial/source/state/receipt asset; authority varies by resource,repo maintainer / runtime owner if registered,not resolved,tracked at pinned HEAD; runtime use not proven,data loss / state drift,preserve; registry roles must be resolved before consolidation,KEEP
civora:valcea-clar/editorial/operator_runs/2026-09-22T2358+0300.json,editorial/source/state/receipt asset; authority varies by resource,repo maintainer / runtime owner if registered,not resolved,tracked at pinned HEAD; runtime use not proven,data loss / state drift,preserve; registry roles must be resolved before consolidation,KEEP
civora:valcea-clar/editorial/operator_runs/2026-09-23T0058+0300.json,editorial/source/state/receipt asset; authority varies by resource,repo maintainer / runtime owner if registered,not resolved,tracked at pinned HEAD; runtime use not proven,data loss / state drift,preserve; registry roles must be resolved before consolidation,KEEP
civora:valcea-clar/editorial/operator_runs/2026-09-23T0203+0300.json,editorial/source/state/receipt asset; authority varies by resource,repo maintainer / runtime owner if registered,not resolved,tracked at pinned HEAD; runtime use not proven,data loss / state drift,preserve; registry roles must be resolved before consolidation,KEEP
civora:valcea-clar/editorial/operator_runs/2026-09-23T0302+0300.json,editorial/source/state/receipt asset; authority varies by resource,repo maintainer / runtime owner if registered,not resolved,tracked at pinned HEAD; runtime use not proven,data loss / state drift,preserve; registry roles must be resolved before consolidation,KEEP
civora:valcea-clar/editorial/operator_runs/2026-09-23T0358+0300.json,editorial/source/state/receipt asset; authority varies by resource,repo maintainer / runtime owner if registered,not resolved,tracked at pinned HEAD; runtime use not proven,data loss / state drift,preserve; registry roles must be resolved before consolidation,KEEP
civora:valcea-clar/editorial/operator_runs/2026-09-23T1200+0300.json,editorial/source/state/receipt asset; authority varies by resource,repo maintainer / runtime owner if registered,not resolved,tracked at pinned HEAD; runtime use not proven,data loss / state drift,preserve; registry roles must be resolved before consolidation,KEEP
civora:valcea-clar/editorial/operator_runs/2026-09-24T0102+0300.json,editorial/source/state/receipt asset; authority varies by resource,repo maintainer / runtime owner if registered,not resolved,tracked at pinned HEAD; runtime use not proven,data loss / state drift,preserve; registry roles must be resolved before consolidation,KEEP
civora:valcea-clar/editorial/operator_runs/2026-09-24T0206+0300.json,editorial/source/state/receipt asset; authority varies by resource,repo maintainer / runtime owner if registered,not resolved,tracked at pinned HEAD; runtime use not proven,data loss / state drift,preserve; registry roles must be resolved before consolidation,KEEP
civora:valcea-clar/editorial/operator_runs/2026-09-24T0304+0300.json,editorial/source/state/receipt asset; authority varies by resource,repo maintainer / runtime owner if registered,not resolved,tracked at pinned HEAD; runtime use not proven,data loss / state drift,preserve; registry roles must be resolved before consolidation,KEEP
civora:valcea-clar/editorial/operator_runs/2026-09-24T1529+0300.json,editorial/source/state/receipt asset; authority varies by resource,repo maintainer / runtime owner if registered,not resolved,tracked at pinned HEAD; runtime use not proven,data loss / state drift,preserve; registry roles must be resolved before consolidation,KEEP
civora:valcea-clar/editorial/operators/automation-run-20260924t1658.md,editorial/source/state/receipt asset; authority varies by resource,repo maintainer / runtime owner if registered,not resolved,tracked at pinned HEAD; runtime use not proven,data loss / state drift,preserve; registry roles must be resolved before consolidation,KEEP
civora:valcea-clar/editorial/performing_arts_dossiers_2026.json,editorial/source/state/receipt asset; authority varies by resource,repo maintainer / runtime owner if registered,not resolved,tracked at pinned HEAD; runtime use not proven,data loss / state drift,preserve; registry roles must be resolved before consolidation,KEEP
civora:valcea-clar/editorial/performing_arts_monitor_registry.json,editorial/source/state/receipt asset; authority varies by resource,repo maintainer / runtime owner if registered,.github/workflows/valcea-clar-festival-intelligence-monitor.yml;.github/workflows/valcea-clar-monitor-ledger.yml,workflow reference: .github/workflows/valcea-clar-festival-intelligence-monitor.yml;.github/workflows/valcea-clar-monitor-ledger.yml,data loss / state drift,preserve; registry roles must be resolved before consolidation,KEEP
civora:valcea-clar/editorial/performing_arts_people_2026.json,editorial/source/state/receipt asset; authority varies by resource,repo maintainer / runtime owner if registered,.github/workflows/valcea-clar-people-intelligence.yml,workflow reference: .github/workflows/valcea-clar-people-intelligence.yml,data loss / state drift,preserve; registry roles must be resolved before consolidation,KEEP
civora:valcea-clar/editorial/performing_arts_source_registry.json,editorial/source/state/receipt asset; authority varies by resource,repo maintainer / runtime owner if registered,.github/workflows/valcea-clar-festival-intelligence-monitor.yml,workflow reference: .github/workflows/valcea-clar-festival-intelligence-monitor.yml,data loss / state drift,preserve; registry roles must be resolved before consolidation,KEEP
civora:valcea-clar/editorial/performing_arts_update_candidates.json,editorial/source/state/receipt asset; authority varies by resource,repo maintainer / runtime owner if registered,.github/workflows/valcea-clar-festival-intelligence-monitor.yml;.github/workflows/valcea-clar-monitor-ledger.yml,workflow reference: .github/workflows/valcea-clar-festival-intelligence-monitor.yml;.github/workflows/valcea-clar-monitor-ledger.yml,data loss / state drift,preserve; registry roles must be resolved before consolidation,KEEP
civora:valcea-clar/editorial/person_profile_candidate_queue.json,editorial/source/state/receipt asset; authority varies by resource,repo maintainer / runtime owner if registered,.github/workflows/valcea-clar-person-candidate-discovery.yml,workflow reference: .github/workflows/valcea-clar-person-candidate-discovery.yml,data loss / state drift,preserve; registry roles must be resolved before consolidation,KEEP
civora:valcea-clar/editorial/person_profile_overrides.json,editorial/source/state/receipt asset; authority varies by resource,repo maintainer / runtime owner if registered,.github/workflows/valcea-clar-people-intelligence.yml,workflow reference: .github/workflows/valcea-clar-people-intelligence.yml,data loss / state drift,preserve; registry roles must be resolved before consolidation,KEEP
civora:valcea-clar/editorial/person_profile_policy.json,editorial/source/state/receipt asset; authority varies by resource,repo maintainer / runtime owner if registered,.github/workflows/valcea-clar-people-intelligence.yml,workflow reference: .github/workflows/valcea-clar-people-intelligence.yml,data loss / state drift,preserve; registry roles must be resolved before consolidation,KEEP
civora:valcea-clar/editorial/person_profile_seeds.json,editorial/source/state/receipt asset; authority varies by resource,repo maintainer / runtime owner if registered,.github/workflows/valcea-clar-people-intelligence.yml;.github/workflows/valcea-clar-person-candidate-discovery.yml,workflow reference: .github/workflows/valcea-clar-people-intelligence.yml;.github/workflows/valcea-clar-person-candidate-discovery.yml,data loss / state drift,preserve; registry roles must be resolved before consolidation,KEEP
civora:valcea-clar/editorial/person_source_discovery_queue.json,editorial/source/state/receipt asset; authority varies by resource,repo maintainer / runtime owner if registered,.github/workflows/valcea-clar-people-intelligence.yml,workflow reference: .github/workflows/valcea-clar-people-intelligence.yml,data loss / state drift,preserve; registry roles must be resolved before consolidation,KEEP
civora:valcea-clar/editorial/person_source_discovery_state.json,editorial/source/state/receipt asset; authority varies by resource,repo maintainer / runtime owner if registered,.github/workflows/valcea-clar-people-intelligence.yml,workflow reference: .github/workflows/valcea-clar-people-intelligence.yml,data loss / state drift,preserve; registry roles must be resolved before consolidation,KEEP
civora:valcea-clar/editorial/primary_signal_targets.json,editorial/source/state/receipt asset; authority varies by resource,repo maintainer / runtime owner if registered,.github/workflows/valcea-clar-source-radar.yml,workflow reference: .github/workflows/valcea-clar-source-radar.yml,data loss / state drift,preserve; registry roles must be resolved before consolidation,KEEP
civora:valcea-clar/editorial/publication_holds.json,editorial/source/state/receipt asset; authority varies by resource,repo maintainer / runtime owner if registered,.github/workflows/valcea-clar-editorial-dispatch-contracts.yml;.github/workflows/valcea-clar-facebook-editorial-adapter.yml;.github/workflows/valcea-clar-hold-projection.yml;.github/workflows/valcea-clar-instagram-editorial-adapter.yml;.github/workflows/valcea-clar-instagram-visual-preview.yml;.github/workflows/valcea-clar-linkedin-editorial.yml;.github/workflows/valcea-clar-monitor-ledger.yml;.github/workflows/valcea-clar-social-publishing.yml;.github/workflows/valcea-clar-telegram-editorial.yml;.github/workflows/valcea-clar-threads-editorial.yml;.github/workflows/valcea-clar-tiktok-editorial-preview.yml;.github/workflows/valcea-clar-x-native-outbox.yml,workflow reference: .github/workflows/valcea-clar-editorial-dispatch-contracts.yml;.github/workflows/valcea-clar-facebook-editorial-adapter.yml;.github/workflows/valcea-clar-hold-projection.yml;.github/workflows/valcea-clar-instagram-editorial-adapter.yml;.github/workflows/valcea-clar-instagram-visual-preview.yml;.github/workflows/valcea-clar-linkedin-editorial.yml;.github/workflows/valcea-clar-monitor-ledger.yml;.github/workflows/valcea-clar-social-publishing.yml,data loss / state drift,preserve; registry roles must be resolved before consolidation,KEEP
civora:valcea-clar/editorial/runs/2026-09-24T17-57-11+03-00.json,editorial/source/state/receipt asset; authority varies by resource,repo maintainer / runtime owner if registered,not resolved,tracked at pinned HEAD; runtime use not proven,data loss / state drift,preserve; registry roles must be resolved before consolidation,KEEP
civora:valcea-clar/editorial/s2_format_examples.json,editorial/source/state/receipt asset; authority varies by resource,repo maintainer / runtime owner if registered,.github/workflows/valcea-clar-s2-research-writing.yml,workflow reference: .github/workflows/valcea-clar-s2-research-writing.yml,data loss / state drift,preserve; registry roles must be resolved before consolidation,KEEP
civora:valcea-clar/editorial/scm_newsroom_candidate_diagnostic.json,editorial/source/state/receipt asset; authority varies by resource,repo maintainer / runtime owner if registered,not resolved,tracked at pinned HEAD; runtime use not proven,data loss / state drift,preserve; registry roles must be resolved before consolidation,KEEP
civora:valcea-clar/editorial/scm_program_structure.json,editorial/source/state/receipt asset; authority varies by resource,repo maintainer / runtime owner if registered,.github/workflows/valcea-clar-fact-kernel.yml,workflow reference: .github/workflows/valcea-clar-fact-kernel.yml,data loss / state drift,preserve; registry roles must be resolved before consolidation,KEEP
civora:valcea-clar/editorial/signal_primary_verification_state.json,editorial/source/state/receipt asset; authority varies by resource,repo maintainer / runtime owner if registered,.github/workflows/valcea-clar-source-radar.yml,workflow reference: .github/workflows/valcea-clar-source-radar.yml,data loss / state drift,preserve; registry roles must be resolved before consolidation,KEEP
civora:valcea-clar/editorial/signal_radar_config.json,editorial/source/state/receipt asset; authority varies by resource,repo maintainer / runtime owner if registered,.github/workflows/valcea-clar-source-radar.yml,workflow reference: .github/workflows/valcea-clar-source-radar.yml,data loss / state drift,preserve; registry roles must be resolved before consolidation,KEEP
civora:valcea-clar/editorial/signal_radar_state.json,editorial/source/state/receipt asset; authority varies by resource,repo maintainer / runtime owner if registered,.github/workflows/valcea-clar-source-radar.yml,workflow reference: .github/workflows/valcea-clar-source-radar.yml,data loss / state drift,preserve; registry roles must be resolved before consolidation,KEEP
civora:valcea-clar/editorial/signal_routing_regressions.json,editorial/source/state/receipt asset; authority varies by resource,repo maintainer / runtime owner if registered,not resolved,tracked at pinned HEAD; runtime use not proven,data loss / state drift,preserve; registry roles must be resolved before consolidation,KEEP
civora:valcea-clar/editorial/signal_verification_queue.json,editorial/source/state/receipt asset; authority varies by resource,repo maintainer / runtime owner if registered,.github/workflows/valcea-clar-source-radar.yml,workflow reference: .github/workflows/valcea-clar-source-radar.yml,data loss / state drift,preserve; registry roles must be resolved before consolidation,KEEP
civora:valcea-clar/editorial/source_control_map.json,editorial/source/state/receipt asset; authority varies by resource,repo maintainer / runtime owner if registered,not resolved,tracked at pinned HEAD; runtime use not proven,data loss / state drift,preserve; registry roles must be resolved before consolidation,KEEP
civora:valcea-clar/editorial/source_intelligence_discovery_state.json,editorial/source/state/receipt asset; authority varies by resource,repo maintainer / runtime owner if registered,.github/workflows/valcea-clar-source-radar.yml,workflow reference: .github/workflows/valcea-clar-source-radar.yml,data loss / state drift,preserve; registry roles must be resolved before consolidation,KEEP
civora:valcea-clar/editorial/source_intelligence_seed_registry.json,editorial/source/state/receipt asset; authority varies by resource,repo maintainer / runtime owner if registered,.github/workflows/valcea-clar-source-radar.yml,workflow reference: .github/workflows/valcea-clar-source-radar.yml,data loss / state drift,preserve; registry roles must be resolved before consolidation,KEEP
civora:valcea-clar/editorial/source_intelligence_seed_supplement_v1.json,editorial/source/state/receipt asset; authority varies by resource,repo maintainer / runtime owner if registered,.github/workflows/local-news-os-core.yml;.github/workflows/valcea-clar-source-radar.yml,workflow reference: .github/workflows/local-news-os-core.yml;.github/workflows/valcea-clar-source-radar.yml,data loss / state drift,preserve; registry roles must be resolved before consolidation,KEEP
civora:valcea-clar/editorial/special_sections.json,editorial/source/state/receipt asset; authority varies by resource,repo maintainer / runtime owner if registered,.github/workflows/valcea-clar-s5-distinctive-products.yml,workflow reference: .github/workflows/valcea-clar-s5-distinctive-products.yml,data loss / state drift,preserve; registry roles must be resolved before consolidation,KEEP
civora:valcea-clar/editorial/story_enrichment.json,editorial/source/state/receipt asset; authority varies by resource,repo maintainer / runtime owner if registered,not resolved,tracked at pinned HEAD; runtime use not proven,data loss / state drift,preserve; registry roles must be resolved before consolidation,KEEP
civora:valcea-clar/editorial/structured_alert_events.json,editorial/source/state/receipt asset; authority varies by resource,repo maintainer / runtime owner if registered,.github/workflows/valcea-clar-fact-kernel.yml;.github/workflows/valcea-clar-structured-alerts.yml,workflow reference: .github/workflows/valcea-clar-fact-kernel.yml;.github/workflows/valcea-clar-structured-alerts.yml,data loss / state drift,preserve; registry roles must be resolved before consolidation,KEEP
civora:valcea-clar/editorial/supplemental_facts_registry.json,editorial/source/state/receipt asset; authority varies by resource,repo maintainer / runtime owner if registered,.github/workflows/valcea-clar-fact-kernel.yml,workflow reference: .github/workflows/valcea-clar-fact-kernel.yml,data loss / state drift,preserve; registry roles must be resolved before consolidation,KEEP
civora:valcea-clar/engine/automation_registry.json,legacy code/config; exact operational role requires dynamic closure,repo maintainer / runtime owner if registered,.github/workflows/valcea-clar-s6-operations-governance.yml,workflow reference: .github/workflows/valcea-clar-s6-operations-governance.yml,unknown,preserve; no deletion justified by static absence alone,INVESTIGATE
civora:valcea-clar/governance/s6_governance_policy.json,legacy code/config; exact operational role requires dynamic closure,repo maintainer / runtime owner if registered,.github/workflows/valcea-clar-s6-operations-governance.yml,workflow reference: .github/workflows/valcea-clar-s6-operations-governance.yml,unknown,preserve; no deletion justified by static absence alone,INVESTIGATE
civora:valcea-clar/history/backfills/2020.json,legacy code/config; exact operational role requires dynamic closure,repo maintainer / runtime owner if registered,not resolved,tracked at pinned HEAD; runtime use not proven,unknown,preserve; no deletion justified by static absence alone,INVESTIGATE
civora:valcea-clar/history/editions/2020-01-01.json,editorial/source/state/receipt asset; authority varies by resource,repo maintainer / runtime owner if registered,not resolved,tracked at pinned HEAD; runtime use not proven,data loss / state drift,preserve; registry roles must be resolved before consolidation,KEEP
civora:valcea-clar/history/editions/2020-01-02.json,editorial/source/state/receipt asset; authority varies by resource,repo maintainer / runtime owner if registered,not resolved,tracked at pinned HEAD; runtime use not proven,data loss / state drift,preserve; registry roles must be resolved before consolidation,KEEP
civora:valcea-clar/history/editions/2020-01-03.json,editorial/source/state/receipt asset; authority varies by resource,repo maintainer / runtime owner if registered,not resolved,tracked at pinned HEAD; runtime use not proven,data loss / state drift,preserve; registry roles must be resolved before consolidation,KEEP
civora:valcea-clar/history/editions/2020-01-04.json,editorial/source/state/receipt asset; authority varies by resource,repo maintainer / runtime owner if registered,not resolved,tracked at pinned HEAD; runtime use not proven,data loss / state drift,preserve; registry roles must be resolved before consolidation,KEEP
civora:valcea-clar/history/editions/2020-01-05.json,editorial/source/state/receipt asset; authority varies by resource,repo maintainer / runtime owner if registered,not resolved,tracked at pinned HEAD; runtime use not proven,data loss / state drift,preserve; registry roles must be resolved before consolidation,KEEP
civora:valcea-clar/history/editions/2020-01-06.json,editorial/source/state/receipt asset; authority varies by resource,repo maintainer / runtime owner if registered,not resolved,tracked at pinned HEAD; runtime use not proven,data loss / state drift,preserve; registry roles must be resolved before consolidation,KEEP
civora:valcea-clar/history/editions/2020-01-07.json,editorial/source/state/receipt asset; authority varies by resource,repo maintainer / runtime owner if registered,not resolved,tracked at pinned HEAD; runtime use not proven,data loss / state drift,preserve; registry roles must be resolved before consolidation,KEEP
civora:valcea-clar/history/editions/2020-01-08.json,editorial/source/state/receipt asset; authority varies by resource,repo maintainer / runtime owner if registered,not resolved,tracked at pinned HEAD; runtime use not proven,data loss / state drift,preserve; registry roles must be resolved before consolidation,KEEP
civora:valcea-clar/history/editions/2020-01-09.json,editorial/source/state/receipt asset; authority varies by resource,repo maintainer / runtime owner if registered,not resolved,tracked at pinned HEAD; runtime use not proven,data loss / state drift,preserve; registry roles must be resolved before consolidation,KEEP
civora:valcea-clar/history/editions/2020-01-10.json,editorial/source/state/receipt asset; authority varies by resource,repo maintainer / runtime owner if registered,not resolved,tracked at pinned HEAD; runtime use not proven,data loss / state drift,preserve; registry roles must be resolved before consolidation,KEEP
civora:valcea-clar/history/editions/2020-01-11.json,editorial/source/state/receipt asset; authority varies by resource,repo maintainer / runtime owner if registered,not resolved,tracked at pinned HEAD; runtime use not proven,data loss / state drift,preserve; registry roles must be resolved before consolidation,KEEP
civora:valcea-clar/history/editions/2020-01-12.json,editorial/source/state/receipt asset; authority varies by resource,repo maintainer / runtime owner if registered,not resolved,tracked at pinned HEAD; runtime use not proven,data loss / state drift,preserve; registry roles must be resolved before consolidation,KEEP
civora:valcea-clar/history/editions/2020-01-13.json,editorial/source/state/receipt asset; authority varies by resource,repo maintainer / runtime owner if registered,not resolved,tracked at pinned HEAD; runtime use not proven,data loss / state drift,preserve; registry roles must be resolved before consolidation,KEEP
civora:valcea-clar/history/editions/2020-01-14.json,editorial/source/state/receipt asset; authority varies by resource,repo maintainer / runtime owner if registered,not resolved,tracked at pinned HEAD; runtime use not proven,data loss / state drift,preserve; registry roles must be resolved before consolidation,KEEP
civora:valcea-clar/history/editions/2020-01-15.json,editorial/source/state/receipt asset; authority varies by resource,repo maintainer / runtime owner if registered,not resolved,tracked at pinned HEAD; runtime use not proven,data loss / state drift,preserve; registry roles must be resolved before consolidation,KEEP
civora:valcea-clar/history/editions/2020-01-16.json,editorial/source/state/receipt asset; authority varies by resource,repo maintainer / runtime owner if registered,not resolved,tracked at pinned HEAD; runtime use not proven,data loss / state drift,preserve; registry roles must be resolved before consolidation,KEEP
civora:valcea-clar/history/editions/2020-01-17.json,editorial/source/state/receipt asset; authority varies by resource,repo maintainer / runtime owner if registered,not resolved,tracked at pinned HEAD; runtime use not proven,data loss / state drift,preserve; registry roles must be resolved before consolidation,KEEP
civora:valcea-clar/history/editions/2020-01-18.json,editorial/source/state/receipt asset; authority varies by resource,repo maintainer / runtime owner if registered,not resolved,tracked at pinned HEAD; runtime use not proven,data loss / state drift,preserve; registry roles must be resolved before consolidation,KEEP
civora:valcea-clar/history/editions/2020-01-19.json,editorial/source/state/receipt asset; authority varies by resource,repo maintainer / runtime owner if registered,not resolved,tracked at pinned HEAD; runtime use not proven,data loss / state drift,preserve; registry roles must be resolved before consolidation,KEEP
civora:valcea-clar/history/editions/2020-01-20.json,editorial/source/state/receipt asset; authority varies by resource,repo maintainer / runtime owner if registered,not resolved,tracked at pinned HEAD; runtime use not proven,data loss / state drift,preserve; registry roles must be resolved before consolidation,KEEP
civora:valcea-clar/history/editions/2020-01-21.json,editorial/source/state/receipt asset; authority varies by resource,repo maintainer / runtime owner if registered,not resolved,tracked at pinned HEAD; runtime use not proven,data loss / state drift,preserve; registry roles must be resolved before consolidation,KEEP
civora:valcea-clar/history/editions/2020-01-22.json,editorial/source/state/receipt asset; authority varies by resource,repo maintainer / runtime owner if registered,not resolved,tracked at pinned HEAD; runtime use not proven,data loss / state drift,preserve; registry roles must be resolved before consolidation,KEEP
civora:valcea-clar/history/editions/2020-01-23.json,editorial/source/state/receipt asset; authority varies by resource,repo maintainer / runtime owner if registered,not resolved,tracked at pinned HEAD; runtime use not proven,data loss / state drift,preserve; registry roles must be resolved before consolidation,KEEP
civora:valcea-clar/history/editions/2020-01-24.json,editorial/source/state/receipt asset; authority varies by resource,repo maintainer / runtime owner if registered,not resolved,tracked at pinned HEAD; runtime use not proven,data loss / state drift,preserve; registry roles must be resolved before consolidation,KEEP
civora:valcea-clar/history/editions/2020-01-25.json,editorial/source/state/receipt asset; authority varies by resource,repo maintainer / runtime owner if registered,not resolved,tracked at pinned HEAD; runtime use not proven,data loss / state drift,preserve; registry roles must be resolved before consolidation,KEEP
civora:valcea-clar/history/editions/2020-01-26.json,editorial/source/state/receipt asset; authority varies by resource,repo maintainer / runtime owner if registered,not resolved,tracked at pinned HEAD; runtime use not proven,data loss / state drift,preserve; registry roles must be resolved before consolidation,KEEP
civora:valcea-clar/history/editions/2020-01-27.json,editorial/source/state/receipt asset; authority varies by resource,repo maintainer / runtime owner if registered,not resolved,tracked at pinned HEAD; runtime use not proven,data loss / state drift,preserve; registry roles must be resolved before consolidation,KEEP
civora:valcea-clar/history/editions/2020-01-28.json,editorial/source/state/receipt asset; authority varies by resource,repo maintainer / runtime owner if registered,not resolved,tracked at pinned HEAD; runtime use not proven,data loss / state drift,preserve; registry roles must be resolved before consolidation,KEEP
civora:valcea-clar/history/editions/2020-01-29.json,editorial/source/state/receipt asset; authority varies by resource,repo maintainer / runtime owner if registered,not resolved,tracked at pinned HEAD; runtime use not proven,data loss / state drift,preserve; registry roles must be resolved before consolidation,KEEP
civora:valcea-clar/history/editions/2020-01-30.json,editorial/source/state/receipt asset; authority varies by resource,repo maintainer / runtime owner if registered,not resolved,tracked at pinned HEAD; runtime use not proven,data loss / state drift,preserve; registry roles must be resolved before consolidation,KEEP
civora:valcea-clar/history/editions/2020-01-31.json,editorial/source/state/receipt asset; authority varies by resource,repo maintainer / runtime owner if registered,not resolved,tracked at pinned HEAD; runtime use not proven,data loss / state drift,preserve; registry roles must be resolved before consolidation,KEEP
civora:valcea-clar/history/editions/2020-02-01.json,editorial/source/state/receipt asset; authority varies by resource,repo maintainer / runtime owner if registered,not resolved,tracked at pinned HEAD; runtime use not proven,data loss / state drift,preserve; registry roles must be resolved before consolidation,KEEP
civora:valcea-clar/history/editions/2020-02-02.json,editorial/source/state/receipt asset; authority varies by resource,repo maintainer / runtime owner if registered,not resolved,tracked at pinned HEAD; runtime use not proven,data loss / state drift,preserve; registry roles must be resolved before consolidation,KEEP
civora:valcea-clar/history/editions/2020-02-03.json,editorial/source/state/receipt asset; authority varies by resource,repo maintainer / runtime owner if registered,not resolved,tracked at pinned HEAD; runtime use not proven,data loss / state drift,preserve; registry roles must be resolved before consolidation,KEEP
civora:valcea-clar/history/editions/2020-02-04.json,editorial/source/state/receipt asset; authority varies by resource,repo maintainer / runtime owner if registered,not resolved,tracked at pinned HEAD; runtime use not proven,data loss / state drift,preserve; registry roles must be resolved before consolidation,KEEP
civora:valcea-clar/history/editions/2020-02-05.json,editorial/source/state/receipt asset; authority varies by resource,repo maintainer / runtime owner if registered,not resolved,tracked at pinned HEAD; runtime use not proven,data loss / state drift,preserve; registry roles must be resolved before consolidation,KEEP
civora:valcea-clar/history/editions/2020-02-06.json,editorial/source/state/receipt asset; authority varies by resource,repo maintainer / runtime owner if registered,not resolved,tracked at pinned HEAD; runtime use not proven,data loss / state drift,preserve; registry roles must be resolved before consolidation,KEEP
civora:valcea-clar/history/editions/2020-02-07.json,editorial/source/state/receipt asset; authority varies by resource,repo maintainer / runtime owner if registered,not resolved,tracked at pinned HEAD; runtime use not proven,data loss / state drift,preserve; registry roles must be resolved before consolidation,KEEP
civora:valcea-clar/history/editions/2020-02-08.json,editorial/source/state/receipt asset; authority varies by resource,repo maintainer / runtime owner if registered,not resolved,tracked at pinned HEAD; runtime use not proven,data loss / state drift,preserve; registry roles must be resolved before consolidation,KEEP
civora:valcea-clar/history/editions/2020-02-09.json,editorial/source/state/receipt asset; authority varies by resource,repo maintainer / runtime owner if registered,not resolved,tracked at pinned HEAD; runtime use not proven,data loss / state drift,preserve; registry roles must be resolved before consolidation,KEEP
civora:valcea-clar/history/editions/2020-02-10.json,editorial/source/state/receipt asset; authority varies by resource,repo maintainer / runtime owner if registered,not resolved,tracked at pinned HEAD; runtime use not proven,data loss / state drift,preserve; registry roles must be resolved before consolidation,KEEP
civora:valcea-clar/history/editions/2020-02-11.json,editorial/source/state/receipt asset; authority varies by resource,repo maintainer / runtime owner if registered,not resolved,tracked at pinned HEAD; runtime use not proven,data loss / state drift,preserve; registry roles must be resolved before consolidation,KEEP
civora:valcea-clar/history/editions/2020-02-12.json,editorial/source/state/receipt asset; authority varies by resource,repo maintainer / runtime owner if registered,not resolved,tracked at pinned HEAD; runtime use not proven,data loss / state drift,preserve; registry roles must be resolved before consolidation,KEEP
civora:valcea-clar/history/editions/2020-02-13.json,editorial/source/state/receipt asset; authority varies by resource,repo maintainer / runtime owner if registered,not resolved,tracked at pinned HEAD; runtime use not proven,data loss / state drift,preserve; registry roles must be resolved before consolidation,KEEP
civora:valcea-clar/history/editions/2020-02-14.json,editorial/source/state/receipt asset; authority varies by resource,repo maintainer / runtime owner if registered,not resolved,tracked at pinned HEAD; runtime use not proven,data loss / state drift,preserve; registry roles must be resolved before consolidation,KEEP
civora:valcea-clar/history/editions/2020-02-15.json,editorial/source/state/receipt asset; authority varies by resource,repo maintainer / runtime owner if registered,not resolved,tracked at pinned HEAD; runtime use not proven,data loss / state drift,preserve; registry roles must be resolved before consolidation,KEEP
civora:valcea-clar/history/editions/2020-02-16.json,editorial/source/state/receipt asset; authority varies by resource,repo maintainer / runtime owner if registered,not resolved,tracked at pinned HEAD; runtime use not proven,data loss / state drift,preserve; registry roles must be resolved before consolidation,KEEP
civora:valcea-clar/history/research/2020-01-01.json,legacy code/config; exact operational role requires dynamic closure,repo maintainer / runtime owner if registered,not resolved,tracked at pinned HEAD; runtime use not proven,unknown,preserve; no deletion justified by static absence alone,INVESTIGATE
civora:valcea-clar/history/research/2020-01-02.json,legacy code/config; exact operational role requires dynamic closure,repo maintainer / runtime owner if registered,not resolved,tracked at pinned HEAD; runtime use not proven,unknown,preserve; no deletion justified by static absence alone,INVESTIGATE
civora:valcea-clar/history/research/2020-01-03.json,legacy code/config; exact operational role requires dynamic closure,repo maintainer / runtime owner if registered,not resolved,tracked at pinned HEAD; runtime use not proven,unknown,preserve; no deletion justified by static absence alone,INVESTIGATE
civora:valcea-clar/history/research/2020-01-04.json,legacy code/config; exact operational role requires dynamic closure,repo maintainer / runtime owner if registered,not resolved,tracked at pinned HEAD; runtime use not proven,unknown,preserve; no deletion justified by static absence alone,INVESTIGATE
civora:valcea-clar/history/research/2020-01-05.json,legacy code/config; exact operational role requires dynamic closure,repo maintainer / runtime owner if registered,not resolved,tracked at pinned HEAD; runtime use not proven,unknown,preserve; no deletion justified by static absence alone,INVESTIGATE
civora:valcea-clar/history/research/2020-01-06.json,legacy code/config; exact operational role requires dynamic closure,repo maintainer / runtime owner if registered,not resolved,tracked at pinned HEAD; runtime use not proven,unknown,preserve; no deletion justified by static absence alone,INVESTIGATE
civora:valcea-clar/history/research/2020-01-07.json,legacy code/config; exact operational role requires dynamic closure,repo maintainer / runtime owner if registered,not resolved,tracked at pinned HEAD; runtime use not proven,unknown,preserve; no deletion justified by static absence alone,INVESTIGATE
civora:valcea-clar/history/research/2020-01-08.json,legacy code/config; exact operational role requires dynamic closure,repo maintainer / runtime owner if registered,not resolved,tracked at pinned HEAD; runtime use not proven,unknown,preserve; no deletion justified by static absence alone,INVESTIGATE
civora:valcea-clar/history/research/2020-01-09.json,legacy code/config; exact operational role requires dynamic closure,repo maintainer / runtime owner if registered,not resolved,tracked at pinned HEAD; runtime use not proven,unknown,preserve; no deletion justified by static absence alone,INVESTIGATE
civora:valcea-clar/history/research/2020-01-10.json,legacy code/config; exact operational role requires dynamic closure,repo maintainer / runtime owner if registered,not resolved,tracked at pinned HEAD; runtime use not proven,unknown,preserve; no deletion justified by static absence alone,INVESTIGATE
civora:valcea-clar/history/research/2020-01-11.json,legacy code/config; exact operational role requires dynamic closure,repo maintainer / runtime owner if registered,not resolved,tracked at pinned HEAD; runtime use not proven,unknown,preserve; no deletion justified by static absence alone,INVESTIGATE
civora:valcea-clar/history/research/2020-01-12.json,legacy code/config; exact operational role requires dynamic closure,repo maintainer / runtime owner if registered,not resolved,tracked at pinned HEAD; runtime use not proven,unknown,preserve; no deletion justified by static absence alone,INVESTIGATE
civora:valcea-clar/history/research/2020-01-13.json,legacy code/config; exact operational role requires dynamic closure,repo maintainer / runtime owner if registered,not resolved,tracked at pinned HEAD; runtime use not proven,unknown,preserve; no deletion justified by static absence alone,INVESTIGATE
civora:valcea-clar/history/research/2020-01-14.json,legacy code/config; exact operational role requires dynamic closure,repo maintainer / runtime owner if registered,not resolved,tracked at pinned HEAD; runtime use not proven,unknown,preserve; no deletion justified by static absence alone,INVESTIGATE
civora:valcea-clar/history/research/2020-01-15.json,legacy code/config; exact operational role requires dynamic closure,repo maintainer / runtime owner if registered,not resolved,tracked at pinned HEAD; runtime use not proven,unknown,preserve; no deletion justified by static absence alone,INVESTIGATE
civora:valcea-clar/history/research/2020-01-16.json,legacy code/config; exact operational role requires dynamic closure,repo maintainer / runtime owner if registered,not resolved,tracked at pinned HEAD; runtime use not proven,unknown,preserve; no deletion justified by static absence alone,INVESTIGATE
civora:valcea-clar/history/research/2020-01-17.json,legacy code/config; exact operational role requires dynamic closure,repo maintainer / runtime owner if registered,not resolved,tracked at pinned HEAD; runtime use not proven,unknown,preserve; no deletion justified by static absence alone,INVESTIGATE
civora:valcea-clar/history/research/2020-01-18.json,legacy code/config; exact operational role requires dynamic closure,repo maintainer / runtime owner if registered,not resolved,tracked at pinned HEAD; runtime use not proven,unknown,preserve; no deletion justified by static absence alone,INVESTIGATE
civora:valcea-clar/history/research/2020-01-19.json,legacy code/config; exact operational role requires dynamic closure,repo maintainer / runtime owner if registered,not resolved,tracked at pinned HEAD; runtime use not proven,unknown,preserve; no deletion justified by static absence alone,INVESTIGATE
civora:valcea-clar/history/research/2020-01-20.json,legacy code/config; exact operational role requires dynamic closure,repo maintainer / runtime owner if registered,not resolved,tracked at pinned HEAD; runtime use not proven,unknown,preserve; no deletion justified by static absence alone,INVESTIGATE
civora:valcea-clar/history/research/2020-01-21.json,legacy code/config; exact operational role requires dynamic closure,repo maintainer / runtime owner if registered,not resolved,tracked at pinned HEAD; runtime use not proven,unknown,preserve; no deletion justified by static absence alone,INVESTIGATE
civora:valcea-clar/history/research/2020-01-22.json,legacy code/config; exact operational role requires dynamic closure,repo maintainer / runtime owner if registered,not resolved,tracked at pinned HEAD; runtime use not proven,unknown,preserve; no deletion justified by static absence alone,INVESTIGATE
civora:valcea-clar/history/research/2020-01-23.json,legacy code/config; exact operational role requires dynamic closure,repo maintainer / runtime owner if registered,not resolved,tracked at pinned HEAD; runtime use not proven,unknown,preserve; no deletion justified by static absence alone,INVESTIGATE
civora:valcea-clar/history/research/2020-01-24.json,legacy code/config; exact operational role requires dynamic closure,repo maintainer / runtime owner if registered,not resolved,tracked at pinned HEAD; runtime use not proven,unknown,preserve; no deletion justified by static absence alone,INVESTIGATE
civora:valcea-clar/history/research/2020-01-25.json,legacy code/config; exact operational role requires dynamic closure,repo maintainer / runtime owner if registered,not resolved,tracked at pinned HEAD; runtime use not proven,unknown,preserve; no deletion justified by static absence alone,INVESTIGATE
civora:valcea-clar/history/research/2020-01-26.json,legacy code/config; exact operational role requires dynamic closure,repo maintainer / runtime owner if registered,not resolved,tracked at pinned HEAD; runtime use not proven,unknown,preserve; no deletion justified by static absence alone,INVESTIGATE
civora:valcea-clar/history/research/2020-01-27.json,legacy code/config; exact operational role requires dynamic closure,repo maintainer / runtime owner if registered,not resolved,tracked at pinned HEAD; runtime use not proven,unknown,preserve; no deletion justified by static absence alone,INVESTIGATE
civora:valcea-clar/history/research/2020-01-28.json,legacy code/config; exact operational role requires dynamic closure,repo maintainer / runtime owner if registered,not resolved,tracked at pinned HEAD; runtime use not proven,unknown,preserve; no deletion justified by static absence alone,INVESTIGATE
civora:valcea-clar/history/research/2020-01-29.json,legacy code/config; exact operational role requires dynamic closure,repo maintainer / runtime owner if registered,not resolved,tracked at pinned HEAD; runtime use not proven,unknown,preserve; no deletion justified by static absence alone,INVESTIGATE
civora:valcea-clar/history/research/2020-01-30.json,legacy code/config; exact operational role requires dynamic closure,repo maintainer / runtime owner if registered,not resolved,tracked at pinned HEAD; runtime use not proven,unknown,preserve; no deletion justified by static absence alone,INVESTIGATE
civora:valcea-clar/history/research/2020-01-31.json,legacy code/config; exact operational role requires dynamic closure,repo maintainer / runtime owner if registered,not resolved,tracked at pinned HEAD; runtime use not proven,unknown,preserve; no deletion justified by static absence alone,INVESTIGATE
civora:valcea-clar/history/research/2020-02-01.json,legacy code/config; exact operational role requires dynamic closure,repo maintainer / runtime owner if registered,not resolved,tracked at pinned HEAD; runtime use not proven,unknown,preserve; no deletion justified by static absence alone,INVESTIGATE
civora:valcea-clar/history/research/2020-02-02.json,legacy code/config; exact operational role requires dynamic closure,repo maintainer / runtime owner if registered,not resolved,tracked at pinned HEAD; runtime use not proven,unknown,preserve; no deletion justified by static absence alone,INVESTIGATE
civora:valcea-clar/history/research/2020-02-03.json,legacy code/config; exact operational role requires dynamic closure,repo maintainer / runtime owner if registered,not resolved,tracked at pinned HEAD; runtime use not proven,unknown,preserve; no deletion justified by static absence alone,INVESTIGATE
civora:valcea-clar/history/research/2020-02-04.json,legacy code/config; exact operational role requires dynamic closure,repo maintainer / runtime owner if registered,not resolved,tracked at pinned HEAD; runtime use not proven,unknown,preserve; no deletion justified by static absence alone,INVESTIGATE
civora:valcea-clar/history/research/2020-02-05.json,legacy code/config; exact operational role requires dynamic closure,repo maintainer / runtime owner if registered,not resolved,tracked at pinned HEAD; runtime use not proven,unknown,preserve; no deletion justified by static absence alone,INVESTIGATE
civora:valcea-clar/history/research/2020-02-06.json,legacy code/config; exact operational role requires dynamic closure,repo maintainer / runtime owner if registered,not resolved,tracked at pinned HEAD; runtime use not proven,unknown,preserve; no deletion justified by static absence alone,INVESTIGATE
civora:valcea-clar/history/research/2020-02-07.json,legacy code/config; exact operational role requires dynamic closure,repo maintainer / runtime owner if registered,not resolved,tracked at pinned HEAD; runtime use not proven,unknown,preserve; no deletion justified by static absence alone,INVESTIGATE
civora:valcea-clar/history/research/2020-02-08.json,legacy code/config; exact operational role requires dynamic closure,repo maintainer / runtime owner if registered,not resolved,tracked at pinned HEAD; runtime use not proven,unknown,preserve; no deletion justified by static absence alone,INVESTIGATE
civora:valcea-clar/history/research/2020-02-09.json,legacy code/config; exact operational role requires dynamic closure,repo maintainer / runtime owner if registered,not resolved,tracked at pinned HEAD; runtime use not proven,unknown,preserve; no deletion justified by static absence alone,INVESTIGATE
civora:valcea-clar/history/research/2020-02-10.json,legacy code/config; exact operational role requires dynamic closure,repo maintainer / runtime owner if registered,not resolved,tracked at pinned HEAD; runtime use not proven,unknown,preserve; no deletion justified by static absence alone,INVESTIGATE
civora:valcea-clar/history/research/2020-02-11.json,legacy code/config; exact operational role requires dynamic closure,repo maintainer / runtime owner if registered,not resolved,tracked at pinned HEAD; runtime use not proven,unknown,preserve; no deletion justified by static absence alone,INVESTIGATE
civora:valcea-clar/history/research/2020-02-12.json,legacy code/config; exact operational role requires dynamic closure,repo maintainer / runtime owner if registered,not resolved,tracked at pinned HEAD; runtime use not proven,unknown,preserve; no deletion justified by static absence alone,INVESTIGATE
civora:valcea-clar/history/research/2020-02-13.json,legacy code/config; exact operational role requires dynamic closure,repo maintainer / runtime owner if registered,not resolved,tracked at pinned HEAD; runtime use not proven,unknown,preserve; no deletion justified by static absence alone,INVESTIGATE
civora:valcea-clar/history/research/2020-02-14.json,legacy code/config; exact operational role requires dynamic closure,repo maintainer / runtime owner if registered,not resolved,tracked at pinned HEAD; runtime use not proven,unknown,preserve; no deletion justified by static absence alone,INVESTIGATE
civora:valcea-clar/history/research/2020-02-15.json,legacy code/config; exact operational role requires dynamic closure,repo maintainer / runtime owner if registered,not resolved,tracked at pinned HEAD; runtime use not proven,unknown,preserve; no deletion justified by static absence alone,INVESTIGATE
civora:valcea-clar/history/research/2020-02-16.json,legacy code/config; exact operational role requires dynamic closure,repo maintainer / runtime owner if registered,not resolved,tracked at pinned HEAD; runtime use not proven,unknown,preserve; no deletion justified by static absence alone,INVESTIGATE
civora:valcea-clar/ingest/discovery_overlay_guard.py,legacy code/config; exact operational role requires dynamic closure,repo maintainer / runtime owner if registered,.github/workflows/valcea-clar-venues-ingest.yml,workflow reference: .github/workflows/valcea-clar-venues-ingest.yml,unknown,preserve; no deletion justified by static absence alone,INVESTIGATE
civora:valcea-clar/ingest/seed_catalog.json.part-000,legacy code/config; exact operational role requires dynamic closure,repo maintainer / runtime owner if registered,not resolved,tracked at pinned HEAD; runtime use not proven,unknown,preserve; no deletion justified by static absence alone,INVESTIGATE
civora:valcea-clar/ingest/seed_catalog.json.part-001,legacy code/config; exact operational role requires dynamic closure,repo maintainer / runtime owner if registered,not resolved,tracked at pinned HEAD; runtime use not proven,unknown,preserve; no deletion justified by static absence alone,INVESTIGATE
civora:valcea-clar/ingest/seed_catalog.json.part-002,legacy code/config; exact operational role requires dynamic closure,repo maintainer / runtime owner if registered,not resolved,tracked at pinned HEAD; runtime use not proven,unknown,preserve; no deletion justified by static absence alone,INVESTIGATE
civora:valcea-clar/ingest/seed_catalog.json.part-003,legacy code/config; exact operational role requires dynamic closure,repo maintainer / runtime owner if registered,not resolved,tracked at pinned HEAD; runtime use not proven,unknown,preserve; no deletion justified by static absence alone,INVESTIGATE
civora:valcea-clar/ingest/seed_catalog.json.part-003a,legacy code/config; exact operational role requires dynamic closure,repo maintainer / runtime owner if registered,not resolved,tracked at pinned HEAD; runtime use not proven,unknown,preserve; no deletion justified by static absence alone,INVESTIGATE
civora:valcea-clar/ingest/seed_catalog.json.part-003b,legacy code/config; exact operational role requires dynamic closure,repo maintainer / runtime owner if registered,not resolved,tracked at pinned HEAD; runtime use not proven,unknown,preserve; no deletion justified by static absence alone,INVESTIGATE
civora:valcea-clar/ingest/seed_catalog.json.part-004,legacy code/config; exact operational role requires dynamic closure,repo maintainer / runtime owner if registered,not resolved,tracked at pinned HEAD; runtime use not proven,unknown,preserve; no deletion justified by static absence alone,INVESTIGATE
civora:valcea-clar/ingest/source_registry.json,legacy code/config; exact operational role requires dynamic closure,repo maintainer / runtime owner if registered,.github/workflows/valcea-clar-venues-ingest.yml,workflow reference: .github/workflows/valcea-clar-venues-ingest.yml,unknown,preserve; no deletion justified by static absence alone,INVESTIGATE
civora:valcea-clar/ingest/state/discovered_sources.json,editorial/source/state/receipt asset; authority varies by resource,repo maintainer / runtime owner if registered,.github/workflows/valcea-clar-venues-ingest.yml,workflow reference: .github/workflows/valcea-clar-venues-ingest.yml,data loss / state drift,preserve; registry roles must be resolved before consolidation,KEEP
civora:valcea-clar/ingest/state/discovered_venues.json,editorial/source/state/receipt asset; authority varies by resource,repo maintainer / runtime owner if registered,.github/workflows/valcea-clar-venues-ingest.yml,workflow reference: .github/workflows/valcea-clar-venues-ingest.yml,data loss / state drift,preserve; registry roles must be resolved before consolidation,KEEP
civora:valcea-clar/ingest/state/source_health.json,editorial/source/state/receipt asset; authority varies by resource,repo maintainer / runtime owner if registered,.github/workflows/valcea-clar-venues-ingest.yml,workflow reference: .github/workflows/valcea-clar-venues-ingest.yml,data loss / state drift,preserve; registry roles must be resolved before consolidation,KEEP
civora:valcea-clar/ingest/state/venue_discovery_frontier.json,editorial/source/state/receipt asset; authority varies by resource,repo maintainer / runtime owner if registered,.github/workflows/valcea-clar-venues-ingest.yml,workflow reference: .github/workflows/valcea-clar-venues-ingest.yml,data loss / state drift,preserve; registry roles must be resolved before consolidation,KEEP
civora:valcea-clar/ingest/state/venue_discovery_state.json,editorial/source/state/receipt asset; authority varies by resource,repo maintainer / runtime owner if registered,.github/workflows/valcea-clar-venues-ingest.yml,workflow reference: .github/workflows/valcea-clar-venues-ingest.yml,data loss / state drift,preserve; registry roles must be resolved before consolidation,KEEP
civora:valcea-clar/ingest/state/venues.json,editorial/source/state/receipt asset; authority varies by resource,repo maintainer / runtime owner if registered,.github/workflows/valcea-clar-venues-ingest.yml,workflow reference: .github/workflows/valcea-clar-venues-ingest.yml,data loss / state drift,preserve; registry roles must be resolved before consolidation,KEEP
civora:valcea-clar/ingest/venue_discovery.py,legacy code/config; exact operational role requires dynamic closure,repo maintainer / runtime owner if registered,.github/workflows/valcea-clar-venues-ingest.yml,workflow reference: .github/workflows/valcea-clar-venues-ingest.yml,unknown,preserve; no deletion justified by static absence alone,INVESTIGATE
civora:valcea-clar/ingest/venue_ingest.py,legacy code/config; exact operational role requires dynamic closure,repo maintainer / runtime owner if registered,.github/workflows/valcea-clar-editions.yml;.github/workflows/valcea-clar-venues-ingest.yml,workflow reference: .github/workflows/valcea-clar-editions.yml;.github/workflows/valcea-clar-venues-ingest.yml,unknown,preserve; no deletion justified by static absence alone,INVESTIGATE
civora:valcea-clar/investigations/olanesti-bridge-monitor.md,documentation/research,repo maintainer / runtime owner if registered,not resolved,tracked at pinned HEAD; runtime use not proven,loss of rationale,retain reference; historic mechanics are revisable,KEEP
civora:valcea-clar/investigations/olanesti-omniasig/README.md,documentation/research,repo maintainer / runtime owner if registered,.github/workflows/valcea-clar-olanesti-investigation-monitor.yml,workflow reference: .github/workflows/valcea-clar-olanesti-investigation-monitor.yml,loss of rationale,retain reference; historic mechanics are revisable,KEEP
civora:valcea-clar/investigations/olanesti-omniasig/common.py,legacy code/config; exact operational role requires dynamic closure,repo maintainer / runtime owner if registered,.github/workflows/valcea-clar-editorial-dispatch-contracts.yml;.github/workflows/valcea-clar-facebook-editorial-adapter.yml;.github/workflows/valcea-clar-instagram-editorial-adapter.yml;.github/workflows/valcea-clar-instagram-visual-preview.yml;.github/workflows/valcea-clar-linkedin-editorial.yml;.github/workflows/valcea-clar-olanesti-investigation-monitor.yml;.github/workflows/valcea-clar-social-publishing.yml;.github/workflows/valcea-clar-telegram-editorial.yml;.github/workflows/valcea-clar-tiktok-editorial-preview.yml;.github/workflows/valcea-clar-x-native-outbox.yml,workflow reference: .github/workflows/valcea-clar-editorial-dispatch-contracts.yml;.github/workflows/valcea-clar-facebook-editorial-adapter.yml;.github/workflows/valcea-clar-instagram-editorial-adapter.yml;.github/workflows/valcea-clar-instagram-visual-preview.yml;.github/workflows/valcea-clar-linkedin-editorial.yml;.github/workflows/valcea-clar-olanesti-investigation-monitor.yml;.github/workflows/valcea-clar-social-publishing.yml;.github/workflows/valcea-clar-telegram-editorial.yml,unknown,preserve; no deletion justified by static absence alone,INVESTIGATE
civora:valcea-clar/investigations/olanesti-omniasig/engine.py,legacy code/config; exact operational role requires dynamic closure,repo maintainer / runtime owner if registered,.github/workflows/civora-persistence-reconciliation.yml;.github/workflows/eucons-build.yml;.github/workflows/eucons-opportunity-official-source-authority.yml;.github/workflows/eucons-quality.yml;.github/workflows/eucons-scheduler.yml;.github/workflows/local-news-os-native-series-compositor.yml;.github/workflows/local-news-os-observed-feedback-application.yml;.github/workflows/local-news-os-series-adapter-dispatch-handoff.yml;.github/workflows/local-news-os-series-publication-state-bridge.yml;.github/workflows/local-news-os-series-visual-router.yml;.github/workflows/local-news-os-social-adapter-capabilities.yml;.github/workflows/local-news-os-social-core.yml,workflow reference: .github/workflows/civora-persistence-reconciliation.yml;.github/workflows/eucons-build.yml;.github/workflows/eucons-opportunity-official-source-authority.yml;.github/workflows/eucons-quality.yml;.github/workflows/eucons-scheduler.yml;.github/workflows/local-news-os-native-series-compositor.yml;.github/workflows/local-news-os-observed-feedback-application.yml;.github/workflows/local-news-os-series-adapter-dispatch-handoff.yml,unknown,preserve; no deletion justified by static absence alone,INVESTIGATE
civora:valcea-clar/investigations/olanesti-omniasig/monitor.py,legacy code/config; exact operational role requires dynamic closure,repo maintainer / runtime owner if registered,.github/workflows/valcea-clar-olanesti-investigation-monitor.yml,workflow reference: .github/workflows/valcea-clar-olanesti-investigation-monitor.yml,unknown,preserve; no deletion justified by static absence alone,INVESTIGATE
civora:valcea-clar/investigations/olanesti-omniasig/state/latest_report.json,editorial/source/state/receipt asset; authority varies by resource,repo maintainer / runtime owner if registered,.github/workflows/valcea-clar-olanesti-investigation-monitor.yml,workflow reference: .github/workflows/valcea-clar-olanesti-investigation-monitor.yml,data loss / state drift,preserve; registry roles must be resolved before consolidation,KEEP
civora:valcea-clar/investigations/olanesti-omniasig/state/source_state.json,editorial/source/state/receipt asset; authority varies by resource,repo maintainer / runtime owner if registered,.github/workflows/valcea-clar-olanesti-investigation-monitor.yml,workflow reference: .github/workflows/valcea-clar-olanesti-investigation-monitor.yml,data loss / state drift,preserve; registry roles must be resolved before consolidation,KEEP
civora:valcea-clar/investigations/olanesti-omniasig/watchlist.json,legacy code/config; exact operational role requires dynamic closure,repo maintainer / runtime owner if registered,.github/workflows/valcea-clar-olanesti-investigation-monitor.yml,workflow reference: .github/workflows/valcea-clar-olanesti-investigation-monitor.yml,unknown,preserve; no deletion justified by static absence alone,INVESTIGATE
civora:valcea-clar/ops/audit_log.jsonl,legacy code/config; exact operational role requires dynamic closure,repo maintainer / runtime owner if registered,.github/workflows/valcea-clar-s6-operations-governance.yml,workflow reference: .github/workflows/valcea-clar-s6-operations-governance.yml,unknown,preserve; no deletion justified by static absence alone,INVESTIGATE
civora:valcea-clar/ops/autonomous-edition-trigger.json,legacy code/config; exact operational role requires dynamic closure,repo maintainer / runtime owner if registered,.github/workflows/valcea-clar-editions.yml,workflow reference: .github/workflows/valcea-clar-editions.yml,unknown,preserve; no deletion justified by static absence alone,INVESTIGATE
civora:valcea-clar/ops/edition-recovery-trigger.json,legacy code/config; exact operational role requires dynamic closure,repo maintainer / runtime owner if registered,.github/workflows/valcea-clar-edition-recovery.yml,workflow reference: .github/workflows/valcea-clar-edition-recovery.yml,unknown,preserve; no deletion justified by static absence alone,INVESTIGATE
civora:valcea-clar/ops/governance_state.json,legacy code/config; exact operational role requires dynamic closure,repo maintainer / runtime owner if registered,.github/workflows/valcea-clar-s6-operations-governance.yml,workflow reference: .github/workflows/valcea-clar-s6-operations-governance.yml,unknown,preserve; no deletion justified by static absence alone,INVESTIGATE
civora:valcea-clar/ops/incidents.json,legacy code/config; exact operational role requires dynamic closure,repo maintainer / runtime owner if registered,.github/workflows/valcea-clar-s6-operations-governance.yml,workflow reference: .github/workflows/valcea-clar-s6-operations-governance.yml,unknown,preserve; no deletion justified by static absence alone,INVESTIGATE
civora:valcea-clar/ops/ingest_aliases.json,legacy code/config; exact operational role requires dynamic closure,repo maintainer / runtime owner if registered,.github/workflows/valcea-clar-venues-ingest.yml,workflow reference: .github/workflows/valcea-clar-venues-ingest.yml,unknown,preserve; no deletion justified by static absence alone,INVESTIGATE
civora:valcea-clar/ops/ingest_reconciliation.json,legacy code/config; exact operational role requires dynamic closure,repo maintainer / runtime owner if registered,.github/workflows/valcea-clar-editions.yml;.github/workflows/valcea-clar-venues-ingest.yml,workflow reference: .github/workflows/valcea-clar-editions.yml;.github/workflows/valcea-clar-venues-ingest.yml,unknown,preserve; no deletion justified by static absence alone,INVESTIGATE
civora:valcea-clar/ops/ingest_review_queue.json,legacy code/config; exact operational role requires dynamic closure,repo maintainer / runtime owner if registered,.github/workflows/valcea-clar-editions.yml;.github/workflows/valcea-clar-venues-ingest.yml,workflow reference: .github/workflows/valcea-clar-editions.yml;.github/workflows/valcea-clar-venues-ingest.yml,unknown,preserve; no deletion justified by static absence alone,INVESTIGATE
civora:valcea-clar/ops/live-newsroom-trigger.README.md,documentation/research,repo maintainer / runtime owner if registered,not resolved,tracked at pinned HEAD; runtime use not proven,loss of rationale,retain reference; historic mechanics are revisable,KEEP
civora:valcea-clar/ops/live-newsroom-trigger.example.json,legacy code/config; exact operational role requires dynamic closure,repo maintainer / runtime owner if registered,not resolved,tracked at pinned HEAD; runtime use not proven,unknown,preserve; no deletion justified by static absence alone,INVESTIGATE
civora:valcea-clar/ops/live-newsroom-trigger.json,legacy code/config; exact operational role requires dynamic closure,repo maintainer / runtime owner if registered,.github/workflows/valcea-clar-live-newsroom-operator.yml;.github/workflows/valcea-clar-local-life-sync.yml,workflow reference: .github/workflows/valcea-clar-live-newsroom-operator.yml;.github/workflows/valcea-clar-local-life-sync.yml,unknown,preserve; no deletion justified by static absence alone,INVESTIGATE
civora:valcea-clar/ops/live-newsroom-trigger.schema.json,legacy code/config; exact operational role requires dynamic closure,repo maintainer / runtime owner if registered,not resolved,tracked at pinned HEAD; runtime use not proven,unknown,preserve; no deletion justified by static absence alone,INVESTIGATE
civora:valcea-clar/ops/resolution_tasks/AUTO-T1-3347442259a0.json,legacy code/config; exact operational role requires dynamic closure,repo maintainer / runtime owner if registered,not resolved,tracked at pinned HEAD; runtime use not proven,unknown,preserve; no deletion justified by static absence alone,INVESTIGATE
civora:valcea-clar/ops/resolution_tasks/AUTO-T1-4246bbdb078d.json,legacy code/config; exact operational role requires dynamic closure,repo maintainer / runtime owner if registered,not resolved,tracked at pinned HEAD; runtime use not proven,unknown,preserve; no deletion justified by static absence alone,INVESTIGATE
civora:valcea-clar/ops/resolution_tasks/README.md,documentation/research,repo maintainer / runtime owner if registered,not resolved,tracked at pinned HEAD; runtime use not proven,loss of rationale,retain reference; historic mechanics are revisable,KEEP
civora:valcea-clar/ops/resolution_tasks/SRC-AUTENTIC.json,legacy code/config; exact operational role requires dynamic closure,repo maintainer / runtime owner if registered,not resolved,tracked at pinned HEAD; runtime use not proven,unknown,preserve; no deletion justified by static absence alone,INVESTIGATE
civora:valcea-clar/ops/resolution_tasks/damici-official-contact.json,legacy code/config; exact operational role requires dynamic closure,repo maintainer / runtime owner if registered,not resolved,tracked at pinned HEAD; runtime use not proven,unknown,preserve; no deletion justified by static absence alone,INVESTIGATE
civora:valcea-clar/ops/resolution_tasks/damici-ristorante-menu.json,legacy code/config; exact operational role requires dynamic closure,repo maintainer / runtime owner if registered,not resolved,tracked at pinned HEAD; runtime use not proven,unknown,preserve; no deletion justified by static absence alone,INVESTIGATE
civora:valcea-clar/ops/resolution_tasks/damici-ristorante-official.json,legacy code/config; exact operational role requires dynamic closure,repo maintainer / runtime owner if registered,not resolved,tracked at pinned HEAD; runtime use not proven,unknown,preserve; no deletion justified by static absence alone,INVESTIGATE
civora:valcea-clar/ops/resolution_tasks/damici-taverna-menu.json,legacy code/config; exact operational role requires dynamic closure,repo maintainer / runtime owner if registered,not resolved,tracked at pinned HEAD; runtime use not proven,unknown,preserve; no deletion justified by static absence alone,INVESTIGATE
civora:valcea-clar/ops/resolution_tasks/damici-taverna-official.json,legacy code/config; exact operational role requires dynamic closure,repo maintainer / runtime owner if registered,not resolved,tracked at pinned HEAD; runtime use not proven,unknown,preserve; no deletion justified by static absence alone,INVESTIGATE
civora:valcea-clar/ops/resolution_tasks/forbes-spartan-valcea-2026.json,legacy code/config; exact operational role requires dynamic closure,repo maintainer / runtime owner if registered,not resolved,tracked at pinned HEAD; runtime use not proven,unknown,preserve; no deletion justified by static absence alone,INVESTIGATE
civora:valcea-clar/ops/resolution_tasks/petros-home-prices.json,legacy code/config; exact operational role requires dynamic closure,repo maintainer / runtime owner if registered,not resolved,tracked at pinned HEAD; runtime use not proven,unknown,preserve; no deletion justified by static absence alone,INVESTIGATE
civora:valcea-clar/ops/resolution_tasks/petros-official-contact.json,legacy code/config; exact operational role requires dynamic closure,repo maintainer / runtime owner if registered,not resolved,tracked at pinned HEAD; runtime use not proven,unknown,preserve; no deletion justified by static absence alone,INVESTIGATE
civora:valcea-clar/ops/resolution_tasks/ramada-official-contact.json,legacy code/config; exact operational role requires dynamic closure,repo maintainer / runtime owner if registered,not resolved,tracked at pinned HEAD; runtime use not proven,unknown,preserve; no deletion justified by static absence alone,INVESTIGATE
civora:valcea-clar/ops/resolution_tasks/spartan-official-contact.json,legacy code/config; exact operational role requires dynamic closure,repo maintainer / runtime owner if registered,not resolved,tracked at pinned HEAD; runtime use not proven,unknown,preserve; no deletion justified by static absence alone,INVESTIGATE
civora:valcea-clar/ops/resolution_tasks/spartan-official-menu.json,legacy code/config; exact operational role requires dynamic closure,repo maintainer / runtime owner if registered,not resolved,tracked at pinned HEAD; runtime use not proven,unknown,preserve; no deletion justified by static absence alone,INVESTIGATE
civora:valcea-clar/ops/resolution_tasks/street-pub-official.json,legacy code/config; exact operational role requires dynamic closure,repo maintainer / runtime owner if registered,not resolved,tracked at pinned HEAD; runtime use not proven,unknown,preserve; no deletion justified by static absence alone,INVESTIGATE
civora:valcea-clar/ops/rollback_baselines.json,legacy code/config; exact operational role requires dynamic closure,repo maintainer / runtime owner if registered,.github/workflows/valcea-clar-s6-operations-governance.yml,workflow reference: .github/workflows/valcea-clar-s6-operations-governance.yml,unknown,preserve; no deletion justified by static absence alone,INVESTIGATE
civora:valcea-clar/ops/sunday-edition-checkpoint.json,legacy code/config; exact operational role requires dynamic closure,repo maintainer / runtime owner if registered,not resolved,tracked at pinned HEAD; runtime use not proven,unknown,preserve; no deletion justified by static absence alone,INVESTIGATE
civora:valcea-clar/ops/venue_auto_promotion.json,legacy code/config; exact operational role requires dynamic closure,repo maintainer / runtime owner if registered,.github/workflows/valcea-clar-venues-ingest.yml,workflow reference: .github/workflows/valcea-clar-venues-ingest.yml,unknown,preserve; no deletion justified by static absence alone,INVESTIGATE
civora:valcea-clar/ops/venue_discovery_overlay_guard.json,legacy code/config; exact operational role requires dynamic closure,repo maintainer / runtime owner if registered,.github/workflows/valcea-clar-venues-ingest.yml,workflow reference: .github/workflows/valcea-clar-venues-ingest.yml,unknown,preserve; no deletion justified by static absence alone,INVESTIGATE
civora:valcea-clar/ops/venue_discovery_receipt.json,legacy code/config; exact operational role requires dynamic closure,repo maintainer / runtime owner if registered,.github/workflows/valcea-clar-venues-ingest.yml,workflow reference: .github/workflows/valcea-clar-venues-ingest.yml,unknown,preserve; no deletion justified by static absence alone,INVESTIGATE
civora:valcea-clar/ops/venue_identity_collision_holds.json,legacy code/config; exact operational role requires dynamic closure,repo maintainer / runtime owner if registered,.github/workflows/valcea-clar-venues-ingest.yml,workflow reference: .github/workflows/valcea-clar-venues-ingest.yml,unknown,preserve; no deletion justified by static absence alone,INVESTIGATE
civora:valcea-clar/ops/verification_queue.json,legacy code/config; exact operational role requires dynamic closure,repo maintainer / runtime owner if registered,not resolved,tracked at pinned HEAD; runtime use not proven,unknown,preserve; no deletion justified by static absence alone,INVESTIGATE
civora:valcea-clar/private-evidence/.gitignore,legacy code/config; exact operational role requires dynamic closure,repo maintainer / runtime owner if registered,not resolved,tracked at pinned HEAD; runtime use not proven,unknown,preserve; no deletion justified by static absence alone,INVESTIGATE
civora:valcea-clar/research/S2_RESEARCH_WRITING.md,documentation/research,repo maintainer / runtime owner if registered,not resolved,tracked at pinned HEAD; runtime use not proven,loss of rationale,retain reference; historic mechanics are revisable,KEEP
civora:valcea-clar/research/s2_editorial_agenda_2026-09-22.json,legacy code/config; exact operational role requires dynamic closure,repo maintainer / runtime owner if registered,not resolved,tracked at pinned HEAD; runtime use not proven,unknown,preserve; no deletion justified by static absence alone,INVESTIGATE
civora:valcea-clar/research/s2_priority_sources.json,legacy code/config; exact operational role requires dynamic closure,repo maintainer / runtime owner if registered,not resolved,tracked at pinned HEAD; runtime use not proven,unknown,preserve; no deletion justified by static absence alone,INVESTIGATE
civora:valcea-clar/schemas/creator.schema.json,legacy code/config; exact operational role requires dynamic closure,repo maintainer / runtime owner if registered,not resolved,tracked at pinned HEAD; runtime use not proven,unknown,preserve; no deletion justified by static absence alone,INVESTIGATE
civora:valcea-clar/schemas/place.schema.json,legacy code/config; exact operational role requires dynamic closure,repo maintainer / runtime owner if registered,not resolved,tracked at pinned HEAD; runtime use not proven,unknown,preserve; no deletion justified by static absence alone,INVESTIGATE
civora:valcea-clar/scripts/ajofm_valcea_labour_market_reference_adapter.py,legacy code/config; exact operational role requires dynamic closure,repo maintainer / runtime owner if registered,.github/workflows/valcea-clar-ajofm-valcea-labour-market-references.yml,workflow reference: .github/workflows/valcea-clar-ajofm-valcea-labour-market-references.yml,unknown,preserve; no deletion justified by static absence alone,INVESTIGATE
civora:valcea-clar/scripts/apavil_scheduled_water_interruption_reference_adapter.py,legacy code/config; exact operational role requires dynamic closure,repo maintainer / runtime owner if registered,.github/workflows/valcea-clar-apavil-scheduled-water-interruption-references.yml,workflow reference: .github/workflows/valcea-clar-apavil-scheduled-water-interruption-references.yml,unknown,preserve; no deletion justified by static absence alone,INVESTIGATE
civora:valcea-clar/scripts/apavil_valcea_service_thread_state.py,legacy code/config; exact operational role requires dynamic closure,repo maintainer / runtime owner if registered,.github/workflows/valcea-clar-apavil-signals.yml,workflow reference: .github/workflows/valcea-clar-apavil-signals.yml,unknown,preserve; no deletion justified by static absence alone,INVESTIGATE
civora:valcea-clar/scripts/apavil_valcea_signal_adapter.py,legacy code/config; exact operational role requires dynamic closure,repo maintainer / runtime owner if registered,.github/workflows/valcea-clar-apavil-signals.yml,workflow reference: .github/workflows/valcea-clar-apavil-signals.yml,unknown,preserve; no deletion justified by static absence alone,INVESTIGATE
civora:valcea-clar/scripts/audit_automation_surface.py,legacy code/config; exact operational role requires dynamic closure,repo maintainer / runtime owner if registered,.github/workflows/valcea-clar-engine-guard.yml,workflow reference: .github/workflows/valcea-clar-engine-guard.yml,unknown,preserve; no deletion justified by static absence alone,INVESTIGATE
civora:valcea-clar/scripts/babeni_municipal_announcement_document_reference_adapter.py,legacy code/config; exact operational role requires dynamic closure,repo maintainer / runtime owner if registered,.github/workflows/valcea-clar-babeni-municipal-announcement-document-references.yml,workflow reference: .github/workflows/valcea-clar-babeni-municipal-announcement-document-references.yml,unknown,preserve; no deletion justified by static absence alone,INVESTIGATE
civora:valcea-clar/scripts/bjai_valcea_event_reference_adapter.py,legacy code/config; exact operational role requires dynamic closure,repo maintainer / runtime owner if registered,.github/workflows/valcea-clar-bjai-valcea-event-references.yml,workflow reference: .github/workflows/valcea-clar-bjai-valcea-event-references.yml,unknown,preserve; no deletion justified by static absence alone,INVESTIGATE
civora:valcea-clar/scripts/bjai_valcea_events_desk_normalizer.py,legacy code/config; exact operational role requires dynamic closure,repo maintainer / runtime owner if registered,.github/workflows/valcea-clar-bjai-events-desk.yml,workflow reference: .github/workflows/valcea-clar-bjai-events-desk.yml,unknown,preserve; no deletion justified by static absence alone,INVESTIGATE
civora:valcea-clar/scripts/bjai_valcea_events_signal_adapter.py,legacy code/config; exact operational role requires dynamic closure,repo maintainer / runtime owner if registered,.github/workflows/valcea-clar-bjai-events-desk.yml;.github/workflows/valcea-clar-bjai-events-signals.yml,workflow reference: .github/workflows/valcea-clar-bjai-events-desk.yml;.github/workflows/valcea-clar-bjai-events-signals.yml,unknown,preserve; no deletion justified by static absence alone,INVESTIGATE
civora:valcea-clar/scripts/build_legal_pages.py,legacy code/config; exact operational role requires dynamic closure,repo maintainer / runtime owner if registered,.github/workflows/valcea-clar-canonical-export.yml;.github/workflows/valcea-clar-quality.yml,workflow reference: .github/workflows/valcea-clar-canonical-export.yml;.github/workflows/valcea-clar-quality.yml,unknown,preserve; no deletion justified by static absence alone,INVESTIGATE
civora:valcea-clar/scripts/build_live_feed.py,legacy code/config; exact operational role requires dynamic closure,repo maintainer / runtime owner if registered,.github/workflows/valcea-clar-edition-recovery.yml;.github/workflows/valcea-clar-editions.yml;.github/workflows/valcea-clar-editorial-writer.yml;.github/workflows/valcea-clar-newsroom-live.yml;.github/workflows/valcea-clar-story-social-metadata.yml,workflow reference: .github/workflows/valcea-clar-edition-recovery.yml;.github/workflows/valcea-clar-editions.yml;.github/workflows/valcea-clar-editorial-writer.yml;.github/workflows/valcea-clar-newsroom-live.yml;.github/workflows/valcea-clar-story-social-metadata.yml,unknown,preserve; no deletion justified by static absence alone,INVESTIGATE
civora:valcea-clar/scripts/build_person_profiles.py,legacy code/config; exact operational role requires dynamic closure,repo maintainer / runtime owner if registered,.github/workflows/valcea-clar-people-intelligence.yml,workflow reference: .github/workflows/valcea-clar-people-intelligence.yml,unknown,preserve; no deletion justified by static absence alone,INVESTIGATE
civora:valcea-clar/scripts/build_public_data.py,legacy code/config; exact operational role requires dynamic closure,repo maintainer / runtime owner if registered,.github/workflows/valcea-clar-canonical-export.yml;.github/workflows/valcea-clar-editions.yml;.github/workflows/valcea-clar-editorial-writer.yml;.github/workflows/valcea-clar-newsroom-live.yml;.github/workflows/valcea-clar-quality.yml;.github/workflows/valcea-clar-venues-ingest.yml,workflow reference: .github/workflows/valcea-clar-canonical-export.yml;.github/workflows/valcea-clar-editions.yml;.github/workflows/valcea-clar-editorial-writer.yml;.github/workflows/valcea-clar-newsroom-live.yml;.github/workflows/valcea-clar-quality.yml;.github/workflows/valcea-clar-venues-ingest.yml,unknown,preserve; no deletion justified by static absence alone,INVESTIGATE
civora:valcea-clar/scripts/cas_valcea_provider_directory_recency_state.py,legacy code/config; exact operational role requires dynamic closure,repo maintainer / runtime owner if registered,.github/workflows/valcea-clar-cas-provider-directory-recency.yml,workflow reference: .github/workflows/valcea-clar-cas-provider-directory-recency.yml,unknown,preserve; no deletion justified by static absence alone,INVESTIGATE
civora:valcea-clar/scripts/cas_valcea_provider_directory_reference_change_state.py,legacy code/config; exact operational role requires dynamic closure,repo maintainer / runtime owner if registered,.github/workflows/valcea-clar-cas-provider-directory-reference-change.yml,workflow reference: .github/workflows/valcea-clar-cas-provider-directory-reference-change.yml,unknown,preserve; no deletion justified by static absence alone,INVESTIGATE
civora:valcea-clar/scripts/cas_valcea_provider_document_metadata_state.py,legacy code/config; exact operational role requires dynamic closure,repo maintainer / runtime owner if registered,.github/workflows/valcea-clar-cas-provider-document-metadata.yml,workflow reference: .github/workflows/valcea-clar-cas-provider-document-metadata.yml,unknown,preserve; no deletion justified by static absence alone,INVESTIGATE
civora:valcea-clar/scripts/cas_valcea_service_access_signal_adapter.py,legacy code/config; exact operational role requires dynamic closure,repo maintainer / runtime owner if registered,.github/workflows/valcea-clar-cas-service-signals.yml,workflow reference: .github/workflows/valcea-clar-cas-service-signals.yml,unknown,preserve; no deletion justified by static absence alone,INVESTIGATE
civora:valcea-clar/scripts/ccd_valcea_professional_development_signal_adapter.py,legacy code/config; exact operational role requires dynamic closure,repo maintainer / runtime owner if registered,.github/workflows/valcea-clar-ccd-professional-development-signals.yml,workflow reference: .github/workflows/valcea-clar-ccd-professional-development-signals.yml,unknown,preserve; no deletion justified by static absence alone,INVESTIGATE
civora:valcea-clar/scripts/cci_valcea_signal_adapter.py,legacy code/config; exact operational role requires dynamic closure,repo maintainer / runtime owner if registered,.github/workflows/valcea-clar-cci-signals.yml,workflow reference: .github/workflows/valcea-clar-cci-signals.yml,unknown,preserve; no deletion justified by static absence alone,INVESTIGATE
civora:valcea-clar/scripts/cfr_craiova_speed_restriction_reference_adapter.py,legacy code/config; exact operational role requires dynamic closure,repo maintainer / runtime owner if registered,.github/workflows/valcea-clar-cfr-craiova-speed-restriction-references.yml,workflow reference: .github/workflows/valcea-clar-cfr-craiova-speed-restriction-references.yml,unknown,preserve; no deletion justified by static absence alone,INVESTIGATE
civora:valcea-clar/scripts/cfr_craiova_valcea_reference_change_state.py,legacy code/config; exact operational role requires dynamic closure,repo maintainer / runtime owner if registered,.github/workflows/valcea-clar-cfr-craiova-valcea-reference-change.yml,workflow reference: .github/workflows/valcea-clar-cfr-craiova-valcea-reference-change.yml,unknown,preserve; no deletion justified by static absence alone,INVESTIGATE
civora:valcea-clar/scripts/cfr_craiova_valcea_scope_validator.py,legacy code/config; exact operational role requires dynamic closure,repo maintainer / runtime owner if registered,.github/workflows/valcea-clar-cfr-craiova-valcea-scope.yml,workflow reference: .github/workflows/valcea-clar-cfr-craiova-valcea-scope.yml,unknown,preserve; no deletion justified by static absence alone,INVESTIGATE
civora:valcea-clar/scripts/cj_valcea_adopted_decision_reference_adapter.py,legacy code/config; exact operational role requires dynamic closure,repo maintainer / runtime owner if registered,.github/workflows/valcea-clar-cj-valcea-adopted-decision-reference.yml,workflow reference: .github/workflows/valcea-clar-cj-valcea-adopted-decision-reference.yml,unknown,preserve; no deletion justified by static absence alone,INVESTIGATE
civora:valcea-clar/scripts/cj_valcea_executive_disposition_register_reference_adapter.py,legacy code/config; exact operational role requires dynamic closure,repo maintainer / runtime owner if registered,.github/workflows/valcea-clar-cj-valcea-executive-disposition-register-reference.yml,workflow reference: .github/workflows/valcea-clar-cj-valcea-executive-disposition-register-reference.yml,unknown,preserve; no deletion justified by static absence alone,INVESTIGATE
civora:valcea-clar/scripts/cj_valcea_roadworks_signal_adapter.py,legacy code/config; exact operational role requires dynamic closure,repo maintainer / runtime owner if registered,.github/workflows/valcea-clar-cj-roadworks-signals.yml,workflow reference: .github/workflows/valcea-clar-cj-roadworks-signals.yml,unknown,preserve; no deletion justified by static absence alone,INVESTIGATE
civora:valcea-clar/scripts/cj_valcea_session_announcement_reference_adapter.py,legacy code/config; exact operational role requires dynamic closure,repo maintainer / runtime owner if registered,.github/workflows/valcea-clar-cj-valcea-session-announcement-reference.yml,workflow reference: .github/workflows/valcea-clar-cj-valcea-session-announcement-reference.yml,unknown,preserve; no deletion justified by static absence alone,INVESTIGATE
civora:valcea-clar/scripts/cjrae_valcea_education_support_signal_adapter.py,legacy code/config; exact operational role requires dynamic closure,repo maintainer / runtime owner if registered,.github/workflows/valcea-clar-cjrae-education-support-signals.yml,workflow reference: .github/workflows/valcea-clar-cjrae-education-support-signals.yml,unknown,preserve; no deletion justified by static absence alone,INVESTIGATE
civora:valcea-clar/scripts/compose_structured_alerts.py,legacy code/config; exact operational role requires dynamic closure,repo maintainer / runtime owner if registered,.github/workflows/valcea-clar-fact-kernel.yml;.github/workflows/valcea-clar-structured-alerts.yml,workflow reference: .github/workflows/valcea-clar-fact-kernel.yml;.github/workflows/valcea-clar-structured-alerts.yml,unknown,preserve; no deletion justified by static absence alone,INVESTIGATE
civora:valcea-clar/scripts/council_claim_attribution_normalizer.py,legacy code/config; exact operational role requires dynamic closure,repo maintainer / runtime owner if registered,not resolved,tracked at pinned HEAD; runtime use not proven,unknown,preserve; no deletion justified by static absence alone,INVESTIGATE
civora:valcea-clar/scripts/council_decision_article_engine.py,legacy code/config; exact operational role requires dynamic closure,repo maintainer / runtime owner if registered,not resolved,tracked at pinned HEAD; runtime use not proven,unknown,preserve; no deletion justified by static absence alone,INVESTIGATE
civora:valcea-clar/scripts/council_decision_document_resolver.py,legacy code/config; exact operational role requires dynamic closure,repo maintainer / runtime owner if registered,not resolved,tracked at pinned HEAD; runtime use not proven,unknown,preserve; no deletion justified by static absence alone,INVESTIGATE
civora:valcea-clar/scripts/council_decision_fulltext_enricher.py,legacy code/config; exact operational role requires dynamic closure,repo maintainer / runtime owner if registered,not resolved,tracked at pinned HEAD; runtime use not proven,unknown,preserve; no deletion justified by static absence alone,INVESTIGATE
civora:valcea-clar/scripts/council_decision_fulltext_enricher_v2.py,legacy code/config; exact operational role requires dynamic closure,repo maintainer / runtime owner if registered,not resolved,tracked at pinned HEAD; runtime use not proven,unknown,preserve; no deletion justified by static absence alone,INVESTIGATE
civora:valcea-clar/scripts/council_docmanager_diagnostic.py,legacy code/config; exact operational role requires dynamic closure,repo maintainer / runtime owner if registered,not resolved,tracked at pinned HEAD; runtime use not proven,unknown,preserve; no deletion justified by static absence alone,INVESTIGATE
civora:valcea-clar/scripts/council_docmanager_document_diagnostic.py,legacy code/config; exact operational role requires dynamic closure,repo maintainer / runtime owner if registered,not resolved,tracked at pinned HEAD; runtime use not proven,unknown,preserve; no deletion justified by static absence alone,INVESTIGATE
civora:valcea-clar/scripts/council_docmanager_embedded_resolver.py,legacy code/config; exact operational role requires dynamic closure,repo maintainer / runtime owner if registered,not resolved,tracked at pinned HEAD; runtime use not proven,unknown,preserve; no deletion justified by static absence alone,INVESTIGATE
civora:valcea-clar/scripts/council_docmanager_row_resolver.py,legacy code/config; exact operational role requires dynamic closure,repo maintainer / runtime owner if registered,not resolved,tracked at pinned HEAD; runtime use not proven,unknown,preserve; no deletion justified by static absence alone,INVESTIGATE
civora:valcea-clar/scripts/council_fact_kernel.py,legacy code/config; exact operational role requires dynamic closure,repo maintainer / runtime owner if registered,not resolved,tracked at pinned HEAD; runtime use not proven,unknown,preserve; no deletion justified by static absence alone,INVESTIGATE
civora:valcea-clar/scripts/council_watch_rm_valcea.py,legacy code/config; exact operational role requires dynamic closure,repo maintainer / runtime owner if registered,not resolved,tracked at pinned HEAD; runtime use not proven,unknown,preserve; no deletion justified by static absence alone,INVESTIGATE
civora:valcea-clar/scripts/council_watch_rm_valcea_v2.py,legacy code/config; exact operational role requires dynamic closure,repo maintainer / runtime owner if registered,.github/workflows/valcea-clar-monitor-ledger.yml,workflow reference: .github/workflows/valcea-clar-monitor-ledger.yml,unknown,preserve; no deletion justified by static absence alone,INVESTIGATE
civora:valcea-clar/scripts/discover_news_facts.py,legacy code/config; exact operational role requires dynamic closure,repo maintainer / runtime owner if registered,not resolved,tracked at pinned HEAD; runtime use not proven,unknown,preserve; no deletion justified by static absence alone,INVESTIGATE
civora:valcea-clar/scripts/discover_person_candidates.py,legacy code/config; exact operational role requires dynamic closure,repo maintainer / runtime owner if registered,.github/workflows/valcea-clar-person-candidate-discovery.yml,workflow reference: .github/workflows/valcea-clar-person-candidate-discovery.yml,unknown,preserve; no deletion justified by static absence alone,INVESTIGATE
civora:valcea-clar/scripts/discover_person_sources.py,legacy code/config; exact operational role requires dynamic closure,repo maintainer / runtime owner if registered,.github/workflows/valcea-clar-people-intelligence.yml,workflow reference: .github/workflows/valcea-clar-people-intelligence.yml,unknown,preserve; no deletion justified by static absence alone,INVESTIGATE
civora:valcea-clar/scripts/discovery_snapshot_material.py,legacy code/config; exact operational role requires dynamic closure,repo maintainer / runtime owner if registered,.github/workflows/valcea-clar-newsroom-live.yml,workflow reference: .github/workflows/valcea-clar-newsroom-live.yml,unknown,preserve; no deletion justified by static absence alone,INVESTIGATE
civora:valcea-clar/scripts/djm_valcea_environment_permit_register_reference_adapter.py,legacy code/config; exact operational role requires dynamic closure,repo maintainer / runtime owner if registered,.github/workflows/valcea-clar-djm-valcea-environment-permit-register-reference.yml,workflow reference: .github/workflows/valcea-clar-djm-valcea-environment-permit-register-reference.yml,unknown,preserve; no deletion justified by static absence alone,INVESTIGATE
civora:valcea-clar/scripts/dragasani_public_service_directory_reference_adapter.py,legacy code/config; exact operational role requires dynamic closure,repo maintainer / runtime owner if registered,.github/workflows/valcea-clar-dragasani-public-service-directory-references.yml,workflow reference: .github/workflows/valcea-clar-dragasani-public-service-directory-references.yml,unknown,preserve; no deletion justified by static absence alone,INVESTIGATE
civora:valcea-clar/scripts/dsp_health_signal_adapter.py,legacy code/config; exact operational role requires dynamic closure,repo maintainer / runtime owner if registered,not resolved,tracked at pinned HEAD; runtime use not proven,unknown,preserve; no deletion justified by static absence alone,INVESTIGATE
civora:valcea-clar/scripts/dsp_valcea_health_signal_adapter.py,legacy code/config; exact operational role requires dynamic closure,repo maintainer / runtime owner if registered,.github/workflows/valcea-clar-dsp-health-signals.yml,workflow reference: .github/workflows/valcea-clar-dsp-health-signals.yml,unknown,preserve; no deletion justified by static absence alone,INVESTIGATE
civora:valcea-clar/scripts/dsp_valcea_public_health_signal_adapter.py,legacy code/config; exact operational role requires dynamic closure,repo maintainer / runtime owner if registered,.github/workflows/valcea-clar-dsp-public-health-signals.yml,workflow reference: .github/workflows/valcea-clar-dsp-public-health-signals.yml,unknown,preserve; no deletion justified by static absence alone,INVESTIGATE
civora:valcea-clar/scripts/editorial_integrity.py,legacy code/config; exact operational role requires dynamic closure,repo maintainer / runtime owner if registered,.github/workflows/valcea-clar-editorial-writer.yml,workflow reference: .github/workflows/valcea-clar-editorial-writer.yml,unknown,preserve; no deletion justified by static absence alone,INVESTIGATE
civora:valcea-clar/scripts/editorial_lifecycle_normalizer.py,legacy code/config; exact operational role requires dynamic closure,repo maintainer / runtime owner if registered,.github/workflows/valcea-clar-fact-kernel.yml,workflow reference: .github/workflows/valcea-clar-fact-kernel.yml,unknown,preserve; no deletion justified by static absence alone,INVESTIGATE
civora:valcea-clar/scripts/editorial_opportunity_engine.py,legacy code/config; exact operational role requires dynamic closure,repo maintainer / runtime owner if registered,.github/workflows/valcea-clar-editorial-opportunity-engine.yml,workflow reference: .github/workflows/valcea-clar-editorial-opportunity-engine.yml,unknown,preserve; no deletion justified by static absence alone,INVESTIGATE
civora:valcea-clar/scripts/editorial_quality_corpus_audit.py,legacy code/config; exact operational role requires dynamic closure,repo maintainer / runtime owner if registered,.github/workflows/valcea-clar-editorial-writing-quality.yml,workflow reference: .github/workflows/valcea-clar-editorial-writing-quality.yml,unknown,preserve; no deletion justified by static absence alone,INVESTIGATE
civora:valcea-clar/scripts/editorial_writer.py,legacy code/config; exact operational role requires dynamic closure,repo maintainer / runtime owner if registered,.github/workflows/valcea-clar-edition-recovery.yml;.github/workflows/valcea-clar-editorial-writer.yml;.github/workflows/valcea-clar-editorial-writing-quality.yml,workflow reference: .github/workflows/valcea-clar-edition-recovery.yml;.github/workflows/valcea-clar-editorial-writer.yml;.github/workflows/valcea-clar-editorial-writing-quality.yml,unknown,preserve; no deletion justified by static absence alone,INVESTIGATE
civora:valcea-clar/scripts/editorial_writer_quality_gate.py,legacy code/config; exact operational role requires dynamic closure,repo maintainer / runtime owner if registered,.github/workflows/valcea-clar-editorial-writing-quality.yml,workflow reference: .github/workflows/valcea-clar-editorial-writing-quality.yml,unknown,preserve; no deletion justified by static absence alone,INVESTIGATE
civora:valcea-clar/scripts/enrich_festival_artists.py,legacy code/config; exact operational role requires dynamic closure,repo maintainer / runtime owner if registered,.github/workflows/valcea-clar-people-intelligence.yml,workflow reference: .github/workflows/valcea-clar-people-intelligence.yml,unknown,preserve; no deletion justified by static absence alone,INVESTIGATE
civora:valcea-clar/scripts/eta_bus_route_directory_reference_adapter.py,legacy code/config; exact operational role requires dynamic closure,repo maintainer / runtime owner if registered,.github/workflows/valcea-clar-eta-bus-route-directory-references.yml;.github/workflows/valcea-clar-traffic-reference-correlation.yml,workflow reference: .github/workflows/valcea-clar-eta-bus-route-directory-references.yml;.github/workflows/valcea-clar-traffic-reference-correlation.yml,unknown,preserve; no deletion justified by static absence alone,INVESTIGATE
civora:valcea-clar/scripts/eta_bus_service_announcement_reference_adapter.py,legacy code/config; exact operational role requires dynamic closure,repo maintainer / runtime owner if registered,.github/workflows/valcea-clar-eta-bus-service-announcement-references.yml,workflow reference: .github/workflows/valcea-clar-eta-bus-service-announcement-references.yml,unknown,preserve; no deletion justified by static absence alone,INVESTIGATE
civora:valcea-clar/scripts/eta_valcea_event_transport_detail_evidence.py,legacy code/config; exact operational role requires dynamic closure,repo maintainer / runtime owner if registered,.github/workflows/valcea-clar-eta-event-transport-detail-evidence.yml,workflow reference: .github/workflows/valcea-clar-eta-event-transport-detail-evidence.yml,unknown,preserve; no deletion justified by static absence alone,INVESTIGATE
civora:valcea-clar/scripts/eta_valcea_service_news_temporal_gate.py,legacy code/config; exact operational role requires dynamic closure,repo maintainer / runtime owner if registered,.github/workflows/valcea-clar-eta-service-news-temporal-gate.yml,workflow reference: .github/workflows/valcea-clar-eta-service-news-temporal-gate.yml,unknown,preserve; no deletion justified by static absence alone,INVESTIGATE
civora:valcea-clar/scripts/eta_valcea_service_thread_state.py,legacy code/config; exact operational role requires dynamic closure,repo maintainer / runtime owner if registered,.github/workflows/valcea-clar-eta-signals.yml,workflow reference: .github/workflows/valcea-clar-eta-signals.yml,unknown,preserve; no deletion justified by static absence alone,INVESTIGATE
civora:valcea-clar/scripts/eta_valcea_signal_adapter.py,legacy code/config; exact operational role requires dynamic closure,repo maintainer / runtime owner if registered,.github/workflows/valcea-clar-eta-signals.yml,workflow reference: .github/workflows/valcea-clar-eta-signals.yml,unknown,preserve; no deletion justified by static absence alone,INVESTIGATE
civora:valcea-clar/scripts/eta_valcea_transport_archive_reference_adapter.py,legacy code/config; exact operational role requires dynamic closure,repo maintainer / runtime owner if registered,.github/workflows/valcea-clar-eta-event-transport-detail-evidence.yml;.github/workflows/valcea-clar-eta-historical-detail-reconciliation.yml;.github/workflows/valcea-clar-eta-service-news-temporal-gate.yml;.github/workflows/valcea-clar-eta-transport-archive-references.yml,workflow reference: .github/workflows/valcea-clar-eta-event-transport-detail-evidence.yml;.github/workflows/valcea-clar-eta-historical-detail-reconciliation.yml;.github/workflows/valcea-clar-eta-service-news-temporal-gate.yml;.github/workflows/valcea-clar-eta-transport-archive-references.yml,unknown,preserve; no deletion justified by static absence alone,INVESTIGATE
civora:valcea-clar/scripts/eta_valcea_transport_detail_evidence.py,legacy code/config; exact operational role requires dynamic closure,repo maintainer / runtime owner if registered,.github/workflows/valcea-clar-eta-event-transport-detail-evidence.yml;.github/workflows/valcea-clar-eta-historical-detail-reconciliation.yml;.github/workflows/valcea-clar-eta-service-news-temporal-gate.yml;.github/workflows/valcea-clar-eta-transport-detail-evidence.yml,workflow reference: .github/workflows/valcea-clar-eta-event-transport-detail-evidence.yml;.github/workflows/valcea-clar-eta-historical-detail-reconciliation.yml;.github/workflows/valcea-clar-eta-service-news-temporal-gate.yml;.github/workflows/valcea-clar-eta-transport-detail-evidence.yml,unknown,preserve; no deletion justified by static absence alone,INVESTIGATE
civora:valcea-clar/scripts/eta_valcea_transport_historical_detail_reconciliation.py,legacy code/config; exact operational role requires dynamic closure,repo maintainer / runtime owner if registered,.github/workflows/valcea-clar-eta-historical-detail-reconciliation.yml;.github/workflows/valcea-clar-eta-service-news-temporal-gate.yml,workflow reference: .github/workflows/valcea-clar-eta-historical-detail-reconciliation.yml;.github/workflows/valcea-clar-eta-service-news-temporal-gate.yml,unknown,preserve; no deletion justified by static absence alone,INVESTIGATE
civora:valcea-clar/scripts/eta_valcea_transport_reference_adapter.py,legacy code/config; exact operational role requires dynamic closure,repo maintainer / runtime owner if registered,.github/workflows/valcea-clar-eta-event-transport-detail-evidence.yml;.github/workflows/valcea-clar-eta-historical-detail-reconciliation.yml;.github/workflows/valcea-clar-eta-service-news-temporal-gate.yml;.github/workflows/valcea-clar-eta-transport-archive-references.yml;.github/workflows/valcea-clar-eta-transport-detail-evidence.yml;.github/workflows/valcea-clar-eta-transport-references.yml,workflow reference: .github/workflows/valcea-clar-eta-event-transport-detail-evidence.yml;.github/workflows/valcea-clar-eta-historical-detail-reconciliation.yml;.github/workflows/valcea-clar-eta-service-news-temporal-gate.yml;.github/workflows/valcea-clar-eta-transport-archive-references.yml;.github/workflows/valcea-clar-eta-transport-detail-evidence.yml;.github/workflows/valcea-clar-eta-transport-references.yml,unknown,preserve; no deletion justified by static absence alone,INVESTIGATE
civora:valcea-clar/scripts/fact_kernel_orchestrator.py,legacy code/config; exact operational role requires dynamic closure,repo maintainer / runtime owner if registered,.github/workflows/valcea-clar-fact-kernel.yml;.github/workflows/valcea-clar-manual-publish.yml,workflow reference: .github/workflows/valcea-clar-fact-kernel.yml;.github/workflows/valcea-clar-manual-publish.yml,unknown,preserve; no deletion justified by static absence alone,INVESTIGATE
civora:valcea-clar/scripts/filarmonica_valcea_upcoming_event_reference_adapter.py,legacy code/config; exact operational role requires dynamic closure,repo maintainer / runtime owner if registered,.github/workflows/valcea-clar-filarmonica-valcea-upcoming-event-references.yml,workflow reference: .github/workflows/valcea-clar-filarmonica-valcea-upcoming-event-references.yml,unknown,preserve; no deletion justified by static absence alone,INVESTIGATE
civora:valcea-clar/scripts/gambling_dossier_enricher.py,legacy code/config; exact operational role requires dynamic closure,repo maintainer / runtime owner if registered,not resolved,tracked at pinned HEAD; runtime use not proven,unknown,preserve; no deletion justified by static absence alone,INVESTIGATE
civora:valcea-clar/scripts/gambling_dossier_enricher_v2.py,legacy code/config; exact operational role requires dynamic closure,repo maintainer / runtime owner if registered,not resolved,tracked at pinned HEAD; runtime use not proven,unknown,preserve; no deletion justified by static absence alone,INVESTIGATE
civora:valcea-clar/scripts/gambling_story_presentation.py,legacy code/config; exact operational role requires dynamic closure,repo maintainer / runtime owner if registered,.github/workflows/valcea-clar-canonical-export.yml,workflow reference: .github/workflows/valcea-clar-canonical-export.yml,unknown,preserve; no deletion justified by static absence alone,INVESTIGATE
civora:valcea-clar/scripts/generate_edition.py,legacy code/config; exact operational role requires dynamic closure,repo maintainer / runtime owner if registered,.github/workflows/valcea-clar-edition-recovery.yml;.github/workflows/valcea-clar-editions.yml;.github/workflows/valcea-clar-editorial-writer.yml;.github/workflows/valcea-clar-newsroom-live.yml,workflow reference: .github/workflows/valcea-clar-edition-recovery.yml;.github/workflows/valcea-clar-editions.yml;.github/workflows/valcea-clar-editorial-writer.yml;.github/workflows/valcea-clar-newsroom-live.yml,unknown,preserve; no deletion justified by static absence alone,INVESTIGATE
civora:valcea-clar/scripts/health_service_valcea_crossref_state.py,legacy code/config; exact operational role requires dynamic closure,repo maintainer / runtime owner if registered,.github/workflows/valcea-clar-health-service-crossref.yml,workflow reference: .github/workflows/valcea-clar-health-service-crossref.yml,unknown,preserve; no deletion justified by static absence alone,INVESTIGATE
civora:valcea-clar/scripts/health_workforce_detail_reconciliation.py,legacy code/config; exact operational role requires dynamic closure,repo maintainer / runtime owner if registered,.github/workflows/valcea-clar-health-workforce-context.yml,workflow reference: .github/workflows/valcea-clar-health-workforce-context.yml,unknown,preserve; no deletion justified by static absence alone,INVESTIGATE
civora:valcea-clar/scripts/health_workforce_reference_context_engine.py,legacy code/config; exact operational role requires dynamic closure,repo maintainer / runtime owner if registered,.github/workflows/valcea-clar-health-workforce-context.yml,workflow reference: .github/workflows/valcea-clar-health-workforce-context.yml,unknown,preserve; no deletion justified by static absence alone,INVESTIGATE
civora:valcea-clar/scripts/horezu_municipal_announcement_reference_adapter.py,legacy code/config; exact operational role requires dynamic closure,repo maintainer / runtime owner if registered,.github/workflows/valcea-clar-horezu-municipal-announcement-references.yml,workflow reference: .github/workflows/valcea-clar-horezu-municipal-announcement-references.yml,unknown,preserve; no deletion justified by static absence alone,INVESTIGATE
civora:valcea-clar/scripts/infotrafic_valcea_breaking_candidates.py,legacy code/config; exact operational role requires dynamic closure,repo maintainer / runtime owner if registered,.github/workflows/valcea-clar-infotrafic-breaking-candidates.yml,workflow reference: .github/workflows/valcea-clar-infotrafic-breaking-candidates.yml,unknown,preserve; no deletion justified by static absence alone,INVESTIGATE
civora:valcea-clar/scripts/infotrafic_valcea_event_normalizer.py,legacy code/config; exact operational role requires dynamic closure,repo maintainer / runtime owner if registered,.github/workflows/valcea-clar-infotrafic-breaking-candidates.yml;.github/workflows/valcea-clar-public-safety-crosslink.yml;.github/workflows/valcea-clar-quality.yml,workflow reference: .github/workflows/valcea-clar-infotrafic-breaking-candidates.yml;.github/workflows/valcea-clar-public-safety-crosslink.yml;.github/workflows/valcea-clar-quality.yml,unknown,preserve; no deletion justified by static absence alone,INVESTIGATE
civora:valcea-clar/scripts/infotrafic_valcea_newsroom_review_envelope.py,legacy code/config; exact operational role requires dynamic closure,repo maintainer / runtime owner if registered,.github/workflows/valcea-clar-infotrafic-breaking-candidates.yml,workflow reference: .github/workflows/valcea-clar-infotrafic-breaking-candidates.yml,unknown,preserve; no deletion justified by static absence alone,INVESTIGATE
civora:valcea-clar/scripts/infotrafic_valcea_recent_reference_adapter.py,legacy code/config; exact operational role requires dynamic closure,repo maintainer / runtime owner if registered,.github/workflows/valcea-clar-infotrafic-valcea-references.yml;.github/workflows/valcea-clar-traffic-reference-correlation.yml;.github/workflows/valcea-clar-traffic-temporal-evidence-flow.yml,workflow reference: .github/workflows/valcea-clar-infotrafic-valcea-references.yml;.github/workflows/valcea-clar-traffic-reference-correlation.yml;.github/workflows/valcea-clar-traffic-temporal-evidence-flow.yml,unknown,preserve; no deletion justified by static absence alone,INVESTIGATE
civora:valcea-clar/scripts/infotrafic_valcea_signal_adapter.py,legacy code/config; exact operational role requires dynamic closure,repo maintainer / runtime owner if registered,not resolved,tracked at pinned HEAD; runtime use not proven,unknown,preserve; no deletion justified by static absence alone,INVESTIGATE
civora:valcea-clar/scripts/infotrafic_valcea_thread_state.py,legacy code/config; exact operational role requires dynamic closure,repo maintainer / runtime owner if registered,.github/workflows/valcea-clar-infotrafic-breaking-candidates.yml;.github/workflows/valcea-clar-quality.yml,workflow reference: .github/workflows/valcea-clar-infotrafic-breaking-candidates.yml;.github/workflows/valcea-clar-quality.yml,unknown,preserve; no deletion justified by static absence alone,INVESTIGATE
civora:valcea-clar/scripts/infrastructure_watch.py,legacy code/config; exact operational role requires dynamic closure,repo maintainer / runtime owner if registered,.github/workflows/valcea-clar-monitor-ledger.yml,workflow reference: .github/workflows/valcea-clar-monitor-ledger.yml,unknown,preserve; no deletion justified by static absence alone,INVESTIGATE
civora:valcea-clar/scripts/ipj_valcea_news_signal_adapter.py,legacy code/config; exact operational role requires dynamic closure,repo maintainer / runtime owner if registered,.github/workflows/valcea-clar-ipj-news-signals.yml;.github/workflows/valcea-clar-public-safety-crosslink.yml,workflow reference: .github/workflows/valcea-clar-ipj-news-signals.yml;.github/workflows/valcea-clar-public-safety-crosslink.yml,unknown,preserve; no deletion justified by static absence alone,INVESTIGATE
civora:valcea-clar/scripts/ipj_valcea_public_safety_detail_evidence.py,legacy code/config; exact operational role requires dynamic closure,repo maintainer / runtime owner if registered,.github/workflows/valcea-clar-ipj-public-safety-detail-evidence.yml,workflow reference: .github/workflows/valcea-clar-ipj-public-safety-detail-evidence.yml,unknown,preserve; no deletion justified by static absence alone,INVESTIGATE
civora:valcea-clar/scripts/ipj_valcea_public_safety_reference_adapter.py,legacy code/config; exact operational role requires dynamic closure,repo maintainer / runtime owner if registered,.github/workflows/valcea-clar-ipj-public-safety-detail-evidence.yml;.github/workflows/valcea-clar-ipj-public-safety-references.yml,workflow reference: .github/workflows/valcea-clar-ipj-public-safety-detail-evidence.yml;.github/workflows/valcea-clar-ipj-public-safety-references.yml,unknown,preserve; no deletion justified by static absence alone,INVESTIGATE
civora:valcea-clar/scripts/ipj_valcea_road_traffic_news_reference_adapter.py,legacy code/config; exact operational role requires dynamic closure,repo maintainer / runtime owner if registered,.github/workflows/valcea-clar-ipj-valcea-road-traffic-references.yml;.github/workflows/valcea-clar-traffic-reference-correlation.yml;.github/workflows/valcea-clar-traffic-temporal-evidence-flow.yml,workflow reference: .github/workflows/valcea-clar-ipj-valcea-road-traffic-references.yml;.github/workflows/valcea-clar-traffic-reference-correlation.yml;.github/workflows/valcea-clar-traffic-temporal-evidence-flow.yml,unknown,preserve; no deletion justified by static absence alone,INVESTIGATE
civora:valcea-clar/scripts/isj_valcea_education_deadline_state.py,legacy code/config; exact operational role requires dynamic closure,repo maintainer / runtime owner if registered,.github/workflows/valcea-clar-isj-education-deadlines.yml,workflow reference: .github/workflows/valcea-clar-isj-education-deadlines.yml,unknown,preserve; no deletion justified by static absence alone,INVESTIGATE
civora:valcea-clar/scripts/isj_valcea_education_detail_evidence.py,legacy code/config; exact operational role requires dynamic closure,repo maintainer / runtime owner if registered,.github/workflows/valcea-clar-isj-education-detail-evidence.yml,workflow reference: .github/workflows/valcea-clar-isj-education-detail-evidence.yml,unknown,preserve; no deletion justified by static absence alone,INVESTIGATE
civora:valcea-clar/scripts/isj_valcea_education_home_reference_adapter.py,legacy code/config; exact operational role requires dynamic closure,repo maintainer / runtime owner if registered,.github/workflows/valcea-clar-isj-valcea-education-home-references.yml,workflow reference: .github/workflows/valcea-clar-isj-valcea-education-home-references.yml,unknown,preserve; no deletion justified by static absence alone,INVESTIGATE
civora:valcea-clar/scripts/isj_valcea_education_reference_adapter.py,legacy code/config; exact operational role requires dynamic closure,repo maintainer / runtime owner if registered,.github/workflows/valcea-clar-isj-education-detail-evidence.yml;.github/workflows/valcea-clar-isj-education-references.yml,workflow reference: .github/workflows/valcea-clar-isj-education-detail-evidence.yml;.github/workflows/valcea-clar-isj-education-references.yml,unknown,preserve; no deletion justified by static absence alone,INVESTIGATE
civora:valcea-clar/scripts/isj_valcea_education_reference_change_state.py,legacy code/config; exact operational role requires dynamic closure,repo maintainer / runtime owner if registered,.github/workflows/valcea-clar-isj-valcea-education-reference-change.yml,workflow reference: .github/workflows/valcea-clar-isj-valcea-education-reference-change.yml,unknown,preserve; no deletion justified by static absence alone,INVESTIGATE
civora:valcea-clar/scripts/isj_valcea_education_signal_adapter.py,legacy code/config; exact operational role requires dynamic closure,repo maintainer / runtime owner if registered,.github/workflows/valcea-clar-isj-education-deadlines.yml;.github/workflows/valcea-clar-isj-education-signals.yml,workflow reference: .github/workflows/valcea-clar-isj-education-deadlines.yml;.github/workflows/valcea-clar-isj-education-signals.yml,unknown,preserve; no deletion justified by static absence alone,INVESTIGATE
civora:valcea-clar/scripts/isj_valcea_signal_adapter.py,legacy code/config; exact operational role requires dynamic closure,repo maintainer / runtime owner if registered,.github/workflows/valcea-clar-isj-signals.yml,workflow reference: .github/workflows/valcea-clar-isj-signals.yml,unknown,preserve; no deletion justified by static absence alone,INVESTIGATE
civora:valcea-clar/scripts/isu_valcea_avizare_autorizare_reference_adapter.py,legacy code/config; exact operational role requires dynamic closure,repo maintainer / runtime owner if registered,.github/workflows/valcea-clar-isu-avizare-autorizare.yml,workflow reference: .github/workflows/valcea-clar-isu-avizare-autorizare.yml,unknown,preserve; no deletion justified by static absence alone,INVESTIGATE
civora:valcea-clar/scripts/isu_valcea_cjsu_decision_reference_adapter.py,legacy code/config; exact operational role requires dynamic closure,repo maintainer / runtime owner if registered,.github/workflows/valcea-clar-isu-cjsu-decisions.yml,workflow reference: .github/workflows/valcea-clar-isu-cjsu-decisions.yml,unknown,preserve; no deletion justified by static absence alone,INVESTIGATE
civora:valcea-clar/scripts/isu_valcea_emergency_detail_evidence.py,legacy code/config; exact operational role requires dynamic closure,repo maintainer / runtime owner if registered,.github/workflows/valcea-clar-isu-emergency-detail-evidence.yml,workflow reference: .github/workflows/valcea-clar-isu-emergency-detail-evidence.yml,unknown,preserve; no deletion justified by static absence alone,INVESTIGATE
civora:valcea-clar/scripts/isu_valcea_emergency_reference_adapter.py,legacy code/config; exact operational role requires dynamic closure,repo maintainer / runtime owner if registered,.github/workflows/valcea-clar-isu-emergency-detail-evidence.yml;.github/workflows/valcea-clar-isu-emergency-references.yml,workflow reference: .github/workflows/valcea-clar-isu-emergency-detail-evidence.yml;.github/workflows/valcea-clar-isu-emergency-references.yml,unknown,preserve; no deletion justified by static absence alone,INVESTIGATE
civora:valcea-clar/scripts/isu_valcea_homepage_summary_kernel.py,legacy code/config; exact operational role requires dynamic closure,repo maintainer / runtime owner if registered,not resolved,tracked at pinned HEAD; runtime use not proven,unknown,preserve; no deletion justified by static absence alone,INVESTIGATE
civora:valcea-clar/scripts/isu_valcea_incident_thread_state.py,legacy code/config; exact operational role requires dynamic closure,repo maintainer / runtime owner if registered,.github/workflows/valcea-clar-isu-incident-thread-state.yml,workflow reference: .github/workflows/valcea-clar-isu-incident-thread-state.yml,unknown,preserve; no deletion justified by static absence alone,INVESTIGATE
civora:valcea-clar/scripts/isu_valcea_local_news_signal_adapter.py,legacy code/config; exact operational role requires dynamic closure,repo maintainer / runtime owner if registered,.github/workflows/valcea-clar-isu-incident-thread-state.yml;.github/workflows/valcea-clar-isu-local-news-signals.yml;.github/workflows/valcea-clar-public-safety-crosslink.yml,workflow reference: .github/workflows/valcea-clar-isu-incident-thread-state.yml;.github/workflows/valcea-clar-isu-local-news-signals.yml;.github/workflows/valcea-clar-public-safety-crosslink.yml,unknown,preserve; no deletion justified by static absence alone,INVESTIGATE
civora:valcea-clar/scripts/isu_valcea_press_release_reference_adapter.py,legacy code/config; exact operational role requires dynamic closure,repo maintainer / runtime owner if registered,.github/workflows/valcea-clar-isu-valcea-press-release-references.yml,workflow reference: .github/workflows/valcea-clar-isu-valcea-press-release-references.yml,unknown,preserve; no deletion justified by static absence alone,INVESTIGATE
civora:valcea-clar/scripts/isu_valcea_preventive_info_signal_adapter.py,legacy code/config; exact operational role requires dynamic closure,repo maintainer / runtime owner if registered,.github/workflows/valcea-clar-isu-preventive-info.yml,workflow reference: .github/workflows/valcea-clar-isu-preventive-info.yml,unknown,preserve; no deletion justified by static absence alone,INVESTIGATE
civora:valcea-clar/scripts/isu_valcea_public_safety_signal_adapter.py,legacy code/config; exact operational role requires dynamic closure,repo maintainer / runtime owner if registered,.github/workflows/valcea-clar-isu-incident-thread-state.yml;.github/workflows/valcea-clar-isu-safety-signals.yml;.github/workflows/valcea-clar-public-safety-crosslink.yml,workflow reference: .github/workflows/valcea-clar-isu-incident-thread-state.yml;.github/workflows/valcea-clar-isu-safety-signals.yml;.github/workflows/valcea-clar-public-safety-crosslink.yml,unknown,preserve; no deletion justified by static absence alone,INVESTIGATE
civora:valcea-clar/scripts/itm_valcea_public_information_reference_adapter.py,legacy code/config; exact operational role requires dynamic closure,repo maintainer / runtime owner if registered,.github/workflows/valcea-clar-itm-valcea-public-information-references.yml,workflow reference: .github/workflows/valcea-clar-itm-valcea-public-information-references.yml,unknown,preserve; no deletion justified by static absence alone,INVESTIGATE
civora:valcea-clar/scripts/link_artist_profiles.py,legacy code/config; exact operational role requires dynamic closure,repo maintainer / runtime owner if registered,.github/workflows/valcea-clar-artist-story-links.yml,workflow reference: .github/workflows/valcea-clar-artist-story-links.yml,unknown,preserve; no deletion justified by static absence alone,INVESTIGATE
civora:valcea-clar/scripts/link_person_profiles.py,legacy code/config; exact operational role requires dynamic closure,repo maintainer / runtime owner if registered,.github/workflows/valcea-clar-person-story-links.yml,workflow reference: .github/workflows/valcea-clar-person-story-links.yml,unknown,preserve; no deletion justified by static absence alone,INVESTIGATE
civora:valcea-clar/scripts/market_intelligence_watch.py,legacy code/config; exact operational role requires dynamic closure,repo maintainer / runtime owner if registered,.github/workflows/valcea-clar-monitor-ledger.yml,workflow reference: .github/workflows/valcea-clar-monitor-ledger.yml,unknown,preserve; no deletion justified by static absence alone,INVESTIGATE
civora:valcea-clar/scripts/merge_supplemental_facts.py,legacy code/config; exact operational role requires dynamic closure,repo maintainer / runtime owner if registered,.github/workflows/valcea-clar-fact-kernel.yml,workflow reference: .github/workflows/valcea-clar-fact-kernel.yml,unknown,preserve; no deletion justified by static absence alone,INVESTIGATE
civora:valcea-clar/scripts/monitor_festival_sources.py,legacy code/config; exact operational role requires dynamic closure,repo maintainer / runtime owner if registered,.github/workflows/valcea-clar-festival-intelligence-monitor.yml,workflow reference: .github/workflows/valcea-clar-festival-intelligence-monitor.yml,unknown,preserve; no deletion justified by static absence alone,INVESTIGATE
civora:valcea-clar/scripts/monitor_ledger.py,legacy code/config; exact operational role requires dynamic closure,repo maintainer / runtime owner if registered,.github/workflows/valcea-clar-monitor-ledger.yml,workflow reference: .github/workflows/valcea-clar-monitor-ledger.yml,unknown,preserve; no deletion justified by static absence alone,INVESTIGATE
civora:valcea-clar/scripts/monitor_performing_arts_sources.py,legacy code/config; exact operational role requires dynamic closure,repo maintainer / runtime owner if registered,.github/workflows/valcea-clar-festival-intelligence-monitor.yml,workflow reference: .github/workflows/valcea-clar-festival-intelligence-monitor.yml,unknown,preserve; no deletion justified by static absence alone,INVESTIGATE
civora:valcea-clar/scripts/ms_sju_valcea_career_signal_adapter.py,legacy code/config; exact operational role requires dynamic closure,repo maintainer / runtime owner if registered,.github/workflows/valcea-clar-sju-workforce-signals.yml,workflow reference: .github/workflows/valcea-clar-sju-workforce-signals.yml,unknown,preserve; no deletion justified by static absence alone,INVESTIGATE
civora:valcea-clar/scripts/ms_sju_valcea_service_reference_adapter.py,legacy code/config; exact operational role requires dynamic closure,repo maintainer / runtime owner if registered,.github/workflows/valcea-clar-sju-service-reference-signals.yml,workflow reference: .github/workflows/valcea-clar-sju-service-reference-signals.yml,unknown,preserve; no deletion justified by static absence alone,INVESTIGATE
civora:valcea-clar/scripts/ms_valcea_health_workforce_reference_adapter.py,legacy code/config; exact operational role requires dynamic closure,repo maintainer / runtime owner if registered,.github/workflows/valcea-clar-health-workforce-context.yml;.github/workflows/valcea-clar-ms-health-workforce-references.yml,workflow reference: .github/workflows/valcea-clar-health-workforce-context.yml;.github/workflows/valcea-clar-ms-health-workforce-references.yml,unknown,preserve; no deletion justified by static absence alone,INVESTIGATE
civora:valcea-clar/scripts/ms_valcea_hospital_network_reference_adapter.py,legacy code/config; exact operational role requires dynamic closure,repo maintainer / runtime owner if registered,.github/workflows/valcea-clar-ms-hospital-network-reference.yml,workflow reference: .github/workflows/valcea-clar-ms-hospital-network-reference.yml,unknown,preserve; no deletion justified by static absence alone,INVESTIGATE
civora:valcea-clar/scripts/muzee_valcea_public_information_reference_adapter.py,legacy code/config; exact operational role requires dynamic closure,repo maintainer / runtime owner if registered,.github/workflows/valcea-clar-muzee-valcea-public-information-references.yml,workflow reference: .github/workflows/valcea-clar-muzee-valcea-public-information-references.yml,unknown,preserve; no deletion justified by static absence alone,INVESTIGATE
civora:valcea-clar/scripts/newsroom_candidate_diagnostic.py,legacy code/config; exact operational role requires dynamic closure,repo maintainer / runtime owner if registered,.github/workflows/valcea-clar-editorial-writer.yml;.github/workflows/valcea-clar-scm-newsroom-diagnostic.yml,workflow reference: .github/workflows/valcea-clar-editorial-writer.yml;.github/workflows/valcea-clar-scm-newsroom-diagnostic.yml,unknown,preserve; no deletion justified by static absence alone,INVESTIGATE
civora:valcea-clar/scripts/newsroom_decide.py,legacy code/config; exact operational role requires dynamic closure,repo maintainer / runtime owner if registered,.github/workflows/valcea-clar-canonical-export.yml;.github/workflows/valcea-clar-editorial-writer.yml;.github/workflows/valcea-clar-hold-projection.yml;.github/workflows/valcea-clar-newsroom-live.yml;.github/workflows/valcea-clar-quality.yml,workflow reference: .github/workflows/valcea-clar-canonical-export.yml;.github/workflows/valcea-clar-editorial-writer.yml;.github/workflows/valcea-clar-hold-projection.yml;.github/workflows/valcea-clar-newsroom-live.yml;.github/workflows/valcea-clar-quality.yml,unknown,preserve; no deletion justified by static absence alone,INVESTIGATE
civora:valcea-clar/scripts/newsroom_transaction_diagnostic.py,legacy code/config; exact operational role requires dynamic closure,repo maintainer / runtime owner if registered,.github/workflows/valcea-clar-newsroom-transaction-diagnostic.yml,workflow reference: .github/workflows/valcea-clar-newsroom-transaction-diagnostic.yml,unknown,preserve; no deletion justified by static absence alone,INVESTIGATE
civora:valcea-clar/scripts/overlay_runtime_export.py,legacy code/config; exact operational role requires dynamic closure,repo maintainer / runtime owner if registered,.github/workflows/valcea-clar-artist-story-links.yml;.github/workflows/valcea-clar-canonical-export.yml;.github/workflows/valcea-clar-edition-recovery.yml;.github/workflows/valcea-clar-editions.yml;.github/workflows/valcea-clar-hold-projection.yml;.github/workflows/valcea-clar-newsroom-live.yml;.github/workflows/valcea-clar-newsroom-transaction-diagnostic.yml;.github/workflows/valcea-clar-person-story-links.yml;.github/workflows/valcea-clar-quality.yml,workflow reference: .github/workflows/valcea-clar-artist-story-links.yml;.github/workflows/valcea-clar-canonical-export.yml;.github/workflows/valcea-clar-edition-recovery.yml;.github/workflows/valcea-clar-editions.yml;.github/workflows/valcea-clar-hold-projection.yml;.github/workflows/valcea-clar-newsroom-live.yml;.github/workflows/valcea-clar-newsroom-transaction-diagnostic.yml;.github/workflows/valcea-clar-person-story-links.yml,unknown,preserve; no deletion justified by static absence alone,INVESTIGATE
civora:valcea-clar/scripts/performing_arts_opportunity_adapter.py,legacy code/config; exact operational role requires dynamic closure,repo maintainer / runtime owner if registered,.github/workflows/valcea-clar-editorial-opportunity-engine.yml,workflow reference: .github/workflows/valcea-clar-editorial-opportunity-engine.yml,unknown,preserve; no deletion justified by static absence alone,INVESTIGATE
civora:valcea-clar/scripts/persistence_profiles.json,legacy code/config; exact operational role requires dynamic closure,repo maintainer / runtime owner if registered,.github/workflows/valcea-clar-editorial-opportunity-engine.yml;.github/workflows/valcea-clar-fact-kernel.yml;.github/workflows/valcea-clar-festival-intelligence-monitor.yml;.github/workflows/valcea-clar-source-radar.yml;.github/workflows/valcea-clar-structured-alerts.yml;.github/workflows/valcea-clar-threads-editorial.yml,workflow reference: .github/workflows/valcea-clar-editorial-opportunity-engine.yml;.github/workflows/valcea-clar-fact-kernel.yml;.github/workflows/valcea-clar-festival-intelligence-monitor.yml;.github/workflows/valcea-clar-source-radar.yml;.github/workflows/valcea-clar-structured-alerts.yml;.github/workflows/valcea-clar-threads-editorial.yml,unknown,preserve; no deletion justified by static absence alone,INVESTIGATE
civora:valcea-clar/scripts/posturi_gov_valcea_reference_adapter.py,legacy code/config; exact operational role requires dynamic closure,repo maintainer / runtime owner if registered,.github/workflows/valcea-clar-health-workforce-context.yml;.github/workflows/valcea-clar-posturi-gov-references.yml,workflow reference: .github/workflows/valcea-clar-health-workforce-context.yml;.github/workflows/valcea-clar-posturi-gov-references.yml,unknown,preserve; no deletion justified by static absence alone,INVESTIGATE
civora:valcea-clar/scripts/prefectura_valcea_signal_adapter.py,legacy code/config; exact operational role requires dynamic closure,repo maintainer / runtime owner if registered,not resolved,tracked at pinned HEAD; runtime use not proven,unknown,preserve; no deletion justified by static absence alone,INVESTIGATE
civora:valcea-clar/scripts/premium_presentation.py,legacy code/config; exact operational role requires dynamic closure,repo maintainer / runtime owner if registered,not resolved,tracked at pinned HEAD; runtime use not proven,unknown,preserve; no deletion justified by static absence alone,INVESTIGATE
civora:valcea-clar/scripts/premium_story_integrity.py,legacy code/config; exact operational role requires dynamic closure,repo maintainer / runtime owner if registered,not resolved,tracked at pinned HEAD; runtime use not proven,unknown,preserve; no deletion justified by static absence alone,INVESTIGATE
civora:valcea-clar/scripts/primary_source_admin_kernels.py,legacy code/config; exact operational role requires dynamic closure,repo maintainer / runtime owner if registered,not resolved,tracked at pinned HEAD; runtime use not proven,unknown,preserve; no deletion justified by static absence alone,INVESTIGATE
civora:valcea-clar/scripts/primary_source_service_kernels.py,legacy code/config; exact operational role requires dynamic closure,repo maintainer / runtime owner if registered,not resolved,tracked at pinned HEAD; runtime use not proven,unknown,preserve; no deletion justified by static absence alone,INVESTIGATE
civora:valcea-clar/scripts/probe_public_site.py,legacy code/config; exact operational role requires dynamic closure,repo maintainer / runtime owner if registered,.github/workflows/valcea-clar-public-health.yml;.github/workflows/valcea-clar-social-publishing.yml,workflow reference: .github/workflows/valcea-clar-public-health.yml;.github/workflows/valcea-clar-social-publishing.yml,unknown,preserve; no deletion justified by static absence alone,INVESTIGATE
civora:valcea-clar/scripts/probe_public_story_media.py,legacy code/config; exact operational role requires dynamic closure,repo maintainer / runtime owner if registered,.github/workflows/valcea-clar-public-media-health.yml,workflow reference: .github/workflows/valcea-clar-public-media-health.yml,unknown,preserve; no deletion justified by static absence alone,INVESTIGATE
civora:valcea-clar/scripts/probe_sources.py,legacy code/config; exact operational role requires dynamic closure,repo maintainer / runtime owner if registered,.github/workflows/valcea-clar-editions.yml;.github/workflows/valcea-clar-quality.yml;.github/workflows/valcea-clar-source-radar.yml,workflow reference: .github/workflows/valcea-clar-editions.yml;.github/workflows/valcea-clar-quality.yml;.github/workflows/valcea-clar-source-radar.yml,unknown,preserve; no deletion justified by static absence alone,INVESTIGATE
civora:valcea-clar/scripts/promote_fact_kernels.py,legacy code/config; exact operational role requires dynamic closure,repo maintainer / runtime owner if registered,not resolved,tracked at pinned HEAD; runtime use not proven,unknown,preserve; no deletion justified by static absence alone,INVESTIGATE
civora:valcea-clar/scripts/promote_manual_publish_queue.py,legacy code/config; exact operational role requires dynamic closure,repo maintainer / runtime owner if registered,.github/workflows/valcea-clar-fact-kernel.yml;.github/workflows/valcea-clar-manual-publish.yml,workflow reference: .github/workflows/valcea-clar-fact-kernel.yml;.github/workflows/valcea-clar-manual-publish.yml,unknown,preserve; no deletion justified by static absence alone,INVESTIGATE
civora:valcea-clar/scripts/promote_performing_arts_monitors.py,legacy code/config; exact operational role requires dynamic closure,repo maintainer / runtime owner if registered,.github/workflows/valcea-clar-festival-intelligence-monitor.yml;.github/workflows/valcea-clar-monitor-ledger.yml,workflow reference: .github/workflows/valcea-clar-festival-intelligence-monitor.yml;.github/workflows/valcea-clar-monitor-ledger.yml,unknown,preserve; no deletion justified by static absence alone,INVESTIGATE
civora:valcea-clar/scripts/promote_verified_venues.py,legacy code/config; exact operational role requires dynamic closure,repo maintainer / runtime owner if registered,.github/workflows/valcea-clar-venues-ingest.yml,workflow reference: .github/workflows/valcea-clar-venues-ingest.yml,unknown,preserve; no deletion justified by static absence alone,INVESTIGATE
civora:valcea-clar/scripts/prune_volatile_json_changes.py,legacy code/config; exact operational role requires dynamic closure,repo maintainer / runtime owner if registered,.github/workflows/valcea-clar-editorial-opportunity-engine.yml;.github/workflows/valcea-clar-fact-kernel.yml;.github/workflows/valcea-clar-festival-intelligence-monitor.yml;.github/workflows/valcea-clar-source-radar.yml;.github/workflows/valcea-clar-structured-alerts.yml;.github/workflows/valcea-clar-threads-editorial.yml,workflow reference: .github/workflows/valcea-clar-editorial-opportunity-engine.yml;.github/workflows/valcea-clar-fact-kernel.yml;.github/workflows/valcea-clar-festival-intelligence-monitor.yml;.github/workflows/valcea-clar-source-radar.yml;.github/workflows/valcea-clar-structured-alerts.yml;.github/workflows/valcea-clar-threads-editorial.yml,unknown,preserve; no deletion justified by static absence alone,INVESTIGATE
civora:valcea-clar/scripts/public_safety_valcea_crosslink_state.py,legacy code/config; exact operational role requires dynamic closure,repo maintainer / runtime owner if registered,.github/workflows/valcea-clar-public-safety-crosslink.yml,workflow reference: .github/workflows/valcea-clar-public-safety-crosslink.yml,unknown,preserve; no deletion justified by static absence alone,INVESTIGATE
civora:valcea-clar/scripts/public_ux_currentness.py,legacy code/config; exact operational role requires dynamic closure,repo maintainer / runtime owner if registered,.github/workflows/valcea-clar-canonical-export.yml,workflow reference: .github/workflows/valcea-clar-canonical-export.yml,unknown,preserve; no deletion justified by static absence alone,INVESTIGATE
civora:valcea-clar/scripts/public_ux_fresh_rank.py,legacy code/config; exact operational role requires dynamic closure,repo maintainer / runtime owner if registered,.github/workflows/valcea-clar-story-social-metadata.yml,workflow reference: .github/workflows/valcea-clar-story-social-metadata.yml,unknown,preserve; no deletion justified by static absence alone,INVESTIGATE
civora:valcea-clar/scripts/public_ux_legal.py,legacy code/config; exact operational role requires dynamic closure,repo maintainer / runtime owner if registered,.github/workflows/valcea-clar-canonical-export.yml,workflow reference: .github/workflows/valcea-clar-canonical-export.yml,unknown,preserve; no deletion justified by static absence alone,INVESTIGATE
civora:valcea-clar/scripts/public_ux_manifest.py,legacy code/config; exact operational role requires dynamic closure,repo maintainer / runtime owner if registered,.github/workflows/valcea-clar-canonical-export.yml;.github/workflows/valcea-clar-public-ux-archive-invariant.yml;.github/workflows/valcea-clar-quality.yml;.github/workflows/valcea-clar-story-social-metadata.yml,workflow reference: .github/workflows/valcea-clar-canonical-export.yml;.github/workflows/valcea-clar-public-ux-archive-invariant.yml;.github/workflows/valcea-clar-quality.yml;.github/workflows/valcea-clar-story-social-metadata.yml,unknown,preserve; no deletion justified by static absence alone,INVESTIGATE
civora:valcea-clar/scripts/public_ux_media.py,legacy code/config; exact operational role requires dynamic closure,repo maintainer / runtime owner if registered,.github/workflows/valcea-clar-s3-visuals.yml;.github/workflows/valcea-clar-s4-publication-ux.yml;.github/workflows/valcea-clar-s5-distinctive-products.yml;.github/workflows/valcea-clar-story-social-metadata.yml,workflow reference: .github/workflows/valcea-clar-s3-visuals.yml;.github/workflows/valcea-clar-s4-publication-ux.yml;.github/workflows/valcea-clar-s5-distinctive-products.yml;.github/workflows/valcea-clar-story-social-metadata.yml,unknown,preserve; no deletion justified by static absence alone,INVESTIGATE
civora:valcea-clar/scripts/public_ux_media_integrity.py,legacy code/config; exact operational role requires dynamic closure,repo maintainer / runtime owner if registered,.github/workflows/valcea-clar-story-social-metadata.yml,workflow reference: .github/workflows/valcea-clar-story-social-metadata.yml,unknown,preserve; no deletion justified by static absence alone,INVESTIGATE
civora:valcea-clar/scripts/public_ux_reset.py,legacy code/config; exact operational role requires dynamic closure,repo maintainer / runtime owner if registered,.github/workflows/valcea-clar-public-ux-archive-invariant.yml;.github/workflows/valcea-clar-quality.yml;.github/workflows/valcea-clar-s4-publication-ux.yml;.github/workflows/valcea-clar-story-social-metadata.yml,workflow reference: .github/workflows/valcea-clar-public-ux-archive-invariant.yml;.github/workflows/valcea-clar-quality.yml;.github/workflows/valcea-clar-s4-publication-ux.yml;.github/workflows/valcea-clar-story-social-metadata.yml,unknown,preserve; no deletion justified by static absence alone,INVESTIGATE
civora:valcea-clar/scripts/public_ux_story_integrity.py,legacy code/config; exact operational role requires dynamic closure,repo maintainer / runtime owner if registered,.github/workflows/valcea-clar-canonical-export.yml;.github/workflows/valcea-clar-public-ux-archive-invariant.yml;.github/workflows/valcea-clar-quality.yml;.github/workflows/valcea-clar-s3-visuals.yml;.github/workflows/valcea-clar-s4-publication-ux.yml;.github/workflows/valcea-clar-s5-distinctive-products.yml;.github/workflows/valcea-clar-s6-operations-governance.yml;.github/workflows/valcea-clar-story-social-metadata.yml,workflow reference: .github/workflows/valcea-clar-canonical-export.yml;.github/workflows/valcea-clar-public-ux-archive-invariant.yml;.github/workflows/valcea-clar-quality.yml;.github/workflows/valcea-clar-s3-visuals.yml;.github/workflows/valcea-clar-s4-publication-ux.yml;.github/workflows/valcea-clar-s5-distinctive-products.yml;.github/workflows/valcea-clar-s6-operations-governance.yml;.github/workflows/valcea-clar-story-social-metadata.yml,unknown,preserve; no deletion justified by static absence alone,INVESTIGATE
civora:valcea-clar/scripts/quarantine_venue_identity_collisions.py,legacy code/config; exact operational role requires dynamic closure,repo maintainer / runtime owner if registered,.github/workflows/valcea-clar-venues-ingest.yml,workflow reference: .github/workflows/valcea-clar-venues-ingest.yml,unknown,preserve; no deletion justified by static absence alone,INVESTIGATE
civora:valcea-clar/scripts/rajdp_valcea_network_reference_adapter.py,legacy code/config; exact operational role requires dynamic closure,repo maintainer / runtime owner if registered,.github/workflows/valcea-clar-rajdp-network-reference.yml,workflow reference: .github/workflows/valcea-clar-rajdp-network-reference.yml,unknown,preserve; no deletion justified by static absence alone,INVESTIGATE
civora:valcea-clar/scripts/ramnicu_valcea_local_council_decision_reference_adapter.py,legacy code/config; exact operational role requires dynamic closure,repo maintainer / runtime owner if registered,.github/workflows/valcea-clar-ramnicu-valcea-local-council-decision-reference.yml,workflow reference: .github/workflows/valcea-clar-ramnicu-valcea-local-council-decision-reference.yml,unknown,preserve; no deletion justified by static absence alone,INVESTIGATE
civora:valcea-clar/scripts/reconcile_ingest.py,legacy code/config; exact operational role requires dynamic closure,repo maintainer / runtime owner if registered,.github/workflows/valcea-clar-editions.yml;.github/workflows/valcea-clar-quality.yml;.github/workflows/valcea-clar-venues-ingest.yml,workflow reference: .github/workflows/valcea-clar-editions.yml;.github/workflows/valcea-clar-quality.yml;.github/workflows/valcea-clar-venues-ingest.yml,unknown,preserve; no deletion justified by static absence alone,INVESTIGATE
civora:valcea-clar/scripts/render_artist_pages.py,legacy code/config; exact operational role requires dynamic closure,repo maintainer / runtime owner if registered,.github/workflows/valcea-clar-people-intelligence.yml,workflow reference: .github/workflows/valcea-clar-people-intelligence.yml,unknown,preserve; no deletion justified by static absence alone,INVESTIGATE
civora:valcea-clar/scripts/render_editions_archive.py,legacy code/config; exact operational role requires dynamic closure,repo maintainer / runtime owner if registered,not resolved,tracked at pinned HEAD; runtime use not proven,unknown,preserve; no deletion justified by static absence alone,INVESTIGATE
civora:valcea-clar/scripts/render_frontpage.py,legacy code/config; exact operational role requires dynamic closure,repo maintainer / runtime owner if registered,.github/workflows/local-news-os-core.yml;.github/workflows/valcea-clar-edition-recovery.yml;.github/workflows/valcea-clar-editions.yml;.github/workflows/valcea-clar-editorial-writer.yml;.github/workflows/valcea-clar-newsroom-live.yml,workflow reference: .github/workflows/local-news-os-core.yml;.github/workflows/valcea-clar-edition-recovery.yml;.github/workflows/valcea-clar-editions.yml;.github/workflows/valcea-clar-editorial-writer.yml;.github/workflows/valcea-clar-newsroom-live.yml,unknown,preserve; no deletion justified by static absence alone,INVESTIGATE
civora:valcea-clar/scripts/render_news_index.py,legacy code/config; exact operational role requires dynamic closure,repo maintainer / runtime owner if registered,.github/workflows/valcea-clar-canonical-export.yml,workflow reference: .github/workflows/valcea-clar-canonical-export.yml,unknown,preserve; no deletion justified by static absence alone,INVESTIGATE
civora:valcea-clar/scripts/render_person_pages.py,legacy code/config; exact operational role requires dynamic closure,repo maintainer / runtime owner if registered,.github/workflows/valcea-clar-people-intelligence.yml,workflow reference: .github/workflows/valcea-clar-people-intelligence.yml,unknown,preserve; no deletion justified by static absence alone,INVESTIGATE
civora:valcea-clar/scripts/render_rich_story_sections.py,legacy code/config; exact operational role requires dynamic closure,repo maintainer / runtime owner if registered,.github/workflows/valcea-clar-canonical-export.yml,workflow reference: .github/workflows/valcea-clar-canonical-export.yml,unknown,preserve; no deletion justified by static absence alone,INVESTIGATE
civora:valcea-clar/scripts/render_story_pages.py,legacy code/config; exact operational role requires dynamic closure,repo maintainer / runtime owner if registered,.github/workflows/valcea-clar-editorial-writer.yml;.github/workflows/valcea-clar-newsroom-live.yml;.github/workflows/valcea-clar-s3-visuals.yml;.github/workflows/valcea-clar-story-social-metadata.yml,workflow reference: .github/workflows/valcea-clar-editorial-writer.yml;.github/workflows/valcea-clar-newsroom-live.yml;.github/workflows/valcea-clar-s3-visuals.yml;.github/workflows/valcea-clar-story-social-metadata.yml,unknown,preserve; no deletion justified by static absence alone,INVESTIGATE
civora:valcea-clar/scripts/repair_continuous_frontpage.py,legacy code/config; exact operational role requires dynamic closure,repo maintainer / runtime owner if registered,.github/workflows/valcea-clar-canonical-export.yml;.github/workflows/valcea-clar-hold-projection.yml;.github/workflows/valcea-clar-newsroom-live.yml;.github/workflows/valcea-clar-quality.yml,workflow reference: .github/workflows/valcea-clar-canonical-export.yml;.github/workflows/valcea-clar-hold-projection.yml;.github/workflows/valcea-clar-newsroom-live.yml;.github/workflows/valcea-clar-quality.yml,unknown,preserve; no deletion justified by static absence alone,INVESTIGATE
civora:valcea-clar/scripts/repair_continuous_frontpage_legacy.py,legacy code/config; exact operational role requires dynamic closure,repo maintainer / runtime owner if registered,.github/workflows/valcea-clar-hold-projection.yml,workflow reference: .github/workflows/valcea-clar-hold-projection.yml,unknown,preserve; no deletion justified by static absence alone,INVESTIGATE
civora:valcea-clar/scripts/repair_local_life_event_projection.py,legacy code/config; exact operational role requires dynamic closure,repo maintainer / runtime owner if registered,.github/workflows/valcea-clar-local-life-sync.yml,workflow reference: .github/workflows/valcea-clar-local-life-sync.yml,unknown,preserve; no deletion justified by static absence alone,INVESTIGATE
civora:valcea-clar/scripts/s4_publication_experience.py,legacy code/config; exact operational role requires dynamic closure,repo maintainer / runtime owner if registered,.github/workflows/valcea-clar-s4-publication-ux.yml;.github/workflows/valcea-clar-s5-distinctive-products.yml;.github/workflows/valcea-clar-s6-operations-governance.yml,workflow reference: .github/workflows/valcea-clar-s4-publication-ux.yml;.github/workflows/valcea-clar-s5-distinctive-products.yml;.github/workflows/valcea-clar-s6-operations-governance.yml,unknown,preserve; no deletion justified by static absence alone,INVESTIGATE
civora:valcea-clar/scripts/s5_distinctive_products.py,legacy code/config; exact operational role requires dynamic closure,repo maintainer / runtime owner if registered,.github/workflows/valcea-clar-s5-distinctive-products.yml;.github/workflows/valcea-clar-s6-operations-governance.yml,workflow reference: .github/workflows/valcea-clar-s5-distinctive-products.yml;.github/workflows/valcea-clar-s6-operations-governance.yml,unknown,preserve; no deletion justified by static absence alone,INVESTIGATE
civora:valcea-clar/scripts/s6_governance.py,legacy code/config; exact operational role requires dynamic closure,repo maintainer / runtime owner if registered,.github/workflows/valcea-clar-s6-operations-governance.yml,workflow reference: .github/workflows/valcea-clar-s6-operations-governance.yml,unknown,preserve; no deletion justified by static absence alone,INVESTIGATE
civora:valcea-clar/scripts/s6_runtime_rollback.py,legacy code/config; exact operational role requires dynamic closure,repo maintainer / runtime owner if registered,.github/workflows/valcea-clar-s6-operations-governance.yml,workflow reference: .github/workflows/valcea-clar-s6-operations-governance.yml,unknown,preserve; no deletion justified by static absence alone,INVESTIGATE
civora:valcea-clar/scripts/saj_valcea_workforce_signal_adapter.py,legacy code/config; exact operational role requires dynamic closure,repo maintainer / runtime owner if registered,.github/workflows/valcea-clar-saj-valcea-workforce-signals.yml,workflow reference: .github/workflows/valcea-clar-saj-valcea-workforce-signals.yml,unknown,preserve; no deletion justified by static absence alone,INVESTIGATE
civora:valcea-clar/scripts/scm_program_fact_kernel.py,legacy code/config; exact operational role requires dynamic closure,repo maintainer / runtime owner if registered,.github/workflows/valcea-clar-scm-newsroom-diagnostic.yml,workflow reference: .github/workflows/valcea-clar-scm-newsroom-diagnostic.yml,unknown,preserve; no deletion justified by static absence alone,INVESTIGATE
civora:valcea-clar/scripts/scm_program_structure_diagnostic.py,legacy code/config; exact operational role requires dynamic closure,repo maintainer / runtime owner if registered,not resolved,tracked at pinned HEAD; runtime use not proven,unknown,preserve; no deletion justified by static absence alone,INVESTIGATE
civora:valcea-clar/scripts/sga_valcea_water_permit_register_reference_adapter.py,legacy code/config; exact operational role requires dynamic closure,repo maintainer / runtime owner if registered,.github/workflows/valcea-clar-sga-valcea-water-permit-register-reference.yml,workflow reference: .github/workflows/valcea-clar-sga-valcea-water-permit-register-reference.yml,unknown,preserve; no deletion justified by static absence alone,INVESTIGATE
civora:valcea-clar/scripts/sju_valcea_hospital_reference_adapter.py,legacy code/config; exact operational role requires dynamic closure,repo maintainer / runtime owner if registered,.github/workflows/valcea-clar-sju-hospital-reference.yml,workflow reference: .github/workflows/valcea-clar-sju-hospital-reference.yml,unknown,preserve; no deletion justified by static absence alone,INVESTIGATE
civora:valcea-clar/scripts/smoke_web.py,legacy code/config; exact operational role requires dynamic closure,repo maintainer / runtime owner if registered,.github/workflows/valcea-clar-canonical-export.yml;.github/workflows/valcea-clar-quality.yml,workflow reference: .github/workflows/valcea-clar-canonical-export.yml;.github/workflows/valcea-clar-quality.yml,unknown,preserve; no deletion justified by static absence alone,INVESTIGATE
civora:valcea-clar/scripts/source_intelligence_discover.py,legacy code/config; exact operational role requires dynamic closure,repo maintainer / runtime owner if registered,.github/workflows/local-news-os-core.yml;.github/workflows/valcea-clar-source-radar.yml,workflow reference: .github/workflows/local-news-os-core.yml;.github/workflows/valcea-clar-source-radar.yml,unknown,preserve; no deletion justified by static absence alone,INVESTIGATE
civora:valcea-clar/scripts/sync_local_life_events.py,legacy code/config; exact operational role requires dynamic closure,repo maintainer / runtime owner if registered,.github/workflows/valcea-clar-local-life-sync.yml,workflow reference: .github/workflows/valcea-clar-local-life-sync.yml,unknown,preserve; no deletion justified by static absence alone,INVESTIGATE
civora:valcea-clar/scripts/sync_local_life_surfaces.py,legacy code/config; exact operational role requires dynamic closure,repo maintainer / runtime owner if registered,.github/workflows/valcea-clar-local-life-sync.yml,workflow reference: .github/workflows/valcea-clar-local-life-sync.yml,unknown,preserve; no deletion justified by static absence alone,INVESTIGATE
civora:valcea-clar/scripts/teatrul_anton_pann_journal_reference_adapter.py,legacy code/config; exact operational role requires dynamic closure,repo maintainer / runtime owner if registered,.github/workflows/valcea-clar-teatrul-anton-pann-journal-references.yml,workflow reference: .github/workflows/valcea-clar-teatrul-anton-pann-journal-references.yml,unknown,preserve; no deletion justified by static absence alone,INVESTIGATE
civora:valcea-clar/scripts/test_infotrafic_valcea_breaking_candidates.py,legacy code/config; exact operational role requires dynamic closure,repo maintainer / runtime owner if registered,.github/workflows/valcea-clar-infotrafic-breaking-candidates.yml,workflow reference: .github/workflows/valcea-clar-infotrafic-breaking-candidates.yml,unknown,preserve; no deletion justified by static absence alone,INVESTIGATE
civora:valcea-clar/scripts/test_infotrafic_valcea_event_normalizer.py,legacy code/config; exact operational role requires dynamic closure,repo maintainer / runtime owner if registered,.github/workflows/valcea-clar-quality.yml,workflow reference: .github/workflows/valcea-clar-quality.yml,unknown,preserve; no deletion justified by static absence alone,INVESTIGATE
civora:valcea-clar/scripts/test_infotrafic_valcea_newsroom_review_envelope.py,legacy code/config; exact operational role requires dynamic closure,repo maintainer / runtime owner if registered,.github/workflows/valcea-clar-infotrafic-breaking-candidates.yml,workflow reference: .github/workflows/valcea-clar-infotrafic-breaking-candidates.yml,unknown,preserve; no deletion justified by static absence alone,INVESTIGATE
civora:valcea-clar/scripts/test_infotrafic_valcea_thread_state.py,legacy code/config; exact operational role requires dynamic closure,repo maintainer / runtime owner if registered,.github/workflows/valcea-clar-quality.yml,workflow reference: .github/workflows/valcea-clar-quality.yml,unknown,preserve; no deletion justified by static absence alone,INVESTIGATE
civora:valcea-clar/scripts/test_probe_public_story_media.py,legacy code/config; exact operational role requires dynamic closure,repo maintainer / runtime owner if registered,.github/workflows/valcea-clar-public-media-health.yml,workflow reference: .github/workflows/valcea-clar-public-media-health.yml,unknown,preserve; no deletion justified by static absence alone,INVESTIGATE
civora:valcea-clar/scripts/traffic_dossier_thread_candidate_engine.py,legacy code/config; exact operational role requires dynamic closure,repo maintainer / runtime owner if registered,.github/workflows/valcea-clar-traffic-dossier-thread-candidates.yml;.github/workflows/valcea-clar-traffic-explicit-temporal-evidence.yml;.github/workflows/valcea-clar-traffic-temporal-evidence-flow.yml,workflow reference: .github/workflows/valcea-clar-traffic-dossier-thread-candidates.yml;.github/workflows/valcea-clar-traffic-explicit-temporal-evidence.yml;.github/workflows/valcea-clar-traffic-temporal-evidence-flow.yml,unknown,preserve; no deletion justified by static absence alone,INVESTIGATE
civora:valcea-clar/scripts/traffic_explicit_temporal_evidence_adapter.py,legacy code/config; exact operational role requires dynamic closure,repo maintainer / runtime owner if registered,.github/workflows/valcea-clar-traffic-explicit-temporal-evidence.yml;.github/workflows/valcea-clar-traffic-temporal-evidence-flow.yml,workflow reference: .github/workflows/valcea-clar-traffic-explicit-temporal-evidence.yml;.github/workflows/valcea-clar-traffic-temporal-evidence-flow.yml,unknown,preserve; no deletion justified by static absence alone,INVESTIGATE
civora:valcea-clar/scripts/traffic_reference_correlator.py,legacy code/config; exact operational role requires dynamic closure,repo maintainer / runtime owner if registered,.github/workflows/valcea-clar-traffic-dossier-thread-candidates.yml;.github/workflows/valcea-clar-traffic-reference-correlation.yml;.github/workflows/valcea-clar-traffic-temporal-evidence-flow.yml,workflow reference: .github/workflows/valcea-clar-traffic-dossier-thread-candidates.yml;.github/workflows/valcea-clar-traffic-reference-correlation.yml;.github/workflows/valcea-clar-traffic-temporal-evidence-flow.yml,unknown,preserve; no deletion justified by static absence alone,INVESTIGATE
civora:valcea-clar/scripts/traffic_temporal_evidence_flow.py,legacy code/config; exact operational role requires dynamic closure,repo maintainer / runtime owner if registered,.github/workflows/valcea-clar-traffic-temporal-evidence-flow.yml,workflow reference: .github/workflows/valcea-clar-traffic-temporal-evidence-flow.yml,unknown,preserve; no deletion justified by static absence alone,INVESTIGATE
civora:valcea-clar/scripts/validate_data.py,legacy code/config; exact operational role requires dynamic closure,repo maintainer / runtime owner if registered,.github/workflows/valcea-clar-quality.yml;.github/workflows/valcea-clar-venues-ingest.yml,workflow reference: .github/workflows/valcea-clar-quality.yml;.github/workflows/valcea-clar-venues-ingest.yml,unknown,preserve; no deletion justified by static absence alone,INVESTIGATE
civora:valcea-clar/scripts/validate_monitor_registry.py,legacy code/config; exact operational role requires dynamic closure,repo maintainer / runtime owner if registered,.github/workflows/valcea-clar-monitor-ledger.yml,workflow reference: .github/workflows/valcea-clar-monitor-ledger.yml,unknown,preserve; no deletion justified by static absence alone,INVESTIGATE
civora:valcea-clar/scripts/validate_persistence_scope_runtime_outputs.py,legacy code/config; exact operational role requires dynamic closure,repo maintainer / runtime owner if registered,.github/workflows/valcea-clar-persistence-scope-runtime.yml,workflow reference: .github/workflows/valcea-clar-persistence-scope-runtime.yml,unknown,preserve; no deletion justified by static absence alone,INVESTIGATE
civora:valcea-clar/scripts/validate_public_legal_bridge.py,legacy code/config; exact operational role requires dynamic closure,repo maintainer / runtime owner if registered,.github/workflows/valcea-clar-quality.yml,workflow reference: .github/workflows/valcea-clar-quality.yml,unknown,preserve; no deletion justified by static absence alone,INVESTIGATE
civora:valcea-clar/scripts/validate_public_ux_freshness.py,legacy code/config; exact operational role requires dynamic closure,repo maintainer / runtime owner if registered,.github/workflows/valcea-clar-story-social-metadata.yml,workflow reference: .github/workflows/valcea-clar-story-social-metadata.yml,unknown,preserve; no deletion justified by static absence alone,INVESTIGATE
civora:valcea-clar/scripts/validate_s2_research_writing.py,legacy code/config; exact operational role requires dynamic closure,repo maintainer / runtime owner if registered,.github/workflows/valcea-clar-s2-research-writing.yml,workflow reference: .github/workflows/valcea-clar-s2-research-writing.yml,unknown,preserve; no deletion justified by static absence alone,INVESTIGATE
civora:valcea-clar/scripts/validate_s3_visuals_channels.py,legacy code/config; exact operational role requires dynamic closure,repo maintainer / runtime owner if registered,.github/workflows/valcea-clar-s3-visuals.yml,workflow reference: .github/workflows/valcea-clar-s3-visuals.yml,unknown,preserve; no deletion justified by static absence alone,INVESTIGATE
civora:valcea-clar/scripts/validate_signal_routing_regressions.py,legacy code/config; exact operational role requires dynamic closure,repo maintainer / runtime owner if registered,.github/workflows/valcea-clar-source-radar.yml,workflow reference: .github/workflows/valcea-clar-source-radar.yml,unknown,preserve; no deletion justified by static absence alone,INVESTIGATE
civora:valcea-clar/scripts/validate_site_engine_ownership.py,legacy code/config; exact operational role requires dynamic closure,repo maintainer / runtime owner if registered,.github/workflows/valcea-clar-engine-guard.yml;.github/workflows/valcea-clar-quality.yml;.github/workflows/valcea-clar-social-publishing.yml,workflow reference: .github/workflows/valcea-clar-engine-guard.yml;.github/workflows/valcea-clar-quality.yml;.github/workflows/valcea-clar-social-publishing.yml,unknown,preserve; no deletion justified by static absence alone,INVESTIGATE
civora:valcea-clar/scripts/validate_source_intelligence_seed_registry.py,legacy code/config; exact operational role requires dynamic closure,repo maintainer / runtime owner if registered,.github/workflows/valcea-clar-source-radar.yml,workflow reference: .github/workflows/valcea-clar-source-radar.yml,unknown,preserve; no deletion justified by static absence alone,INVESTIGATE
civora:valcea-clar/scripts/verified_primary_fast_kernels.py,legacy code/config; exact operational role requires dynamic closure,repo maintainer / runtime owner if registered,not resolved,tracked at pinned HEAD; runtime use not proven,unknown,preserve; no deletion justified by static absence alone,INVESTIGATE
civora:valcea-clar/site/current_edition.json,legacy code/config; exact operational role requires dynamic closure,repo maintainer / runtime owner if registered,.github/workflows/valcea-clar-edition-delivery.yml;.github/workflows/valcea-clar-edition-recovery.yml;.github/workflows/valcea-clar-editions.yml;.github/workflows/valcea-clar-editorial-dispatch-contracts.yml;.github/workflows/valcea-clar-facebook-editorial-adapter.yml;.github/workflows/valcea-clar-instagram-editorial-adapter.yml;.github/workflows/valcea-clar-instagram-visual-preview.yml;.github/workflows/valcea-clar-newsroom-live.yml;.github/workflows/valcea-clar-tiktok-editorial-preview.yml;.github/workflows/valcea-clar-x-native-outbox.yml,workflow reference: .github/workflows/valcea-clar-edition-delivery.yml;.github/workflows/valcea-clar-edition-recovery.yml;.github/workflows/valcea-clar-editions.yml;.github/workflows/valcea-clar-editorial-dispatch-contracts.yml;.github/workflows/valcea-clar-facebook-editorial-adapter.yml;.github/workflows/valcea-clar-instagram-editorial-adapter.yml;.github/workflows/valcea-clar-instagram-visual-preview.yml;.github/workflows/valcea-clar-newsroom-live.yml,unknown,preserve; no deletion justified by static absence alone,INVESTIGATE
civora:valcea-clar/site/http-revalidation/today-20260822-morning.json,legacy code/config; exact operational role requires dynamic closure,repo maintainer / runtime owner if registered,not resolved,tracked at pinned HEAD; runtime use not proven,unknown,preserve; no deletion justified by static absence alone,INVESTIGATE
civora:valcea-clar/site/http_revalidation_trigger.json,legacy code/config; exact operational role requires dynamic closure,repo maintainer / runtime owner if registered,not resolved,tracked at pinned HEAD; runtime use not proven,unknown,preserve; no deletion justified by static absence alone,INVESTIGATE
civora:valcea-clar/site/indexing_routes.json,legacy code/config; exact operational role requires dynamic closure,repo maintainer / runtime owner if registered,.github/workflows/valcea-clar-people-intelligence.yml,workflow reference: .github/workflows/valcea-clar-people-intelligence.yml,unknown,preserve; no deletion justified by static absence alone,INVESTIGATE
civora:valcea-clar/site/integration.json,legacy code/config; exact operational role requires dynamic closure,repo maintainer / runtime owner if registered,not resolved,tracked at pinned HEAD; runtime use not proven,unknown,preserve; no deletion justified by static absence alone,INVESTIGATE
civora:valcea-clar/site/last_edition_attempt.json,legacy code/config; exact operational role requires dynamic closure,repo maintainer / runtime owner if registered,.github/workflows/valcea-clar-edition-recovery.yml;.github/workflows/valcea-clar-editions.yml;.github/workflows/valcea-clar-newsroom-live.yml,workflow reference: .github/workflows/valcea-clar-edition-recovery.yml;.github/workflows/valcea-clar-editions.yml;.github/workflows/valcea-clar-newsroom-live.yml,unknown,preserve; no deletion justified by static absence alone,INVESTIGATE
civora:valcea-clar/site/legal/legal_pages.json,legacy code/config; exact operational role requires dynamic closure,repo maintainer / runtime owner if registered,not resolved,tracked at pinned HEAD; runtime use not proven,unknown,preserve; no deletion justified by static absence alone,INVESTIGATE
civora:valcea-clar/site/live_deployment.json,legacy code/config; exact operational role requires dynamic closure,repo maintainer / runtime owner if registered,not resolved,tracked at pinned HEAD; runtime use not proven,unknown,preserve; no deletion justified by static absence alone,INVESTIGATE
civora:valcea-clar/site/navigation.json,legacy code/config; exact operational role requires dynamic closure,repo maintainer / runtime owner if registered,.github/workflows/valcea-clar-s5-distinctive-products.yml,workflow reference: .github/workflows/valcea-clar-s5-distinctive-products.yml,unknown,preserve; no deletion justified by static absence alone,INVESTIGATE
civora:valcea-clar/site/newsroom_decision.json,legacy code/config; exact operational role requires dynamic closure,repo maintainer / runtime owner if registered,.github/workflows/valcea-clar-editorial-dispatch-contracts.yml;.github/workflows/valcea-clar-editorial-writer.yml;.github/workflows/valcea-clar-facebook-editorial-adapter.yml;.github/workflows/valcea-clar-instagram-editorial-adapter.yml;.github/workflows/valcea-clar-instagram-visual-preview.yml;.github/workflows/valcea-clar-newsroom-live.yml;.github/workflows/valcea-clar-tiktok-editorial-preview.yml;.github/workflows/valcea-clar-x-native-outbox.yml,workflow reference: .github/workflows/valcea-clar-editorial-dispatch-contracts.yml;.github/workflows/valcea-clar-editorial-writer.yml;.github/workflows/valcea-clar-facebook-editorial-adapter.yml;.github/workflows/valcea-clar-instagram-editorial-adapter.yml;.github/workflows/valcea-clar-instagram-visual-preview.yml;.github/workflows/valcea-clar-newsroom-live.yml;.github/workflows/valcea-clar-tiktok-editorial-preview.yml;.github/workflows/valcea-clar-x-native-outbox.yml,unknown,preserve; no deletion justified by static absence alone,INVESTIGATE
civora:valcea-clar/site/newsroom_state.json,legacy code/config; exact operational role requires dynamic closure,repo maintainer / runtime owner if registered,.github/workflows/valcea-clar-newsroom-live.yml,workflow reference: .github/workflows/valcea-clar-newsroom-live.yml,unknown,preserve; no deletion justified by static absence alone,INVESTIGATE
civora:valcea-clar/site/ops/cet-govora-http-revalidate-20260821.json,legacy code/config; exact operational role requires dynamic closure,repo maintainer / runtime owner if registered,not resolved,tracked at pinned HEAD; runtime use not proven,unknown,preserve; no deletion justified by static absence alone,INVESTIGATE
civora:valcea-clar/site/presentation_state.json,legacy code/config; exact operational role requires dynamic closure,repo maintainer / runtime owner if registered,not resolved,tracked at pinned HEAD; runtime use not proven,unknown,preserve; no deletion justified by static absence alone,INVESTIGATE
civora:valcea-clar/site/public-health-revalidation-request.json,legacy code/config; exact operational role requires dynamic closure,repo maintainer / runtime owner if registered,not resolved,tracked at pinned HEAD; runtime use not proven,unknown,preserve; no deletion justified by static absence alone,INVESTIGATE
civora:valcea-clar/site/public_ux_state.json,legacy code/config; exact operational role requires dynamic closure,repo maintainer / runtime owner if registered,.github/workflows/valcea-clar-hold-projection.yml;.github/workflows/valcea-clar-newsroom-live.yml;.github/workflows/valcea-clar-s3-visuals.yml;.github/workflows/valcea-clar-s4-publication-ux.yml;.github/workflows/valcea-clar-s5-distinctive-products.yml;.github/workflows/valcea-clar-s6-operations-governance.yml;.github/workflows/valcea-clar-story-social-metadata.yml,workflow reference: .github/workflows/valcea-clar-hold-projection.yml;.github/workflows/valcea-clar-newsroom-live.yml;.github/workflows/valcea-clar-s3-visuals.yml;.github/workflows/valcea-clar-s4-publication-ux.yml;.github/workflows/valcea-clar-s5-distinctive-products.yml;.github/workflows/valcea-clar-s6-operations-governance.yml;.github/workflows/valcea-clar-story-social-metadata.yml,unknown,preserve; no deletion justified by static absence alone,INVESTIGATE
civora:valcea-clar/site/runtime/artisti/a-c-leonte/index.html,generated public/recovery projection,repo maintainer / runtime owner if registered,not resolved,tracked at pinned HEAD; runtime use not proven,route/media loss,retain until reproducible regeneration and LKG closure,REFACTOR LATER
civora:valcea-clar/site/runtime/artisti/adrian-nour-band/index.html,generated public/recovery projection,repo maintainer / runtime owner if registered,not resolved,tracked at pinned HEAD; runtime use not proven,route/media loss,retain until reproducible regeneration and LKG closure,REFACTOR LATER
civora:valcea-clar/site/runtime/artisti/advantage-project/index.html,generated public/recovery projection,repo maintainer / runtime owner if registered,not resolved,tracked at pinned HEAD; runtime use not proven,route/media loss,retain until reproducible regeneration and LKG closure,REFACTOR LATER
civora:valcea-clar/site/runtime/artisti/ag-swifty/index.html,generated public/recovery projection,repo maintainer / runtime owner if registered,not resolved,tracked at pinned HEAD; runtime use not proven,route/media loss,retain until reproducible regeneration and LKG closure,REFACTOR LATER
civora:valcea-clar/site/runtime/artisti/alex-tomaselli-blues-band/index.html,generated public/recovery projection,repo maintainer / runtime owner if registered,not resolved,tracked at pinned HEAD; runtime use not proven,route/media loss,retain until reproducible regeneration and LKG closure,REFACTOR LATER
civora:valcea-clar/site/runtime/artisti/alexandra-capitanescu/index.html,generated public/recovery projection,repo maintainer / runtime owner if registered,not resolved,tracked at pinned HEAD; runtime use not proven,route/media loss,retain until reproducible regeneration and LKG closure,REFACTOR LATER
civora:valcea-clar/site/runtime/artisti/ally-venable-band/index.html,generated public/recovery projection,repo maintainer / runtime owner if registered,not resolved,tracked at pinned HEAD; runtime use not proven,route/media loss,retain until reproducible regeneration and LKG closure,REFACTOR LATER
civora:valcea-clar/site/runtime/artisti/amphitrio/index.html,generated public/recovery projection,repo maintainer / runtime owner if registered,not resolved,tracked at pinned HEAD; runtime use not proven,route/media loss,retain until reproducible regeneration and LKG closure,REFACTOR LATER
civora:valcea-clar/site/runtime/artisti/analia-selis/index.html,generated public/recovery projection,repo maintainer / runtime owner if registered,not resolved,tracked at pinned HEAD; runtime use not proven,route/media loss,retain until reproducible regeneration and LKG closure,REFACTOR LATER
civora:valcea-clar/site/runtime/artisti/anamaria-iorga/index.html,generated public/recovery projection,repo maintainer / runtime owner if registered,not resolved,tracked at pinned HEAD; runtime use not proven,route/media loss,retain until reproducible regeneration and LKG closure,REFACTOR LATER
civora:valcea-clar/site/runtime/artisti/anca-olteanu/index.html,generated public/recovery projection,repo maintainer / runtime owner if registered,not resolved,tracked at pinned HEAD; runtime use not proven,route/media loss,retain until reproducible regeneration and LKG closure,REFACTOR LATER
civora:valcea-clar/site/runtime/artisti/andreea-grosu/index.html,generated public/recovery projection,repo maintainer / runtime owner if registered,not resolved,tracked at pinned HEAD; runtime use not proven,route/media loss,retain until reproducible regeneration and LKG closure,REFACTOR LATER
civora:valcea-clar/site/runtime/artisti/andrei-grosu/index.html,generated public/recovery projection,repo maintainer / runtime owner if registered,not resolved,tracked at pinned HEAD; runtime use not proven,route/media loss,retain until reproducible regeneration and LKG closure,REFACTOR LATER
civora:valcea-clar/site/runtime/artisti/andrew-maze/index.html,generated public/recovery projection,repo maintainer / runtime owner if registered,not resolved,tracked at pinned HEAD; runtime use not proven,route/media loss,retain until reproducible regeneration and LKG closure,REFACTOR LATER
civora:valcea-clar/site/runtime/artisti/anita-petruescu/index.html,generated public/recovery projection,repo maintainer / runtime owner if registered,not resolved,tracked at pinned HEAD; runtime use not proven,route/media loss,retain until reproducible regeneration and LKG closure,REFACTOR LATER
civora:valcea-clar/site/runtime/artisti/anna-lesko/index.html,generated public/recovery projection,repo maintainer / runtime owner if registered,not resolved,tracked at pinned HEAD; runtime use not proven,route/media loss,retain until reproducible regeneration and LKG closure,REFACTOR LATER
civora:valcea-clar/site/runtime/artisti/ansamblul-miorita-vaideeni/index.html,generated public/recovery projection,repo maintainer / runtime owner if registered,not resolved,tracked at pinned HEAD; runtime use not proven,route/media loss,retain until reproducible regeneration and LKG closure,REFACTOR LATER
civora:valcea-clar/site/runtime/artisti/antract/index.html,generated public/recovery projection,repo maintainer / runtime owner if registered,not resolved,tracked at pinned HEAD; runtime use not proven,route/media loss,retain until reproducible regeneration and LKG closure,REFACTOR LATER
civora:valcea-clar/site/runtime/artisti/arias/index.html,generated public/recovery projection,repo maintainer / runtime owner if registered,not resolved,tracked at pinned HEAD; runtime use not proven,route/media loss,retain until reproducible regeneration and LKG closure,REFACTOR LATER
civora:valcea-clar/site/runtime/artisti/atlantico/index.html,generated public/recovery projection,repo maintainer / runtime owner if registered,not resolved,tracked at pinned HEAD; runtime use not proven,route/media loss,retain until reproducible regeneration and LKG closure,REFACTOR LATER
civora:valcea-clar/site/runtime/artisti/aurika/index.html,generated public/recovery projection,repo maintainer / runtime owner if registered,not resolved,tracked at pinned HEAD; runtime use not proven,route/media loss,retain until reproducible regeneration and LKG closure,REFACTOR LATER
civora:valcea-clar/site/runtime/artisti/azur-nelu-vlad/index.html,generated public/recovery projection,repo maintainer / runtime owner if registered,not resolved,tracked at pinned HEAD; runtime use not proven,route/media loss,retain until reproducible regeneration and LKG closure,REFACTOR LATER
civora:valcea-clar/site/runtime/artisti/badd-g/index.html,generated public/recovery projection,repo maintainer / runtime owner if registered,not resolved,tracked at pinned HEAD; runtime use not proven,route/media loss,retain until reproducible regeneration and LKG closure,REFACTOR LATER
civora:valcea-clar/site/runtime/artisti/benzol/index.html,generated public/recovery projection,repo maintainer / runtime owner if registered,not resolved,tracked at pinned HEAD; runtime use not proven,route/media loss,retain until reproducible regeneration and LKG closure,REFACTOR LATER
civora:valcea-clar/site/runtime/artisti/bette-smith/index.html,generated public/recovery projection,repo maintainer / runtime owner if registered,not resolved,tracked at pinned HEAD; runtime use not proven,route/media loss,retain until reproducible regeneration and LKG closure,REFACTOR LATER
civora:valcea-clar/site/runtime/artisti/big-band-radio-romania/index.html,generated public/recovery projection,repo maintainer / runtime owner if registered,not resolved,tracked at pinned HEAD; runtime use not proven,route/media loss,retain until reproducible regeneration and LKG closure,REFACTOR LATER
civora:valcea-clar/site/runtime/artisti/blood-brothers/index.html,generated public/recovery projection,repo maintainer / runtime owner if registered,not resolved,tracked at pinned HEAD; runtime use not proven,route/media loss,retain until reproducible regeneration and LKG closure,REFACTOR LATER
civora:valcea-clar/site/runtime/artisti/blues-progression/index.html,generated public/recovery projection,repo maintainer / runtime owner if registered,not resolved,tracked at pinned HEAD; runtime use not proven,route/media loss,retain until reproducible regeneration and LKG closure,REFACTOR LATER
civora:valcea-clar/site/runtime/artisti/bogdan-cioranu/index.html,generated public/recovery projection,repo maintainer / runtime owner if registered,not resolved,tracked at pinned HEAD; runtime use not proven,route/media loss,retain until reproducible regeneration and LKG closure,REFACTOR LATER
civora:valcea-clar/site/runtime/artisti/bosquito/index.html,generated public/recovery projection,repo maintainer / runtime owner if registered,not resolved,tracked at pinned HEAD; runtime use not proven,route/media loss,retain until reproducible regeneration and LKG closure,REFACTOR LATER
civora:valcea-clar/site/runtime/artisti/brad-brunner/index.html,generated public/recovery projection,repo maintainer / runtime owner if registered,not resolved,tracked at pinned HEAD; runtime use not proven,route/media loss,retain until reproducible regeneration and LKG closure,REFACTOR LATER
civora:valcea-clar/site/runtime/artisti/bucovina/index.html,generated public/recovery projection,repo maintainer / runtime owner if registered,not resolved,tracked at pinned HEAD; runtime use not proven,route/media loss,retain until reproducible regeneration and LKG closure,REFACTOR LATER
civora:valcea-clar/site/runtime/artisti/burning-rope/index.html,generated public/recovery projection,repo maintainer / runtime owner if registered,not resolved,tracked at pinned HEAD; runtime use not proven,route/media loss,retain until reproducible regeneration and LKG closure,REFACTOR LATER
civora:valcea-clar/site/runtime/artisti/cargo/index.html,generated public/recovery projection,repo maintainer / runtime owner if registered,not resolved,tracked at pinned HEAD; runtime use not proven,route/media loss,retain until reproducible regeneration and LKG closure,REFACTOR LATER
civora:valcea-clar/site/runtime/artisti/carina-aghenie/index.html,generated public/recovery projection,repo maintainer / runtime owner if registered,not resolved,tracked at pinned HEAD; runtime use not proven,route/media loss,retain until reproducible regeneration and LKG closure,REFACTOR LATER
civora:valcea-clar/site/runtime/artisti/carolyn-wonderland/index.html,generated public/recovery projection,repo maintainer / runtime owner if registered,not resolved,tracked at pinned HEAD; runtime use not proven,route/media loss,retain until reproducible regeneration and LKG closure,REFACTOR LATER
civora:valcea-clar/site/runtime/artisti/catalin-iancu/index.html,generated public/recovery projection,repo maintainer / runtime owner if registered,not resolved,tracked at pinned HEAD; runtime use not proven,route/media loss,retain until reproducible regeneration and LKG closure,REFACTOR LATER
civora:valcea-clar/site/runtime/artisti/catalina-sima/index.html,generated public/recovery projection,repo maintainer / runtime owner if registered,not resolved,tracked at pinned HEAD; runtime use not proven,route/media loss,retain until reproducible regeneration and LKG closure,REFACTOR LATER
civora:valcea-clar/site/runtime/artisti/celelalte-cuvinte/index.html,generated public/recovery projection,repo maintainer / runtime owner if registered,not resolved,tracked at pinned HEAD; runtime use not proven,route/media loss,retain until reproducible regeneration and LKG closure,REFACTOR LATER
civora:valcea-clar/site/runtime/artisti/chris-cheek-quartet/index.html,generated public/recovery projection,repo maintainer / runtime owner if registered,not resolved,tracked at pinned HEAD; runtime use not proven,route/media loss,retain until reproducible regeneration and LKG closure,REFACTOR LATER
civora:valcea-clar/site/runtime/artisti/ciprian-nita/index.html,generated public/recovery projection,repo maintainer / runtime owner if registered,not resolved,tracked at pinned HEAD; runtime use not proven,route/media loss,retain until reproducible regeneration and LKG closure,REFACTOR LATER
civora:valcea-clar/site/runtime/artisti/coco-montoya/index.html,generated public/recovery projection,repo maintainer / runtime owner if registered,not resolved,tracked at pinned HEAD; runtime use not proven,route/media loss,retain until reproducible regeneration and LKG closure,REFACTOR LATER
civora:valcea-clar/site/runtime/artisti/codrut-dumitru-scurtu/index.html,generated public/recovery projection,repo maintainer / runtime owner if registered,not resolved,tracked at pinned HEAD; runtime use not proven,route/media loss,retain until reproducible regeneration and LKG closure,REFACTOR LATER
civora:valcea-clar/site/runtime/artisti/codruta-rodean/index.html,generated public/recovery projection,repo maintainer / runtime owner if registered,not resolved,tracked at pinned HEAD; runtime use not proven,route/media loss,retain until reproducible regeneration and LKG closure,REFACTOR LATER
civora:valcea-clar/site/runtime/artisti/compact/index.html,generated public/recovery projection,repo maintainer / runtime owner if registered,not resolved,tracked at pinned HEAD; runtime use not proven,route/media loss,retain until reproducible regeneration and LKG closure,REFACTOR LATER
civora:valcea-clar/site/runtime/artisti/connect-r/index.html,generated public/recovery projection,repo maintainer / runtime owner if registered,not resolved,tracked at pinned HEAD; runtime use not proven,route/media loss,retain until reproducible regeneration and LKG closure,REFACTOR LATER
civora:valcea-clar/site/runtime/artisti/corul-euphonia/index.html,generated public/recovery projection,repo maintainer / runtime owner if registered,not resolved,tracked at pinned HEAD; runtime use not proven,route/media loss,retain until reproducible regeneration and LKG closure,REFACTOR LATER
civora:valcea-clar/site/runtime/artisti/cristina-hanes/index.html,generated public/recovery projection,repo maintainer / runtime owner if registered,not resolved,tracked at pinned HEAD; runtime use not proven,route/media loss,retain until reproducible regeneration and LKG closure,REFACTOR LATER
civora:valcea-clar/site/runtime/artisti/danielle-nicole/index.html,generated public/recovery projection,repo maintainer / runtime owner if registered,not resolved,tracked at pinned HEAD; runtime use not proven,route/media loss,retain until reproducible regeneration and LKG closure,REFACTOR LATER
civora:valcea-clar/site/runtime/artisti/dave-andres/index.html,generated public/recovery projection,repo maintainer / runtime owner if registered,not resolved,tracked at pinned HEAD; runtime use not proven,route/media loss,retain until reproducible regeneration and LKG closure,REFACTOR LATER
civora:valcea-clar/site/runtime/artisti/david-crisan/index.html,generated public/recovery projection,repo maintainer / runtime owner if registered,not resolved,tracked at pinned HEAD; runtime use not proven,route/media loss,retain until reproducible regeneration and LKG closure,REFACTOR LATER
civora:valcea-clar/site/runtime/artisti/dawn-tyler-watson/index.html,generated public/recovery projection,repo maintainer / runtime owner if registered,not resolved,tracked at pinned HEAD; runtime use not proven,route/media loss,retain until reproducible regeneration and LKG closure,REFACTOR LATER
civora:valcea-clar/site/runtime/artisti/delia/index.html,generated public/recovery projection,repo maintainer / runtime owner if registered,not resolved,tracked at pinned HEAD; runtime use not proven,route/media loss,retain until reproducible regeneration and LKG closure,REFACTOR LATER
civora:valcea-clar/site/runtime/artisti/dirty-nano/index.html,generated public/recovery projection,repo maintainer / runtime owner if registered,not resolved,tracked at pinned HEAD; runtime use not proven,route/media loss,retain until reproducible regeneration and LKG closure,REFACTOR LATER
civora:valcea-clar/site/runtime/artisti/dirty-shirt/index.html,generated public/recovery projection,repo maintainer / runtime owner if registered,not resolved,tracked at pinned HEAD; runtime use not proven,route/media loss,retain until reproducible regeneration and LKG closure,REFACTOR LATER
civora:valcea-clar/site/runtime/artisti/dk-harrell/index.html,generated public/recovery projection,repo maintainer / runtime owner if registered,not resolved,tracked at pinned HEAD; runtime use not proven,route/media loss,retain until reproducible regeneration and LKG closure,REFACTOR LATER
civora:valcea-clar/site/runtime/artisti/dora-gaitanovici/index.html,generated public/recovery projection,repo maintainer / runtime owner if registered,not resolved,tracked at pinned HEAD; runtime use not proven,route/media loss,retain until reproducible regeneration and LKG closure,REFACTOR LATER
civora:valcea-clar/site/runtime/artisti/dorin-farcas/index.html,generated public/recovery projection,repo maintainer / runtime owner if registered,not resolved,tracked at pinned HEAD; runtime use not proven,route/media loss,retain until reproducible regeneration and LKG closure,REFACTOR LATER
civora:valcea-clar/site/runtime/artisti/dumitru-teleaga/index.html,generated public/recovery projection,repo maintainer / runtime owner if registered,not resolved,tracked at pinned HEAD; runtime use not proven,route/media loss,retain until reproducible regeneration and LKG closure,REFACTOR LATER
civora:valcea-clar/site/runtime/artisti/e-an-na/index.html,generated public/recovery projection,repo maintainer / runtime owner if registered,not resolved,tracked at pinned HEAD; runtime use not proven,route/media loss,retain until reproducible regeneration and LKG closure,REFACTOR LATER
civora:valcea-clar/site/runtime/artisti/efi/index.html,generated public/recovery projection,repo maintainer / runtime owner if registered,not resolved,tracked at pinned HEAD; runtime use not proven,route/media loss,retain until reproducible regeneration and LKG closure,REFACTOR LATER
civora:valcea-clar/site/runtime/artisti/elena-pavelescu/index.html,generated public/recovery projection,repo maintainer / runtime owner if registered,not resolved,tracked at pinned HEAD; runtime use not proven,route/media loss,retain until reproducible regeneration and LKG closure,REFACTOR LATER
civora:valcea-clar/site/runtime/artisti/emilia-dorobantu/index.html,generated public/recovery projection,repo maintainer / runtime owner if registered,not resolved,tracked at pinned HEAD; runtime use not proven,route/media loss,retain until reproducible regeneration and LKG closure,REFACTOR LATER
civora:valcea-clar/site/runtime/artisti/eric-gales/index.html,generated public/recovery projection,repo maintainer / runtime owner if registered,not resolved,tracked at pinned HEAD; runtime use not proven,route/media loss,retain until reproducible regeneration and LKG closure,REFACTOR LATER
civora:valcea-clar/site/runtime/artisti/fantastic-negrito/index.html,generated public/recovery projection,repo maintainer / runtime owner if registered,not resolved,tracked at pinned HEAD; runtime use not proven,route/media loss,retain until reproducible regeneration and LKG closure,REFACTOR LATER
civora:valcea-clar/site/runtime/artisti/filjazz-pitesti-trio/index.html,generated public/recovery projection,repo maintainer / runtime owner if registered,not resolved,tracked at pinned HEAD; runtime use not proven,route/media loss,retain until reproducible regeneration and LKG closure,REFACTOR LATER
civora:valcea-clar/site/runtime/artisti/filofteia-badea/index.html,generated public/recovery projection,repo maintainer / runtime owner if registered,not resolved,tracked at pinned HEAD; runtime use not proven,route/media loss,retain until reproducible regeneration and LKG closure,REFACTOR LATER
civora:valcea-clar/site/runtime/artisti/flavia-nitu/index.html,generated public/recovery projection,repo maintainer / runtime owner if registered,not resolved,tracked at pinned HEAD; runtime use not proven,route/media loss,retain until reproducible regeneration and LKG closure,REFACTOR LATER
civora:valcea-clar/site/runtime/artisti/formatia-dan-limbasan/index.html,generated public/recovery projection,repo maintainer / runtime owner if registered,not resolved,tracked at pinned HEAD; runtime use not proven,route/media loss,retain until reproducible regeneration and LKG closure,REFACTOR LATER
civora:valcea-clar/site/runtime/artisti/gabriel-popescu/index.html,generated public/recovery projection,repo maintainer / runtime owner if registered,not resolved,tracked at pinned HEAD; runtime use not proven,route/media loss,retain until reproducible regeneration and LKG closure,REFACTOR LATER
civora:valcea-clar/site/runtime/artisti/gary-moore-legacy-concert/index.html,generated public/recovery projection,repo maintainer / runtime owner if registered,not resolved,tracked at pinned HEAD; runtime use not proven,route/media loss,retain until reproducible regeneration and LKG closure,REFACTOR LATER
civora:valcea-clar/site/runtime/artisti/gelu-stratulat/index.html,generated public/recovery projection,repo maintainer / runtime owner if registered,not resolved,tracked at pinned HEAD; runtime use not proven,route/media loss,retain until reproducible regeneration and LKG closure,REFACTOR LATER
civora:valcea-clar/site/runtime/artisti/georgiana-lobont/index.html,generated public/recovery projection,repo maintainer / runtime owner if registered,not resolved,tracked at pinned HEAD; runtime use not proven,route/media loss,retain until reproducible regeneration and LKG closure,REFACTOR LATER
civora:valcea-clar/site/runtime/artisti/georgiana-paducel/index.html,generated public/recovery projection,repo maintainer / runtime owner if registered,not resolved,tracked at pinned HEAD; runtime use not proven,route/media loss,retain until reproducible regeneration and LKG closure,REFACTOR LATER
civora:valcea-clar/site/runtime/artisti/gothic/index.html,generated public/recovery projection,repo maintainer / runtime owner if registered,not resolved,tracked at pinned HEAD; runtime use not proven,route/media loss,retain until reproducible regeneration and LKG closure,REFACTOR LATER
civora:valcea-clar/site/runtime/artisti/grigore-teaca/index.html,generated public/recovery projection,repo maintainer / runtime owner if registered,not resolved,tracked at pinned HEAD; runtime use not proven,route/media loss,retain until reproducible regeneration and LKG closure,REFACTOR LATER
civora:valcea-clar/site/runtime/artisti/hanno-hoefer-raul-kusak/index.html,generated public/recovery projection,repo maintainer / runtime owner if registered,not resolved,tracked at pinned HEAD; runtime use not proven,route/media loss,retain until reproducible regeneration and LKG closure,REFACTOR LATER
civora:valcea-clar/site/runtime/artisti/hvmza/index.html,generated public/recovery projection,repo maintainer / runtime owner if registered,not resolved,tracked at pinned HEAD; runtime use not proven,route/media loss,retain until reproducible regeneration and LKG closure,REFACTOR LATER
civora:valcea-clar/site/runtime/artisti/ilia-rusnac/index.html,generated public/recovery projection,repo maintainer / runtime owner if registered,not resolved,tracked at pinned HEAD; runtime use not proven,route/media loss,retain until reproducible regeneration and LKG closure,REFACTOR LATER
civora:valcea-clar/site/runtime/artisti/imago-mundi/index.html,generated public/recovery projection,repo maintainer / runtime owner if registered,not resolved,tracked at pinned HEAD; runtime use not proven,route/media loss,retain until reproducible regeneration and LKG closure,REFACTOR LATER
civora:valcea-clar/site/runtime/artisti/index.html,generated public/recovery projection,repo maintainer / runtime owner if registered,not resolved,tracked at pinned HEAD; runtime use not proven,route/media loss,retain until reproducible regeneration and LKG closure,REFACTOR LATER
civora:valcea-clar/site/runtime/artisti/ion-marinescu-tzurla/index.html,generated public/recovery projection,repo maintainer / runtime owner if registered,not resolved,tracked at pinned HEAD; runtime use not proven,route/media loss,retain until reproducible regeneration and LKG closure,REFACTOR LATER
civora:valcea-clar/site/runtime/artisti/ionut-fulea/index.html,generated public/recovery projection,repo maintainer / runtime owner if registered,not resolved,tracked at pinned HEAD; runtime use not proven,route/media loss,retain until reproducible regeneration and LKG closure,REFACTOR LATER
civora:valcea-clar/site/runtime/artisti/ionut-mocanu/index.html,generated public/recovery projection,repo maintainer / runtime owner if registered,not resolved,tracked at pinned HEAD; runtime use not proven,route/media loss,retain until reproducible regeneration and LKG closure,REFACTOR LATER
civora:valcea-clar/site/runtime/artisti/irina-stratulat/index.html,generated public/recovery projection,repo maintainer / runtime owner if registered,not resolved,tracked at pinned HEAD; runtime use not proven,route/media loss,retain until reproducible regeneration and LKG closure,REFACTOR LATER
civora:valcea-clar/site/runtime/artisti/iuliana-beregoi/index.html,generated public/recovery projection,repo maintainer / runtime owner if registered,not resolved,tracked at pinned HEAD; runtime use not proven,route/media loss,retain until reproducible regeneration and LKG closure,REFACTOR LATER
civora:valcea-clar/site/runtime/artisti/joe-rusi/index.html,generated public/recovery projection,repo maintainer / runtime owner if registered,not resolved,tracked at pinned HEAD; runtime use not proven,route/media loss,retain until reproducible regeneration and LKG closure,REFACTOR LATER
civora:valcea-clar/site/runtime/artisti/johny-romano/index.html,generated public/recovery projection,repo maintainer / runtime owner if registered,not resolved,tracked at pinned HEAD; runtime use not proven,route/media loss,retain until reproducible regeneration and LKG closure,REFACTOR LATER
civora:valcea-clar/site/runtime/artisti/jose-ramirez/index.html,generated public/recovery projection,repo maintainer / runtime owner if registered,not resolved,tracked at pinned HEAD; runtime use not proven,route/media loss,retain until reproducible regeneration and LKG closure,REFACTOR LATER
civora:valcea-clar/site/runtime/artisti/ken-valdez/index.html,generated public/recovery projection,repo maintainer / runtime owner if registered,not resolved,tracked at pinned HEAD; runtime use not proven,route/media loss,retain until reproducible regeneration and LKG closure,REFACTOR LATER
civora:valcea-clar/site/runtime/artisti/kenny-wayne-shepherd/index.html,generated public/recovery projection,repo maintainer / runtime owner if registered,not resolved,tracked at pinned HEAD; runtime use not proven,route/media loss,retain until reproducible regeneration and LKG closure,REFACTOR LATER
civora:valcea-clar/site/runtime/artisti/kevin-burt-big-medicine/index.html,generated public/recovery projection,repo maintainer / runtime owner if registered,not resolved,tracked at pinned HEAD; runtime use not proven,route/media loss,retain until reproducible regeneration and LKG closure,REFACTOR LATER
civora:valcea-clar/site/runtime/artisti/kitty-daisy-lewis/index.html,generated public/recovery projection,repo maintainer / runtime owner if registered,not resolved,tracked at pinned HEAD; runtime use not proven,route/media loss,retain until reproducible regeneration and LKG closure,REFACTOR LATER
civora:valcea-clar/site/runtime/artisti/koszika-the-hotshots/index.html,generated public/recovery projection,repo maintainer / runtime owner if registered,not resolved,tracked at pinned HEAD; runtime use not proven,route/media loss,retain until reproducible regeneration and LKG closure,REFACTOR LATER
civora:valcea-clar/site/runtime/artisti/kov/index.html,generated public/recovery projection,repo maintainer / runtime owner if registered,not resolved,tracked at pinned HEAD; runtime use not proven,route/media loss,retain until reproducible regeneration and LKG closure,REFACTOR LATER
civora:valcea-clar/site/runtime/artisti/krissy-matthews-band/index.html,generated public/recovery projection,repo maintainer / runtime owner if registered,not resolved,tracked at pinned HEAD; runtime use not proven,route/media loss,retain until reproducible regeneration and LKG closure,REFACTOR LATER
civora:valcea-clar/site/runtime/artisti/leo-de-la-rosiori/index.html,generated public/recovery projection,repo maintainer / runtime owner if registered,not resolved,tracked at pinned HEAD; runtime use not proven,route/media loss,retain until reproducible regeneration and LKG closure,REFACTOR LATER
civora:valcea-clar/site/runtime/artisti/lidia-stratulat/index.html,generated public/recovery projection,repo maintainer / runtime owner if registered,not resolved,tracked at pinned HEAD; runtime use not proven,route/media loss,retain until reproducible regeneration and LKG closure,REFACTOR LATER
civora:valcea-clar/site/runtime/artisti/louis-king/index.html,generated public/recovery projection,repo maintainer / runtime owner if registered,not resolved,tracked at pinned HEAD; runtime use not proven,route/media loss,retain until reproducible regeneration and LKG closure,REFACTOR LATER
civora:valcea-clar/site/runtime/artisti/lovebite/index.html,generated public/recovery projection,repo maintainer / runtime owner if registered,not resolved,tracked at pinned HEAD; runtime use not proven,route/media loss,retain until reproducible regeneration and LKG closure,REFACTOR LATER
civora:valcea-clar/site/runtime/artisti/luiza-zan/index.html,generated public/recovery projection,repo maintainer / runtime owner if registered,not resolved,tracked at pinned HEAD; runtime use not proven,route/media loss,retain until reproducible regeneration and LKG closure,REFACTOR LATER
civora:valcea-clar/site/runtime/artisti/madalina-floroaica/index.html,generated public/recovery projection,repo maintainer / runtime owner if registered,not resolved,tracked at pinned HEAD; runtime use not proven,route/media loss,retain until reproducible regeneration and LKG closure,REFACTOR LATER
civora:valcea-clar/site/runtime/artisti/mahony/index.html,generated public/recovery projection,repo maintainer / runtime owner if registered,not resolved,tracked at pinned HEAD; runtime use not proven,route/media loss,retain until reproducible regeneration and LKG closure,REFACTOR LATER
civora:valcea-clar/site/runtime/artisti/mara-halunga-trio/index.html,generated public/recovery projection,repo maintainer / runtime owner if registered,not resolved,tracked at pinned HEAD; runtime use not proven,route/media loss,retain until reproducible regeneration and LKG closure,REFACTOR LATER
civora:valcea-clar/site/runtime/artisti/marc-rayen/index.html,generated public/recovery projection,repo maintainer / runtime owner if registered,not resolved,tracked at pinned HEAD; runtime use not proven,route/media loss,retain until reproducible regeneration and LKG closure,REFACTOR LATER
civora:valcea-clar/site/runtime/artisti/marcel-stefanet-ethno-republic/index.html,generated public/recovery projection,repo maintainer / runtime owner if registered,not resolved,tracked at pinned HEAD; runtime use not proven,route/media loss,retain until reproducible regeneration and LKG closure,REFACTOR LATER
civora:valcea-clar/site/runtime/artisti/marco-bartoccioni/index.html,generated public/recovery projection,repo maintainer / runtime owner if registered,not resolved,tracked at pinned HEAD; runtime use not proven,route/media loss,retain until reproducible regeneration and LKG closure,REFACTOR LATER
civora:valcea-clar/site/runtime/artisti/marian-badulescu/index.html,generated public/recovery projection,repo maintainer / runtime owner if registered,not resolved,tracked at pinned HEAD; runtime use not proven,route/media loss,retain until reproducible regeneration and LKG closure,REFACTOR LATER
civora:valcea-clar/site/runtime/artisti/marian-zamfir/index.html,generated public/recovery projection,repo maintainer / runtime owner if registered,not resolved,tracked at pinned HEAD; runtime use not proven,route/media loss,retain until reproducible regeneration and LKG closure,REFACTOR LATER
civora:valcea-clar/site/runtime/artisti/mariano-castro/index.html,generated public/recovery projection,repo maintainer / runtime owner if registered,not resolved,tracked at pinned HEAD; runtime use not proven,route/media loss,retain until reproducible regeneration and LKG closure,REFACTOR LATER
civora:valcea-clar/site/runtime/artisti/marin-cazacu/index.html,generated public/recovery projection,repo maintainer / runtime owner if registered,not resolved,tracked at pinned HEAD; runtime use not proven,route/media loss,retain until reproducible regeneration and LKG closure,REFACTOR LATER
civora:valcea-clar/site/runtime/artisti/marius-tugulescu/index.html,generated public/recovery projection,repo maintainer / runtime owner if registered,not resolved,tracked at pinned HEAD; runtime use not proven,route/media loss,retain until reproducible regeneration and LKG closure,REFACTOR LATER
civora:valcea-clar/site/runtime/artisti/marquis-collective/index.html,generated public/recovery projection,repo maintainer / runtime owner if registered,not resolved,tracked at pinned HEAD; runtime use not proven,route/media loss,retain until reproducible regeneration and LKG closure,REFACTOR LATER
civora:valcea-clar/site/runtime/artisti/marsdelux-by-marina-arsene/index.html,generated public/recovery projection,repo maintainer / runtime owner if registered,not resolved,tracked at pinned HEAD; runtime use not proven,route/media loss,retain until reproducible regeneration and LKG closure,REFACTOR LATER
civora:valcea-clar/site/runtime/artisti/medeea-vinereanu/index.html,generated public/recovery projection,repo maintainer / runtime owner if registered,not resolved,tracked at pinned HEAD; runtime use not proven,route/media loss,retain until reproducible regeneration and LKG closure,REFACTOR LATER
civora:valcea-clar/site/runtime/artisti/mihaela-mihai/index.html,generated public/recovery projection,repo maintainer / runtime owner if registered,not resolved,tracked at pinned HEAD; runtime use not proven,route/media loss,retain until reproducible regeneration and LKG closure,REFACTOR LATER
civora:valcea-clar/site/runtime/artisti/mihai-rotariu/index.html,generated public/recovery projection,repo maintainer / runtime owner if registered,not resolved,tracked at pinned HEAD; runtime use not proven,route/media loss,retain until reproducible regeneration and LKG closure,REFACTOR LATER
civora:valcea-clar/site/runtime/artisti/mihail-titoiu/index.html,generated public/recovery projection,repo maintainer / runtime owner if registered,not resolved,tracked at pinned HEAD; runtime use not proven,route/media loss,retain until reproducible regeneration and LKG closure,REFACTOR LATER
civora:valcea-clar/site/runtime/artisti/mihaita-barbus/index.html,generated public/recovery projection,repo maintainer / runtime owner if registered,not resolved,tracked at pinned HEAD; runtime use not proven,route/media loss,retain until reproducible regeneration and LKG closure,REFACTOR LATER
civora:valcea-clar/site/runtime/artisti/monica-valentina-scurtu/index.html,generated public/recovery projection,repo maintainer / runtime owner if registered,not resolved,tracked at pinned HEAD; runtime use not proven,route/media loss,retain until reproducible regeneration and LKG closure,REFACTOR LATER
civora:valcea-clar/site/runtime/artisti/muguri-brancoveni/index.html,generated public/recovery projection,repo maintainer / runtime owner if registered,not resolved,tracked at pinned HEAD; runtime use not proven,route/media loss,retain until reproducible regeneration and LKG closure,REFACTOR LATER
civora:valcea-clar/site/runtime/artisti/nicki-m/index.html,generated public/recovery projection,repo maintainer / runtime owner if registered,not resolved,tracked at pinned HEAD; runtime use not proven,route/media loss,retain until reproducible regeneration and LKG closure,REFACTOR LATER
civora:valcea-clar/site/runtime/artisti/nightlosers/index.html,generated public/recovery projection,repo maintainer / runtime owner if registered,not resolved,tracked at pinned HEAD; runtime use not proven,route/media loss,retain until reproducible regeneration and LKG closure,REFACTOR LATER
civora:valcea-clar/site/runtime/artisti/octavian-dinca/index.html,generated public/recovery projection,repo maintainer / runtime owner if registered,not resolved,tracked at pinned HEAD; runtime use not proven,route/media loss,retain until reproducible regeneration and LKG closure,REFACTOR LATER
civora:valcea-clar/site/runtime/artisti/olga-barabas/index.html,generated public/recovery projection,repo maintainer / runtime owner if registered,not resolved,tracked at pinned HEAD; runtime use not proven,route/media loss,retain until reproducible regeneration and LKG closure,REFACTOR LATER
civora:valcea-clar/site/runtime/artisti/olimpia-deaconescu/index.html,generated public/recovery projection,repo maintainer / runtime owner if registered,not resolved,tracked at pinned HEAD; runtime use not proven,route/media loss,retain until reproducible regeneration and LKG closure,REFACTOR LATER
civora:valcea-clar/site/runtime/artisti/olivia-trummer-trio/index.html,generated public/recovery projection,repo maintainer / runtime owner if registered,not resolved,tracked at pinned HEAD; runtime use not proven,route/media loss,retain until reproducible regeneration and LKG closure,REFACTOR LATER
civora:valcea-clar/site/runtime/artisti/om-la-luna/index.html,generated public/recovery projection,repo maintainer / runtime owner if registered,not resolved,tracked at pinned HEAD; runtime use not proven,route/media loss,retain until reproducible regeneration and LKG closure,REFACTOR LATER
civora:valcea-clar/site/runtime/artisti/orchestra-rapsodia-valceana/index.html,generated public/recovery projection,repo maintainer / runtime owner if registered,not resolved,tracked at pinned HEAD; runtime use not proven,route/media loss,retain until reproducible regeneration and LKG closure,REFACTOR LATER
civora:valcea-clar/site/runtime/artisti/orchestra-simfonica-a-filarmonicii-ion-dumitrescu/index.html,generated public/recovery projection,repo maintainer / runtime owner if registered,not resolved,tracked at pinned HEAD; runtime use not proven,route/media loss,retain until reproducible regeneration and LKG closure,REFACTOR LATER
civora:valcea-clar/site/runtime/artisti/outflow/index.html,generated public/recovery projection,repo maintainer / runtime owner if registered,not resolved,tracked at pinned HEAD; runtime use not proven,route/media loss,retain until reproducible regeneration and LKG closure,REFACTOR LATER
civora:valcea-clar/site/runtime/artisti/overburn/index.html,generated public/recovery projection,repo maintainer / runtime owner if registered,not resolved,tracked at pinned HEAD; runtime use not proven,route/media loss,retain until reproducible regeneration and LKG closure,REFACTOR LATER
civora:valcea-clar/site/runtime/artisti/peppe-citarella/index.html,generated public/recovery projection,repo maintainer / runtime owner if registered,not resolved,tracked at pinned HEAD; runtime use not proven,route/media loss,retain until reproducible regeneration and LKG closure,REFACTOR LATER
civora:valcea-clar/site/runtime/artisti/peter-kern/index.html,generated public/recovery projection,repo maintainer / runtime owner if registered,not resolved,tracked at pinned HEAD; runtime use not proven,route/media loss,retain until reproducible regeneration and LKG closure,REFACTOR LATER
civora:valcea-clar/site/runtime/artisti/phil-jazz-band/index.html,generated public/recovery projection,repo maintainer / runtime owner if registered,not resolved,tracked at pinned HEAD; runtime use not proven,route/media loss,retain until reproducible regeneration and LKG closure,REFACTOR LATER
civora:valcea-clar/site/runtime/artisti/phoenix/index.html,generated public/recovery projection,repo maintainer / runtime owner if registered,not resolved,tracked at pinned HEAD; runtime use not proven,route/media loss,retain until reproducible regeneration and LKG closure,REFACTOR LATER
civora:valcea-clar/site/runtime/artisti/puya/index.html,generated public/recovery projection,repo maintainer / runtime owner if registered,not resolved,tracked at pinned HEAD; runtime use not proven,route/media loss,retain until reproducible regeneration and LKG closure,REFACTOR LATER
civora:valcea-clar/site/runtime/artisti/razvan-florescu/index.html,generated public/recovery projection,repo maintainer / runtime owner if registered,not resolved,tracked at pinned HEAD; runtime use not proven,route/media loss,retain until reproducible regeneration and LKG closure,REFACTOR LATER
civora:valcea-clar/site/runtime/artisti/reman/index.html,generated public/recovery projection,repo maintainer / runtime owner if registered,not resolved,tracked at pinned HEAD; runtime use not proven,route/media loss,retain until reproducible regeneration and LKG closure,REFACTOR LATER
civora:valcea-clar/site/runtime/artisti/revolter/index.html,generated public/recovery projection,repo maintainer / runtime owner if registered,not resolved,tracked at pinned HEAD; runtime use not proven,route/media loss,retain until reproducible regeneration and LKG closure,REFACTOR LATER
civora:valcea-clar/site/runtime/artisti/robbert-duijf/index.html,generated public/recovery projection,repo maintainer / runtime owner if registered,not resolved,tracked at pinned HEAD; runtime use not proven,route/media loss,retain until reproducible regeneration and LKG closure,REFACTOR LATER
civora:valcea-clar/site/runtime/artisti/robert-finley/index.html,generated public/recovery projection,repo maintainer / runtime owner if registered,not resolved,tracked at pinned HEAD; runtime use not proven,route/media loss,retain until reproducible regeneration and LKG closure,REFACTOR LATER
civora:valcea-clar/site/runtime/artisti/rodica-popa-comaniciu/index.html,generated public/recovery projection,repo maintainer / runtime owner if registered,not resolved,tracked at pinned HEAD; runtime use not proven,route/media loss,retain until reproducible regeneration and LKG closure,REFACTOR LATER
civora:valcea-clar/site/runtime/artisti/roger-correa-quartet/index.html,generated public/recovery projection,repo maintainer / runtime owner if registered,not resolved,tracked at pinned HEAD; runtime use not proven,route/media loss,retain until reproducible regeneration and LKG closure,REFACTOR LATER
civora:valcea-clar/site/runtime/artisti/romanian-youth-jazz-orchestra/index.html,generated public/recovery projection,repo maintainer / runtime owner if registered,not resolved,tracked at pinned HEAD; runtime use not proven,route/media loss,retain until reproducible regeneration and LKG closure,REFACTOR LATER
civora:valcea-clar/site/runtime/artisti/ron-hewitt/index.html,generated public/recovery projection,repo maintainer / runtime owner if registered,not resolved,tracked at pinned HEAD; runtime use not proven,route/media loss,retain until reproducible regeneration and LKG closure,REFACTOR LATER
civora:valcea-clar/site/runtime/artisti/saguna/index.html,generated public/recovery projection,repo maintainer / runtime owner if registered,not resolved,tracked at pinned HEAD; runtime use not proven,route/media loss,retain until reproducible regeneration and LKG closure,REFACTOR LATER
civora:valcea-clar/site/runtime/artisti/sakis-dovolis-trio/index.html,generated public/recovery projection,repo maintainer / runtime owner if registered,not resolved,tracked at pinned HEAD; runtime use not proven,route/media loss,retain until reproducible regeneration and LKG closure,REFACTOR LATER
civora:valcea-clar/site/runtime/artisti/scarlet-aura/index.html,generated public/recovery projection,repo maintainer / runtime owner if registered,not resolved,tracked at pinned HEAD; runtime use not proven,route/media loss,retain until reproducible regeneration and LKG closure,REFACTOR LATER
civora:valcea-clar/site/runtime/artisti/simin-tander-quartet/index.html,generated public/recovery projection,repo maintainer / runtime owner if registered,not resolved,tracked at pinned HEAD; runtime use not proven,route/media loss,retain until reproducible regeneration and LKG closure,REFACTOR LATER
civora:valcea-clar/site/runtime/artisti/sllash-doppe/index.html,generated public/recovery projection,repo maintainer / runtime owner if registered,not resolved,tracked at pinned HEAD; runtime use not proven,route/media loss,retain until reproducible regeneration and LKG closure,REFACTOR LATER
civora:valcea-clar/site/runtime/artisti/stefan-savoiu/index.html,generated public/recovery projection,repo maintainer / runtime owner if registered,not resolved,tracked at pinned HEAD; runtime use not proven,route/media loss,retain until reproducible regeneration and LKG closure,REFACTOR LATER
civora:valcea-clar/site/runtime/artisti/subcarpati/index.html,generated public/recovery projection,repo maintainer / runtime owner if registered,not resolved,tracked at pinned HEAD; runtime use not proven,route/media loss,retain until reproducible regeneration and LKG closure,REFACTOR LATER
civora:valcea-clar/site/runtime/artisti/sugaray-rayford/index.html,generated public/recovery projection,repo maintainer / runtime owner if registered,not resolved,tracked at pinned HEAD; runtime use not proven,route/media loss,retain until reproducible regeneration and LKG closure,REFACTOR LATER
civora:valcea-clar/site/runtime/artisti/taj-farrant/index.html,generated public/recovery projection,repo maintainer / runtime owner if registered,not resolved,tracked at pinned HEAD; runtime use not proven,route/media loss,retain until reproducible regeneration and LKG closure,REFACTOR LATER
civora:valcea-clar/site/runtime/artisti/tereza-catarov-quintet/index.html,generated public/recovery projection,repo maintainer / runtime owner if registered,not resolved,tracked at pinned HEAD; runtime use not proven,route/media loss,retain until reproducible regeneration and LKG closure,REFACTOR LATER
civora:valcea-clar/site/runtime/artisti/the-cinelli-brothers/index.html,generated public/recovery projection,repo maintainer / runtime owner if registered,not resolved,tracked at pinned HEAD; runtime use not proven,route/media loss,retain until reproducible regeneration and LKG closure,REFACTOR LATER
civora:valcea-clar/site/runtime/artisti/the-see-see-riders/index.html,generated public/recovery projection,repo maintainer / runtime owner if registered,not resolved,tracked at pinned HEAD; runtime use not proven,route/media loss,retain until reproducible regeneration and LKG closure,REFACTOR LATER
civora:valcea-clar/site/runtime/artisti/tiberiu-dragos-oprea/index.html,generated public/recovery projection,repo maintainer / runtime owner if registered,not resolved,tracked at pinned HEAD; runtime use not proven,route/media loss,retain until reproducible regeneration and LKG closure,REFACTOR LATER
civora:valcea-clar/site/runtime/artisti/timpuri-noi/index.html,generated public/recovery projection,repo maintainer / runtime owner if registered,not resolved,tracked at pinned HEAD; runtime use not proven,route/media loss,retain until reproducible regeneration and LKG closure,REFACTOR LATER
civora:valcea-clar/site/runtime/artisti/toby-lee/index.html,generated public/recovery projection,repo maintainer / runtime owner if registered,not resolved,tracked at pinned HEAD; runtime use not proven,route/media loss,retain until reproducible regeneration and LKG closure,REFACTOR LATER
civora:valcea-clar/site/runtime/artisti/trooper/index.html,generated public/recovery projection,repo maintainer / runtime owner if registered,not resolved,tracked at pinned HEAD; runtime use not proven,route/media loss,retain until reproducible regeneration and LKG closure,REFACTOR LATER
civora:valcea-clar/site/runtime/artisti/tudor-deejay/index.html,generated public/recovery projection,repo maintainer / runtime owner if registered,not resolved,tracked at pinned HEAD; runtime use not proven,route/media loss,retain until reproducible regeneration and LKG closure,REFACTOR LATER
civora:valcea-clar/site/runtime/artisti/urban-lautaresque/index.html,generated public/recovery projection,repo maintainer / runtime owner if registered,not resolved,tracked at pinned HEAD; runtime use not proven,route/media loss,retain until reproducible regeneration and LKG closure,REFACTOR LATER
civora:valcea-clar/site/runtime/artisti/valentin-sanfira/index.html,generated public/recovery projection,repo maintainer / runtime owner if registered,not resolved,tracked at pinned HEAD; runtime use not proven,route/media loss,retain until reproducible regeneration and LKG closure,REFACTOR LATER
civora:valcea-clar/site/runtime/artisti/valeria-maurer-quartet/index.html,generated public/recovery projection,repo maintainer / runtime owner if registered,not resolved,tracked at pinned HEAD; runtime use not proven,route/media loss,retain until reproducible regeneration and LKG closure,REFACTOR LATER
civora:valcea-clar/site/runtime/artisti/vali-vijelie/index.html,generated public/recovery projection,repo maintainer / runtime owner if registered,not resolved,tracked at pinned HEAD; runtime use not proven,route/media loss,retain until reproducible regeneration and LKG closure,REFACTOR LATER
civora:valcea-clar/site/runtime/artisti/vanessa-collier/index.html,generated public/recovery projection,repo maintainer / runtime owner if registered,not resolved,tracked at pinned HEAD; runtime use not proven,route/media loss,retain until reproducible regeneration and LKG closure,REFACTOR LATER
civora:valcea-clar/site/runtime/artisti/varer/index.html,generated public/recovery projection,repo maintainer / runtime owner if registered,not resolved,tracked at pinned HEAD; runtime use not proven,route/media loss,retain until reproducible regeneration and LKG closure,REFACTOR LATER
civora:valcea-clar/site/runtime/artisti/vinyl-paradise/index.html,generated public/recovery projection,repo maintainer / runtime owner if registered,not resolved,tracked at pinned HEAD; runtime use not proven,route/media loss,retain until reproducible regeneration and LKG closure,REFACTOR LATER
civora:valcea-clar/site/runtime/artisti/violoncellissimo/index.html,generated public/recovery projection,repo maintainer / runtime owner if registered,not resolved,tracked at pinned HEAD; runtime use not proven,route/media loss,retain until reproducible regeneration and LKG closure,REFACTOR LATER
civora:valcea-clar/site/runtime/artisti/yiorgos-bereris-trio/index.html,generated public/recovery projection,repo maintainer / runtime owner if registered,not resolved,tracked at pinned HEAD; runtime use not proven,route/media loss,retain until reproducible regeneration and LKG closure,REFACTOR LATER
civora:valcea-clar/site/runtime/artisti/yugas/index.html,generated public/recovery projection,repo maintainer / runtime owner if registered,not resolved,tracked at pinned HEAD; runtime use not proven,route/media loss,retain until reproducible regeneration and LKG closure,REFACTOR LATER
civora:valcea-clar/site/runtime/artists.json,generated public/recovery projection,repo maintainer / runtime owner if registered,.github/workflows/local-news-os-vnext-valcea-shadow-migration.yml;.github/workflows/local-news-os-vnext-valcea-shadow-projection.yml;.github/workflows/valcea-clar-people-intelligence.yml,workflow reference: .github/workflows/local-news-os-vnext-valcea-shadow-migration.yml;.github/workflows/local-news-os-vnext-valcea-shadow-projection.yml;.github/workflows/valcea-clar-people-intelligence.yml,route/media loss,retain until reproducible regeneration and LKG closure,REFACTOR LATER
civora:valcea-clar/site/runtime/clarificam/index.html,generated public/recovery projection,repo maintainer / runtime owner if registered,not resolved,tracked at pinned HEAD; runtime use not proven,route/media loss,retain until reproducible regeneration and LKG closure,REFACTOR LATER
civora:valcea-clar/site/runtime/clarificam/restrictii-calimanesti-22-septembrie/index.html,generated public/recovery projection,repo maintainer / runtime owner if registered,not resolved,tracked at pinned HEAD; runtime use not proven,route/media loss,retain until reproducible regeneration and LKG closure,REFACTOR LATER
civora:valcea-clar/site/runtime/clarificam/somaj-valcea-august-2026/index.html,generated public/recovery projection,repo maintainer / runtime owner if registered,not resolved,tracked at pinned HEAD; runtime use not proven,route/media loss,retain until reproducible regeneration and LKG closure,REFACTOR LATER
civora:valcea-clar/site/runtime/confidentialitate/index.html,generated public/recovery projection,repo maintainer / runtime owner if registered,not resolved,tracked at pinned HEAD; runtime use not proven,route/media loss,retain until reproducible regeneration and LKG closure,REFACTOR LATER
civora:valcea-clar/site/runtime/corectii/index.html,generated public/recovery projection,repo maintainer / runtime owner if registered,not resolved,tracked at pinned HEAD; runtime use not proven,route/media loss,retain until reproducible regeneration and LKG closure,REFACTOR LATER
civora:valcea-clar/site/runtime/corectii/registru/index.html,generated public/recovery projection,repo maintainer / runtime owner if registered,not resolved,tracked at pinned HEAD; runtime use not proven,route/media loss,retain until reproducible regeneration and LKG closure,REFACTOR LATER
civora:valcea-clar/site/runtime/despre/index.html,generated public/recovery projection,repo maintainer / runtime owner if registered,not resolved,tracked at pinned HEAD; runtime use not proven,route/media loss,retain until reproducible regeneration and LKG closure,REFACTOR LATER
civora:valcea-clar/site/runtime/dosare/index.html,generated public/recovery projection,repo maintainer / runtime owner if registered,not resolved,tracked at pinned HEAD; runtime use not proven,route/media loss,retain until reproducible regeneration and LKG closure,REFACTOR LATER
civora:valcea-clar/site/runtime/dosare/open-air-blues-brezoi-2026/index.html,generated public/recovery projection,repo maintainer / runtime owner if registered,not resolved,tracked at pinned HEAD; runtime use not proven,route/media loss,retain until reproducible regeneration and LKG closure,REFACTOR LATER
civora:valcea-clar/site/runtime/editia-curenta/index.html,generated public/recovery projection,repo maintainer / runtime owner if registered,not resolved,tracked at pinned HEAD; runtime use not proven,route/media loss,retain until reproducible regeneration and LKG closure,REFACTOR LATER
civora:valcea-clar/site/runtime/editia-de-dimineata/index.html,generated public/recovery projection,repo maintainer / runtime owner if registered,not resolved,tracked at pinned HEAD; runtime use not proven,route/media loss,retain until reproducible regeneration and LKG closure,REFACTOR LATER
civora:valcea-clar/site/runtime/editia-de-seara/index.html,generated public/recovery projection,repo maintainer / runtime owner if registered,not resolved,tracked at pinned HEAD; runtime use not proven,route/media loss,retain until reproducible regeneration and LKG closure,REFACTOR LATER
civora:valcea-clar/site/runtime/editii/2026-08-15-evening/index.html,generated public/recovery projection,repo maintainer / runtime owner if registered,not resolved,tracked at pinned HEAD; runtime use not proven,route/media loss,retain until reproducible regeneration and LKG closure,REFACTOR LATER
civora:valcea-clar/site/runtime/editii/2026-08-15-morning/index.html,generated public/recovery projection,repo maintainer / runtime owner if registered,not resolved,tracked at pinned HEAD; runtime use not proven,route/media loss,retain until reproducible regeneration and LKG closure,REFACTOR LATER
civora:valcea-clar/site/runtime/editii/2026-08-16-evening/index.html,generated public/recovery projection,repo maintainer / runtime owner if registered,not resolved,tracked at pinned HEAD; runtime use not proven,route/media loss,retain until reproducible regeneration and LKG closure,REFACTOR LATER
civora:valcea-clar/site/runtime/editii/2026-08-16-morning/index.html,generated public/recovery projection,repo maintainer / runtime owner if registered,not resolved,tracked at pinned HEAD; runtime use not proven,route/media loss,retain until reproducible regeneration and LKG closure,REFACTOR LATER
civora:valcea-clar/site/runtime/editii/2026-08-18-evening/index.html,generated public/recovery projection,repo maintainer / runtime owner if registered,not resolved,tracked at pinned HEAD; runtime use not proven,route/media loss,retain until reproducible regeneration and LKG closure,REFACTOR LATER
civora:valcea-clar/site/runtime/editii/2026-08-18-morning/index.html,generated public/recovery projection,repo maintainer / runtime owner if registered,not resolved,tracked at pinned HEAD; runtime use not proven,route/media loss,retain until reproducible regeneration and LKG closure,REFACTOR LATER
civora:valcea-clar/site/runtime/editii/2026-08-19-morning/index.html,generated public/recovery projection,repo maintainer / runtime owner if registered,not resolved,tracked at pinned HEAD; runtime use not proven,route/media loss,retain until reproducible regeneration and LKG closure,REFACTOR LATER
civora:valcea-clar/site/runtime/editii/2026-08-20-evening/index.html,generated public/recovery projection,repo maintainer / runtime owner if registered,not resolved,tracked at pinned HEAD; runtime use not proven,route/media loss,retain until reproducible regeneration and LKG closure,REFACTOR LATER
civora:valcea-clar/site/runtime/editii/2026-08-20-morning/index.html,generated public/recovery projection,repo maintainer / runtime owner if registered,not resolved,tracked at pinned HEAD; runtime use not proven,route/media loss,retain until reproducible regeneration and LKG closure,REFACTOR LATER
civora:valcea-clar/site/runtime/editii/2026-08-21-evening/index.html,generated public/recovery projection,repo maintainer / runtime owner if registered,not resolved,tracked at pinned HEAD; runtime use not proven,route/media loss,retain until reproducible regeneration and LKG closure,REFACTOR LATER
civora:valcea-clar/site/runtime/editii/2026-08-21-morning/index.html,generated public/recovery projection,repo maintainer / runtime owner if registered,not resolved,tracked at pinned HEAD; runtime use not proven,route/media loss,retain until reproducible regeneration and LKG closure,REFACTOR LATER
civora:valcea-clar/site/runtime/editii/2026-08-22-evening/index.html,generated public/recovery projection,repo maintainer / runtime owner if registered,not resolved,tracked at pinned HEAD; runtime use not proven,route/media loss,retain until reproducible regeneration and LKG closure,REFACTOR LATER
civora:valcea-clar/site/runtime/editii/2026-08-22-morning/index.html,generated public/recovery projection,repo maintainer / runtime owner if registered,not resolved,tracked at pinned HEAD; runtime use not proven,route/media loss,retain until reproducible regeneration and LKG closure,REFACTOR LATER
civora:valcea-clar/site/runtime/editii/2026-08-23-evening/index.html,generated public/recovery projection,repo maintainer / runtime owner if registered,not resolved,tracked at pinned HEAD; runtime use not proven,route/media loss,retain until reproducible regeneration and LKG closure,REFACTOR LATER
civora:valcea-clar/site/runtime/editii/2026-08-23-morning/index.html,generated public/recovery projection,repo maintainer / runtime owner if registered,not resolved,tracked at pinned HEAD; runtime use not proven,route/media loss,retain until reproducible regeneration and LKG closure,REFACTOR LATER
civora:valcea-clar/site/runtime/editii/2026-08-24-morning/index.html,generated public/recovery projection,repo maintainer / runtime owner if registered,not resolved,tracked at pinned HEAD; runtime use not proven,route/media loss,retain until reproducible regeneration and LKG closure,REFACTOR LATER
civora:valcea-clar/site/runtime/editii/2026-08-25-morning/index.html,generated public/recovery projection,repo maintainer / runtime owner if registered,not resolved,tracked at pinned HEAD; runtime use not proven,route/media loss,retain until reproducible regeneration and LKG closure,REFACTOR LATER
civora:valcea-clar/site/runtime/editii/2026-08-26-evening/index.html,generated public/recovery projection,repo maintainer / runtime owner if registered,not resolved,tracked at pinned HEAD; runtime use not proven,route/media loss,retain until reproducible regeneration and LKG closure,REFACTOR LATER
civora:valcea-clar/site/runtime/editii/2026-08-26-morning/index.html,generated public/recovery projection,repo maintainer / runtime owner if registered,not resolved,tracked at pinned HEAD; runtime use not proven,route/media loss,retain until reproducible regeneration and LKG closure,REFACTOR LATER
civora:valcea-clar/site/runtime/editii/2026-08-27-evening/index.html,generated public/recovery projection,repo maintainer / runtime owner if registered,not resolved,tracked at pinned HEAD; runtime use not proven,route/media loss,retain until reproducible regeneration and LKG closure,REFACTOR LATER
civora:valcea-clar/site/runtime/editii/2026-08-27-morning/index.html,generated public/recovery projection,repo maintainer / runtime owner if registered,not resolved,tracked at pinned HEAD; runtime use not proven,route/media loss,retain until reproducible regeneration and LKG closure,REFACTOR LATER
civora:valcea-clar/site/runtime/editii/2026-08-29-evening/index.html,generated public/recovery projection,repo maintainer / runtime owner if registered,not resolved,tracked at pinned HEAD; runtime use not proven,route/media loss,retain until reproducible regeneration and LKG closure,REFACTOR LATER
civora:valcea-clar/site/runtime/editii/2026-08-29-morning/index.html,generated public/recovery projection,repo maintainer / runtime owner if registered,not resolved,tracked at pinned HEAD; runtime use not proven,route/media loss,retain until reproducible regeneration and LKG closure,REFACTOR LATER
civora:valcea-clar/site/runtime/editii/2026-08-30-evening/index.html,generated public/recovery projection,repo maintainer / runtime owner if registered,not resolved,tracked at pinned HEAD; runtime use not proven,route/media loss,retain until reproducible regeneration and LKG closure,REFACTOR LATER
civora:valcea-clar/site/runtime/editii/2026-08-30-morning/index.html,generated public/recovery projection,repo maintainer / runtime owner if registered,not resolved,tracked at pinned HEAD; runtime use not proven,route/media loss,retain until reproducible regeneration and LKG closure,REFACTOR LATER
civora:valcea-clar/site/runtime/editii/2026-08-31-evening/index.html,generated public/recovery projection,repo maintainer / runtime owner if registered,not resolved,tracked at pinned HEAD; runtime use not proven,route/media loss,retain until reproducible regeneration and LKG closure,REFACTOR LATER
civora:valcea-clar/site/runtime/editii/2026-08-31-morning/index.html,generated public/recovery projection,repo maintainer / runtime owner if registered,not resolved,tracked at pinned HEAD; runtime use not proven,route/media loss,retain until reproducible regeneration and LKG closure,REFACTOR LATER
civora:valcea-clar/site/runtime/editii/2026-09-01-evening/index.html,generated public/recovery projection,repo maintainer / runtime owner if registered,not resolved,tracked at pinned HEAD; runtime use not proven,route/media loss,retain until reproducible regeneration and LKG closure,REFACTOR LATER
civora:valcea-clar/site/runtime/editii/2026-09-01-morning/index.html,generated public/recovery projection,repo maintainer / runtime owner if registered,not resolved,tracked at pinned HEAD; runtime use not proven,route/media loss,retain until reproducible regeneration and LKG closure,REFACTOR LATER
civora:valcea-clar/site/runtime/editii/2026-09-02-evening/index.html,generated public/recovery projection,repo maintainer / runtime owner if registered,not resolved,tracked at pinned HEAD; runtime use not proven,route/media loss,retain until reproducible regeneration and LKG closure,REFACTOR LATER
civora:valcea-clar/site/runtime/editii/2026-09-03-evening/index.html,generated public/recovery projection,repo maintainer / runtime owner if registered,not resolved,tracked at pinned HEAD; runtime use not proven,route/media loss,retain until reproducible regeneration and LKG closure,REFACTOR LATER
civora:valcea-clar/site/runtime/editii/2026-09-03-morning/index.html,generated public/recovery projection,repo maintainer / runtime owner if registered,not resolved,tracked at pinned HEAD; runtime use not proven,route/media loss,retain until reproducible regeneration and LKG closure,REFACTOR LATER
civora:valcea-clar/site/runtime/editii/2026-09-04-evening/index.html,generated public/recovery projection,repo maintainer / runtime owner if registered,not resolved,tracked at pinned HEAD; runtime use not proven,route/media loss,retain until reproducible regeneration and LKG closure,REFACTOR LATER
civora:valcea-clar/site/runtime/editii/2026-09-04-morning/index.html,generated public/recovery projection,repo maintainer / runtime owner if registered,not resolved,tracked at pinned HEAD; runtime use not proven,route/media loss,retain until reproducible regeneration and LKG closure,REFACTOR LATER
civora:valcea-clar/site/runtime/editii/2026-09-05-evening/index.html,generated public/recovery projection,repo maintainer / runtime owner if registered,not resolved,tracked at pinned HEAD; runtime use not proven,route/media loss,retain until reproducible regeneration and LKG closure,REFACTOR LATER
civora:valcea-clar/site/runtime/editii/2026-09-05-morning/index.html,generated public/recovery projection,repo maintainer / runtime owner if registered,not resolved,tracked at pinned HEAD; runtime use not proven,route/media loss,retain until reproducible regeneration and LKG closure,REFACTOR LATER
civora:valcea-clar/site/runtime/editii/2026-09-06-evening/index.html,generated public/recovery projection,repo maintainer / runtime owner if registered,not resolved,tracked at pinned HEAD; runtime use not proven,route/media loss,retain until reproducible regeneration and LKG closure,REFACTOR LATER
civora:valcea-clar/site/runtime/editii/2026-09-06-morning/index.html,generated public/recovery projection,repo maintainer / runtime owner if registered,not resolved,tracked at pinned HEAD; runtime use not proven,route/media loss,retain until reproducible regeneration and LKG closure,REFACTOR LATER
civora:valcea-clar/site/runtime/editii/2026-09-07-evening/index.html,generated public/recovery projection,repo maintainer / runtime owner if registered,not resolved,tracked at pinned HEAD; runtime use not proven,route/media loss,retain until reproducible regeneration and LKG closure,REFACTOR LATER
civora:valcea-clar/site/runtime/editii/2026-09-07-morning/index.html,generated public/recovery projection,repo maintainer / runtime owner if registered,not resolved,tracked at pinned HEAD; runtime use not proven,route/media loss,retain until reproducible regeneration and LKG closure,REFACTOR LATER
civora:valcea-clar/site/runtime/editii/2026-09-08-evening/index.html,generated public/recovery projection,repo maintainer / runtime owner if registered,not resolved,tracked at pinned HEAD; runtime use not proven,route/media loss,retain until reproducible regeneration and LKG closure,REFACTOR LATER
civora:valcea-clar/site/runtime/editii/2026-09-08-morning/index.html,generated public/recovery projection,repo maintainer / runtime owner if registered,not resolved,tracked at pinned HEAD; runtime use not proven,route/media loss,retain until reproducible regeneration and LKG closure,REFACTOR LATER
civora:valcea-clar/site/runtime/editii/2026-09-09-evening/index.html,generated public/recovery projection,repo maintainer / runtime owner if registered,not resolved,tracked at pinned HEAD; runtime use not proven,route/media loss,retain until reproducible regeneration and LKG closure,REFACTOR LATER
civora:valcea-clar/site/runtime/editii/2026-09-09-morning/index.html,generated public/recovery projection,repo maintainer / runtime owner if registered,not resolved,tracked at pinned HEAD; runtime use not proven,route/media loss,retain until reproducible regeneration and LKG closure,REFACTOR LATER
civora:valcea-clar/site/runtime/editii/2026-09-10-evening/index.html,generated public/recovery projection,repo maintainer / runtime owner if registered,not resolved,tracked at pinned HEAD; runtime use not proven,route/media loss,retain until reproducible regeneration and LKG closure,REFACTOR LATER
civora:valcea-clar/site/runtime/editii/2026-09-10-morning/index.html,generated public/recovery projection,repo maintainer / runtime owner if registered,not resolved,tracked at pinned HEAD; runtime use not proven,route/media loss,retain until reproducible regeneration and LKG closure,REFACTOR LATER
civora:valcea-clar/site/runtime/editii/2026-09-11-evening/index.html,generated public/recovery projection,repo maintainer / runtime owner if registered,not resolved,tracked at pinned HEAD; runtime use not proven,route/media loss,retain until reproducible regeneration and LKG closure,REFACTOR LATER
civora:valcea-clar/site/runtime/editii/2026-09-11-morning/index.html,generated public/recovery projection,repo maintainer / runtime owner if registered,not resolved,tracked at pinned HEAD; runtime use not proven,route/media loss,retain until reproducible regeneration and LKG closure,REFACTOR LATER
civora:valcea-clar/site/runtime/editii/2026-09-12-evening/index.html,generated public/recovery projection,repo maintainer / runtime owner if registered,not resolved,tracked at pinned HEAD; runtime use not proven,route/media loss,retain until reproducible regeneration and LKG closure,REFACTOR LATER
civora:valcea-clar/site/runtime/editii/2026-09-12-morning/index.html,generated public/recovery projection,repo maintainer / runtime owner if registered,not resolved,tracked at pinned HEAD; runtime use not proven,route/media loss,retain until reproducible regeneration and LKG closure,REFACTOR LATER
civora:valcea-clar/site/runtime/editii/2026-09-13-evening/index.html,generated public/recovery projection,repo maintainer / runtime owner if registered,not resolved,tracked at pinned HEAD; runtime use not proven,route/media loss,retain until reproducible regeneration and LKG closure,REFACTOR LATER
civora:valcea-clar/site/runtime/editii/2026-09-13-morning/index.html,generated public/recovery projection,repo maintainer / runtime owner if registered,not resolved,tracked at pinned HEAD; runtime use not proven,route/media loss,retain until reproducible regeneration and LKG closure,REFACTOR LATER
civora:valcea-clar/site/runtime/editii/2026-09-14-evening/index.html,generated public/recovery projection,repo maintainer / runtime owner if registered,not resolved,tracked at pinned HEAD; runtime use not proven,route/media loss,retain until reproducible regeneration and LKG closure,REFACTOR LATER
civora:valcea-clar/site/runtime/editii/2026-09-14-morning/index.html,generated public/recovery projection,repo maintainer / runtime owner if registered,not resolved,tracked at pinned HEAD; runtime use not proven,route/media loss,retain until reproducible regeneration and LKG closure,REFACTOR LATER
civora:valcea-clar/site/runtime/editii/2026-09-15-evening/index.html,generated public/recovery projection,repo maintainer / runtime owner if registered,not resolved,tracked at pinned HEAD; runtime use not proven,route/media loss,retain until reproducible regeneration and LKG closure,REFACTOR LATER
civora:valcea-clar/site/runtime/editii/2026-09-15-morning/index.html,generated public/recovery projection,repo maintainer / runtime owner if registered,not resolved,tracked at pinned HEAD; runtime use not proven,route/media loss,retain until reproducible regeneration and LKG closure,REFACTOR LATER
civora:valcea-clar/site/runtime/editii/2026-09-16-evening/index.html,generated public/recovery projection,repo maintainer / runtime owner if registered,not resolved,tracked at pinned HEAD; runtime use not proven,route/media loss,retain until reproducible regeneration and LKG closure,REFACTOR LATER
civora:valcea-clar/site/runtime/editii/2026-09-16-morning/index.html,generated public/recovery projection,repo maintainer / runtime owner if registered,not resolved,tracked at pinned HEAD; runtime use not proven,route/media loss,retain until reproducible regeneration and LKG closure,REFACTOR LATER
civora:valcea-clar/site/runtime/editii/2026-09-17-evening/index.html,generated public/recovery projection,repo maintainer / runtime owner if registered,not resolved,tracked at pinned HEAD; runtime use not proven,route/media loss,retain until reproducible regeneration and LKG closure,REFACTOR LATER
civora:valcea-clar/site/runtime/editii/2026-09-17-morning/index.html,generated public/recovery projection,repo maintainer / runtime owner if registered,not resolved,tracked at pinned HEAD; runtime use not proven,route/media loss,retain until reproducible regeneration and LKG closure,REFACTOR LATER
civora:valcea-clar/site/runtime/editii/2026-09-18-evening/index.html,generated public/recovery projection,repo maintainer / runtime owner if registered,not resolved,tracked at pinned HEAD; runtime use not proven,route/media loss,retain until reproducible regeneration and LKG closure,REFACTOR LATER
civora:valcea-clar/site/runtime/editii/2026-09-18-morning/index.html,generated public/recovery projection,repo maintainer / runtime owner if registered,not resolved,tracked at pinned HEAD; runtime use not proven,route/media loss,retain until reproducible regeneration and LKG closure,REFACTOR LATER
civora:valcea-clar/site/runtime/editii/2026-09-19-evening/index.html,generated public/recovery projection,repo maintainer / runtime owner if registered,not resolved,tracked at pinned HEAD; runtime use not proven,route/media loss,retain until reproducible regeneration and LKG closure,REFACTOR LATER
civora:valcea-clar/site/runtime/editii/2026-09-20-evening/index.html,generated public/recovery projection,repo maintainer / runtime owner if registered,not resolved,tracked at pinned HEAD; runtime use not proven,route/media loss,retain until reproducible regeneration and LKG closure,REFACTOR LATER
civora:valcea-clar/site/runtime/editii/2026-09-20-morning/index.html,generated public/recovery projection,repo maintainer / runtime owner if registered,not resolved,tracked at pinned HEAD; runtime use not proven,route/media loss,retain until reproducible regeneration and LKG closure,REFACTOR LATER
civora:valcea-clar/site/runtime/editii/2026-09-21-evening/index.html,generated public/recovery projection,repo maintainer / runtime owner if registered,not resolved,tracked at pinned HEAD; runtime use not proven,route/media loss,retain until reproducible regeneration and LKG closure,REFACTOR LATER
civora:valcea-clar/site/runtime/editii/2026-09-21-morning/index.html,generated public/recovery projection,repo maintainer / runtime owner if registered,not resolved,tracked at pinned HEAD; runtime use not proven,route/media loss,retain until reproducible regeneration and LKG closure,REFACTOR LATER
civora:valcea-clar/site/runtime/editii/2026-09-22-evening/index.html,generated public/recovery projection,repo maintainer / runtime owner if registered,not resolved,tracked at pinned HEAD; runtime use not proven,route/media loss,retain until reproducible regeneration and LKG closure,REFACTOR LATER
civora:valcea-clar/site/runtime/editii/2026-09-22-morning/index.html,generated public/recovery projection,repo maintainer / runtime owner if registered,not resolved,tracked at pinned HEAD; runtime use not proven,route/media loss,retain until reproducible regeneration and LKG closure,REFACTOR LATER
civora:valcea-clar/site/runtime/editii/2026-09-23-evening/index.html,generated public/recovery projection,repo maintainer / runtime owner if registered,not resolved,tracked at pinned HEAD; runtime use not proven,route/media loss,retain until reproducible regeneration and LKG closure,REFACTOR LATER
civora:valcea-clar/site/runtime/editii/2026-09-23-morning/index.html,generated public/recovery projection,repo maintainer / runtime owner if registered,not resolved,tracked at pinned HEAD; runtime use not proven,route/media loss,retain until reproducible regeneration and LKG closure,REFACTOR LATER
civora:valcea-clar/site/runtime/editii/2026-09-24-evening/index.html,generated public/recovery projection,repo maintainer / runtime owner if registered,not resolved,tracked at pinned HEAD; runtime use not proven,route/media loss,retain until reproducible regeneration and LKG closure,REFACTOR LATER
civora:valcea-clar/site/runtime/editii/2026-09-24-morning/index.html,generated public/recovery projection,repo maintainer / runtime owner if registered,not resolved,tracked at pinned HEAD; runtime use not proven,route/media loss,retain until reproducible regeneration and LKG closure,REFACTOR LATER
civora:valcea-clar/site/runtime/editii/2026-09-25-evening/index.html,generated public/recovery projection,repo maintainer / runtime owner if registered,not resolved,tracked at pinned HEAD; runtime use not proven,route/media loss,retain until reproducible regeneration and LKG closure,REFACTOR LATER
civora:valcea-clar/site/runtime/editii/2026-09-25-morning/index.html,generated public/recovery projection,repo maintainer / runtime owner if registered,not resolved,tracked at pinned HEAD; runtime use not proven,route/media loss,retain until reproducible regeneration and LKG closure,REFACTOR LATER
civora:valcea-clar/site/runtime/editii/2026-09-26-evening/index.html,generated public/recovery projection,repo maintainer / runtime owner if registered,not resolved,tracked at pinned HEAD; runtime use not proven,route/media loss,retain until reproducible regeneration and LKG closure,REFACTOR LATER
civora:valcea-clar/site/runtime/editii/2026-09-26-morning/index.html,generated public/recovery projection,repo maintainer / runtime owner if registered,not resolved,tracked at pinned HEAD; runtime use not proven,route/media loss,retain until reproducible regeneration and LKG closure,REFACTOR LATER
civora:valcea-clar/site/runtime/editii/2026-09-27-evening/index.html,generated public/recovery projection,repo maintainer / runtime owner if registered,not resolved,tracked at pinned HEAD; runtime use not proven,route/media loss,retain until reproducible regeneration and LKG closure,REFACTOR LATER
civora:valcea-clar/site/runtime/editii/2026-09-27-morning/index.html,generated public/recovery projection,repo maintainer / runtime owner if registered,not resolved,tracked at pinned HEAD; runtime use not proven,route/media loss,retain until reproducible regeneration and LKG closure,REFACTOR LATER
civora:valcea-clar/site/runtime/editii/2026-09-28-morning/index.html,generated public/recovery projection,repo maintainer / runtime owner if registered,not resolved,tracked at pinned HEAD; runtime use not proven,route/media loss,retain until reproducible regeneration and LKG closure,REFACTOR LATER
civora:valcea-clar/site/runtime/editii/2026-09-29-evening/index.html,generated public/recovery projection,repo maintainer / runtime owner if registered,not resolved,tracked at pinned HEAD; runtime use not proven,route/media loss,retain until reproducible regeneration and LKG closure,REFACTOR LATER
civora:valcea-clar/site/runtime/editii/2026-09-29-morning/index.html,generated public/recovery projection,repo maintainer / runtime owner if registered,not resolved,tracked at pinned HEAD; runtime use not proven,route/media loss,retain until reproducible regeneration and LKG closure,REFACTOR LATER
civora:valcea-clar/site/runtime/editii/2026-09-30-evening/index.html,generated public/recovery projection,repo maintainer / runtime owner if registered,not resolved,tracked at pinned HEAD; runtime use not proven,route/media loss,retain until reproducible regeneration and LKG closure,REFACTOR LATER
civora:valcea-clar/site/runtime/editii/2026-09-30-morning/index.html,generated public/recovery projection,repo maintainer / runtime owner if registered,not resolved,tracked at pinned HEAD; runtime use not proven,route/media loss,retain until reproducible regeneration and LKG closure,REFACTOR LATER
civora:valcea-clar/site/runtime/editii/2026-10-01-morning/index.html,generated public/recovery projection,repo maintainer / runtime owner if registered,not resolved,tracked at pinned HEAD; runtime use not proven,route/media loss,retain until reproducible regeneration and LKG closure,REFACTOR LATER
civora:valcea-clar/site/runtime/editii/2026-10-02-morning/index.html,generated public/recovery projection,repo maintainer / runtime owner if registered,not resolved,tracked at pinned HEAD; runtime use not proven,route/media loss,retain until reproducible regeneration and LKG closure,REFACTOR LATER
civora:valcea-clar/site/runtime/editii/2026-10-03-morning/index.html,generated public/recovery projection,repo maintainer / runtime owner if registered,not resolved,tracked at pinned HEAD; runtime use not proven,route/media loss,retain until reproducible regeneration and LKG closure,REFACTOR LATER
civora:valcea-clar/site/runtime/editii/2026-10-04-morning/index.html,generated public/recovery projection,repo maintainer / runtime owner if registered,not resolved,tracked at pinned HEAD; runtime use not proven,route/media loss,retain until reproducible regeneration and LKG closure,REFACTOR LATER
civora:valcea-clar/site/runtime/editii/2026-10-05-morning/index.html,generated public/recovery projection,repo maintainer / runtime owner if registered,not resolved,tracked at pinned HEAD; runtime use not proven,route/media loss,retain until reproducible regeneration and LKG closure,REFACTOR LATER
civora:valcea-clar/site/runtime/editii/2026-10-06-morning/index.html,generated public/recovery projection,repo maintainer / runtime owner if registered,not resolved,tracked at pinned HEAD; runtime use not proven,route/media loss,retain until reproducible regeneration and LKG closure,REFACTOR LATER
civora:valcea-clar/site/runtime/editii/2026-10-07-evening/index.html,generated public/recovery projection,repo maintainer / runtime owner if registered,not resolved,tracked at pinned HEAD; runtime use not proven,route/media loss,retain until reproducible regeneration and LKG closure,REFACTOR LATER
civora:valcea-clar/site/runtime/editii/index.html,generated public/recovery projection,repo maintainer / runtime owner if registered,not resolved,tracked at pinned HEAD; runtime use not proven,route/media loss,retain until reproducible regeneration and LKG closure,REFACTOR LATER
civora:valcea-clar/site/runtime/editii/manifest.json,generated public/recovery projection,repo maintainer / runtime owner if registered,not resolved,tracked at pinned HEAD; runtime use not proven,route/media loss,retain until reproducible regeneration and LKG closure,REFACTOR LATER
civora:valcea-clar/site/runtime/index.html,generated public/recovery projection,repo maintainer / runtime owner if registered,.github/workflows/valcea-clar-edition-recovery.yml;.github/workflows/valcea-clar-editions.yml,workflow reference: .github/workflows/valcea-clar-edition-recovery.yml;.github/workflows/valcea-clar-editions.yml,route/media loss,retain until reproducible regeneration and LKG closure,REFACTOR LATER
civora:valcea-clar/site/runtime/indexing_extra_routes.json,generated public/recovery projection,repo maintainer / runtime owner if registered,not resolved,tracked at pinned HEAD; runtime use not proven,route/media loss,retain until reproducible regeneration and LKG closure,REFACTOR LATER
civora:valcea-clar/site/runtime/live-feed.json,generated public/recovery projection,repo maintainer / runtime owner if registered,.github/workflows/local-news-os-vnext-valcea-shadow-migration.yml;.github/workflows/local-news-os-vnext-valcea-shadow-projection.yml;.github/workflows/valcea-clar-edition-recovery.yml;.github/workflows/valcea-clar-editions.yml;.github/workflows/valcea-clar-editorial-writer.yml;.github/workflows/valcea-clar-public-media-health.yml,workflow reference: .github/workflows/local-news-os-vnext-valcea-shadow-migration.yml;.github/workflows/local-news-os-vnext-valcea-shadow-projection.yml;.github/workflows/valcea-clar-edition-recovery.yml;.github/workflows/valcea-clar-editions.yml;.github/workflows/valcea-clar-editorial-writer.yml;.github/workflows/valcea-clar-public-media-health.yml,route/media loss,retain until reproducible regeneration and LKG closure,REFACTOR LATER
civora:valcea-clar/site/runtime/localitati/calimanesti/index.html,generated public/recovery projection,repo maintainer / runtime owner if registered,not resolved,tracked at pinned HEAD; runtime use not proven,route/media loss,retain until reproducible regeneration and LKG closure,REFACTOR LATER
civora:valcea-clar/site/runtime/localitati/horezu/index.html,generated public/recovery projection,repo maintainer / runtime owner if registered,not resolved,tracked at pinned HEAD; runtime use not proven,route/media loss,retain until reproducible regeneration and LKG closure,REFACTOR LATER
civora:valcea-clar/site/runtime/localitati/index.html,generated public/recovery projection,repo maintainer / runtime owner if registered,not resolved,tracked at pinned HEAD; runtime use not proven,route/media loss,retain until reproducible regeneration and LKG closure,REFACTOR LATER
civora:valcea-clar/site/runtime/media/social/editorial/facebook/babeni-izvorul-dorului-program-20260903-fb-cb1fb133074e.jpg,media/document evidence; rights remain per asset,repo maintainer / runtime owner if registered,not resolved,tracked at pinned HEAD; runtime use not proven,asset loss,preserve bytes and provenance,KEEP
civora:valcea-clar/site/runtime/media/social/editorial/facebook/balcesti-incendiu-vegetatie-15ha-20260902-fb-bdf635b0a584.jpg,media/document evidence; rights remain per asset,repo maintainer / runtime owner if registered,not resolved,tracked at pinned HEAD; runtime use not proven,asset loss,preserve bytes and provenance,KEEP
civora:valcea-clar/site/runtime/media/social/editorial/facebook/maciuca-ziua-regalitatii-2027-colocviu-bjai-20260827-fb-c81afa486b0b.jpg,media/document evidence; rights remain per asset,repo maintainer / runtime owner if registered,not resolved,tracked at pinned HEAD; runtime use not proven,asset loss,preserve bytes and provenance,KEEP
civora:valcea-clar/site/runtime/media/social/editorial/facebook/rm-valcea-hcl-310-20260814-fb-8e04479f403a.jpg,media/document evidence; rights remain per asset,repo maintainer / runtime owner if registered,not resolved,tracked at pinned HEAD; runtime use not proven,asset loss,preserve bytes and provenance,KEEP
civora:valcea-clar/site/runtime/media/social/editorial/facebook/valcea-apa-canal-contract-152m-20260902-fb-d51ea93b323c.jpg,media/document evidence; rights remain per asset,repo maintainer / runtime owner if registered,not resolved,tracked at pinned HEAD; runtime use not proven,asset loss,preserve bytes and provenance,KEEP
civora:valcea-clar/site/runtime/media/social/editorial/instagram-text/a1-cisnadie-boita-inchidere-dn7-20261005-ig-text-2c8fd9a64e9c.jpg,media/document evidence; rights remain per asset,repo maintainer / runtime owner if registered,not resolved,tracked at pinned HEAD; runtime use not proven,asset loss,preserve bytes and provenance,KEEP
civora:valcea-clar/site/runtime/media/social/editorial/instagram-text/apavil-joburi-septembrie-2026-ig-text-6573221c7a9d.jpg,media/document evidence; rights remain per asset,repo maintainer / runtime owner if registered,not resolved,tracked at pinned HEAD; runtime use not proven,asset loss,preserve bytes and provenance,KEEP
civora:valcea-clar/site/runtime/media/social/editorial/instagram-text/auto-raliul-valcii-official-news-f6e28bbb1533-ig-text-a475510c6053.jpg,media/document evidence; rights remain per asset,repo maintainer / runtime owner if registered,not resolved,tracked at pinned HEAD; runtime use not proven,asset loss,preserve bytes and provenance,KEEP
civora:valcea-clar/site/runtime/media/social/editorial/instagram-text/baile-olanesti-incendiu-iezer-13ha-20260925-ig-text-0ab405685195.jpg,media/document evidence; rights remain per asset,repo maintainer / runtime owner if registered,not resolved,tracked at pinned HEAD; runtime use not proven,asset loss,preserve bytes and provenance,KEEP
civora:valcea-clar/site/runtime/media/social/editorial/instagram-text/brezoi-acces-ingrijire-domiciliu-selectie-20260923-ig-text-6d7192a0163c.jpg,media/document evidence; rights remain per asset,repo maintainer / runtime owner if registered,not resolved,tracked at pinned HEAD; runtime use not proven,asset loss,preserve bytes and provenance,KEEP
civora:valcea-clar/site/runtime/media/social/editorial/instagram-text/brezoi-ziua-recoltei-pregatiri-20260922-ig-text-20108123caf9.jpg,media/document evidence; rights remain per asset,repo maintainer / runtime owner if registered,not resolved,tracked at pinned HEAD; runtime use not proven,asset loss,preserve bytes and provenance,KEEP
civora:valcea-clar/site/runtime/media/social/editorial/instagram-text/caineni-sef-serviciu-alimentare-apa-20261005-ig-text-0ea8e9e877f8.jpg,media/document evidence; rights remain per asset,repo maintainer / runtime owner if registered,not resolved,tracked at pinned HEAD; runtime use not proven,asset loss,preserve bytes and provenance,KEEP
civora:valcea-clar/site/runtime/media/social/editorial/instagram-text/calimanesti-concurs-contabil-sef-20260921-ig-text-0152f41c3399.jpg,media/document evidence; rights remain per asset,repo maintainer / runtime owner if registered,not resolved,tracked at pinned HEAD; runtime use not proven,asset loss,preserve bytes and provenance,KEEP
civora:valcea-clar/site/runtime/media/social/editorial/instagram-text/calimanesti-restrictii-trotuare-20260922-ig-text-4646815102c8.jpg,media/document evidence; rights remain per asset,repo maintainer / runtime owner if registered,not resolved,tracked at pinned HEAD; runtime use not proven,asset loss,preserve bytes and provenance,KEEP
civora:valcea-clar/site/runtime/media/social/editorial/instagram-text/costesti-iluminat-public-achizitie-20260928-ig-text-c28df9d2cee7.jpg,media/document evidence; rights remain per asset,repo maintainer / runtime owner if registered,not resolved,tracked at pinned HEAD; runtime use not proven,asset loss,preserve bytes and provenance,KEEP
civora:valcea-clar/site/runtime/media/social/editorial/instagram-text/fast-ipj-actiuni-pentru-siguranta-rutiera-in-judetul-valcea-4a4010226d-ig-text-8cd877c0654a.jpg,media/document evidence; rights remain per asset,repo maintainer / runtime owner if registered,not resolved,tracked at pinned HEAD; runtime use not proven,asset loss,preserve bytes and provenance,KEEP
civora:valcea-clar/site/runtime/media/social/editorial/instagram-text/fast-ipj-depistat-de-politistii-serviciului-rutier1789460882-ddc5052abd-ig-text-1444880738c5.jpg,media/document evidence; rights remain per asset,repo maintainer / runtime owner if registered,not resolved,tracked at pinned HEAD; runtime use not proven,asset loss,preserve bytes and provenance,KEEP
civora:valcea-clar/site/runtime/media/social/editorial/instagram-text/fast-ipj-retinut-pentru-24-de-ore1789723053-280c27b878-ig-text-22b122b34d44.jpg,media/document evidence; rights remain per asset,repo maintainer / runtime owner if registered,not resolved,tracked at pinned HEAD; runtime use not proven,asset loss,preserve bytes and provenance,KEEP
civora:valcea-clar/site/runtime/media/social/editorial/instagram-text/fast-isu-incendiu-izbucnit-la-o-gospodarie-din-localitatea-lapu-b5068b7678-ig-text-96837ccfc8f9.jpg,media/document evidence; rights remain per asset,repo maintainer / runtime owner if registered,not resolved,tracked at pinned HEAD; runtime use not proven,asset loss,preserve bytes and provenance,KEEP
civora:valcea-clar/site/runtime/media/social/editorial/instagram-text/fixture-ig-text-aa283c2f3ffc.jpg,media/document evidence; rights remain per asset,repo maintainer / runtime owner if registered,not resolved,tracked at pinned HEAD; runtime use not proven,asset loss,preserve bytes and provenance,KEEP
civora:valcea-clar/site/runtime/media/social/editorial/instagram-text/isu-valcea-interventii-zilnice-ig-text-4258aa684e0b.jpg,media/document evidence; rights remain per asset,repo maintainer / runtime owner if registered,not resolved,tracked at pinned HEAD; runtime use not proven,asset loss,preserve bytes and provenance,KEEP
civora:valcea-clar/site/runtime/media/social/editorial/instagram-text/ramnicu-valcea-floarea-darurilor-20260926-ig-text-6e769c9cb408.jpg,media/document evidence; rights remain per asset,repo maintainer / runtime owner if registered,not resolved,tracked at pinned HEAD; runtime use not proven,asset loss,preserve bytes and provenance,KEEP
civora:valcea-clar/site/runtime/media/social/editorial/instagram-text/rm-valcea-hcl-343-20260916-ig-text-eb3e5e82e134.jpg,media/document evidence; rights remain per asset,repo maintainer / runtime owner if registered,not resolved,tracked at pinned HEAD; runtime use not proven,asset loss,preserve bytes and provenance,KEEP
civora:valcea-clar/site/runtime/media/social/editorial/instagram-text/rm-valcea-hcl-344-20260916-ig-text-64d210815b65.jpg,media/document evidence; rights remain per asset,repo maintainer / runtime owner if registered,not resolved,tracked at pinned HEAD; runtime use not proven,asset loss,preserve bytes and provenance,KEEP
civora:valcea-clar/site/runtime/media/social/editorial/instagram-text/rm-valcea-hcl-345-20260916-ig-text-51038c6c7573.jpg,media/document evidence; rights remain per asset,repo maintainer / runtime owner if registered,not resolved,tracked at pinned HEAD; runtime use not proven,asset loss,preserve bytes and provenance,KEEP
civora:valcea-clar/site/runtime/media/social/editorial/instagram-text/scm-program-b77962d4af149f60d7e6-ig-text-634d051f6199.jpg,media/document evidence; rights remain per asset,repo maintainer / runtime owner if registered,not resolved,tracked at pinned HEAD; runtime use not proven,asset loss,preserve bytes and provenance,KEEP
civora:valcea-clar/site/runtime/media/social/editorial/instagram-text/scm-program-dbd2c22d1578de50198c-ig-text-5985150d418e.jpg,media/document evidence; rights remain per asset,repo maintainer / runtime owner if registered,not resolved,tracked at pinned HEAD; runtime use not proven,asset loss,preserve bytes and provenance,KEEP
civora:valcea-clar/site/runtime/media/social/editorial/instagram-text/scm-valcea-fc-bihor-20260920-ig-text-e5b02f5bf735.jpg,media/document evidence; rights remain per asset,repo maintainer / runtime owner if registered,not resolved,tracked at pinned HEAD; runtime use not proven,asset loss,preserve bytes and provenance,KEEP
civora:valcea-clar/site/runtime/media/social/editorial/instagram-text/tetoiu-otesani-incendii-20260921-ig-text-f54fb011f407.jpg,media/document evidence; rights remain per asset,repo maintainer / runtime owner if registered,not resolved,tracked at pinned HEAD; runtime use not proven,asset loss,preserve bytes and provenance,KEEP
civora:valcea-clar/site/runtime/media/social/editorial/instagram-text/transalpina-program-0900-1800-20260926-ig-text-97411642d570.jpg,media/document evidence; rights remain per asset,repo maintainer / runtime owner if registered,not resolved,tracked at pinned HEAD; runtime use not proven,asset loss,preserve bytes and provenance,KEEP
civora:valcea-clar/site/runtime/media/social/editorial/instagram-text/transalpina-ranca-obarsia-lotrului-weather-20260923-ig-text-eb03aa6ebdf1.jpg,media/document evidence; rights remain per asset,repo maintainer / runtime owner if registered,not resolved,tracked at pinned HEAD; runtime use not proven,asset loss,preserve bytes and provenance,KEEP
civora:valcea-clar/site/runtime/media/social/editorial/instagram-text/valcea-campanie-antirabica-toamna-20260925-ig-text-5da904dc6fd4.jpg,media/document evidence; rights remain per asset,repo maintainer / runtime owner if registered,not resolved,tracked at pinned HEAD; runtime use not proven,asset loss,preserve bytes and provenance,KEEP
civora:valcea-clar/site/runtime/media/social/editorial/instagram-text/valcea-intrerupere-curent-2026-09-21-budesti-ig-text-694c2e8cc53d.jpg,media/document evidence; rights remain per asset,repo maintainer / runtime owner if registered,not resolved,tracked at pinned HEAD; runtime use not proven,asset loss,preserve bytes and provenance,KEEP
civora:valcea-clar/site/runtime/media/social/editorial/instagram-text/valcea-intrerupere-curent-2026-09-22-horezu-ig-text-d5c67bc73870.jpg,media/document evidence; rights remain per asset,repo maintainer / runtime owner if registered,not resolved,tracked at pinned HEAD; runtime use not proven,asset loss,preserve bytes and provenance,KEEP
civora:valcea-clar/site/runtime/media/social/editorial/instagram-text/valcea-intrerupere-curent-2026-09-23-ladesti-ig-text-066e09ba23c1.jpg,media/document evidence; rights remain per asset,repo maintainer / runtime owner if registered,not resolved,tracked at pinned HEAD; runtime use not proven,asset loss,preserve bytes and provenance,KEEP
civora:valcea-clar/site/runtime/media/social/editorial/instagram-text/valcea-intrerupere-curent-2026-09-24-ionesti-ig-text-fbf0825b3930.jpg,media/document evidence; rights remain per asset,repo maintainer / runtime owner if registered,not resolved,tracked at pinned HEAD; runtime use not proven,asset loss,preserve bytes and provenance,KEEP
civora:valcea-clar/site/runtime/media/social/editorial/instagram-text/valcea-intrerupere-curent-2026-09-25-baile-govora-ig-text-f14cfe87267f.jpg,media/document evidence; rights remain per asset,repo maintainer / runtime owner if registered,not resolved,tracked at pinned HEAD; runtime use not proven,asset loss,preserve bytes and provenance,KEEP
civora:valcea-clar/site/runtime/media/social/editorial/instagram-text/valcea-intrerupere-curent-2026-09-26-daesti-ig-text-3bde6c32ab23.jpg,media/document evidence; rights remain per asset,repo maintainer / runtime owner if registered,not resolved,tracked at pinned HEAD; runtime use not proven,asset loss,preserve bytes and provenance,KEEP
civora:valcea-clar/site/runtime/media/social/editorial/instagram-text/valcea-somaj-august-2026-ig-text-3003aa4db004.jpg,media/document evidence; rights remain per asset,repo maintainer / runtime owner if registered,not resolved,tracked at pinned HEAD; runtime use not proven,asset loss,preserve bytes and provenance,KEEP
civora:valcea-clar/site/runtime/media/social/editorial/instagram-text/weekend-clar-20261003-ig-text-cfab43873c1b.jpg,media/document evidence; rights remain per asset,repo maintainer / runtime owner if registered,not resolved,tracked at pinned HEAD; runtime use not proven,asset loss,preserve bytes and provenance,KEEP
civora:valcea-clar/site/runtime/media/social/editorial/instagram/bjai-colocviile-forumului-cultural-20260903-ig-c45f0aab9c7d-01.jpg,media/document evidence; rights remain per asset,repo maintainer / runtime owner if registered,not resolved,tracked at pinned HEAD; runtime use not proven,asset loss,preserve bytes and provenance,KEEP
civora:valcea-clar/site/runtime/media/social/editorial/instagram/maciuca-ziua-regalitatii-2027-colocviu-bjai-20260827-ig-6d260cd1ea42-01.jpg,media/document evidence; rights remain per asset,repo maintainer / runtime owner if registered,not resolved,tracked at pinned HEAD; runtime use not proven,asset loss,preserve bytes and provenance,KEEP
civora:valcea-clar/site/runtime/media/social/editorial/instagram/valcea-apa-canal-contract-152m-20260902-ig-4338b1fd7c08-01.jpg,media/document evidence; rights remain per asset,repo maintainer / runtime owner if registered,not resolved,tracked at pinned HEAD; runtime use not proven,asset loss,preserve bytes and provenance,KEEP
civora:valcea-clar/site/runtime/media/social/editorial/instagram/valcea-apa-canal-contract-152m-20260902-ig-4338b1fd7c08-02.jpg,media/document evidence; rights remain per asset,repo maintainer / runtime owner if registered,not resolved,tracked at pinned HEAD; runtime use not proven,asset loss,preserve bytes and provenance,KEEP
civora:valcea-clar/site/runtime/media/social/editorial/instagram/valcea-apa-canal-contract-152m-20260902-ig-4338b1fd7c08-03.jpg,media/document evidence; rights remain per asset,repo maintainer / runtime owner if registered,not resolved,tracked at pinned HEAD; runtime use not proven,asset loss,preserve bytes and provenance,KEEP
civora:valcea-clar/site/runtime/media/social/editorial/instagram/valcea-apa-canal-contract-152m-20260902-ig-4338b1fd7c08-04.jpg,media/document evidence; rights remain per asset,repo maintainer / runtime owner if registered,not resolved,tracked at pinned HEAD; runtime use not proven,asset loss,preserve bytes and provenance,KEEP
civora:valcea-clar/site/runtime/media/social/editorial/s3/brezoi-ziua-recoltei-pregatiri-20260922-ig-f68f623e2a7d.jpg,media/document evidence; rights remain per asset,repo maintainer / runtime owner if registered,not resolved,tracked at pinned HEAD; runtime use not proven,asset loss,preserve bytes and provenance,KEEP
civora:valcea-clar/site/runtime/media/social/editorial/s3/brezoi-ziua-recoltei-pregatiri-20260922-og-8cc7b2732fcf.jpg,media/document evidence; rights remain per asset,repo maintainer / runtime owner if registered,not resolved,tracked at pinned HEAD; runtime use not proven,asset loss,preserve bytes and provenance,KEEP
civora:valcea-clar/site/runtime/media/social/editorial/s3/calimanesti-concurs-contabil-sef-20260921-ig-12b0b385867a.jpg,media/document evidence; rights remain per asset,repo maintainer / runtime owner if registered,not resolved,tracked at pinned HEAD; runtime use not proven,asset loss,preserve bytes and provenance,KEEP
civora:valcea-clar/site/runtime/media/social/editorial/s3/calimanesti-concurs-contabil-sef-20260921-og-d94b9e7b2007.jpg,media/document evidence; rights remain per asset,repo maintainer / runtime owner if registered,not resolved,tracked at pinned HEAD; runtime use not proven,asset loss,preserve bytes and provenance,KEEP
civora:valcea-clar/site/runtime/media/social/editorial/s3/calimanesti-restrictii-trotuare-20260922-ig-531f684310ce.jpg,media/document evidence; rights remain per asset,repo maintainer / runtime owner if registered,not resolved,tracked at pinned HEAD; runtime use not proven,asset loss,preserve bytes and provenance,KEEP
civora:valcea-clar/site/runtime/media/social/editorial/s3/calimanesti-restrictii-trotuare-20260922-og-8aff0726c6ad.jpg,media/document evidence; rights remain per asset,repo maintainer / runtime owner if registered,not resolved,tracked at pinned HEAD; runtime use not proven,asset loss,preserve bytes and provenance,KEEP
civora:valcea-clar/site/runtime/media/social/editorial/s3/ramnicu-valcea-floarea-darurilor-20260926-ig-48b320906c5a.jpg,media/document evidence; rights remain per asset,repo maintainer / runtime owner if registered,not resolved,tracked at pinned HEAD; runtime use not proven,asset loss,preserve bytes and provenance,KEEP
civora:valcea-clar/site/runtime/media/social/editorial/s3/ramnicu-valcea-floarea-darurilor-20260926-og-0267847eed0d.jpg,media/document evidence; rights remain per asset,repo maintainer / runtime owner if registered,not resolved,tracked at pinned HEAD; runtime use not proven,asset loss,preserve bytes and provenance,KEEP
civora:valcea-clar/site/runtime/media/social/editorial/s3/scm-valcea-fc-bihor-20260920-ig-6409abb4ace1.jpg,media/document evidence; rights remain per asset,repo maintainer / runtime owner if registered,not resolved,tracked at pinned HEAD; runtime use not proven,asset loss,preserve bytes and provenance,KEEP
civora:valcea-clar/site/runtime/media/social/editorial/s3/scm-valcea-fc-bihor-20260920-og-0455cbffdeac.jpg,media/document evidence; rights remain per asset,repo maintainer / runtime owner if registered,not resolved,tracked at pinned HEAD; runtime use not proven,asset loss,preserve bytes and provenance,KEEP
civora:valcea-clar/site/runtime/media/social/editorial/s3/tetoiu-otesani-incendii-20260921-ig-a9687af93f75.jpg,media/document evidence; rights remain per asset,repo maintainer / runtime owner if registered,not resolved,tracked at pinned HEAD; runtime use not proven,asset loss,preserve bytes and provenance,KEEP
civora:valcea-clar/site/runtime/media/social/editorial/s3/tetoiu-otesani-incendii-20260921-og-4299a8050e78.jpg,media/document evidence; rights remain per asset,repo maintainer / runtime owner if registered,not resolved,tracked at pinned HEAD; runtime use not proven,asset loss,preserve bytes and provenance,KEEP
civora:valcea-clar/site/runtime/media/social/editorial/s3/valcea-intrerupere-curent-2026-09-22-horezu-ig-f046d50e3d42.jpg,media/document evidence; rights remain per asset,repo maintainer / runtime owner if registered,not resolved,tracked at pinned HEAD; runtime use not proven,asset loss,preserve bytes and provenance,KEEP
civora:valcea-clar/site/runtime/media/social/editorial/s3/valcea-intrerupere-curent-2026-09-22-horezu-og-c460e76b59ec.jpg,media/document evidence; rights remain per asset,repo maintainer / runtime owner if registered,not resolved,tracked at pinned HEAD; runtime use not proven,asset loss,preserve bytes and provenance,KEEP
civora:valcea-clar/site/runtime/media/social/editorial/s3/valcea-somaj-august-2026-ig-8721a3f15051.jpg,media/document evidence; rights remain per asset,repo maintainer / runtime owner if registered,not resolved,tracked at pinned HEAD; runtime use not proven,asset loss,preserve bytes and provenance,KEEP
civora:valcea-clar/site/runtime/media/social/editorial/s3/valcea-somaj-august-2026-og-8feeaa219754.jpg,media/document evidence; rights remain per asset,repo maintainer / runtime owner if registered,not resolved,tracked at pinned HEAD; runtime use not proven,asset loss,preserve bytes and provenance,KEEP
civora:valcea-clar/site/runtime/media/social/manifest.json,generated public/recovery projection,repo maintainer / runtime owner if registered,.github/workflows/valcea-clar-social-publishing.yml,workflow reference: .github/workflows/valcea-clar-social-publishing.yml,route/media loss,retain until reproducible regeneration and LKG closure,REFACTOR LATER
civora:valcea-clar/site/runtime/oameni/constantin-radulescu/index.html,generated public/recovery projection,repo maintainer / runtime owner if registered,not resolved,tracked at pinned HEAD; runtime use not proven,route/media loss,retain until reproducible regeneration and LKG closure,REFACTOR LATER
civora:valcea-clar/site/runtime/oameni/index.html,generated public/recovery projection,repo maintainer / runtime owner if registered,not resolved,tracked at pinned HEAD; runtime use not proven,route/media loss,retain until reproducible regeneration and LKG closure,REFACTOR LATER
civora:valcea-clar/site/runtime/oameni/marius-china/index.html,generated public/recovery projection,repo maintainer / runtime owner if registered,not resolved,tracked at pinned HEAD; runtime use not proven,route/media loss,retain until reproducible regeneration and LKG closure,REFACTOR LATER
civora:valcea-clar/site/runtime/oameni/marius-matache/index.html,generated public/recovery projection,repo maintainer / runtime owner if registered,not resolved,tracked at pinned HEAD; runtime use not proven,route/media loss,retain until reproducible regeneration and LKG closure,REFACTOR LATER
civora:valcea-clar/site/runtime/oameni/mihai-razvan-mugescu/index.html,generated public/recovery projection,repo maintainer / runtime owner if registered,not resolved,tracked at pinned HEAD; runtime use not proven,route/media loss,retain until reproducible regeneration and LKG closure,REFACTOR LATER
civora:valcea-clar/site/runtime/oameni/mircia-gutau/index.html,generated public/recovery projection,repo maintainer / runtime owner if registered,not resolved,tracked at pinned HEAD; runtime use not proven,route/media loss,retain until reproducible regeneration and LKG closure,REFACTOR LATER
civora:valcea-clar/site/runtime/oameni/robert-schell/index.html,generated public/recovery projection,repo maintainer / runtime owner if registered,not resolved,tracked at pinned HEAD; runtime use not proven,route/media loss,retain until reproducible regeneration and LKG closure,REFACTOR LATER
civora:valcea-clar/site/runtime/oameni/vicentiu-mocanu/index.html,generated public/recovery projection,repo maintainer / runtime owner if registered,not resolved,tracked at pinned HEAD; runtime use not proven,route/media loss,retain until reproducible regeneration and LKG closure,REFACTOR LATER
civora:valcea-clar/site/runtime/people.json,generated public/recovery projection,repo maintainer / runtime owner if registered,.github/workflows/local-news-os-vnext-valcea-shadow-migration.yml;.github/workflows/local-news-os-vnext-valcea-shadow-projection.yml;.github/workflows/valcea-clar-people-intelligence.yml,workflow reference: .github/workflows/local-news-os-vnext-valcea-shadow-migration.yml;.github/workflows/local-news-os-vnext-valcea-shadow-projection.yml;.github/workflows/valcea-clar-people-intelligence.yml,route/media loss,retain until reproducible regeneration and LKG closure,REFACTOR LATER
civora:valcea-clar/site/runtime/robots.txt,generated public/recovery projection,repo maintainer / runtime owner if registered,.github/workflows/valcea-clar-newsroom-live.yml,workflow reference: .github/workflows/valcea-clar-newsroom-live.yml,route/media loss,retain until reproducible regeneration and LKG closure,REFACTOR LATER
civora:valcea-clar/site/runtime/rss.xml,generated public/recovery projection,repo maintainer / runtime owner if registered,.github/workflows/valcea-clar-s4-publication-ux.yml,workflow reference: .github/workflows/valcea-clar-s4-publication-ux.yml,route/media loss,retain until reproducible regeneration and LKG closure,REFACTOR LATER
civora:valcea-clar/site/runtime/rubrici/actualitate/index.html,generated public/recovery projection,repo maintainer / runtime owner if registered,not resolved,tracked at pinned HEAD; runtime use not proven,route/media loss,retain until reproducible regeneration and LKG closure,REFACTOR LATER
civora:valcea-clar/site/runtime/rubrici/administratie/index.html,generated public/recovery projection,repo maintainer / runtime owner if registered,not resolved,tracked at pinned HEAD; runtime use not proven,route/media loss,retain until reproducible regeneration and LKG closure,REFACTOR LATER
civora:valcea-clar/site/runtime/rubrici/bani-publici/index.html,generated public/recovery projection,repo maintainer / runtime owner if registered,not resolved,tracked at pinned HEAD; runtime use not proven,route/media loss,retain until reproducible regeneration and LKG closure,REFACTOR LATER
civora:valcea-clar/site/runtime/rubrici/comunitate/index.html,generated public/recovery projection,repo maintainer / runtime owner if registered,not resolved,tracked at pinned HEAD; runtime use not proven,route/media loss,retain until reproducible regeneration and LKG closure,REFACTOR LATER
civora:valcea-clar/site/runtime/rubrici/cultura/index.html,generated public/recovery projection,repo maintainer / runtime owner if registered,not resolved,tracked at pinned HEAD; runtime use not proven,route/media loss,retain until reproducible regeneration and LKG closure,REFACTOR LATER
civora:valcea-clar/site/runtime/rubrici/economie/index.html,generated public/recovery projection,repo maintainer / runtime owner if registered,not resolved,tracked at pinned HEAD; runtime use not proven,route/media loss,retain until reproducible regeneration and LKG closure,REFACTOR LATER
civora:valcea-clar/site/runtime/rubrici/energie/index.html,generated public/recovery projection,repo maintainer / runtime owner if registered,not resolved,tracked at pinned HEAD; runtime use not proven,route/media loss,retain until reproducible regeneration and LKG closure,REFACTOR LATER
civora:valcea-clar/site/runtime/rubrici/evenimente/index.html,generated public/recovery projection,repo maintainer / runtime owner if registered,not resolved,tracked at pinned HEAD; runtime use not proven,route/media loss,retain until reproducible regeneration and LKG closure,REFACTOR LATER
civora:valcea-clar/site/runtime/rubrici/index.html,generated public/recovery projection,repo maintainer / runtime owner if registered,not resolved,tracked at pinned HEAD; runtime use not proven,route/media loss,retain until reproducible regeneration and LKG closure,REFACTOR LATER
civora:valcea-clar/site/runtime/rubrici/judet/index.html,generated public/recovery projection,repo maintainer / runtime owner if registered,not resolved,tracked at pinned HEAD; runtime use not proven,route/media loss,retain until reproducible regeneration and LKG closure,REFACTOR LATER
civora:valcea-clar/site/runtime/rubrici/locuri-de-munca/index.html,generated public/recovery projection,repo maintainer / runtime owner if registered,not resolved,tracked at pinned HEAD; runtime use not proven,route/media loss,retain until reproducible regeneration and LKG closure,REFACTOR LATER
civora:valcea-clar/site/runtime/rubrici/mediu/index.html,generated public/recovery projection,repo maintainer / runtime owner if registered,not resolved,tracked at pinned HEAD; runtime use not proven,route/media loss,retain until reproducible regeneration and LKG closure,REFACTOR LATER
civora:valcea-clar/site/runtime/rubrici/mobilitate/index.html,generated public/recovery projection,repo maintainer / runtime owner if registered,not resolved,tracked at pinned HEAD; runtime use not proven,route/media loss,retain until reproducible regeneration and LKG closure,REFACTOR LATER
civora:valcea-clar/site/runtime/rubrici/patrimoniu/index.html,generated public/recovery projection,repo maintainer / runtime owner if registered,not resolved,tracked at pinned HEAD; runtime use not proven,route/media loss,retain until reproducible regeneration and LKG closure,REFACTOR LATER
civora:valcea-clar/site/runtime/rubrici/sanatate/index.html,generated public/recovery projection,repo maintainer / runtime owner if registered,not resolved,tracked at pinned HEAD; runtime use not proven,route/media loss,retain until reproducible regeneration and LKG closure,REFACTOR LATER
civora:valcea-clar/site/runtime/rubrici/servicii/index.html,generated public/recovery projection,repo maintainer / runtime owner if registered,not resolved,tracked at pinned HEAD; runtime use not proven,route/media loss,retain until reproducible regeneration and LKG closure,REFACTOR LATER
civora:valcea-clar/site/runtime/rubrici/siguranta/index.html,generated public/recovery projection,repo maintainer / runtime owner if registered,not resolved,tracked at pinned HEAD; runtime use not proven,route/media loss,retain until reproducible regeneration and LKG closure,REFACTOR LATER
civora:valcea-clar/site/runtime/rubrici/sport/index.html,generated public/recovery projection,repo maintainer / runtime owner if registered,not resolved,tracked at pinned HEAD; runtime use not proven,route/media loss,retain until reproducible regeneration and LKG closure,REFACTOR LATER
civora:valcea-clar/site/runtime/rubrici/urgente/index.html,generated public/recovery projection,repo maintainer / runtime owner if registered,not resolved,tracked at pinned HEAD; runtime use not proven,route/media loss,retain until reproducible regeneration and LKG closure,REFACTOR LATER
civora:valcea-clar/site/runtime/rubrici/util/index.html,generated public/recovery projection,repo maintainer / runtime owner if registered,not resolved,tracked at pinned HEAD; runtime use not proven,route/media loss,retain until reproducible regeneration and LKG closure,REFACTOR LATER
civora:valcea-clar/site/runtime/rubrici/utilitar/index.html,generated public/recovery projection,repo maintainer / runtime owner if registered,not resolved,tracked at pinned HEAD; runtime use not proven,route/media loss,retain until reproducible regeneration and LKG closure,REFACTOR LATER
civora:valcea-clar/site/runtime/rubrici/utilitate/index.html,generated public/recovery projection,repo maintainer / runtime owner if registered,not resolved,tracked at pinned HEAD; runtime use not proven,route/media loss,retain until reproducible regeneration and LKG closure,REFACTOR LATER
civora:valcea-clar/site/runtime/rubrici/weekend-clar/index.html,generated public/recovery projection,repo maintainer / runtime owner if registered,not resolved,tracked at pinned HEAD; runtime use not proven,route/media loss,retain until reproducible regeneration and LKG closure,REFACTOR LATER
civora:valcea-clar/site/runtime/runtime-status.json,generated public/recovery projection,repo maintainer / runtime owner if registered,not resolved,tracked at pinned HEAD; runtime use not proven,route/media loss,retain until reproducible regeneration and LKG closure,REFACTOR LATER
civora:valcea-clar/site/runtime/sitemap.xml,generated public/recovery projection,repo maintainer / runtime owner if registered,.github/workflows/valcea-clar-newsroom-live.yml,workflow reference: .github/workflows/valcea-clar-newsroom-live.yml,route/media loss,retain until reproducible regeneration and LKG closure,REFACTOR LATER
civora:valcea-clar/site/runtime/stiri/a1-cisnadie-boita-inchidere-dn7-20261005/index.html,generated public/recovery projection,repo maintainer / runtime owner if registered,not resolved,tracked at pinned HEAD; runtime use not proven,route/media loss,retain until reproducible regeneration and LKG closure,REFACTOR LATER
civora:valcea-clar/site/runtime/stiri/alert-1cd2159b942ec2b672f7/index.html,generated public/recovery projection,repo maintainer / runtime owner if registered,not resolved,tracked at pinned HEAD; runtime use not proven,route/media loss,retain until reproducible regeneration and LKG closure,REFACTOR LATER
civora:valcea-clar/site/runtime/stiri/alert-fdfdb85a579432f385f7/index.html,generated public/recovery projection,repo maintainer / runtime owner if registered,not resolved,tracked at pinned HEAD; runtime use not proven,route/media loss,retain until reproducible regeneration and LKG closure,REFACTOR LATER
civora:valcea-clar/site/runtime/stiri/alunu-educator-concurs-20260923/index.html,generated public/recovery projection,repo maintainer / runtime owner if registered,not resolved,tracked at pinned HEAD; runtime use not proven,route/media loss,retain until reproducible regeneration and LKG closure,REFACTOR LATER
civora:valcea-clar/site/runtime/stiri/ansambluri-rezidentiale-ramnicu-valcea/index.html,generated public/recovery projection,repo maintainer / runtime owner if registered,not resolved,tracked at pinned HEAD; runtime use not proven,route/media loss,retain until reproducible regeneration and LKG closure,REFACTOR LATER
civora:valcea-clar/site/runtime/stiri/apavil-joburi-fara-experienta-20260818/index.html,generated public/recovery projection,repo maintainer / runtime owner if registered,not resolved,tracked at pinned HEAD; runtime use not proven,route/media loss,retain until reproducible regeneration and LKG closure,REFACTOR LATER
civora:valcea-clar/site/runtime/stiri/apavil-joburi-septembrie-2026/index.html,generated public/recovery projection,repo maintainer / runtime owner if registered,not resolved,tracked at pinned HEAD; runtime use not proven,route/media loss,retain until reproducible regeneration and LKG closure,REFACTOR LATER
civora:valcea-clar/site/runtime/stiri/arutela-restaurare-controversa-pnrr-20260820/index.html,generated public/recovery projection,repo maintainer / runtime owner if registered,not resolved,tracked at pinned HEAD; runtime use not proven,route/media loss,retain until reproducible regeneration and LKG closure,REFACTOR LATER
civora:valcea-clar/site/runtime/stiri/auto-raliul-valcii-official-news-f6e28bbb1533/index.html,generated public/recovery projection,repo maintainer / runtime owner if registered,not resolved,tracked at pinned HEAD; runtime use not proven,route/media loss,retain until reproducible regeneration and LKG closure,REFACTOR LATER
civora:valcea-clar/site/runtime/stiri/babeni-izvorul-dorului-program-20260903/index.html,generated public/recovery projection,repo maintainer / runtime owner if registered,not resolved,tracked at pinned HEAD; runtime use not proven,route/media loss,retain until reproducible regeneration and LKG closure,REFACTOR LATER
civora:valcea-clar/site/runtime/stiri/baile-govora-conferinta-inrmfb-16-19-septembrie-2026/index.html,generated public/recovery projection,repo maintainer / runtime owner if registered,not resolved,tracked at pinned HEAD; runtime use not proven,route/media loss,retain until reproducible regeneration and LKG closure,REFACTOR LATER
civora:valcea-clar/site/runtime/stiri/baile-olanesti-incendiu-iezer-13ha-20260925/index.html,generated public/recovery projection,repo maintainer / runtime owner if registered,not resolved,tracked at pinned HEAD; runtime use not proven,route/media loss,retain until reproducible regeneration and LKG closure,REFACTOR LATER
civora:valcea-clar/site/runtime/stiri/balcesti-incendiu-vegetatie-15ha-20260902/index.html,generated public/recovery projection,repo maintainer / runtime owner if registered,not resolved,tracked at pinned HEAD; runtime use not proven,route/media loss,retain until reproducible regeneration and LKG closure,REFACTOR LATER
civora:valcea-clar/site/runtime/stiri/bikers-for-humanity-rock-fest-2026-review-20260818/index.html,generated public/recovery projection,repo maintainer / runtime owner if registered,not resolved,tracked at pinned HEAD; runtime use not proven,route/media loss,retain until reproducible regeneration and LKG closure,REFACTOR LATER
civora:valcea-clar/site/runtime/stiri/brezoi-acces-ingrijire-domiciliu-selectie-20260923/index.html,generated public/recovery projection,repo maintainer / runtime owner if registered,not resolved,tracked at pinned HEAD; runtime use not proven,route/media loss,retain until reproducible regeneration and LKG closure,REFACTOR LATER
civora:valcea-clar/site/runtime/stiri/brezoi-ziua-recoltei-pregatiri-20260922/index.html,generated public/recovery projection,repo maintainer / runtime owner if registered,not resolved,tracked at pinned HEAD; runtime use not proven,route/media loss,retain until reproducible regeneration and LKG closure,REFACTOR LATER
civora:valcea-clar/site/runtime/stiri/buila-vanturarita-accident-20260822/index.html,generated public/recovery projection,repo maintainer / runtime owner if registered,not resolved,tracked at pinned HEAD; runtime use not proven,route/media loss,retain until reproducible regeneration and LKG closure,REFACTOR LATER
civora:valcea-clar/site/runtime/stiri/bujoreni-11-zidari-4582-6000-20260818/index.html,generated public/recovery projection,repo maintainer / runtime owner if registered,not resolved,tracked at pinned HEAD; runtime use not proven,route/media loss,retain until reproducible regeneration and LKG closure,REFACTOR LATER
civora:valcea-clar/site/runtime/stiri/bunesti-terapeut-ocupational-concurs-20260925/index.html,generated public/recovery projection,repo maintainer / runtime owner if registered,not resolved,tracked at pinned HEAD; runtime use not proven,route/media loss,retain until reproducible regeneration and LKG closure,REFACTOR LATER
civora:valcea-clar/site/runtime/stiri/caineni-cornetu-avrig-acord-mediu-20260921/index.html,generated public/recovery projection,repo maintainer / runtime owner if registered,not resolved,tracked at pinned HEAD; runtime use not proven,route/media loss,retain until reproducible regeneration and LKG closure,REFACTOR LATER
civora:valcea-clar/site/runtime/stiri/caineni-sef-serviciu-alimentare-apa-20261005/index.html,generated public/recovery projection,repo maintainer / runtime owner if registered,not resolved,tracked at pinned HEAD; runtime use not proven,route/media loss,retain until reproducible regeneration and LKG closure,REFACTOR LATER
civora:valcea-clar/site/runtime/stiri/calimanesti-concurs-contabil-sef-20260921/index.html,generated public/recovery projection,repo maintainer / runtime owner if registered,not resolved,tracked at pinned HEAD; runtime use not proven,route/media loss,retain until reproducible regeneration and LKG closure,REFACTOR LATER
civora:valcea-clar/site/runtime/stiri/calimanesti-restrictii-trotuare-20260922/index.html,generated public/recovery projection,repo maintainer / runtime owner if registered,not resolved,tracked at pinned HEAD; runtime use not proven,route/media loss,retain until reproducible regeneration and LKG closure,REFACTOR LATER
civora:valcea-clar/site/runtime/stiri/cantecele-oltului-2026-parada-concurs-20260822/index.html,generated public/recovery projection,repo maintainer / runtime owner if registered,not resolved,tracked at pinned HEAD; runtime use not proven,route/media loss,retain until reproducible regeneration and LKG closure,REFACTOR LATER
civora:valcea-clar/site/runtime/stiri/cet-govora-cine-a-decis-oprirea-20260821/index.html,generated public/recovery projection,repo maintainer / runtime owner if registered,not resolved,tracked at pinned HEAD; runtime use not proven,route/media loss,retain until reproducible regeneration and LKG closure,REFACTOR LATER
civora:valcea-clar/site/runtime/stiri/cj-valcea-cocos-rajdp-mandat-guvernanta-20260818/index.html,generated public/recovery projection,repo maintainer / runtime owner if registered,not resolved,tracked at pinned HEAD; runtime use not proven,route/media loss,retain until reproducible regeneration and LKG closure,REFACTOR LATER
civora:valcea-clar/site/runtime/stiri/cocosul-de-hurez-2026-dosar-20260818/index.html,generated public/recovery projection,repo maintainer / runtime owner if registered,not resolved,tracked at pinned HEAD; runtime use not proven,route/media loss,retain until reproducible regeneration and LKG closure,REFACTOR LATER
civora:valcea-clar/site/runtime/stiri/costesti-iluminat-public-achizitie-20260928/index.html,generated public/recovery projection,repo maintainer / runtime owner if registered,not resolved,tracked at pinned HEAD; runtime use not proven,route/media loss,retain until reproducible regeneration and LKG closure,REFACTOR LATER
civora:valcea-clar/site/runtime/stiri/deep-forest-fest-2026-review-bani-publici-20260818/index.html,generated public/recovery projection,repo maintainer / runtime owner if registered,not resolved,tracked at pinned HEAD; runtime use not proven,route/media loss,retain until reproducible regeneration and LKG closure,REFACTOR LATER
civora:valcea-clar/site/runtime/stiri/dn7-valea-oltului-restrictii-august-20260824/index.html,generated public/recovery projection,repo maintainer / runtime owner if registered,not resolved,tracked at pinned HEAD; runtime use not proven,route/media loss,retain until reproducible regeneration and LKG closure,REFACTOR LATER
civora:valcea-clar/site/runtime/stiri/dragasani-ct-radiologie-program-clarificare-20260924/index.html,generated public/recovery projection,repo maintainer / runtime owner if registered,not resolved,tracked at pinned HEAD; runtime use not proven,route/media loss,retain until reproducible regeneration and LKG closure,REFACTOR LATER
civora:valcea-clar/site/runtime/stiri/fast-ipj-actiuni-pentru-siguranta-rutiera-in-judetul-valcea-4a4010226d/index.html,generated public/recovery projection,repo maintainer / runtime owner if registered,not resolved,tracked at pinned HEAD; runtime use not proven,route/media loss,retain until reproducible regeneration and LKG closure,REFACTOR LATER
civora:valcea-clar/site/runtime/stiri/fast-ipj-depistat-de-politistii-serviciului-rutier1789460882-ddc5052abd/index.html,generated public/recovery projection,repo maintainer / runtime owner if registered,not resolved,tracked at pinned HEAD; runtime use not proven,route/media loss,retain until reproducible regeneration and LKG closure,REFACTOR LATER
civora:valcea-clar/site/runtime/stiri/fast-ipj-retinut-pentru-24-de-ore1788707527-9f766f21d9/index.html,generated public/recovery projection,repo maintainer / runtime owner if registered,not resolved,tracked at pinned HEAD; runtime use not proven,route/media loss,retain until reproducible regeneration and LKG closure,REFACTOR LATER
civora:valcea-clar/site/runtime/stiri/fast-ipj-retinut-pentru-24-de-ore1789723053-280c27b878/index.html,generated public/recovery projection,repo maintainer / runtime owner if registered,not resolved,tracked at pinned HEAD; runtime use not proven,route/media loss,retain until reproducible regeneration and LKG closure,REFACTOR LATER
civora:valcea-clar/site/runtime/stiri/fast-ipj-retinuta-pentru-24-de-ore1788941100-c8f452db47/index.html,generated public/recovery projection,repo maintainer / runtime owner if registered,not resolved,tracked at pinned HEAD; runtime use not proven,route/media loss,retain until reproducible regeneration and LKG closure,REFACTOR LATER
civora:valcea-clar/site/runtime/stiri/fast-isu-incendiu-izbucnit-intr-o-gospodarie-din-localitatea-li-729005290f/index.html,generated public/recovery projection,repo maintainer / runtime owner if registered,not resolved,tracked at pinned HEAD; runtime use not proven,route/media loss,retain until reproducible regeneration and LKG closure,REFACTOR LATER
civora:valcea-clar/site/runtime/stiri/fast-isu-incendiu-izbucnit-la-o-gospodarie-din-localitatea-lapu-b5068b7678/index.html,generated public/recovery projection,repo maintainer / runtime owner if registered,not resolved,tracked at pinned HEAD; runtime use not proven,route/media loss,retain until reproducible regeneration and LKG closure,REFACTOR LATER
civora:valcea-clar/site/runtime/stiri/fast-isu-incendiu-locuinta-in-municipiul-ramnicu-valcea-777-968eefa444/index.html,generated public/recovery projection,repo maintainer / runtime owner if registered,not resolved,tracked at pinned HEAD; runtime use not proven,route/media loss,retain until reproducible regeneration and LKG closure,REFACTOR LATER
civora:valcea-clar/site/runtime/stiri/fii-cool-la-cule-2026-review-bani-publici-20260818/index.html,generated public/recovery projection,repo maintainer / runtime owner if registered,not resolved,tracked at pinned HEAD; runtime use not proven,route/media loss,retain until reproducible regeneration and LKG closure,REFACTOR LATER
civora:valcea-clar/site/runtime/stiri/filarmonica-valcea-septembrie-2026-program-20260818/index.html,generated public/recovery projection,repo maintainer / runtime owner if registered,not resolved,tracked at pinned HEAD; runtime use not proven,route/media loss,retain until reproducible regeneration and LKG closure,REFACTOR LATER
civora:valcea-clar/site/runtime/stiri/florile-govorei-20260816/index.html,generated public/recovery projection,repo maintainer / runtime owner if registered,not resolved,tracked at pinned HEAD; runtime use not proven,route/media loss,retain until reproducible regeneration and LKG closure,REFACTOR LATER
civora:valcea-clar/site/runtime/stiri/gusoeni-asistent-medical-comunitar-concurs-20260917/index.html,generated public/recovery projection,repo maintainer / runtime owner if registered,not resolved,tracked at pinned HEAD; runtime use not proven,route/media loss,retain until reproducible regeneration and LKG closure,REFACTOR LATER
civora:valcea-clar/site/runtime/stiri/gutau-mocanu-stefania-uta-cetatean-onoare-20260820/index.html,generated public/recovery projection,repo maintainer / runtime owner if registered,not resolved,tracked at pinned HEAD; runtime use not proven,route/media loss,retain until reproducible regeneration and LKG closure,REFACTOR LATER
civora:valcea-clar/site/runtime/stiri/horezu-autobuze-electrice-energie-verde-20260903/index.html,generated public/recovery projection,repo maintainer / runtime owner if registered,not resolved,tracked at pinned HEAD; runtime use not proven,route/media loss,retain until reproducible regeneration and LKG closure,REFACTOR LATER
civora:valcea-clar/site/runtime/stiri/horezu-drum-vf-roman-inchis-20260926/index.html,generated public/recovery projection,repo maintainer / runtime owner if registered,not resolved,tracked at pinned HEAD; runtime use not proven,route/media loss,retain until reproducible regeneration and LKG closure,REFACTOR LATER
civora:valcea-clar/site/runtime/stiri/index.html,generated public/recovery projection,repo maintainer / runtime owner if registered,not resolved,tracked at pinned HEAD; runtime use not proven,route/media loss,retain until reproducible regeneration and LKG closure,REFACTOR LATER
civora:valcea-clar/site/runtime/stiri/invartita-dorului-2026-dosar-20260818/index.html,generated public/recovery projection,repo maintainer / runtime owner if registered,not resolved,tracked at pinned HEAD; runtime use not proven,route/media loss,retain until reproducible regeneration and LKG closure,REFACTOR LATER
civora:valcea-clar/site/runtime/stiri/isu-valcea-interventii-zilnice/index.html,generated public/recovery projection,repo maintainer / runtime owner if registered,not resolved,tracked at pinned HEAD; runtime use not proven,route/media loss,retain until reproducible regeneration and LKG closure,REFACTOR LATER
civora:valcea-clar/site/runtime/stiri/jazz-cave-festival-2026-review-bani-publici-20260818/index.html,generated public/recovery projection,repo maintainer / runtime owner if registered,not resolved,tracked at pinned HEAD; runtime use not proven,route/media loss,retain until reproducible regeneration and LKG closure,REFACTOR LATER
civora:valcea-clar/site/runtime/stiri/luminos-fest-zavoi-20260815/index.html,generated public/recovery projection,repo maintainer / runtime owner if registered,not resolved,tracked at pinned HEAD; runtime use not proven,route/media loss,retain until reproducible regeneration and LKG closure,REFACTOR LATER
civora:valcea-clar/site/runtime/stiri/maciuca-ziua-regalitatii-2027-colocviu-bjai-20260827/index.html,generated public/recovery projection,repo maintainer / runtime owner if registered,not resolved,tracked at pinned HEAD; runtime use not proven,route/media loss,retain until reproducible regeneration and LKG closure,REFACTOR LATER
civora:valcea-clar/site/runtime/stiri/manifest.json,generated public/recovery projection,repo maintainer / runtime owner if registered,.github/workflows/valcea-clar-edition-delivery.yml;.github/workflows/valcea-clar-edition-recovery.yml;.github/workflows/valcea-clar-editions.yml;.github/workflows/valcea-clar-editorial-writer.yml;.github/workflows/valcea-clar-newsroom-live.yml;.github/workflows/valcea-clar-s3-visuals.yml,workflow reference: .github/workflows/valcea-clar-edition-delivery.yml;.github/workflows/valcea-clar-edition-recovery.yml;.github/workflows/valcea-clar-editions.yml;.github/workflows/valcea-clar-editorial-writer.yml;.github/workflows/valcea-clar-newsroom-live.yml;.github/workflows/valcea-clar-s3-visuals.yml,route/media loss,retain until reproducible regeneration and LKG closure,REFACTOR LATER
civora:valcea-clar/site/runtime/stiri/muereasca-statii-incarcare-finantare-cj-20260831/index.html,generated public/recovery projection,repo maintainer / runtime owner if registered,not resolved,tracked at pinned HEAD; runtime use not proven,route/media loss,retain until reproducible regeneration and LKG closure,REFACTOR LATER
civora:valcea-clar/site/runtime/stiri/musiclover-festival-2026-dosar-complet-20260818/index.html,generated public/recovery projection,repo maintainer / runtime owner if registered,not resolved,tracked at pinned HEAD; runtime use not proven,route/media loss,retain until reproducible regeneration and LKG closure,REFACTOR LATER
civora:valcea-clar/site/runtime/stiri/musiclover-green-day-20260815/index.html,generated public/recovery projection,repo maintainer / runtime owner if registered,not resolved,tracked at pinned HEAD; runtime use not proven,route/media loss,retain until reproducible regeneration and LKG closure,REFACTOR LATER
civora:valcea-clar/site/runtime/stiri/ocnele-mari-salina-program-septembrie-20260907/index.html,generated public/recovery projection,repo maintainer / runtime owner if registered,not resolved,tracked at pinned HEAD; runtime use not proven,route/media loss,retain until reproducible regeneration and LKG closure,REFACTOR LATER
civora:valcea-clar/site/runtime/stiri/open-air-blues-brezoi-2026-review-bani-publici-20260818/index.html,generated public/recovery projection,repo maintainer / runtime owner if registered,not resolved,tracked at pinned HEAD; runtime use not proven,route/media loss,retain until reproducible regeneration and LKG closure,REFACTOR LATER
civora:valcea-clar/site/runtime/stiri/ramnicu-fissura-lucis-casa-simian-20260903/index.html,generated public/recovery projection,repo maintainer / runtime owner if registered,not resolved,tracked at pinned HEAD; runtime use not proven,route/media loss,retain until reproducible regeneration and LKG closure,REFACTOR LATER
civora:valcea-clar/site/runtime/stiri/ramnicu-parcare-nord-20260904/index.html,generated public/recovery projection,repo maintainer / runtime owner if registered,not resolved,tracked at pinned HEAD; runtime use not proven,route/media loss,retain until reproducible regeneration and LKG closure,REFACTOR LATER
civora:valcea-clar/site/runtime/stiri/ramnicu-uap-atelier-35-artex-20260904/index.html,generated public/recovery projection,repo maintainer / runtime owner if registered,not resolved,tracked at pinned HEAD; runtime use not proven,route/media loss,retain until reproducible regeneration and LKG closure,REFACTOR LATER
civora:valcea-clar/site/runtime/stiri/ramnicu-valcea-floarea-darurilor-20260926/index.html,generated public/recovery projection,repo maintainer / runtime owner if registered,not resolved,tracked at pinned HEAD; runtime use not proven,route/media loss,retain until reproducible regeneration and LKG closure,REFACTOR LATER
civora:valcea-clar/site/runtime/stiri/ramnicu-valcea-remus-bellu-incendiu-autobuz-20260822/index.html,generated public/recovery projection,repo maintainer / runtime owner if registered,not resolved,tracked at pinned HEAD; runtime use not proven,route/media loss,retain until reproducible regeneration and LKG closure,REFACTOR LATER
civora:valcea-clar/site/runtime/stiri/rm-valcea-gambling-authorizations-20260723/index.html,generated public/recovery projection,repo maintainer / runtime owner if registered,not resolved,tracked at pinned HEAD; runtime use not proven,route/media loss,retain until reproducible regeneration and LKG closure,REFACTOR LATER
civora:valcea-clar/site/runtime/stiri/rm-valcea-gambling-authorizations-20260831/index.html,generated public/recovery projection,repo maintainer / runtime owner if registered,not resolved,tracked at pinned HEAD; runtime use not proven,route/media loss,retain until reproducible regeneration and LKG closure,REFACTOR LATER
civora:valcea-clar/site/runtime/stiri/rm-valcea-hcl-305-20260814/index.html,generated public/recovery projection,repo maintainer / runtime owner if registered,not resolved,tracked at pinned HEAD; runtime use not proven,route/media loss,retain until reproducible regeneration and LKG closure,REFACTOR LATER
civora:valcea-clar/site/runtime/stiri/rm-valcea-hcl-306-20260814/index.html,generated public/recovery projection,repo maintainer / runtime owner if registered,not resolved,tracked at pinned HEAD; runtime use not proven,route/media loss,retain until reproducible regeneration and LKG closure,REFACTOR LATER
civora:valcea-clar/site/runtime/stiri/rm-valcea-hcl-307-20260814/index.html,generated public/recovery projection,repo maintainer / runtime owner if registered,not resolved,tracked at pinned HEAD; runtime use not proven,route/media loss,retain until reproducible regeneration and LKG closure,REFACTOR LATER
civora:valcea-clar/site/runtime/stiri/rm-valcea-hcl-308-20260814/index.html,generated public/recovery projection,repo maintainer / runtime owner if registered,not resolved,tracked at pinned HEAD; runtime use not proven,route/media loss,retain until reproducible regeneration and LKG closure,REFACTOR LATER
civora:valcea-clar/site/runtime/stiri/rm-valcea-hcl-309-20260814/index.html,generated public/recovery projection,repo maintainer / runtime owner if registered,not resolved,tracked at pinned HEAD; runtime use not proven,route/media loss,retain until reproducible regeneration and LKG closure,REFACTOR LATER
civora:valcea-clar/site/runtime/stiri/rm-valcea-hcl-310-20260814/index.html,generated public/recovery projection,repo maintainer / runtime owner if registered,not resolved,tracked at pinned HEAD; runtime use not proven,route/media loss,retain until reproducible regeneration and LKG closure,REFACTOR LATER
civora:valcea-clar/site/runtime/stiri/rm-valcea-hcl-311-20260814/index.html,generated public/recovery projection,repo maintainer / runtime owner if registered,not resolved,tracked at pinned HEAD; runtime use not proven,route/media loss,retain until reproducible regeneration and LKG closure,REFACTOR LATER
civora:valcea-clar/site/runtime/stiri/rm-valcea-hcl-312-20260814/index.html,generated public/recovery projection,repo maintainer / runtime owner if registered,not resolved,tracked at pinned HEAD; runtime use not proven,route/media loss,retain until reproducible regeneration and LKG closure,REFACTOR LATER
civora:valcea-clar/site/runtime/stiri/runcu-eci-trei-posturi-septembrie-2026/index.html,generated public/recovery projection,repo maintainer / runtime owner if registered,not resolved,tracked at pinned HEAD; runtime use not proven,route/media loss,retain until reproducible regeneration and LKG closure,REFACTOR LATER
civora:valcea-clar/site/runtime/stiri/scm-program-b77962d4af149f60d7e6/index.html,generated public/recovery projection,repo maintainer / runtime owner if registered,not resolved,tracked at pinned HEAD; runtime use not proven,route/media loss,retain until reproducible regeneration and LKG closure,REFACTOR LATER
civora:valcea-clar/site/runtime/stiri/scm-program-dbd2c22d1578de50198c/index.html,generated public/recovery projection,repo maintainer / runtime owner if registered,not resolved,tracked at pinned HEAD; runtime use not proven,route/media loss,retain until reproducible regeneration and LKG closure,REFACTOR LATER
civora:valcea-clar/site/runtime/stiri/scm-program-fdbf66a4a5bb7ef4f69b/index.html,generated public/recovery projection,repo maintainer / runtime owner if registered,not resolved,tracked at pinned HEAD; runtime use not proven,route/media loss,retain until reproducible regeneration and LKG closure,REFACTOR LATER
civora:valcea-clar/site/runtime/stiri/scm-valcea-fc-bihor-20260920/index.html,generated public/recovery projection,repo maintainer / runtime owner if registered,not resolved,tracked at pinned HEAD; runtime use not proven,route/media loss,retain until reproducible regeneration and LKG closure,REFACTOR LATER
civora:valcea-clar/site/runtime/stiri/scm-valcea-slatina-20260815/index.html,generated public/recovery projection,repo maintainer / runtime owner if registered,not resolved,tracked at pinned HEAD; runtime use not proven,route/media loss,retain until reproducible regeneration and LKG closure,REFACTOR LATER
civora:valcea-clar/site/runtime/stiri/supercupa-damila-pietrari-20260822/index.html,generated public/recovery projection,repo maintainer / runtime owner if registered,not resolved,tracked at pinned HEAD; runtime use not proven,route/media loss,retain until reproducible regeneration and LKG closure,REFACTOR LATER
civora:valcea-clar/site/runtime/stiri/teatrele-valcii-ariel-anton-pann-2026-dosar-20260818/index.html,generated public/recovery projection,repo maintainer / runtime owner if registered,not resolved,tracked at pinned HEAD; runtime use not proven,route/media loss,retain until reproducible regeneration and LKG closure,REFACTOR LATER
civora:valcea-clar/site/runtime/stiri/tetoiu-otesani-incendii-20260921/index.html,generated public/recovery projection,repo maintainer / runtime owner if registered,not resolved,tracked at pinned HEAD; runtime use not proven,route/media loss,retain until reproducible regeneration and LKG closure,REFACTOR LATER
civora:valcea-clar/site/runtime/stiri/transalpina-program-0900-1800-20260926/index.html,generated public/recovery projection,repo maintainer / runtime owner if registered,not resolved,tracked at pinned HEAD; runtime use not proven,route/media loss,retain until reproducible regeneration and LKG closure,REFACTOR LATER
civora:valcea-clar/site/runtime/stiri/valcea-apa-canal-contract-152m-20260902/index.html,generated public/recovery projection,repo maintainer / runtime owner if registered,not resolved,tracked at pinned HEAD; runtime use not proven,route/media loss,retain until reproducible regeneration and LKG closure,REFACTOR LATER
civora:valcea-clar/site/runtime/stiri/valcea-campanie-antirabica-toamna-20260925/index.html,generated public/recovery projection,repo maintainer / runtime owner if registered,not resolved,tracked at pinned HEAD; runtime use not proven,route/media loss,retain until reproducible regeneration and LKG closure,REFACTOR LATER
civora:valcea-clar/site/runtime/stiri/valcea-intrerupere-curent-2026-09-21-budesti/index.html,generated public/recovery projection,repo maintainer / runtime owner if registered,not resolved,tracked at pinned HEAD; runtime use not proven,route/media loss,retain until reproducible regeneration and LKG closure,REFACTOR LATER
civora:valcea-clar/site/runtime/stiri/valcea-intrerupere-curent-2026-09-22-horezu/index.html,generated public/recovery projection,repo maintainer / runtime owner if registered,not resolved,tracked at pinned HEAD; runtime use not proven,route/media loss,retain until reproducible regeneration and LKG closure,REFACTOR LATER
civora:valcea-clar/site/runtime/stiri/valcea-intrerupere-curent-2026-09-23-ladesti/index.html,generated public/recovery projection,repo maintainer / runtime owner if registered,not resolved,tracked at pinned HEAD; runtime use not proven,route/media loss,retain until reproducible regeneration and LKG closure,REFACTOR LATER
civora:valcea-clar/site/runtime/stiri/valcea-intrerupere-curent-2026-09-24-ionesti/index.html,generated public/recovery projection,repo maintainer / runtime owner if registered,not resolved,tracked at pinned HEAD; runtime use not proven,route/media loss,retain until reproducible regeneration and LKG closure,REFACTOR LATER
civora:valcea-clar/site/runtime/stiri/valcea-intrerupere-curent-2026-09-25-baile-govora/index.html,generated public/recovery projection,repo maintainer / runtime owner if registered,not resolved,tracked at pinned HEAD; runtime use not proven,route/media loss,retain until reproducible regeneration and LKG closure,REFACTOR LATER
civora:valcea-clar/site/runtime/stiri/valcea-intrerupere-curent-2026-09-26-daesti/index.html,generated public/recovery projection,repo maintainer / runtime owner if registered,not resolved,tracked at pinned HEAD; runtime use not proven,route/media loss,retain until reproducible regeneration and LKG closure,REFACTOR LATER
civora:valcea-clar/site/runtime/stiri/valcea-romsilva-pnrr-torenti-20260831/index.html,generated public/recovery projection,repo maintainer / runtime owner if registered,not resolved,tracked at pinned HEAD; runtime use not proven,route/media loss,retain until reproducible regeneration and LKG closure,REFACTOR LATER
civora:valcea-clar/site/runtime/stiri/valcea-somaj-august-2026/index.html,generated public/recovery projection,repo maintainer / runtime owner if registered,not resolved,tracked at pinned HEAD; runtime use not proven,route/media loss,retain until reproducible regeneration and LKG closure,REFACTOR LATER
civora:valcea-clar/site/runtime/stiri/weekend-clar-20261003/index.html,generated public/recovery projection,repo maintainer / runtime owner if registered,not resolved,tracked at pinned HEAD; runtime use not proven,route/media loss,retain until reproducible regeneration and LKG closure,REFACTOR LATER
civora:valcea-clar/site/runtime/termeni/index.html,generated public/recovery projection,repo maintainer / runtime owner if registered,not resolved,tracked at pinned HEAD; runtime use not proven,route/media loss,retain until reproducible regeneration and LKG closure,REFACTOR LATER
civora:valcea-clar/site/runtime/unde-iesim/cinema/index.html,generated public/recovery projection,repo maintainer / runtime owner if registered,not resolved,tracked at pinned HEAD; runtime use not proven,route/media loss,retain until reproducible regeneration and LKG closure,REFACTOR LATER
civora:valcea-clar/site/runtime/unde-iesim/fitness/index.html,generated public/recovery projection,repo maintainer / runtime owner if registered,not resolved,tracked at pinned HEAD; runtime use not proven,route/media loss,retain until reproducible regeneration and LKG closure,REFACTOR LATER
civora:valcea-clar/site/runtime/unde-iesim/index.html,generated public/recovery projection,repo maintainer / runtime owner if registered,not resolved,tracked at pinned HEAD; runtime use not proven,route/media loss,retain until reproducible regeneration and LKG closure,REFACTOR LATER
civora:valcea-clar/site/runtime/unde-iesim/meniul-zilei/index.html,generated public/recovery projection,repo maintainer / runtime owner if registered,not resolved,tracked at pinned HEAD; runtime use not proven,route/media loss,retain until reproducible regeneration and LKG closure,REFACTOR LATER
civora:valcea-clar/site/runtime/unde-iesim/sport/index.html,generated public/recovery projection,repo maintainer / runtime owner if registered,not resolved,tracked at pinned HEAD; runtime use not proven,route/media loss,retain until reproducible regeneration and LKG closure,REFACTOR LATER
civora:valcea-clar/site/runtime/unde-iesim/verificat/index.html,generated public/recovery projection,repo maintainer / runtime owner if registered,not resolved,tracked at pinned HEAD; runtime use not proven,route/media loss,retain until reproducible regeneration and LKG closure,REFACTOR LATER
civora:valcea-clar/site/story_archive.json,legacy code/config; exact operational role requires dynamic closure,repo maintainer / runtime owner if registered,.github/workflows/valcea-clar-hold-projection.yml;.github/workflows/valcea-clar-newsroom-live.yml;.github/workflows/valcea-clar-owned-photo-ingest.yml;.github/workflows/valcea-clar-photo-candidate-discovery.yml;.github/workflows/valcea-clar-public-ux-archive-invariant.yml;.github/workflows/valcea-clar-s5-distinctive-products.yml;.github/workflows/valcea-clar-story-social-metadata.yml,workflow reference: .github/workflows/valcea-clar-hold-projection.yml;.github/workflows/valcea-clar-newsroom-live.yml;.github/workflows/valcea-clar-owned-photo-ingest.yml;.github/workflows/valcea-clar-photo-candidate-discovery.yml;.github/workflows/valcea-clar-public-ux-archive-invariant.yml;.github/workflows/valcea-clar-s5-distinctive-products.yml;.github/workflows/valcea-clar-story-social-metadata.yml,unknown,preserve; no deletion justified by static absence alone,INVESTIGATE
civora:valcea-clar/site/story_publication_event.json,legacy code/config; exact operational role requires dynamic closure,repo maintainer / runtime owner if registered,.github/workflows/local-news-os-vnext-valcea-shadow-migration.yml;.github/workflows/local-news-os-vnext-valcea-shadow-projection.yml;.github/workflows/valcea-clar-newsroom-live.yml;.github/workflows/valcea-clar-social-publishing.yml;.github/workflows/valcea-clar-threads-editorial.yml;.github/workflows/valcea-clar-tiktok-editorial-preview.yml;.github/workflows/valcea-clar-x-native-outbox.yml,workflow reference: .github/workflows/local-news-os-vnext-valcea-shadow-migration.yml;.github/workflows/local-news-os-vnext-valcea-shadow-projection.yml;.github/workflows/valcea-clar-newsroom-live.yml;.github/workflows/valcea-clar-social-publishing.yml;.github/workflows/valcea-clar-threads-editorial.yml;.github/workflows/valcea-clar-tiktok-editorial-preview.yml;.github/workflows/valcea-clar-x-native-outbox.yml,unknown,preserve; no deletion justified by static absence alone,INVESTIGATE
civora:valcea-clar/social/adapter_capabilities.json,legacy code/config; exact operational role requires dynamic closure,repo maintainer / runtime owner if registered,.github/workflows/local-news-os-correction-dispatch-router.yml;.github/workflows/local-news-os-correction-outbox-materializer.yml;.github/workflows/local-news-os-series-adapter-dispatch-handoff.yml;.github/workflows/local-news-os-series-async-dispatch.yml;.github/workflows/local-news-os-series-durable-dispatch.yml;.github/workflows/local-news-os-social-adapter-capabilities.yml,workflow reference: .github/workflows/local-news-os-correction-dispatch-router.yml;.github/workflows/local-news-os-correction-outbox-materializer.yml;.github/workflows/local-news-os-series-adapter-dispatch-handoff.yml;.github/workflows/local-news-os-series-async-dispatch.yml;.github/workflows/local-news-os-series-durable-dispatch.yml;.github/workflows/local-news-os-social-adapter-capabilities.yml,unknown,preserve; no deletion justified by static absence alone,INVESTIGATE
civora:valcea-clar/social/auth_refresh_probe.json,legacy code/config; exact operational role requires dynamic closure,repo maintainer / runtime owner if registered,not resolved,tracked at pinned HEAD; runtime use not proven,unknown,preserve; no deletion justified by static absence alone,INVESTIGATE
civora:valcea-clar/social/autonomy_acceptance.py,legacy code/config; exact operational role requires dynamic closure,repo maintainer / runtime owner if registered,not resolved,tracked at pinned HEAD; runtime use not proven,unknown,preserve; no deletion justified by static absence alone,INVESTIGATE
civora:valcea-clar/social/build_current_edition_outbox.py,legacy code/config; exact operational role requires dynamic closure,repo maintainer / runtime owner if registered,not resolved,tracked at pinned HEAD; runtime use not proven,unknown,preserve; no deletion justified by static absence alone,INVESTIGATE
civora:valcea-clar/social/build_editorial_dispatch_previews.py,legacy code/config; exact operational role requires dynamic closure,repo maintainer / runtime owner if registered,not resolved,tracked at pinned HEAD; runtime use not proven,unknown,preserve; no deletion justified by static absence alone,INVESTIGATE
civora:valcea-clar/social/build_editorial_dispatch_previews_v1_1.py,legacy code/config; exact operational role requires dynamic closure,repo maintainer / runtime owner if registered,.github/workflows/valcea-clar-editorial-dispatch-contracts.yml,workflow reference: .github/workflows/valcea-clar-editorial-dispatch-contracts.yml,unknown,preserve; no deletion justified by static absence alone,INVESTIGATE
civora:valcea-clar/social/build_live_story_outbox.py,legacy code/config; exact operational role requires dynamic closure,repo maintainer / runtime owner if registered,.github/workflows/valcea-clar-social-publishing.yml;.github/workflows/valcea-clar-tiktok-editorial-preview.yml,workflow reference: .github/workflows/valcea-clar-social-publishing.yml;.github/workflows/valcea-clar-tiktok-editorial-preview.yml,unknown,preserve; no deletion justified by static absence alone,INVESTIGATE
civora:valcea-clar/social/build_outbox_only_story_products.py,legacy code/config; exact operational role requires dynamic closure,repo maintainer / runtime owner if registered,.github/workflows/valcea-clar-linkedin-editorial.yml;.github/workflows/valcea-clar-social-publishing.yml;.github/workflows/valcea-clar-telegram-editorial.yml;.github/workflows/valcea-clar-whatsapp-editorial.yml;.github/workflows/valcea-clar-x-api-gate.yml;.github/workflows/valcea-clar-x-native-outbox.yml;.github/workflows/valcea-clar-youtube-editorial.yml,workflow reference: .github/workflows/valcea-clar-linkedin-editorial.yml;.github/workflows/valcea-clar-social-publishing.yml;.github/workflows/valcea-clar-telegram-editorial.yml;.github/workflows/valcea-clar-whatsapp-editorial.yml;.github/workflows/valcea-clar-x-api-gate.yml;.github/workflows/valcea-clar-x-native-outbox.yml;.github/workflows/valcea-clar-youtube-editorial.yml,unknown,preserve; no deletion justified by static absence alone,INVESTIGATE
civora:valcea-clar/social/build_profile_identity_assets.py,legacy code/config; exact operational role requires dynamic closure,repo maintainer / runtime owner if registered,.github/workflows/valcea-clar-profile-identity-deployment.yml;.github/workflows/valcea-clar-profile-identity.yml,workflow reference: .github/workflows/valcea-clar-profile-identity-deployment.yml;.github/workflows/valcea-clar-profile-identity.yml,unknown,preserve; no deletion justified by static absence alone,INVESTIGATE
civora:valcea-clar/social/build_social_media_assets.py,legacy code/config; exact operational role requires dynamic closure,repo maintainer / runtime owner if registered,.github/workflows/valcea-clar-social-publishing.yml;.github/workflows/valcea-clar-tiktok-editorial-preview.yml,workflow reference: .github/workflows/valcea-clar-social-publishing.yml;.github/workflows/valcea-clar-tiktok-editorial-preview.yml,unknown,preserve; no deletion justified by static absence alone,INVESTIGATE
civora:valcea-clar/social/channel_registry.json,legacy code/config; exact operational role requires dynamic closure,repo maintainer / runtime owner if registered,.github/workflows/local-news-os-correction-dispatch-router.yml;.github/workflows/local-news-os-correction-outbox-materializer.yml;.github/workflows/local-news-os-series-adapter-dispatch-handoff.yml;.github/workflows/local-news-os-series-async-dispatch.yml;.github/workflows/local-news-os-series-durable-dispatch.yml;.github/workflows/local-news-os-social-adapter-capabilities.yml;.github/workflows/local-news-os-social-core.yml;.github/workflows/valcea-clar-engine-guard.yml;.github/workflows/valcea-clar-facebook-single-writer-guard.yml;.github/workflows/valcea-clar-linkedin-editorial.yml;.github/workflows/valcea-clar-telegram-editorial.yml;.github/workflows/valcea-clar-whatsapp-editorial.yml,workflow reference: .github/workflows/local-news-os-correction-dispatch-router.yml;.github/workflows/local-news-os-correction-outbox-materializer.yml;.github/workflows/local-news-os-series-adapter-dispatch-handoff.yml;.github/workflows/local-news-os-series-async-dispatch.yml;.github/workflows/local-news-os-series-durable-dispatch.yml;.github/workflows/local-news-os-social-adapter-capabilities.yml;.github/workflows/local-news-os-social-core.yml;.github/workflows/valcea-clar-engine-guard.yml,unknown,preserve; no deletion justified by static absence alone,INVESTIGATE
civora:valcea-clar/social/channels/facebook.json,legacy code/config; exact operational role requires dynamic closure,repo maintainer / runtime owner if registered,.github/workflows/local-news-os-metrics-harvest-runtime.yml;.github/workflows/local-news-os-metrics-harvest-scheduler.yml;.github/workflows/local-news-os-native-metrics-transport.yml;.github/workflows/local-news-os-publication-metrics-catalog.yml;.github/workflows/local-news-os-publication-metrics-handoff.yml;.github/workflows/local-news-os-social-core.yml;.github/workflows/valcea-clar-social-publishing.yml,workflow reference: .github/workflows/local-news-os-metrics-harvest-runtime.yml;.github/workflows/local-news-os-metrics-harvest-scheduler.yml;.github/workflows/local-news-os-native-metrics-transport.yml;.github/workflows/local-news-os-publication-metrics-catalog.yml;.github/workflows/local-news-os-publication-metrics-handoff.yml;.github/workflows/local-news-os-social-core.yml;.github/workflows/valcea-clar-social-publishing.yml,unknown,preserve; no deletion justified by static absence alone,INVESTIGATE
civora:valcea-clar/social/channels/instagram.json,legacy code/config; exact operational role requires dynamic closure,repo maintainer / runtime owner if registered,.github/workflows/local-news-os-metrics-harvest-runtime.yml;.github/workflows/local-news-os-metrics-harvest-scheduler.yml;.github/workflows/local-news-os-native-metrics-transport.yml;.github/workflows/local-news-os-publication-metrics-catalog.yml;.github/workflows/local-news-os-publication-metrics-handoff.yml;.github/workflows/local-news-os-social-core.yml;.github/workflows/valcea-clar-social-publishing.yml,workflow reference: .github/workflows/local-news-os-metrics-harvest-runtime.yml;.github/workflows/local-news-os-metrics-harvest-scheduler.yml;.github/workflows/local-news-os-native-metrics-transport.yml;.github/workflows/local-news-os-publication-metrics-catalog.yml;.github/workflows/local-news-os-publication-metrics-handoff.yml;.github/workflows/local-news-os-social-core.yml;.github/workflows/valcea-clar-social-publishing.yml,unknown,preserve; no deletion justified by static absence alone,INVESTIGATE
civora:valcea-clar/social/channels/linkedin.json,legacy code/config; exact operational role requires dynamic closure,repo maintainer / runtime owner if registered,.github/workflows/local-news-os-social-core.yml;.github/workflows/valcea-clar-social-publishing.yml,workflow reference: .github/workflows/local-news-os-social-core.yml;.github/workflows/valcea-clar-social-publishing.yml,unknown,preserve; no deletion justified by static absence alone,INVESTIGATE
civora:valcea-clar/social/channels/telegram.json,legacy code/config; exact operational role requires dynamic closure,repo maintainer / runtime owner if registered,.github/workflows/local-news-os-social-core.yml;.github/workflows/valcea-clar-social-publishing.yml,workflow reference: .github/workflows/local-news-os-social-core.yml;.github/workflows/valcea-clar-social-publishing.yml,unknown,preserve; no deletion justified by static absence alone,INVESTIGATE
civora:valcea-clar/social/channels/threads.json,legacy code/config; exact operational role requires dynamic closure,repo maintainer / runtime owner if registered,.github/workflows/local-news-os-social-core.yml;.github/workflows/valcea-clar-social-publishing.yml;.github/workflows/valcea-clar-threads-editorial.yml,workflow reference: .github/workflows/local-news-os-social-core.yml;.github/workflows/valcea-clar-social-publishing.yml;.github/workflows/valcea-clar-threads-editorial.yml,unknown,preserve; no deletion justified by static absence alone,INVESTIGATE
civora:valcea-clar/social/channels/tiktok.json,legacy code/config; exact operational role requires dynamic closure,repo maintainer / runtime owner if registered,.github/workflows/local-news-os-social-core.yml;.github/workflows/valcea-clar-social-publishing.yml,workflow reference: .github/workflows/local-news-os-social-core.yml;.github/workflows/valcea-clar-social-publishing.yml,unknown,preserve; no deletion justified by static absence alone,INVESTIGATE
civora:valcea-clar/social/channels/whatsapp.json,legacy code/config; exact operational role requires dynamic closure,repo maintainer / runtime owner if registered,.github/workflows/local-news-os-social-core.yml;.github/workflows/valcea-clar-social-publishing.yml,workflow reference: .github/workflows/local-news-os-social-core.yml;.github/workflows/valcea-clar-social-publishing.yml,unknown,preserve; no deletion justified by static absence alone,INVESTIGATE
civora:valcea-clar/social/channels/x.json,legacy code/config; exact operational role requires dynamic closure,repo maintainer / runtime owner if registered,.github/workflows/valcea-clar-social-publishing.yml;.github/workflows/valcea-clar-x-api-gate.yml;.github/workflows/valcea-clar-x-native-outbox.yml,workflow reference: .github/workflows/valcea-clar-social-publishing.yml;.github/workflows/valcea-clar-x-api-gate.yml;.github/workflows/valcea-clar-x-native-outbox.yml,unknown,preserve; no deletion justified by static absence alone,INVESTIGATE
civora:valcea-clar/social/channels/youtube.json,legacy code/config; exact operational role requires dynamic closure,repo maintainer / runtime owner if registered,.github/workflows/local-news-os-social-core.yml;.github/workflows/valcea-clar-social-publishing.yml;.github/workflows/valcea-clar-youtube-api-gate.yml,workflow reference: .github/workflows/local-news-os-social-core.yml;.github/workflows/valcea-clar-social-publishing.yml;.github/workflows/valcea-clar-youtube-api-gate.yml,unknown,preserve; no deletion justified by static absence alone,INVESTIGATE
civora:valcea-clar/social/contextual_story_media.json,legacy code/config; exact operational role requires dynamic closure,repo maintainer / runtime owner if registered,.github/workflows/valcea-clar-story-social-metadata.yml,workflow reference: .github/workflows/valcea-clar-story-social-metadata.yml,unknown,preserve; no deletion justified by static absence alone,INVESTIGATE
civora:valcea-clar/social/drive_owned_photo_ingest.py,legacy code/config; exact operational role requires dynamic closure,repo maintainer / runtime owner if registered,.github/workflows/valcea-clar-owned-photo-ingest.yml,workflow reference: .github/workflows/valcea-clar-owned-photo-ingest.yml,unknown,preserve; no deletion justified by static absence alone,INVESTIGATE
civora:valcea-clar/social/editorial_asset_contract.py,legacy code/config; exact operational role requires dynamic closure,repo maintainer / runtime owner if registered,.github/workflows/valcea-clar-editorial-dispatch-contracts.yml;.github/workflows/valcea-clar-facebook-editorial-adapter.yml;.github/workflows/valcea-clar-instagram-editorial-adapter.yml;.github/workflows/valcea-clar-social-publishing.yml,workflow reference: .github/workflows/valcea-clar-editorial-dispatch-contracts.yml;.github/workflows/valcea-clar-facebook-editorial-adapter.yml;.github/workflows/valcea-clar-instagram-editorial-adapter.yml;.github/workflows/valcea-clar-social-publishing.yml,unknown,preserve; no deletion justified by static absence alone,INVESTIGATE
civora:valcea-clar/social/facebook_editorial_preview.py,legacy code/config; exact operational role requires dynamic closure,repo maintainer / runtime owner if registered,.github/workflows/valcea-clar-social-publishing.yml,workflow reference: .github/workflows/valcea-clar-social-publishing.yml,unknown,preserve; no deletion justified by static absence alone,INVESTIGATE
civora:valcea-clar/social/facebook_editorial_preview_v1_1.py,legacy code/config; exact operational role requires dynamic closure,repo maintainer / runtime owner if registered,.github/workflows/valcea-clar-facebook-editorial-adapter.yml;.github/workflows/valcea-clar-social-publishing.yml,workflow reference: .github/workflows/valcea-clar-facebook-editorial-adapter.yml;.github/workflows/valcea-clar-social-publishing.yml,unknown,preserve; no deletion justified by static absence alone,INVESTIGATE
civora:valcea-clar/social/facebook_editorial_publish.py,legacy code/config; exact operational role requires dynamic closure,repo maintainer / runtime owner if registered,.github/workflows/valcea-clar-facebook-editorial-adapter.yml;.github/workflows/valcea-clar-social-publishing.yml,workflow reference: .github/workflows/valcea-clar-facebook-editorial-adapter.yml;.github/workflows/valcea-clar-social-publishing.yml,unknown,preserve; no deletion justified by static absence alone,INVESTIGATE
civora:valcea-clar/social/facebook_featured_state.json,legacy code/config; exact operational role requires dynamic closure,repo maintainer / runtime owner if registered,not resolved,tracked at pinned HEAD; runtime use not proven,unknown,preserve; no deletion justified by static absence alone,INVESTIGATE
civora:valcea-clar/social/facebook_intro_photo_state.json,legacy code/config; exact operational role requires dynamic closure,repo maintainer / runtime owner if registered,not resolved,tracked at pinned HEAD; runtime use not proven,unknown,preserve; no deletion justified by static absence alone,INVESTIGATE
civora:valcea-clar/social/facebook_outbox.json,legacy code/config; exact operational role requires dynamic closure,repo maintainer / runtime owner if registered,.github/workflows/valcea-clar-edition-delivery.yml;.github/workflows/valcea-clar-social-publishing.yml,workflow reference: .github/workflows/valcea-clar-edition-delivery.yml;.github/workflows/valcea-clar-social-publishing.yml,unknown,preserve; no deletion justified by static absence alone,INVESTIGATE
civora:valcea-clar/social/facebook_profile_state.json,legacy code/config; exact operational role requires dynamic closure,repo maintainer / runtime owner if registered,.github/workflows/valcea-clar-facebook-profile-sync.yml,workflow reference: .github/workflows/valcea-clar-facebook-profile-sync.yml,unknown,preserve; no deletion justified by static absence alone,INVESTIGATE
civora:valcea-clar/social/facebook_profile_sync.py,legacy code/config; exact operational role requires dynamic closure,repo maintainer / runtime owner if registered,.github/workflows/valcea-clar-facebook-profile-sync.yml,workflow reference: .github/workflows/valcea-clar-facebook-profile-sync.yml,unknown,preserve; no deletion justified by static absence alone,INVESTIGATE
civora:valcea-clar/social/facebook_publish.py,legacy code/config; exact operational role requires dynamic closure,repo maintainer / runtime owner if registered,.github/workflows/valcea-clar-quality.yml;.github/workflows/valcea-clar-social-publishing.yml,workflow reference: .github/workflows/valcea-clar-quality.yml;.github/workflows/valcea-clar-social-publishing.yml,unknown,preserve; no deletion justified by static absence alone,INVESTIGATE
civora:valcea-clar/social/facebook_state.json,legacy code/config; exact operational role requires dynamic closure,repo maintainer / runtime owner if registered,.github/workflows/local-news-os-vnext-valcea-shadow-migration.yml;.github/workflows/valcea-clar-edition-delivery.yml;.github/workflows/valcea-clar-facebook-editorial-adapter.yml;.github/workflows/valcea-clar-social-publishing.yml,workflow reference: .github/workflows/local-news-os-vnext-valcea-shadow-migration.yml;.github/workflows/valcea-clar-edition-delivery.yml;.github/workflows/valcea-clar-facebook-editorial-adapter.yml;.github/workflows/valcea-clar-social-publishing.yml,unknown,preserve; no deletion justified by static absence alone,INVESTIGATE
civora:valcea-clar/social/facebook_text_fallback.py,legacy code/config; exact operational role requires dynamic closure,repo maintainer / runtime owner if registered,.github/workflows/valcea-clar-facebook-editorial-adapter.yml;.github/workflows/valcea-clar-social-publishing.yml,workflow reference: .github/workflows/valcea-clar-facebook-editorial-adapter.yml;.github/workflows/valcea-clar-social-publishing.yml,unknown,preserve; no deletion justified by static absence alone,INVESTIGATE
civora:valcea-clar/social/facebook_visual_system.json,legacy code/config; exact operational role requires dynamic closure,repo maintainer / runtime owner if registered,.github/workflows/valcea-clar-facebook-editorial-adapter.yml;.github/workflows/valcea-clar-facebook-single-writer-guard.yml,workflow reference: .github/workflows/valcea-clar-facebook-editorial-adapter.yml;.github/workflows/valcea-clar-facebook-single-writer-guard.yml,unknown,preserve; no deletion justified by static absence alone,INVESTIGATE
civora:valcea-clar/social/feed_identity_v1_1.py,legacy code/config; exact operational role requires dynamic closure,repo maintainer / runtime owner if registered,.github/workflows/valcea-clar-facebook-editorial-adapter.yml;.github/workflows/valcea-clar-instagram-editorial-adapter.yml,workflow reference: .github/workflows/valcea-clar-facebook-editorial-adapter.yml;.github/workflows/valcea-clar-instagram-editorial-adapter.yml,unknown,preserve; no deletion justified by static absence alone,INVESTIGATE
civora:valcea-clar/social/fetch_approved_photos.py,legacy code/config; exact operational role requires dynamic closure,repo maintainer / runtime owner if registered,.github/workflows/valcea-clar-editorial-dispatch-contracts.yml;.github/workflows/valcea-clar-facebook-editorial-adapter.yml;.github/workflows/valcea-clar-instagram-editorial-adapter.yml;.github/workflows/valcea-clar-instagram-visual-preview.yml;.github/workflows/valcea-clar-social-publishing.yml,workflow reference: .github/workflows/valcea-clar-editorial-dispatch-contracts.yml;.github/workflows/valcea-clar-facebook-editorial-adapter.yml;.github/workflows/valcea-clar-instagram-editorial-adapter.yml;.github/workflows/valcea-clar-instagram-visual-preview.yml;.github/workflows/valcea-clar-social-publishing.yml,unknown,preserve; no deletion justified by static absence alone,INVESTIGATE
civora:valcea-clar/social/instagram_editorial_offline_selftest.py,legacy code/config; exact operational role requires dynamic closure,repo maintainer / runtime owner if registered,.github/workflows/valcea-clar-instagram-editorial-adapter.yml,workflow reference: .github/workflows/valcea-clar-instagram-editorial-adapter.yml,unknown,preserve; no deletion justified by static absence alone,INVESTIGATE
civora:valcea-clar/social/instagram_editorial_preview.py,legacy code/config; exact operational role requires dynamic closure,repo maintainer / runtime owner if registered,.github/workflows/valcea-clar-instagram-visual-preview.yml,workflow reference: .github/workflows/valcea-clar-instagram-visual-preview.yml,unknown,preserve; no deletion justified by static absence alone,INVESTIGATE
civora:valcea-clar/social/instagram_editorial_publish.py,legacy code/config; exact operational role requires dynamic closure,repo maintainer / runtime owner if registered,.github/workflows/valcea-clar-instagram-editorial-adapter.yml;.github/workflows/valcea-clar-social-publishing.yml,workflow reference: .github/workflows/valcea-clar-instagram-editorial-adapter.yml;.github/workflows/valcea-clar-social-publishing.yml,unknown,preserve; no deletion justified by static absence alone,INVESTIGATE
civora:valcea-clar/social/instagram_editorial_v1.py,legacy code/config; exact operational role requires dynamic closure,repo maintainer / runtime owner if registered,.github/workflows/valcea-clar-social-publishing.yml,workflow reference: .github/workflows/valcea-clar-social-publishing.yml,unknown,preserve; no deletion justified by static absence alone,INVESTIGATE
civora:valcea-clar/social/instagram_editorial_v1_1.py,legacy code/config; exact operational role requires dynamic closure,repo maintainer / runtime owner if registered,.github/workflows/valcea-clar-instagram-editorial-adapter.yml;.github/workflows/valcea-clar-social-publishing.yml,workflow reference: .github/workflows/valcea-clar-instagram-editorial-adapter.yml;.github/workflows/valcea-clar-social-publishing.yml,unknown,preserve; no deletion justified by static absence alone,INVESTIGATE
civora:valcea-clar/social/instagram_editorial_v1_2.py,legacy code/config; exact operational role requires dynamic closure,repo maintainer / runtime owner if registered,.github/workflows/valcea-clar-instagram-editorial-adapter.yml;.github/workflows/valcea-clar-social-publishing.yml,workflow reference: .github/workflows/valcea-clar-instagram-editorial-adapter.yml;.github/workflows/valcea-clar-social-publishing.yml,unknown,preserve; no deletion justified by static absence alone,INVESTIGATE
civora:valcea-clar/social/instagram_fact_card_publish.py,legacy code/config; exact operational role requires dynamic closure,repo maintainer / runtime owner if registered,.github/workflows/valcea-clar-instagram-editorial-adapter.yml;.github/workflows/valcea-clar-social-publishing.yml,workflow reference: .github/workflows/valcea-clar-instagram-editorial-adapter.yml;.github/workflows/valcea-clar-social-publishing.yml,unknown,preserve; no deletion justified by static absence alone,INVESTIGATE
civora:valcea-clar/social/instagram_fact_card_publish_v2.py,legacy code/config; exact operational role requires dynamic closure,repo maintainer / runtime owner if registered,not resolved,tracked at pinned HEAD; runtime use not proven,unknown,preserve; no deletion justified by static absence alone,INVESTIGATE
civora:valcea-clar/social/instagram_premium_cet_diagnostic.json,legacy code/config; exact operational role requires dynamic closure,repo maintainer / runtime owner if registered,not resolved,tracked at pinned HEAD; runtime use not proven,unknown,preserve; no deletion justified by static absence alone,INVESTIGATE
civora:valcea-clar/social/instagram_publish.py,legacy code/config; exact operational role requires dynamic closure,repo maintainer / runtime owner if registered,.github/workflows/local-news-os-social-adapter-capabilities.yml;.github/workflows/valcea-clar-social-publishing.yml,workflow reference: .github/workflows/local-news-os-social-adapter-capabilities.yml;.github/workflows/valcea-clar-social-publishing.yml,unknown,preserve; no deletion justified by static absence alone,INVESTIGATE
civora:valcea-clar/social/instagram_state.json,legacy code/config; exact operational role requires dynamic closure,repo maintainer / runtime owner if registered,.github/workflows/local-news-os-vnext-valcea-shadow-migration.yml;.github/workflows/valcea-clar-edition-delivery.yml;.github/workflows/valcea-clar-instagram-editorial-adapter.yml;.github/workflows/valcea-clar-social-publishing.yml,workflow reference: .github/workflows/local-news-os-vnext-valcea-shadow-migration.yml;.github/workflows/valcea-clar-edition-delivery.yml;.github/workflows/valcea-clar-instagram-editorial-adapter.yml;.github/workflows/valcea-clar-social-publishing.yml,unknown,preserve; no deletion justified by static absence alone,INVESTIGATE
civora:valcea-clar/social/instagram_visual_system.json,legacy code/config; exact operational role requires dynamic closure,repo maintainer / runtime owner if registered,.github/workflows/valcea-clar-instagram-editorial-adapter.yml,workflow reference: .github/workflows/valcea-clar-instagram-editorial-adapter.yml,unknown,preserve; no deletion justified by static absence alone,INVESTIGATE
civora:valcea-clar/social/linkedin_editorial_materialize.py,legacy code/config; exact operational role requires dynamic closure,repo maintainer / runtime owner if registered,.github/workflows/valcea-clar-linkedin-editorial.yml,workflow reference: .github/workflows/valcea-clar-linkedin-editorial.yml,unknown,preserve; no deletion justified by static absence alone,INVESTIGATE
civora:valcea-clar/social/linkedin_editorial_v1.py,legacy code/config; exact operational role requires dynamic closure,repo maintainer / runtime owner if registered,.github/workflows/valcea-clar-linkedin-editorial.yml,workflow reference: .github/workflows/valcea-clar-linkedin-editorial.yml,unknown,preserve; no deletion justified by static absence alone,INVESTIGATE
civora:valcea-clar/social/linkedin_outbox.json,legacy code/config; exact operational role requires dynamic closure,repo maintainer / runtime owner if registered,.github/workflows/valcea-clar-linkedin-editorial.yml;.github/workflows/valcea-clar-social-publishing.yml,workflow reference: .github/workflows/valcea-clar-linkedin-editorial.yml;.github/workflows/valcea-clar-social-publishing.yml,unknown,preserve; no deletion justified by static absence alone,INVESTIGATE
civora:valcea-clar/social/linkedin_state.json,legacy code/config; exact operational role requires dynamic closure,repo maintainer / runtime owner if registered,.github/workflows/valcea-clar-linkedin-editorial.yml;.github/workflows/valcea-clar-social-publishing.yml,workflow reference: .github/workflows/valcea-clar-linkedin-editorial.yml;.github/workflows/valcea-clar-social-publishing.yml,unknown,preserve; no deletion justified by static absence alone,INVESTIGATE
civora:valcea-clar/social/manual_distribution_audit.json,legacy code/config; exact operational role requires dynamic closure,repo maintainer / runtime owner if registered,not resolved,tracked at pinned HEAD; runtime use not proven,unknown,preserve; no deletion justified by static absence alone,INVESTIGATE
civora:valcea-clar/social/materialize_owned_photo_story.py,legacy code/config; exact operational role requires dynamic closure,repo maintainer / runtime owner if registered,.github/workflows/valcea-clar-owned-photo-ingest.yml,workflow reference: .github/workflows/valcea-clar-owned-photo-ingest.yml,unknown,preserve; no deletion justified by static absence alone,INVESTIGATE
civora:valcea-clar/social/meta_auth_health.py,legacy code/config; exact operational role requires dynamic closure,repo maintainer / runtime owner if registered,.github/workflows/valcea-clar-social-publishing.yml,workflow reference: .github/workflows/valcea-clar-social-publishing.yml,unknown,preserve; no deletion justified by static absence alone,INVESTIGATE
civora:valcea-clar/social/meta_auth_state.json,legacy code/config; exact operational role requires dynamic closure,repo maintainer / runtime owner if registered,.github/workflows/local-news-os-metrics-harvest-runtime.yml;.github/workflows/local-news-os-metrics-harvest-scheduler.yml;.github/workflows/local-news-os-native-metrics-transport.yml;.github/workflows/valcea-clar-social-publishing.yml,workflow reference: .github/workflows/local-news-os-metrics-harvest-runtime.yml;.github/workflows/local-news-os-metrics-harvest-scheduler.yml;.github/workflows/local-news-os-native-metrics-transport.yml;.github/workflows/valcea-clar-social-publishing.yml,unknown,preserve; no deletion justified by static absence alone,INVESTIGATE
civora:valcea-clar/social/native_identity.py,legacy code/config; exact operational role requires dynamic closure,repo maintainer / runtime owner if registered,.github/workflows/valcea-clar-native-visual-identity-preview.yml;.github/workflows/valcea-clar-profile-identity.yml,workflow reference: .github/workflows/valcea-clar-native-visual-identity-preview.yml;.github/workflows/valcea-clar-profile-identity.yml,unknown,preserve; no deletion justified by static absence alone,INVESTIGATE
civora:valcea-clar/social/native_platform_identity_system.json,legacy code/config; exact operational role requires dynamic closure,repo maintainer / runtime owner if registered,.github/workflows/valcea-clar-native-visual-identity-preview.yml;.github/workflows/valcea-clar-profile-identity.yml;.github/workflows/valcea-clar-profile-presence.yml,workflow reference: .github/workflows/valcea-clar-native-visual-identity-preview.yml;.github/workflows/valcea-clar-profile-identity.yml;.github/workflows/valcea-clar-profile-presence.yml,unknown,preserve; no deletion justified by static absence alone,INVESTIGATE
civora:valcea-clar/social/owned_photo_drive_config.json,legacy code/config; exact operational role requires dynamic closure,repo maintainer / runtime owner if registered,.github/workflows/valcea-clar-owned-photo-ingest.yml,workflow reference: .github/workflows/valcea-clar-owned-photo-ingest.yml,unknown,preserve; no deletion justified by static absence alone,INVESTIGATE
civora:valcea-clar/social/owned_photo_drive_snapshot.json,legacy code/config; exact operational role requires dynamic closure,repo maintainer / runtime owner if registered,.github/workflows/valcea-clar-owned-photo-ingest.yml,workflow reference: .github/workflows/valcea-clar-owned-photo-ingest.yml,unknown,preserve; no deletion justified by static absence alone,INVESTIGATE
civora:valcea-clar/social/owned_photo_live_acceptance.json,legacy code/config; exact operational role requires dynamic closure,repo maintainer / runtime owner if registered,.github/workflows/valcea-clar-owned-photo-ingest.yml,workflow reference: .github/workflows/valcea-clar-owned-photo-ingest.yml,unknown,preserve; no deletion justified by static absence alone,INVESTIGATE
civora:valcea-clar/social/owned_photo_match_policy.json,legacy code/config; exact operational role requires dynamic closure,repo maintainer / runtime owner if registered,.github/workflows/valcea-clar-owned-photo-ingest.yml,workflow reference: .github/workflows/valcea-clar-owned-photo-ingest.yml,unknown,preserve; no deletion justified by static absence alone,INVESTIGATE
civora:valcea-clar/social/owned_photo_materialization_requests.json,legacy code/config; exact operational role requires dynamic closure,repo maintainer / runtime owner if registered,.github/workflows/valcea-clar-owned-photo-ingest.yml,workflow reference: .github/workflows/valcea-clar-owned-photo-ingest.yml,unknown,preserve; no deletion justified by static absence alone,INVESTIGATE
civora:valcea-clar/social/owned_photo_runtime_contract.json,legacy code/config; exact operational role requires dynamic closure,repo maintainer / runtime owner if registered,not resolved,tracked at pinned HEAD; runtime use not proven,unknown,preserve; no deletion justified by static absence alone,INVESTIGATE
civora:valcea-clar/social/owned_photo_semantic_auto_policy.json,legacy code/config; exact operational role requires dynamic closure,repo maintainer / runtime owner if registered,.github/workflows/valcea-clar-owned-photo-ingest.yml,workflow reference: .github/workflows/valcea-clar-owned-photo-ingest.yml,unknown,preserve; no deletion justified by static absence alone,INVESTIGATE
civora:valcea-clar/social/owned_photo_semantic_labels.json,legacy code/config; exact operational role requires dynamic closure,repo maintainer / runtime owner if registered,.github/workflows/valcea-clar-owned-photo-ingest.yml,workflow reference: .github/workflows/valcea-clar-owned-photo-ingest.yml,unknown,preserve; no deletion justified by static absence alone,INVESTIGATE
civora:valcea-clar/social/owned_photo_semantic_registry.py,legacy code/config; exact operational role requires dynamic closure,repo maintainer / runtime owner if registered,.github/workflows/valcea-clar-owned-photo-ingest.yml,workflow reference: .github/workflows/valcea-clar-owned-photo-ingest.yml,unknown,preserve; no deletion justified by static absence alone,INVESTIGATE
civora:valcea-clar/social/owned_photo_story_matcher.py,legacy code/config; exact operational role requires dynamic closure,repo maintainer / runtime owner if registered,.github/workflows/valcea-clar-owned-photo-ingest.yml,workflow reference: .github/workflows/valcea-clar-owned-photo-ingest.yml,unknown,preserve; no deletion justified by static absence alone,INVESTIGATE
civora:valcea-clar/social/photo_atlas.json,legacy code/config; exact operational role requires dynamic closure,repo maintainer / runtime owner if registered,.github/workflows/valcea-clar-owned-photo-ingest.yml;.github/workflows/valcea-clar-photo-atlas.yml;.github/workflows/valcea-clar-photo-candidate-discovery.yml,workflow reference: .github/workflows/valcea-clar-owned-photo-ingest.yml;.github/workflows/valcea-clar-photo-atlas.yml;.github/workflows/valcea-clar-photo-candidate-discovery.yml,unknown,preserve; no deletion justified by static absence alone,INVESTIGATE
civora:valcea-clar/social/photo_atlas.py,legacy code/config; exact operational role requires dynamic closure,repo maintainer / runtime owner if registered,.github/workflows/valcea-clar-owned-photo-ingest.yml;.github/workflows/valcea-clar-photo-atlas.yml,workflow reference: .github/workflows/valcea-clar-owned-photo-ingest.yml;.github/workflows/valcea-clar-photo-atlas.yml,unknown,preserve; no deletion justified by static absence alone,INVESTIGATE
civora:valcea-clar/social/photo_atlas_owned_bridge.py,legacy code/config; exact operational role requires dynamic closure,repo maintainer / runtime owner if registered,.github/workflows/valcea-clar-owned-photo-ingest.yml,workflow reference: .github/workflows/valcea-clar-owned-photo-ingest.yml,unknown,preserve; no deletion justified by static absence alone,INVESTIGATE
civora:valcea-clar/social/photo_atlas_owned_source.json,legacy code/config; exact operational role requires dynamic closure,repo maintainer / runtime owner if registered,.github/workflows/valcea-clar-owned-photo-ingest.yml,workflow reference: .github/workflows/valcea-clar-owned-photo-ingest.yml,unknown,preserve; no deletion justified by static absence alone,INVESTIGATE
civora:valcea-clar/social/photo_candidate_policy.json,legacy code/config; exact operational role requires dynamic closure,repo maintainer / runtime owner if registered,.github/workflows/valcea-clar-photo-candidate-discovery.yml,workflow reference: .github/workflows/valcea-clar-photo-candidate-discovery.yml,unknown,preserve; no deletion justified by static absence alone,INVESTIGATE
civora:valcea-clar/social/photo_candidate_registry.json,legacy code/config; exact operational role requires dynamic closure,repo maintainer / runtime owner if registered,.github/workflows/valcea-clar-photo-candidate-discovery.yml,workflow reference: .github/workflows/valcea-clar-photo-candidate-discovery.yml,unknown,preserve; no deletion justified by static absence alone,INVESTIGATE
civora:valcea-clar/social/photo_candidate_resolver.py,legacy code/config; exact operational role requires dynamic closure,repo maintainer / runtime owner if registered,.github/workflows/valcea-clar-photo-candidate-discovery.yml,workflow reference: .github/workflows/valcea-clar-photo-candidate-discovery.yml,unknown,preserve; no deletion justified by static absence alone,INVESTIGATE
civora:valcea-clar/social/photos/approved/README.md,documentation/research,repo maintainer / runtime owner if registered,not resolved,tracked at pinned HEAD; runtime use not proven,loss of rationale,retain reference; historic mechanics are revisable,KEEP
civora:valcea-clar/social/photos/approved/cet-govora-buican-facebook-20260821.jpg,media/document evidence; rights remain per asset,repo maintainer / runtime owner if registered,not resolved,tracked at pinned HEAD; runtime use not proven,asset loss,preserve bytes and provenance,KEEP
civora:valcea-clar/social/photos/approved/cet-govora-context-2011.jpg,media/document evidence; rights remain per asset,repo maintainer / runtime owner if registered,not resolved,tracked at pinned HEAD; runtime use not proven,asset loss,preserve bytes and provenance,KEEP
civora:valcea-clar/social/profile_identity_deployment.json,legacy code/config; exact operational role requires dynamic closure,repo maintainer / runtime owner if registered,.github/workflows/valcea-clar-profile-identity-deployment.yml;.github/workflows/valcea-clar-profile-presence.yml,workflow reference: .github/workflows/valcea-clar-profile-identity-deployment.yml;.github/workflows/valcea-clar-profile-presence.yml,unknown,preserve; no deletion justified by static absence alone,INVESTIGATE
civora:valcea-clar/social/profile_identity_system.json,legacy code/config; exact operational role requires dynamic closure,repo maintainer / runtime owner if registered,.github/workflows/valcea-clar-native-visual-identity-preview.yml;.github/workflows/valcea-clar-profile-identity-deployment.yml;.github/workflows/valcea-clar-profile-identity.yml;.github/workflows/valcea-clar-profile-presence.yml,workflow reference: .github/workflows/valcea-clar-native-visual-identity-preview.yml;.github/workflows/valcea-clar-profile-identity-deployment.yml;.github/workflows/valcea-clar-profile-identity.yml;.github/workflows/valcea-clar-profile-presence.yml,unknown,preserve; no deletion justified by static absence alone,INVESTIGATE
civora:valcea-clar/social/profile_presence_system.json,legacy code/config; exact operational role requires dynamic closure,repo maintainer / runtime owner if registered,.github/workflows/valcea-clar-profile-presence.yml,workflow reference: .github/workflows/valcea-clar-profile-presence.yml,unknown,preserve; no deletion justified by static absence alone,INVESTIGATE
civora:valcea-clar/social/real_photo_replacement_queue.json,legacy code/config; exact operational role requires dynamic closure,repo maintainer / runtime owner if registered,.github/workflows/valcea-clar-social-publishing.yml,workflow reference: .github/workflows/valcea-clar-social-publishing.yml,unknown,preserve; no deletion justified by static absence alone,INVESTIGATE
civora:valcea-clar/social/render_native_visual_identity_previews.py,legacy code/config; exact operational role requires dynamic closure,repo maintainer / runtime owner if registered,.github/workflows/valcea-clar-native-visual-identity-preview.yml,workflow reference: .github/workflows/valcea-clar-native-visual-identity-preview.yml,unknown,preserve; no deletion justified by static absence alone,INVESTIGATE
civora:valcea-clar/social/series_registry.json,legacy code/config; exact operational role requires dynamic closure,repo maintainer / runtime owner if registered,.github/workflows/local-news-os-native-series-compositor.yml;.github/workflows/local-news-os-recurring-series-runtime.yml;.github/workflows/local-news-os-series-publication-state-bridge.yml;.github/workflows/local-news-os-series-visual-router.yml;.github/workflows/local-news-os-social-core.yml;.github/workflows/valcea-clar-social-publishing.yml,workflow reference: .github/workflows/local-news-os-native-series-compositor.yml;.github/workflows/local-news-os-recurring-series-runtime.yml;.github/workflows/local-news-os-series-publication-state-bridge.yml;.github/workflows/local-news-os-series-visual-router.yml;.github/workflows/local-news-os-social-core.yml;.github/workflows/valcea-clar-social-publishing.yml,unknown,preserve; no deletion justified by static absence alone,INVESTIGATE
civora:valcea-clar/social/social_brand_system.json,legacy code/config; exact operational role requires dynamic closure,repo maintainer / runtime owner if registered,.github/workflows/valcea-clar-facebook-single-writer-guard.yml;.github/workflows/valcea-clar-native-visual-identity-preview.yml;.github/workflows/valcea-clar-profile-identity.yml;.github/workflows/valcea-clar-profile-presence.yml,workflow reference: .github/workflows/valcea-clar-facebook-single-writer-guard.yml;.github/workflows/valcea-clar-native-visual-identity-preview.yml;.github/workflows/valcea-clar-profile-identity.yml;.github/workflows/valcea-clar-profile-presence.yml,unknown,preserve; no deletion justified by static absence alone,INVESTIGATE
civora:valcea-clar/social/social_common.py,legacy code/config; exact operational role requires dynamic closure,repo maintainer / runtime owner if registered,.github/workflows/valcea-clar-editorial-dispatch-contracts.yml;.github/workflows/valcea-clar-facebook-editorial-adapter.yml;.github/workflows/valcea-clar-instagram-editorial-adapter.yml;.github/workflows/valcea-clar-instagram-visual-preview.yml;.github/workflows/valcea-clar-linkedin-editorial.yml;.github/workflows/valcea-clar-social-publishing.yml;.github/workflows/valcea-clar-telegram-editorial.yml;.github/workflows/valcea-clar-tiktok-editorial-preview.yml;.github/workflows/valcea-clar-x-native-outbox.yml,workflow reference: .github/workflows/valcea-clar-editorial-dispatch-contracts.yml;.github/workflows/valcea-clar-facebook-editorial-adapter.yml;.github/workflows/valcea-clar-instagram-editorial-adapter.yml;.github/workflows/valcea-clar-instagram-visual-preview.yml;.github/workflows/valcea-clar-linkedin-editorial.yml;.github/workflows/valcea-clar-social-publishing.yml;.github/workflows/valcea-clar-telegram-editorial.yml;.github/workflows/valcea-clar-tiktok-editorial-preview.yml,unknown,preserve; no deletion justified by static absence alone,INVESTIGATE
civora:valcea-clar/social/social_media_manifest.json,legacy code/config; exact operational role requires dynamic closure,repo maintainer / runtime owner if registered,.github/workflows/valcea-clar-social-publishing.yml;.github/workflows/valcea-clar-story-social-metadata.yml,workflow reference: .github/workflows/valcea-clar-social-publishing.yml;.github/workflows/valcea-clar-story-social-metadata.yml,unknown,preserve; no deletion justified by static absence alone,INVESTIGATE
civora:valcea-clar/social/social_network_doctrine.json,legacy code/config; exact operational role requires dynamic closure,repo maintainer / runtime owner if registered,.github/workflows/valcea-clar-facebook-single-writer-guard.yml;.github/workflows/valcea-clar-native-visual-identity-preview.yml;.github/workflows/valcea-clar-profile-identity.yml;.github/workflows/valcea-clar-social-doctrine.yml;.github/workflows/valcea-clar-x-native-outbox.yml,workflow reference: .github/workflows/valcea-clar-facebook-single-writer-guard.yml;.github/workflows/valcea-clar-native-visual-identity-preview.yml;.github/workflows/valcea-clar-profile-identity.yml;.github/workflows/valcea-clar-social-doctrine.yml;.github/workflows/valcea-clar-x-native-outbox.yml,unknown,preserve; no deletion justified by static absence alone,INVESTIGATE
civora:valcea-clar/social/stamp_native_identity_outboxes.py,legacy code/config; exact operational role requires dynamic closure,repo maintainer / runtime owner if registered,not resolved,tracked at pinned HEAD; runtime use not proven,unknown,preserve; no deletion justified by static absence alone,INVESTIGATE
civora:valcea-clar/social/story_social_policy.py,legacy code/config; exact operational role requires dynamic closure,repo maintainer / runtime owner if registered,not resolved,tracked at pinned HEAD; runtime use not proven,unknown,preserve; no deletion justified by static absence alone,INVESTIGATE
civora:valcea-clar/social/story_video_media.json,legacy code/config; exact operational role requires dynamic closure,repo maintainer / runtime owner if registered,.github/workflows/valcea-clar-youtube-editorial.yml,workflow reference: .github/workflows/valcea-clar-youtube-editorial.yml,unknown,preserve; no deletion justified by static absence alone,INVESTIGATE
civora:valcea-clar/social/story_visuals.json,legacy code/config; exact operational role requires dynamic closure,repo maintainer / runtime owner if registered,.github/workflows/local-news-os-vnext-valcea-shadow-migration.yml;.github/workflows/valcea-clar-editorial-dispatch-contracts.yml;.github/workflows/valcea-clar-facebook-editorial-adapter.yml;.github/workflows/valcea-clar-instagram-editorial-adapter.yml;.github/workflows/valcea-clar-instagram-visual-preview.yml;.github/workflows/valcea-clar-owned-photo-ingest.yml;.github/workflows/valcea-clar-photo-atlas.yml;.github/workflows/valcea-clar-photo-candidate-discovery.yml;.github/workflows/valcea-clar-social-publishing.yml;.github/workflows/valcea-clar-story-social-metadata.yml;.github/workflows/valcea-clar-tiktok-editorial-preview.yml;.github/workflows/valcea-clar-youtube-editorial.yml,workflow reference: .github/workflows/local-news-os-vnext-valcea-shadow-migration.yml;.github/workflows/valcea-clar-editorial-dispatch-contracts.yml;.github/workflows/valcea-clar-facebook-editorial-adapter.yml;.github/workflows/valcea-clar-instagram-editorial-adapter.yml;.github/workflows/valcea-clar-instagram-visual-preview.yml;.github/workflows/valcea-clar-owned-photo-ingest.yml;.github/workflows/valcea-clar-photo-atlas.yml;.github/workflows/valcea-clar-photo-candidate-discovery.yml,unknown,preserve; no deletion justified by static absence alone,INVESTIGATE
civora:valcea-clar/social/telegram_editorial_materialize.py,legacy code/config; exact operational role requires dynamic closure,repo maintainer / runtime owner if registered,.github/workflows/valcea-clar-telegram-editorial.yml,workflow reference: .github/workflows/valcea-clar-telegram-editorial.yml,unknown,preserve; no deletion justified by static absence alone,INVESTIGATE
civora:valcea-clar/social/telegram_editorial_v1.py,legacy code/config; exact operational role requires dynamic closure,repo maintainer / runtime owner if registered,.github/workflows/valcea-clar-telegram-editorial.yml,workflow reference: .github/workflows/valcea-clar-telegram-editorial.yml,unknown,preserve; no deletion justified by static absence alone,INVESTIGATE
civora:valcea-clar/social/telegram_outbox.json,legacy code/config; exact operational role requires dynamic closure,repo maintainer / runtime owner if registered,.github/workflows/valcea-clar-social-publishing.yml;.github/workflows/valcea-clar-telegram-editorial.yml,workflow reference: .github/workflows/valcea-clar-social-publishing.yml;.github/workflows/valcea-clar-telegram-editorial.yml,unknown,preserve; no deletion justified by static absence alone,INVESTIGATE
civora:valcea-clar/social/telegram_profile_identity_deploy.py,legacy code/config; exact operational role requires dynamic closure,repo maintainer / runtime owner if registered,.github/workflows/valcea-clar-profile-identity-deployment.yml,workflow reference: .github/workflows/valcea-clar-profile-identity-deployment.yml,unknown,preserve; no deletion justified by static absence alone,INVESTIGATE
civora:valcea-clar/social/telegram_state.json,legacy code/config; exact operational role requires dynamic closure,repo maintainer / runtime owner if registered,.github/workflows/valcea-clar-social-publishing.yml;.github/workflows/valcea-clar-telegram-editorial.yml,workflow reference: .github/workflows/valcea-clar-social-publishing.yml;.github/workflows/valcea-clar-telegram-editorial.yml,unknown,preserve; no deletion justified by static absence alone,INVESTIGATE
civora:valcea-clar/social/test_instagram_carousel_adapter.py,legacy code/config; exact operational role requires dynamic closure,repo maintainer / runtime owner if registered,.github/workflows/local-news-os-social-adapter-capabilities.yml,workflow reference: .github/workflows/local-news-os-social-adapter-capabilities.yml,unknown,preserve; no deletion justified by static absence alone,INVESTIGATE
civora:valcea-clar/social/test_tiktok_premium_photo_product.py,legacy code/config; exact operational role requires dynamic closure,repo maintainer / runtime owner if registered,.github/workflows/valcea-clar-tiktok-editorial-preview.yml,workflow reference: .github/workflows/valcea-clar-tiktok-editorial-preview.yml,unknown,preserve; no deletion justified by static absence alone,INVESTIGATE
civora:valcea-clar/social/test_tiktok_video_adapter.py,legacy code/config; exact operational role requires dynamic closure,repo maintainer / runtime owner if registered,.github/workflows/local-news-os-social-adapter-capabilities.yml,workflow reference: .github/workflows/local-news-os-social-adapter-capabilities.yml,unknown,preserve; no deletion justified by static absence alone,INVESTIGATE
civora:valcea-clar/social/threads_editorial_materialize.py,legacy code/config; exact operational role requires dynamic closure,repo maintainer / runtime owner if registered,.github/workflows/valcea-clar-threads-editorial.yml,workflow reference: .github/workflows/valcea-clar-threads-editorial.yml,unknown,preserve; no deletion justified by static absence alone,INVESTIGATE
civora:valcea-clar/social/threads_editorial_v1.py,legacy code/config; exact operational role requires dynamic closure,repo maintainer / runtime owner if registered,.github/workflows/valcea-clar-threads-editorial.yml,workflow reference: .github/workflows/valcea-clar-threads-editorial.yml,unknown,preserve; no deletion justified by static absence alone,INVESTIGATE
civora:valcea-clar/social/threads_outbox.json,legacy code/config; exact operational role requires dynamic closure,repo maintainer / runtime owner if registered,.github/workflows/valcea-clar-edition-delivery.yml;.github/workflows/valcea-clar-social-publishing.yml;.github/workflows/valcea-clar-threads-editorial.yml;.github/workflows/valcea-clar-x-native-outbox.yml,workflow reference: .github/workflows/valcea-clar-edition-delivery.yml;.github/workflows/valcea-clar-social-publishing.yml;.github/workflows/valcea-clar-threads-editorial.yml;.github/workflows/valcea-clar-x-native-outbox.yml,unknown,preserve; no deletion justified by static absence alone,INVESTIGATE
civora:valcea-clar/social/threads_publish.py,legacy code/config; exact operational role requires dynamic closure,repo maintainer / runtime owner if registered,.github/workflows/valcea-clar-threads-editorial.yml,workflow reference: .github/workflows/valcea-clar-threads-editorial.yml,unknown,preserve; no deletion justified by static absence alone,INVESTIGATE
civora:valcea-clar/social/threads_state.json,legacy code/config; exact operational role requires dynamic closure,repo maintainer / runtime owner if registered,.github/workflows/valcea-clar-edition-delivery.yml;.github/workflows/valcea-clar-social-publishing.yml;.github/workflows/valcea-clar-threads-editorial.yml,workflow reference: .github/workflows/valcea-clar-edition-delivery.yml;.github/workflows/valcea-clar-social-publishing.yml;.github/workflows/valcea-clar-threads-editorial.yml,unknown,preserve; no deletion justified by static absence alone,INVESTIGATE
civora:valcea-clar/social/tiktok_editorial_v1.py,legacy code/config; exact operational role requires dynamic closure,repo maintainer / runtime owner if registered,.github/workflows/valcea-clar-tiktok-editorial-preview.yml,workflow reference: .github/workflows/valcea-clar-tiktok-editorial-preview.yml,unknown,preserve; no deletion justified by static absence alone,INVESTIGATE
civora:valcea-clar/social/tiktok_publish.py,legacy code/config; exact operational role requires dynamic closure,repo maintainer / runtime owner if registered,.github/workflows/local-news-os-social-adapter-capabilities.yml;.github/workflows/valcea-clar-social-publishing.yml;.github/workflows/valcea-clar-tiktok-editorial-preview.yml,workflow reference: .github/workflows/local-news-os-social-adapter-capabilities.yml;.github/workflows/valcea-clar-social-publishing.yml;.github/workflows/valcea-clar-tiktok-editorial-preview.yml,unknown,preserve; no deletion justified by static absence alone,INVESTIGATE
civora:valcea-clar/social/tiktok_state.json,legacy code/config; exact operational role requires dynamic closure,repo maintainer / runtime owner if registered,.github/workflows/valcea-clar-edition-delivery.yml;.github/workflows/valcea-clar-social-publishing.yml,workflow reference: .github/workflows/valcea-clar-edition-delivery.yml;.github/workflows/valcea-clar-social-publishing.yml,unknown,preserve; no deletion justified by static absence alone,INVESTIGATE
civora:valcea-clar/social/validate_facebook_single_writer.py,legacy code/config; exact operational role requires dynamic closure,repo maintainer / runtime owner if registered,.github/workflows/valcea-clar-facebook-single-writer-guard.yml,workflow reference: .github/workflows/valcea-clar-facebook-single-writer-guard.yml,unknown,preserve; no deletion justified by static absence alone,INVESTIGATE
civora:valcea-clar/social/validate_native_platform_identity.py,legacy code/config; exact operational role requires dynamic closure,repo maintainer / runtime owner if registered,.github/workflows/valcea-clar-native-visual-identity-preview.yml;.github/workflows/valcea-clar-profile-identity.yml,workflow reference: .github/workflows/valcea-clar-native-visual-identity-preview.yml;.github/workflows/valcea-clar-profile-identity.yml,unknown,preserve; no deletion justified by static absence alone,INVESTIGATE
civora:valcea-clar/social/validate_profile_identity.py,legacy code/config; exact operational role requires dynamic closure,repo maintainer / runtime owner if registered,.github/workflows/valcea-clar-profile-identity.yml,workflow reference: .github/workflows/valcea-clar-profile-identity.yml,unknown,preserve; no deletion justified by static absence alone,INVESTIGATE
civora:valcea-clar/social/validate_profile_identity_deployment.py,legacy code/config; exact operational role requires dynamic closure,repo maintainer / runtime owner if registered,.github/workflows/valcea-clar-profile-identity-deployment.yml,workflow reference: .github/workflows/valcea-clar-profile-identity-deployment.yml,unknown,preserve; no deletion justified by static absence alone,INVESTIGATE
civora:valcea-clar/social/validate_profile_presence.py,legacy code/config; exact operational role requires dynamic closure,repo maintainer / runtime owner if registered,.github/workflows/valcea-clar-profile-presence.yml,workflow reference: .github/workflows/valcea-clar-profile-presence.yml,unknown,preserve; no deletion justified by static absence alone,INVESTIGATE
civora:valcea-clar/social/validate_social_doctrine.py,legacy code/config; exact operational role requires dynamic closure,repo maintainer / runtime owner if registered,.github/workflows/valcea-clar-social-doctrine.yml;.github/workflows/valcea-clar-x-native-outbox.yml,workflow reference: .github/workflows/valcea-clar-social-doctrine.yml;.github/workflows/valcea-clar-x-native-outbox.yml,unknown,preserve; no deletion justified by static absence alone,INVESTIGATE
civora:valcea-clar/social/validate_social_engine.py,legacy code/config; exact operational role requires dynamic closure,repo maintainer / runtime owner if registered,.github/workflows/valcea-clar-engine-guard.yml;.github/workflows/valcea-clar-quality.yml;.github/workflows/valcea-clar-social-publishing.yml,workflow reference: .github/workflows/valcea-clar-engine-guard.yml;.github/workflows/valcea-clar-quality.yml;.github/workflows/valcea-clar-social-publishing.yml,unknown,preserve; no deletion justified by static absence alone,INVESTIGATE
civora:valcea-clar/social/validate_visual_identity_contract.py,legacy code/config; exact operational role requires dynamic closure,repo maintainer / runtime owner if registered,.github/workflows/valcea-clar-profile-identity.yml,workflow reference: .github/workflows/valcea-clar-profile-identity.yml,unknown,preserve; no deletion justified by static absence alone,INVESTIGATE
civora:valcea-clar/social/whatsapp_channel_presence.json,legacy code/config; exact operational role requires dynamic closure,repo maintainer / runtime owner if registered,not resolved,tracked at pinned HEAD; runtime use not proven,unknown,preserve; no deletion justified by static absence alone,INVESTIGATE
civora:valcea-clar/social/whatsapp_editorial_materialize.py,legacy code/config; exact operational role requires dynamic closure,repo maintainer / runtime owner if registered,.github/workflows/valcea-clar-social-publishing.yml;.github/workflows/valcea-clar-whatsapp-editorial.yml,workflow reference: .github/workflows/valcea-clar-social-publishing.yml;.github/workflows/valcea-clar-whatsapp-editorial.yml,unknown,preserve; no deletion justified by static absence alone,INVESTIGATE
civora:valcea-clar/social/whatsapp_editorial_v1.py,legacy code/config; exact operational role requires dynamic closure,repo maintainer / runtime owner if registered,.github/workflows/valcea-clar-whatsapp-editorial.yml,workflow reference: .github/workflows/valcea-clar-whatsapp-editorial.yml,unknown,preserve; no deletion justified by static absence alone,INVESTIGATE
civora:valcea-clar/social/whatsapp_outbox.json,legacy code/config; exact operational role requires dynamic closure,repo maintainer / runtime owner if registered,.github/workflows/valcea-clar-social-publishing.yml;.github/workflows/valcea-clar-whatsapp-editorial.yml,workflow reference: .github/workflows/valcea-clar-social-publishing.yml;.github/workflows/valcea-clar-whatsapp-editorial.yml,unknown,preserve; no deletion justified by static absence alone,INVESTIGATE
civora:valcea-clar/social/whatsapp_profile_identity_deploy.py,legacy code/config; exact operational role requires dynamic closure,repo maintainer / runtime owner if registered,.github/workflows/valcea-clar-profile-identity-deployment.yml,workflow reference: .github/workflows/valcea-clar-profile-identity-deployment.yml,unknown,preserve; no deletion justified by static absence alone,INVESTIGATE
civora:valcea-clar/social/whatsapp_state.json,legacy code/config; exact operational role requires dynamic closure,repo maintainer / runtime owner if registered,.github/workflows/valcea-clar-social-publishing.yml;.github/workflows/valcea-clar-whatsapp-editorial.yml,workflow reference: .github/workflows/valcea-clar-social-publishing.yml;.github/workflows/valcea-clar-whatsapp-editorial.yml,unknown,preserve; no deletion justified by static absence alone,INVESTIGATE
civora:valcea-clar/social/x_outbox.json,legacy code/config; exact operational role requires dynamic closure,repo maintainer / runtime owner if registered,.github/workflows/valcea-clar-social-publishing.yml;.github/workflows/valcea-clar-x-api-gate.yml;.github/workflows/valcea-clar-x-native-outbox.yml,workflow reference: .github/workflows/valcea-clar-social-publishing.yml;.github/workflows/valcea-clar-x-api-gate.yml;.github/workflows/valcea-clar-x-native-outbox.yml,unknown,preserve; no deletion justified by static absence alone,INVESTIGATE
civora:valcea-clar/social/x_publish.py,legacy code/config; exact operational role requires dynamic closure,repo maintainer / runtime owner if registered,.github/workflows/valcea-clar-x-api-gate.yml,workflow reference: .github/workflows/valcea-clar-x-api-gate.yml,unknown,preserve; no deletion justified by static absence alone,INVESTIGATE
civora:valcea-clar/social/x_state.json,legacy code/config; exact operational role requires dynamic closure,repo maintainer / runtime owner if registered,.github/workflows/valcea-clar-social-publishing.yml;.github/workflows/valcea-clar-x-api-gate.yml;.github/workflows/valcea-clar-x-native-outbox.yml,workflow reference: .github/workflows/valcea-clar-social-publishing.yml;.github/workflows/valcea-clar-x-api-gate.yml;.github/workflows/valcea-clar-x-native-outbox.yml,unknown,preserve; no deletion justified by static absence alone,INVESTIGATE
civora:valcea-clar/social/youtube_access_state.json,legacy code/config; exact operational role requires dynamic closure,repo maintainer / runtime owner if registered,.github/workflows/valcea-clar-youtube-api-gate.yml,workflow reference: .github/workflows/valcea-clar-youtube-api-gate.yml,unknown,preserve; no deletion justified by static absence alone,INVESTIGATE
civora:valcea-clar/social/youtube_auth_gate.py,legacy code/config; exact operational role requires dynamic closure,repo maintainer / runtime owner if registered,.github/workflows/valcea-clar-youtube-api-gate.yml,workflow reference: .github/workflows/valcea-clar-youtube-api-gate.yml,unknown,preserve; no deletion justified by static absence alone,INVESTIGATE
civora:valcea-clar/social/youtube_editorial_materialize.py,legacy code/config; exact operational role requires dynamic closure,repo maintainer / runtime owner if registered,.github/workflows/valcea-clar-youtube-editorial.yml,workflow reference: .github/workflows/valcea-clar-youtube-editorial.yml,unknown,preserve; no deletion justified by static absence alone,INVESTIGATE
civora:valcea-clar/social/youtube_editorial_v1.py,legacy code/config; exact operational role requires dynamic closure,repo maintainer / runtime owner if registered,.github/workflows/valcea-clar-youtube-editorial.yml,workflow reference: .github/workflows/valcea-clar-youtube-editorial.yml,unknown,preserve; no deletion justified by static absence alone,INVESTIGATE
civora:valcea-clar/social/youtube_outbox.json,legacy code/config; exact operational role requires dynamic closure,repo maintainer / runtime owner if registered,.github/workflows/valcea-clar-social-publishing.yml;.github/workflows/valcea-clar-youtube-editorial.yml,workflow reference: .github/workflows/valcea-clar-social-publishing.yml;.github/workflows/valcea-clar-youtube-editorial.yml,unknown,preserve; no deletion justified by static absence alone,INVESTIGATE
civora:valcea-clar/social/youtube_profile_identity_deploy.py,legacy code/config; exact operational role requires dynamic closure,repo maintainer / runtime owner if registered,.github/workflows/valcea-clar-profile-identity-deployment.yml,workflow reference: .github/workflows/valcea-clar-profile-identity-deployment.yml,unknown,preserve; no deletion justified by static absence alone,INVESTIGATE
civora:valcea-clar/social/youtube_state.json,legacy code/config; exact operational role requires dynamic closure,repo maintainer / runtime owner if registered,.github/workflows/valcea-clar-social-publishing.yml;.github/workflows/valcea-clar-youtube-editorial.yml,workflow reference: .github/workflows/valcea-clar-social-publishing.yml;.github/workflows/valcea-clar-youtube-editorial.yml,unknown,preserve; no deletion justified by static absence alone,INVESTIGATE
civora:valcea-clar/state/README.md,editorial/source/state/receipt asset; authority varies by resource,repo maintainer / runtime owner if registered,not resolved,tracked at pinned HEAD; runtime use not proven,data loss / state drift,preserve; registry roles must be resolved before consolidation,KEEP
civora:valcea-clar/state/festival_source_state.json,editorial/source/state/receipt asset; authority varies by resource,repo maintainer / runtime owner if registered,.github/workflows/valcea-clar-festival-intelligence-monitor.yml,workflow reference: .github/workflows/valcea-clar-festival-intelligence-monitor.yml,data loss / state drift,preserve; registry roles must be resolved before consolidation,KEEP
civora:valcea-clar/state/performing_arts_source_state.json,editorial/source/state/receipt asset; authority varies by resource,repo maintainer / runtime owner if registered,.github/workflows/valcea-clar-festival-intelligence-monitor.yml,workflow reference: .github/workflows/valcea-clar-festival-intelligence-monitor.yml,data loss / state drift,preserve; registry roles must be resolved before consolidation,KEEP
civora:valcea-clar/state/persistence_reconciliation_trigger_state.json,editorial/source/state/receipt asset; authority varies by resource,repo maintainer / runtime owner if registered,not resolved,tracked at pinned HEAD; runtime use not proven,data loss / state drift,preserve; registry roles must be resolved before consolidation,KEEP
civora:valcea-clar/state/source_health.json,editorial/source/state/receipt asset; authority varies by resource,repo maintainer / runtime owner if registered,.github/workflows/valcea-clar-editions.yml;.github/workflows/valcea-clar-newsroom-live.yml;.github/workflows/valcea-clar-source-radar.yml,workflow reference: .github/workflows/valcea-clar-editions.yml;.github/workflows/valcea-clar-newsroom-live.yml;.github/workflows/valcea-clar-source-radar.yml,data loss / state drift,preserve; registry roles must be resolved before consolidation,KEEP
civora:valcea-clar/validation/http-revalidation/2026-08-22-buila-vanturarita.json,legacy code/config; exact operational role requires dynamic closure,repo maintainer / runtime owner if registered,not resolved,tracked at pinned HEAD; runtime use not proven,unknown,preserve; no deletion justified by static absence alone,INVESTIGATE
civora:valcea-clar/validation/latest_report.json,legacy code/config; exact operational role requires dynamic closure,repo maintainer / runtime owner if registered,.github/workflows/valcea-clar-editions.yml;.github/workflows/valcea-clar-venues-ingest.yml,workflow reference: .github/workflows/valcea-clar-editions.yml;.github/workflows/valcea-clar-venues-ingest.yml,unknown,preserve; no deletion justified by static absence alone,INVESTIGATE
civora:valcea-clar/validation/public_http_latest.json,legacy code/config; exact operational role requires dynamic closure,repo maintainer / runtime owner if registered,not resolved,tracked at pinned HEAD; runtime use not proven,unknown,preserve; no deletion justified by static absence alone,INVESTIGATE
civora:valcea-clar/validation/validate.py,legacy code/config; exact operational role requires dynamic closure,repo maintainer / runtime owner if registered,.github/workflows/partener-eu-source-registry-ci.yml;.github/workflows/partener-eu-validation.yml;.github/workflows/valcea-clar-editions.yml;.github/workflows/valcea-clar-venues-ingest.yml,workflow reference: .github/workflows/partener-eu-source-registry-ci.yml;.github/workflows/partener-eu-validation.yml;.github/workflows/valcea-clar-editions.yml;.github/workflows/valcea-clar-venues-ingest.yml,unknown,preserve; no deletion justified by static absence alone,INVESTIGATE
civora:valcea-clar/vercel.json,legacy code/config; exact operational role requires dynamic closure,repo maintainer / runtime owner if registered,not resolved,tracked at pinned HEAD; runtime use not proven,unknown,preserve; no deletion justified by static absence alone,INVESTIGATE
civora:valcea-clar/visuals/S3_VISUALS_CHANNELS.md,documentation/research,repo maintainer / runtime owner if registered,.github/workflows/valcea-clar-s3-visuals.yml,workflow reference: .github/workflows/valcea-clar-s3-visuals.yml,loss of rationale,retain reference; historic mechanics are revisable,KEEP
civora:valcea-clar/visuals/s3_visual_briefs.json,legacy code/config; exact operational role requires dynamic closure,repo maintainer / runtime owner if registered,.github/workflows/valcea-clar-s3-visuals.yml,workflow reference: .github/workflows/valcea-clar-s3-visuals.yml,unknown,preserve; no deletion justified by static absence alone,INVESTIGATE
civora:valcea-clar/visuals/s3_visual_manifest.json,legacy code/config; exact operational role requires dynamic closure,repo maintainer / runtime owner if registered,.github/workflows/valcea-clar-s3-visuals.yml;.github/workflows/valcea-clar-s6-operations-governance.yml,workflow reference: .github/workflows/valcea-clar-s3-visuals.yml;.github/workflows/valcea-clar-s6-operations-governance.yml,unknown,preserve; no deletion justified by static absence alone,INVESTIGATE
civora:valcea-clar/visuals/s3_visual_pack.py,legacy code/config; exact operational role requires dynamic closure,repo maintainer / runtime owner if registered,.github/workflows/valcea-clar-s3-visuals.yml,workflow reference: .github/workflows/valcea-clar-s3-visuals.yml,unknown,preserve; no deletion justified by static absence alone,INVESTIGATE
civora:valcea-clar/visuals/site_visual_backfill_queue.json,legacy code/config; exact operational role requires dynamic closure,repo maintainer / runtime owner if registered,not resolved,tracked at pinned HEAD; runtime use not proven,unknown,preserve; no deletion justified by static absence alone,INVESTIGATE
civora:valcea-clar/web/app.js,legacy code/config; exact operational role requires dynamic closure,repo maintainer / runtime owner if registered,.github/workflows/valcea-clar-quality.yml,workflow reference: .github/workflows/valcea-clar-quality.yml,unknown,preserve; no deletion justified by static absence alone,INVESTIGATE
civora:valcea-clar/web/data/creators.json,editorial/source/state/receipt asset; authority varies by resource,repo maintainer / runtime owner if registered,not resolved,tracked at pinned HEAD; runtime use not proven,data loss / state drift,preserve; registry roles must be resolved before consolidation,KEEP
civora:valcea-clar/web/data/meta.json,editorial/source/state/receipt asset; authority varies by resource,repo maintainer / runtime owner if registered,.github/workflows/valcea-clar-venues-ingest.yml,workflow reference: .github/workflows/valcea-clar-venues-ingest.yml,data loss / state drift,preserve; registry roles must be resolved before consolidation,KEEP
civora:valcea-clar/web/data/places.json,editorial/source/state/receipt asset; authority varies by resource,repo maintainer / runtime owner if registered,.github/workflows/valcea-clar-venues-ingest.yml,workflow reference: .github/workflows/valcea-clar-venues-ingest.yml,data loss / state drift,preserve; registry roles must be resolved before consolidation,KEEP
civora:valcea-clar/web/index.html,legacy code/config; exact operational role requires dynamic closure,repo maintainer / runtime owner if registered,not resolved,tracked at pinned HEAD; runtime use not proven,unknown,preserve; no deletion justified by static absence alone,INVESTIGATE
civora:valcea-clar/web/styles.css,legacy code/config; exact operational role requires dynamic closure,repo maintainer / runtime owner if registered,not resolved,tracked at pinned HEAD; runtime use not proven,unknown,preserve; no deletion justified by static absence alone,INVESTIGATE
civora:valcea-clar/web/unde-iesim.json,legacy code/config; exact operational role requires dynamic closure,repo maintainer / runtime owner if registered,.github/workflows/valcea-clar-editions.yml;.github/workflows/valcea-clar-s5-distinctive-products.yml;.github/workflows/valcea-clar-venues-ingest.yml,workflow reference: .github/workflows/valcea-clar-editions.yml;.github/workflows/valcea-clar-s5-distinctive-products.yml;.github/workflows/valcea-clar-venues-ingest.yml,unknown,preserve; no deletion justified by static absence alone,INVESTIGATE
valcea-clar:.github/cutover-diagnostic-status,legacy code/config; exact operational role requires dynamic closure,repo maintainer / runtime owner if registered,not resolved,tracked at pinned HEAD; runtime use not proven,unknown,preserve; no deletion justified by static absence alone,INVESTIGATE
valcea-clar:.github/cutover-status,legacy code/config; exact operational role requires dynamic closure,repo maintainer / runtime owner if registered,not resolved,tracked at pinned HEAD; runtime use not proven,unknown,preserve; no deletion justified by static absence alone,INVESTIGATE
valcea-clar:.github/deploy-verify-status,legacy code/config; exact operational role requires dynamic closure,repo maintainer / runtime owner if registered,not resolved,tracked at pinned HEAD; runtime use not proven,unknown,preserve; no deletion justified by static absence alone,INVESTIGATE
valcea-clar:.github/pages-set-domain-status,legacy code/config; exact operational role requires dynamic closure,repo maintainer / runtime owner if registered,not resolved,tracked at pinned HEAD; runtime use not proven,unknown,preserve; no deletion justified by static absence alone,INVESTIGATE
valcea-clar:.github/pages-state-status,legacy code/config; exact operational role requires dynamic closure,repo maintainer / runtime owner if registered,.github/workflows/pages-state.yml,workflow reference: .github/workflows/pages-state.yml,unknown,preserve; no deletion justified by static absence alone,INVESTIGATE
valcea-clar:.github/pages-state-trigger,legacy code/config; exact operational role requires dynamic closure,repo maintainer / runtime owner if registered,.github/workflows/pages-state.yml,workflow reference: .github/workflows/pages-state.yml,unknown,preserve; no deletion justified by static absence alone,INVESTIGATE
valcea-clar:.github/preview-deploy-status,legacy code/config; exact operational role requires dynamic closure,repo maintainer / runtime owner if registered,not resolved,tracked at pinned HEAD; runtime use not proven,unknown,preserve; no deletion justified by static absence alone,INVESTIGATE
valcea-clar:.github/workflows/civora-sync.yml,VÂLCEA CLAR — CIVORA Public Sync,repo maintainer / runtime owner if registered,.github/workflows/civora-sync.yml,workflow reference: .github/workflows/civora-sync.yml,external effects,retain until resource ownership and result closure proven,KEEP
valcea-clar:.github/workflows/deploy-pages.yml,deploy-pages-manual,repo maintainer / runtime owner if registered,not resolved,tracked at pinned HEAD; runtime use not proven,external effects,retain until resource ownership and result closure proven,KEEP
valcea-clar:.github/workflows/local-life-readback.yml,local-life-public-readback,repo maintainer / runtime owner if registered,.github/workflows/local-life-readback.yml,workflow reference: .github/workflows/local-life-readback.yml,external effects,retain until resource ownership and result closure proven,KEEP
valcea-clar:.github/workflows/pages-state.yml,pages-state,repo maintainer / runtime owner if registered,not resolved,tracked at pinned HEAD; runtime use not proven,external effects,retain until resource ownership and result closure proven,KEEP
valcea-clar:.github/workflows/pr-validation.yml,PR validation harness,repo maintainer / runtime owner if registered,not resolved,tracked at pinned HEAD; runtime use not proven,compute/validation,retain until resource ownership and result closure proven,KEEP
valcea-clar:.github/workflows/quality.yml,quality,repo maintainer / runtime owner if registered,not resolved,tracked at pinned HEAD; runtime use not proven,compute/validation,retain until resource ownership and result closure proven,KEEP
valcea-clar:.gitignore,legacy code/config; exact operational role requires dynamic closure,repo maintainer / runtime owner if registered,not resolved,tracked at pinned HEAD; runtime use not proven,unknown,preserve; no deletion justified by static absence alone,INVESTIGATE
valcea-clar:README.md,documentation/research,repo maintainer / runtime owner if registered,not resolved,tracked at pinned HEAD; runtime use not proven,loss of rationale,retain reference; historic mechanics are revisable,KEEP
valcea-clar:UX_CANON.md,documentation/research,repo maintainer / runtime owner if registered,not resolved,tracked at pinned HEAD; runtime use not proven,loss of rationale,retain reference; historic mechanics are revisable,KEEP
valcea-clar:content/articles.json,legacy code/config; exact operational role requires dynamic closure,repo maintainer / runtime owner if registered,.github/workflows/civora-sync.yml;.github/workflows/pr-validation.yml,workflow reference: .github/workflows/civora-sync.yml;.github/workflows/pr-validation.yml,unknown,preserve; no deletion justified by static absence alone,INVESTIGATE
valcea-clar:content/events.json,legacy code/config; exact operational role requires dynamic closure,repo maintainer / runtime owner if registered,.github/workflows/civora-sync.yml,workflow reference: .github/workflows/civora-sync.yml,unknown,preserve; no deletion justified by static absence alone,INVESTIGATE
valcea-clar:content/legal.json,legacy code/config; exact operational role requires dynamic closure,repo maintainer / runtime owner if registered,.github/workflows/civora-sync.yml,workflow reference: .github/workflows/civora-sync.yml,unknown,preserve; no deletion justified by static absence alone,INVESTIGATE
valcea-clar:content/local_life.json,legacy code/config; exact operational role requires dynamic closure,repo maintainer / runtime owner if registered,.github/workflows/civora-sync.yml;.github/workflows/local-life-readback.yml,workflow reference: .github/workflows/civora-sync.yml;.github/workflows/local-life-readback.yml,unknown,preserve; no deletion justified by static absence alone,INVESTIGATE
valcea-clar:content/media.json,legacy code/config; exact operational role requires dynamic closure,repo maintainer / runtime owner if registered,.github/workflows/civora-sync.yml,workflow reference: .github/workflows/civora-sync.yml,unknown,preserve; no deletion justified by static absence alone,INVESTIGATE
valcea-clar:content/site.css,legacy code/config; exact operational role requires dynamic closure,repo maintainer / runtime owner if registered,.github/workflows/civora-sync.yml,workflow reference: .github/workflows/civora-sync.yml,unknown,preserve; no deletion justified by static absence alone,INVESTIGATE
valcea-clar:content/site.json,legacy code/config; exact operational role requires dynamic closure,repo maintainer / runtime owner if registered,.github/workflows/civora-sync.yml,workflow reference: .github/workflows/civora-sync.yml,unknown,preserve; no deletion justified by static absence alone,INVESTIGATE
valcea-clar:media_source/administratie-ramnicu-valcea-20260819.webp.b64,legacy code/config; exact operational role requires dynamic closure,repo maintainer / runtime owner if registered,not resolved,tracked at pinned HEAD; runtime use not proven,unknown,preserve; no deletion justified by static absence alone,INVESTIGATE
valcea-clar:media_source/centru-urban-20260819.webp.b64,legacy code/config; exact operational role requires dynamic closure,repo maintainer / runtime owner if registered,not resolved,tracked at pinned HEAD; runtime use not proven,unknown,preserve; no deletion justified by static absence alone,INVESTIGATE
valcea-clar:media_source/manifest.json,legacy code/config; exact operational role requires dynamic closure,repo maintainer / runtime owner if registered,not resolved,tracked at pinned HEAD; runtime use not proven,unknown,preserve; no deletion justified by static absence alone,INVESTIGATE
valcea-clar:scripts/build.py,legacy code/config; exact operational role requires dynamic closure,repo maintainer / runtime owner if registered,.github/workflows/civora-sync.yml;.github/workflows/deploy-pages.yml;.github/workflows/pr-validation.yml;.github/workflows/quality.yml,workflow reference: .github/workflows/civora-sync.yml;.github/workflows/deploy-pages.yml;.github/workflows/pr-validation.yml;.github/workflows/quality.yml,unknown,preserve; no deletion justified by static absence alone,INVESTIGATE
valcea-clar:scripts/check_civora_projection_ready.py,legacy code/config; exact operational role requires dynamic closure,repo maintainer / runtime owner if registered,.github/workflows/civora-sync.yml;.github/workflows/quality.yml,workflow reference: .github/workflows/civora-sync.yml;.github/workflows/quality.yml,unknown,preserve; no deletion justified by static absence alone,INVESTIGATE
valcea-clar:scripts/enrich_metadata.py,legacy code/config; exact operational role requires dynamic closure,repo maintainer / runtime owner if registered,.github/workflows/civora-sync.yml;.github/workflows/deploy-pages.yml;.github/workflows/pr-validation.yml;.github/workflows/quality.yml,workflow reference: .github/workflows/civora-sync.yml;.github/workflows/deploy-pages.yml;.github/workflows/pr-validation.yml;.github/workflows/quality.yml,unknown,preserve; no deletion justified by static absence alone,INVESTIGATE
valcea-clar:scripts/history_projection.py,legacy code/config; exact operational role requires dynamic closure,repo maintainer / runtime owner if registered,.github/workflows/civora-sync.yml;.github/workflows/deploy-pages.yml;.github/workflows/pr-validation.yml;.github/workflows/quality.yml,workflow reference: .github/workflows/civora-sync.yml;.github/workflows/deploy-pages.yml;.github/workflows/pr-validation.yml;.github/workflows/quality.yml,unknown,preserve; no deletion justified by static absence alone,INVESTIGATE
valcea-clar:scripts/media_assets.py,legacy code/config; exact operational role requires dynamic closure,repo maintainer / runtime owner if registered,.github/workflows/civora-sync.yml,workflow reference: .github/workflows/civora-sync.yml,unknown,preserve; no deletion justified by static absence alone,INVESTIGATE
valcea-clar:scripts/readback_media.py,legacy code/config; exact operational role requires dynamic closure,repo maintainer / runtime owner if registered,.github/workflows/civora-sync.yml,workflow reference: .github/workflows/civora-sync.yml,unknown,preserve; no deletion justified by static absence alone,INVESTIGATE
valcea-clar:scripts/reconcile_civora_currentness_events.py,legacy code/config; exact operational role requires dynamic closure,repo maintainer / runtime owner if registered,.github/workflows/civora-sync.yml,workflow reference: .github/workflows/civora-sync.yml,unknown,preserve; no deletion justified by static absence alone,INVESTIGATE
valcea-clar:scripts/sync_civora.py,legacy code/config; exact operational role requires dynamic closure,repo maintainer / runtime owner if registered,.github/workflows/civora-sync.yml;.github/workflows/deploy-pages.yml;.github/workflows/pr-validation.yml;.github/workflows/quality.yml,workflow reference: .github/workflows/civora-sync.yml;.github/workflows/deploy-pages.yml;.github/workflows/pr-validation.yml;.github/workflows/quality.yml,unknown,preserve; no deletion justified by static absence alone,INVESTIGATE
valcea-clar:scripts/verify.py,legacy code/config; exact operational role requires dynamic closure,repo maintainer / runtime owner if registered,.github/workflows/civora-sync.yml;.github/workflows/deploy-pages.yml;.github/workflows/pr-validation.yml;.github/workflows/quality.yml,workflow reference: .github/workflows/civora-sync.yml;.github/workflows/deploy-pages.yml;.github/workflows/pr-validation.yml;.github/workflows/quality.yml,unknown,preserve; no deletion justified by static absence alone,INVESTIGATE
valcea-clar:strategy/checkpoints/latest.json,legacy code/config; exact operational role requires dynamic closure,repo maintainer / runtime owner if registered,not resolved,tracked at pinned HEAD; runtime use not proven,unknown,preserve; no deletion justified by static absence alone,INVESTIGATE
valcea-clar:strategy/growth_inventory.json,legacy code/config; exact operational role requires dynamic closure,repo maintainer / runtime owner if registered,not resolved,tracked at pinned HEAD; runtime use not proven,unknown,preserve; no deletion justified by static absence alone,INVESTIGATE
valcea-clar:sync/civora_state.json,legacy code/config; exact operational role requires dynamic closure,repo maintainer / runtime owner if registered,.github/workflows/civora-sync.yml;.github/workflows/pr-validation.yml,workflow reference: .github/workflows/civora-sync.yml;.github/workflows/pr-validation.yml,unknown,preserve; no deletion justified by static absence alone,INVESTIGATE
valcea-clar:sync/run-now,legacy code/config; exact operational role requires dynamic closure,repo maintainer / runtime owner if registered,.github/workflows/civora-sync.yml,workflow reference: .github/workflows/civora-sync.yml,unknown,preserve; no deletion justified by static absence alone,INVESTIGATE
valcea-clar:tests/test_media_assets.py,legacy code/config; exact operational role requires dynamic closure,repo maintainer / runtime owner if registered,not resolved,tracked at pinned HEAD; runtime use not proven,unknown,preserve; no deletion justified by static absence alone,INVESTIGATE
valcea-clar:tests/test_site_ux.py,legacy code/config; exact operational role requires dynamic closure,repo maintainer / runtime owner if registered,not resolved,tracked at pinned HEAD; runtime use not proven,unknown,preserve; no deletion justified by static absence alone,INVESTIGATE
valcea-clar:tests/test_sync_civora.py,legacy code/config; exact operational role requires dynamic closure,repo maintainer / runtime owner if registered,not resolved,tracked at pinned HEAD; runtime use not proven,unknown,preserve; no deletion justified by static absence alone,INVESTIGATE
