repository,path,bytes,sha256
civora,.github/workflows/civora-persistence-reconciliation.yml,11471,6f734c07082a38f9f5c09787a192a56538c8011a0812ddd8acc9af27a1be82bb
civora,.github/workflows/civora-scope-drift.yml,2801,10c481e9af9225cd17b3f428b8ff31e33dbd329116904ab5dfe60da3326accb9
civora,.github/workflows/craiova-clar-public-safety-scheduler.yml,14378,2001716f24bb0d28301a3827c23de0fc447a0663c51dde35d18a8eb28978589e
civora,.github/workflows/craiova-clar-utility-scheduler.yml,9457,7d726140e64a3258fe8582710a9a648020f9fd57b72e522bd3b4c6e049aee11b
civora,.github/workflows/eucons-ai4work-research.yml,4211,eb6f77427c8602b5b7fc9c3be4ddf8464864178ca9b376063199aad7cf592219
civora,.github/workflows/eucons-build.yml,1790,df4dfda53537799fccd59e9a33191e5e4b15eb26a7333daa5685a81237afa8da
civora,.github/workflows/eucons-client-finder-commercial-scope-readiness.yml,1340,2b0e08949caa59e5a966623a312cbd428f99c152c1395a9de425e4706f9e81b3
civora,.github/workflows/eucons-client-finder-evaluation-transition.yml,1289,981dfd090dae12b5a8ae870ecd9530d6580eba16f0f566548d2d82d4300fc793
civora,.github/workflows/eucons-client-finder-final-offer-candidate-review.yml,1364,8b54f9ff559e700eee2188d0a1218f8ad4173f0ce2c85dbec6d1d46496728829
civora,.github/workflows/eucons-client-finder-final-offer-release-authorization.yml,1424,5b57e3c5ab0a09cd8dd138afc42bc686cbdcfff3d120cd165e91afe0a9ceb3ae
civora,.github/workflows/eucons-client-finder-final-offer-release-execution-authorization.yml,1544,0b0e59d7ad9f3697b8a86e87df119b6bd4d5255000a35200b25cbec87bb48abc
civora,.github/workflows/eucons-client-finder-final-offer-release-execution-commit-authorization.yml,1628,4a1df72ec1983fa391ce9c86253c4f21599a42a031c96228c1aee801c6c8cb71
civora,.github/workflows/eucons-client-finder-final-offer-release-execution-commit-preparation.yml,1604,f2b6fa4bffd5475fb800f7326aceb34f6eaddbee1153cd2055da4c0927139a77
civora,.github/workflows/eucons-client-finder-final-offer-release-execution-commit-review.yml,1544,deef0b2d8b8910289de565721ebb8fcf0e1696de08d936c14d6d6f929cfc3840
civora,.github/workflows/eucons-client-finder-final-offer-release-execution-gate.yml,1436,1696af81224a4e0f3e24910089227de938345cb6d5753dfa5f0e7ae1501e744a
civora,.github/workflows/eucons-client-finder-final-offer-release-execution-review.yml,1460,9f083824ac9c8a9f3e85511afe09abca5d9f66784c5f54659272002d57574c21
civora,.github/workflows/eucons-client-finder-final-offer-release-package-preparation.yml,1496,91a387530798a5765468429fad1af66457e8d6f9bdde9f8972e77fe50a0bcfe2
civora,.github/workflows/eucons-client-finder-final-offer-release-package-review.yml,1436,942c7e26f500cfded5ee9dc54fd655bd2e1bb723075e884a1fe126f416cbbf7e
civora,.github/workflows/eucons-client-finder-final-offer-release-readiness.yml,1376,f94321ae763606bef10dba435834461f7f5690139923c808497f6e598b80e638
civora,.github/workflows/eucons-client-finder-internal-final-offer-candidate-generation.yml,1520,14fa36034fe509ae4c4a15efbd001886677d77cf3d510daf95e76d946aa665ed
civora,.github/workflows/eucons-client-finder-internal-offer-draft-generation.yml,1400,dfe0b0d0936df07be1afc02a91fdc59837439705eccb82300cea3bbec38c4849
civora,.github/workflows/eucons-client-finder-match-explainability.yml,1284,86c9be24ac578dccdb3263b180c63e76f3b89d0daa26bb1c21cb5b01bf6cb69a
civora,.github/workflows/eucons-client-finder-offer-content-review.yml,1268,e807158fb2ab235f5de68a31bf86f7f75fb748a0632bb559551adec17f7363b5
civora,.github/workflows/eucons-client-finder-offer-finalization-readiness.yml,1364,4a01cfd402a0f8bc1b898c540c2d24cebbdb675c1b1de33a3a15bd35900d111f
civora,.github/workflows/eucons-client-finder-offer-preparation-authorization.yml,1400,9dd5142a2b5c08a8e6e68442f8471b8a76afb43f196eb29042873c7b00a6b866
civora,.github/workflows/eucons-client-finder-operator-triage.yml,1224,5757f646376623c47735cb9252a926c97eb41e65d1fbb7dab70506e7106b41b5
civora,.github/workflows/eucons-client-finder-research-evaluation-review.yml,1340,3b405bb3b497a9000b3a4322d2ff9d197859a55699de4e0686129b6a712d0830
civora,.github/workflows/eucons-client-finder-source-authority-queue.yml,1460,55ea471d9bbcb12f03526ee094b3b82b122075ab9063610e1c6e853dc748d379
civora,.github/workflows/eucons-health.yml,1026,1b5353a4d5c36ce6c39727fc759b99a211ad8473cbf184748d486cbc92c5817e
civora,.github/workflows/eucons-hygiene.yml,748,76b12caf744917043807ee0ed97ef73fbda27b6c7799eef04169f3b8fef14675
civora,.github/workflows/eucons-main-writer-serialization.yml,1341,05e9c5b3ab2f4e6be98456b94df45c714bb94e81be04af5a9455d2abc3a8cc01
civora,.github/workflows/eucons-official-source-operator-queue.yml,2004,824c1a3ca5caf2a524f6c3428a60dddecf0d8f41f0afc6daa548859ea905928e
civora,.github/workflows/eucons-opportunity-official-source-authority.yml,3252,9d2636a5241a0e3a6e71d20ef6d783e769b127e0285057c46a8bcc60a17a64fa
civora,.github/workflows/eucons-php-runtime.yml,2263,c083cd89810a5c7484f12c4b14e7a9847f38e03a3abf8b26a6f88c09db6ff27d
civora,.github/workflows/eucons-provenance-freshness.yml,1228,58d51ce8f5df8f221f88c0f855c9736ae13656a9170e4e2b164c1b0d2bb2fabf
civora,.github/workflows/eucons-provenance-triage-explainability.yml,1372,e4a77adab3938deeba4d6e10e8a8a961dccd7fad87b4cbaf22f78410386096c7
civora,.github/workflows/eucons-quality.yml,11790,2280b4c7dfa4cc83675faa54d7fe05a6b827a269830a5f032b44277be330f52c
civora,.github/workflows/eucons-reconciliation.yml,1057,c940d31d7d0abcf3f13409a79ee6cd8f9022137fa9e90b454bc333891c499a35
civora,.github/workflows/eucons-scheduler.yml,2246,06f5ef831b70d5ae76cb305ef8497f330e6d991af270df0bb370049aab525ca9
civora,.github/workflows/eucons-source-freshness-recovery.yml,1547,f851c7476ac468671c8b1840e83c6e629b3a23da433633d4e2dc02bf909f31cc
civora,.github/workflows/local-news-os-authorization-sealed-harvest-receipt.yml,2103,d1b831c9c9c2f1308e0b09952292415e61c384d1aaeb575ee4fe9e6ba1172645
civora,.github/workflows/local-news-os-authorization-sealed-harvest-recovery.yml,2154,c29a4d71dd64d0c7bbd67292b92a60f04f7665f640004d2f0408f620b99b217f
civora,.github/workflows/local-news-os-core-hardcoding.yml,1008,9f5959062ee5b2015218e5df3354b8f013e9b781551e5447e0a6b5521d7d9ee6
civora,.github/workflows/local-news-os-core.yml,8995,b12b8a1d46c0d2477abdd051a79e9506c0a534a2d7c138c3386042c191ef9888
civora,.github/workflows/local-news-os-correction-dispatch-router.yml,2484,cbad1835cf73ef96c376061362cd342635d751e99e501c0d89f8c73c3925c46e
civora,.github/workflows/local-news-os-correction-outbox-materializer.yml,2259,89aefaebd0cad30ee853ef0f92bb33ab0ed169b042a44d2d0a073f0433b472c5
civora,.github/workflows/local-news-os-durable-feedback-snapshot.yml,2233,e222d9aa7b31c8172853d5338042aeb6b5334407d477213c0598cd05a243f813
civora,.github/workflows/local-news-os-fleet-harvest-recovery.yml,11766,0b45aea90af50ba6b161c4a72e19aa951cb666ab73c5dc491480415e7387f6fa
civora,.github/workflows/local-news-os-fleet-reread-authorization-handoff.yml,3684,afeb192d36cbd8afb43f39da5fa5f6ab7d95abfc7dd88124738c88d9d4de779c
civora,.github/workflows/local-news-os-metrics-harvest-runtime.yml,6808,c54dbdd8f4f305546ab428c207786db075b9f7cb9d95a16190cf45854d3bb920
civora,.github/workflows/local-news-os-metrics-harvest-scheduler.yml,5144,aaad28dbc0e9fb0d6c1cfee1cf4fdbc9e5f5a09d7c183acde45e5e826bec3c55
civora,.github/workflows/local-news-os-native-metrics-transport.yml,4570,0fc59d476a9729755fb170c262c1cabb3c0aa84d82af1f434240c9f723ac1b77
civora,.github/workflows/local-news-os-native-series-compositor.yml,5949,a6d07d909fd4f04454d4daf79516c78d56db871fea38c65f03bc81a03e6cd256
civora,.github/workflows/local-news-os-observed-feedback-application.yml,3135,0ca6fbfa6dbefdbf2c99d4433dd23fe5b21492c6f13c242899be17ee7abeb517
civora,.github/workflows/local-news-os-observed-metrics-collector.yml,3322,5dab8bf35f3cd74f5213edf401db27167f95f2ca285d10cca24dae49a968de68
civora,.github/workflows/local-news-os-publication-metrics-catalog.yml,2075,80218fd708a53e4b0fbada7062f70350267dbf17e521db3f40c144299e00a13c
civora,.github/workflows/local-news-os-publication-metrics-handoff.yml,2596,c481f85e47f8567dc87764d74baadeaf3df02789d6c694d6c5c7fea77db12265
civora,.github/workflows/local-news-os-recurring-series-runtime.yml,4056,884b8c9b7118d315232ab26d3a94545a1182259d21f369c1b503344decc7bd23
civora,.github/workflows/local-news-os-reread-attempt-provenance.yml,3258,ebfdca6290c4bb711d7fe25e3cc0de01da6532f3bdc19762b857fe11897ff9a8
civora,.github/workflows/local-news-os-reread-materialization-crash-reconciliation.yml,4501,d85c9883f4ece4285c25bd88ebb57417859eca8cdbf338d1951e2f7d177318dd
civora,.github/workflows/local-news-os-reread-provider-outcome-binding.yml,5371,17502af2da78922d5903850b96f7fa56c2fb6414db24a1cfc626e39b1baf2109
civora,.github/workflows/local-news-os-reread-result-materialization-binding.yml,4966,b310834f2c7e3096f021e84184c49fe3c34b9796836d9733de578f002225445c
civora,.github/workflows/local-news-os-reread-spend-reauthorization.yml,3863,af89befca68e69d4a9516a8b6eaaafbb006a72fb3de012677f0959fec4ba8f7f
civora,.github/workflows/local-news-os-reread-spend-reclaim-binding.yml,3815,2a5b30c76820b3aeb1c50ac3d000c6d6e9ed4f47284327e004d45deeb4341bc9
civora,.github/workflows/local-news-os-reread-spend-reservation-recovery.yml,3960,fd8739d4044055f38da38da097e1feb6c0c8aa73d09ff2fbacbb2f0a2b43e17e
civora,.github/workflows/local-news-os-series-adapter-dispatch-handoff.yml,4809,a0b3898419e02e083d5f05c6e15306cda3abe46718eab812abeadbb7ece1d975
civora,.github/workflows/local-news-os-series-async-dispatch.yml,3959,d113225b343011e72ea7ac6f20e77264dcdde0675b4813a1aabd48253d642f7f
civora,.github/workflows/local-news-os-series-durable-dispatch.yml,3383,c39307bfaf20b3474925c6dfaf0ddb5fd015eb75a081cb93c79e9af5cd050f2d
civora,.github/workflows/local-news-os-series-publication-state-bridge.yml,3686,7745f627897320bf944392b81f3f0fcf4ccff0745756971f3358de5caf219158
civora,.github/workflows/local-news-os-series-visual-router.yml,3997,429c883686072319a2112bb323196585698ef5d8dd71e508d7a4202a792d9245
civora,.github/workflows/local-news-os-social-adapter-capabilities.yml,4535,2ea70742ccc938bd92e05ab8d834ff60568c8718064bc32532277f9f8216f1da
civora,.github/workflows/local-news-os-social-core.yml,11958,0ac1c7fb038465ede0e4e90ea237f1b047804ec5d6c5516a8f199dd3cb9b7857
civora,.github/workflows/local-news-os-vnext-build-state.yml,1059,c41db1d259ea632dd201f2337dce60b094f0a611e44329381cc3baa54622d747
civora,.github/workflows/local-news-os-vnext-distribution.yml,4229,9bb10ee9a0d7aacd2ec7e5713b41c0a1bba5dc3548a010a99283bbae2827d8b2
civora,.github/workflows/local-news-os-vnext-editorial-qa.yml,4516,8faa97f9ed905eb4ab6f6ffe9ca7143724a0babbacfea4c511d5d6efcd7b23d2
civora,.github/workflows/local-news-os-vnext-instance-bootstrap.yml,3197,13140d374c1301de9f790d66217f31838bf7e0cda6fbd986516441a72eb53a7b
civora,.github/workflows/local-news-os-vnext-knowledge-graph.yml,3574,3c0de9713cd1372836db0016f0caf097d1b59ff9d55f1139b9a92b15f5c3502f
civora,.github/workflows/local-news-os-vnext-media-intelligence.yml,4017,7447b9ec4fd306471c5c8eea7848287bd2a1a59ccf37ea1f8ca850c8ec5bc80b
civora,.github/workflows/local-news-os-vnext-release-control.yml,3210,f12101395120febeac66d2283c980f51635f7857879b6ba64250dd1705b59e00
civora,.github/workflows/local-news-os-vnext-scheduler.yml,4270,bec9a525e8011b6ca9512629d6a8d52b1ba36fd2d57c9acb2a125599d21b308f
civora,.github/workflows/local-news-os-vnext-site-publication.yml,4077,a8617f9ccf413333c124a33db6694f3f6ca78c56ebb7171bef81802ed3c51f6c
civora,.github/workflows/local-news-os-vnext-valcea-shadow-migration.yml,12043,71b09d96b4538bd238c96f99ac653ea84e5ad9f297881f7f907feeb605d830b1
civora,.github/workflows/local-news-os-vnext-valcea-shadow-projection.yml,9357,61a29e011bdc8cfde533f52eae58b508b41427089bd82d5ade184e390b91d3f2
civora,.github/workflows/local-news-os-vnext.yml,15559,ca93c6b0cfbd2b98149b9773a229f116ec6211aef16aca4298dd50f8d1ae3dcf
civora,.github/workflows/local-news-vnext-runtime-db.yml,2506,2da374b02fccdce4b390198c88f9c655ac5e833d67625f37175b024966e42031
civora,.github/workflows/needs-factory-need-synthesis.yml,3628,b3f16feafbb7a362077bae92fadf8ec647a28f6e1b3788a303f468b1186788e4
civora,.github/workflows/needs-factory-primary-research-pack.yml,3558,2865ba730b6b6108ddaa7549c4eb598d7b0fadfb86b13efeb1e5fdd089dd3497
civora,.github/workflows/needs-factory-quality.yml,8933,159500f5297c3e44a1bc01853287bde5d9744699245fc5213f9e5fda53778dd4
civora,.github/workflows/needs-factory-release-handoff.yml,4642,0e7ff9a6f90c2ac8271e94fc9e6370b8c0327a58d419e50e2d337473479bf242
civora,.github/workflows/needs-factory-research-adapters.yml,3065,f77d8ba7a1041c294d7beb1bf1cbe92331fd152708c6af9b32dbd72354bd535b
civora,.github/workflows/needs-factory-research-orchestrator.yml,4552,9ba83fe2278be602e418eead499041f60d2136ad3726d105b141bad0fee2a18c
civora,.github/workflows/needs-factory-standalone-needs.yml,4383,6ce3b4f60b2e2d7e631b8f14cc1eb243cd20431f4b46b57c661eac153f62b482
civora,.github/workflows/partener-edge-local.yml,4512,e34ffbf2bac1d4cabf537f80c3bebb7ca08c0b275c97503b6985ce7cdfcc3e04
civora,.github/workflows/partener-eu-afir-ingest.yml,11783,c0d6c0b7944eaa8c94c2dba2a23c905300cbfc13750fcd7e10fae000dc71735b
civora,.github/workflows/partener-eu-afir-pages-bridge.yml,1641,1abd63fc282eb642c3abbba4a7a7349b03d5fffdd4594b3738107c832ca6b9d7
civora,.github/workflows/partener-eu-afir-september-coverage.yml,4622,0a7d943aa942dbb461adc03f710e98c29801cb4ef7d2de8aa00deb78b0efbf53
civora,.github/workflows/partener-eu-anaf-financial-smoke.yml,1426,4faa5a552e9700bee37a48a2d79fb28fd6e892ac20bc905554bf1c70517c9e33
civora,.github/workflows/partener-eu-consultant-v3.yml,2641,4e204df4f3e8a4fa94a416ab985a644e182f91a75d0c33eec54d97d8516f6620
civora,.github/workflows/partener-eu-creative-europe-calls.yml,20012,a5171d2fdd11016de62b817b6ca610f148672515adcb26fde592cf0473905245
civora,.github/workflows/partener-eu-cui-profile-smoke.yml,5791,7db7c8696226b1042183738bab020f57da53c52ab6e6e7eb07969069abca967c
civora,.github/workflows/partener-eu-decision-products.yml,10391,22917cc740ab74feed05225331c08d759fc5aec076ae2de5342dca798763809b
civora,.github/workflows/partener-eu-editorial-daily.yml,15288,689a4b0397b724df3a3910491525eae46a717fd60f0c6b831f90c957728cc8a2
civora,.github/workflows/partener-eu-eea-csf-live.yml,8237,0f33c87987127c8cea9f77585749f1d7e702d72d5714e3d3e1239a3843189b8f
civora,.github/workflows/partener-eu-esc-source.yml,5631,6fe6a58d46d2f9ab6f16677e9f7c31d478248463a97792ba85eb86a5c6903e4b
civora,.github/workflows/partener-eu-eu4health-hadea-ci.yml,10223,79612e0d392a43ada2711552b3ff257623dfc5d48789eff5f59f91f51a387589
civora,.github/workflows/partener-eu-eui-calls.yml,5368,b9b130e0bda2179c988cd6679720928a71449b6102c90c82328ed364b6c5ccf3
civora,.github/workflows/partener-eu-ft-programme-coverage.yml,18729,1e5421e457cea25ac16d47c9c69b3116286fd0df9ef45a59a99b81e8904bd2b9
civora,.github/workflows/partener-eu-funding-tenders-live.yml,15281,221f401e2157fe38ec662c11ce9304164dfd8d4ef31a9bb1c39faff54356b58d
civora,.github/workflows/partener-eu-go-live.yml,8078,eb790a70d40de27cc59d1c9174af4c69a2c79cd201692b97ec0be833be5a692d
civora,.github/workflows/partener-eu-legislatie-api.yml,2109,5b3915050a40d8461b7ae13145c8814460e776a043f4374b64a3bc4848536f63
civora,.github/workflows/partener-eu-mff-2028.yml,1433,6bcc9cfdc3ffb3144df9da09bf21fbf39c3f86804ee00573a2aa506996c1cfd0
civora,.github/workflows/partener-eu-mipe-collector-probe.yml,2865,8819df538d296ca264dae3380d2d355556ace0cf05858f2084112966281b8136
civora,.github/workflows/partener-eu-mipe-dual-cache.yml,3556,f6135a8381d2d2bd685ffe20f3b94eb19a4a994f7031b1252957954a604fae3e
civora,.github/workflows/partener-eu-mipe-dual-relay.yml,3380,edc76c8b38c8ed985f997580865cb02f176e116505856254a2550987016a644a
civora,.github/workflows/partener-eu-mipe-engine-v3.yml,14181,8996ebb364bd8e246acec2560f06edea36b259c24af58691620383e0cf1e6485
civora,.github/workflows/partener-eu-mipe-final-cleanup-qa.yml,8445,7d80760b307f7d42a721a1c9a0fc6c3febd6443d01d8592bd1e061747ea5cfc0
civora,.github/workflows/partener-eu-mipe-ingest.yml,12620,2cd7f801a7257b06ade7cfe437c9f95ab1fb6c704e4e1b78e0d5aa612afd2792
civora,.github/workflows/partener-eu-mipe-ro-crawl-v3.yml,10054,b88fb71c595455361b7a24b4dcc327231b38f9988a0976bdac9520577365082d
civora,.github/workflows/partener-eu-mipe-ro-v3-scheduler.yml,1231,a0afa9b46e142adbeec505ef4b1fab35c0213b0f8c7f5952e0a63c3fb88b34fd
civora,.github/workflows/partener-eu-mipe-source-replay.yml,7882,e63a508e416e106f933590a3d670c7d2e1e4f8ac32eba83856f63a7c8ca46837
civora,.github/workflows/partener-eu-mipe-transport-scout.yml,7933,e560181dd00187528d062c2b408ec0e533314c28912cd9f5d61ad100aab091b6
civora,.github/workflows/partener-eu-p11.yml,1858,19e55d96d3ebaa2028fa32fc186283b4d1db6bd34653195c2b1972d1f266d7d0
civora,.github/workflows/partener-eu-pages-diagnostic.yml,3528,11cf451ed43062ebde76c980076a8b4f4998fc3293ed6352ccf757e8b89c20d5
civora,.github/workflows/partener-eu-pages.yml,13225,bf50c3df90e1d2b41438f490a8c67b3a5219fad718824f83489d6ac92db99fd7
civora,.github/workflows/partener-eu-peo-calendar.yml,2929,d784903c984d5b7aa3915c35d6be3c77ad8ca3c5fd05d10d8497f3524332812c
civora,.github/workflows/partener-eu-source-intelligence-ci.yml,2975,f461a12d9eed52d1e4b77d228953ddd146b35344c0cd62cd510ec5f4afb447b8
civora,.github/workflows/partener-eu-source-reconciliation-trigger.yml,849,d4425db3d0e444915dc44c485fb8bd75ab007d95f2cf45509616c03135743407
civora,.github/workflows/partener-eu-source-registry-ci.yml,11172,d4fc0e84df0baf6d0d8aeff84ea72fd1298be5b09f7d30224b03c29854079543
civora,.github/workflows/partener-eu-source-registry.yml,20421,b270676c35e718565eea8d6df70922858beb088445a79a5b16d9fdc91f79c4be
civora,.github/workflows/partener-eu-ux-consolidated-v1-v4.yml,4807,dfe8f5291fe28e7a818a6fd68e360a42c9cc6301b921ca4a11d115c217ad9e4f
civora,.github/workflows/partener-eu-validation.yml,11053,e2631e90b2f29201f307b50ba4461063e5c60bf35d9d67f17d5dcce2fb19f86b
civora,.github/workflows/partener-eu-web-qa.yml,6431,d5bd09e39b0ed15802352fa1e066bbd7affc08273d35a952ce7b082ccf5a41cf
civora,.github/workflows/public-presence-os-ci.yml,3154,6c7a92dd87304af9ef1a444787b86a10577c9c6aaa98634f430e500ef8f60ba2
civora,.github/workflows/public-presence-shadow.yml,2957,1467194df83de679ebc8eba730cc6b97272fe91c04dde066542a572399f30325
civora,.github/workflows/rpm-lead-api.yml,2241,6ce0e2eb46147563bbbb535c9690a9b53817cda1a077bf36d7e6ca9e6a4565df
civora,.github/workflows/valcea-clar-ajofm-valcea-labour-market-references.yml,1759,a3040f7874fa88e7c696fb2fd23587cfd99b92abfaca8837e2da8e491a6812be
civora,.github/workflows/valcea-clar-apavil-scheduled-water-interruption-references.yml,1758,3abf3602ab9e0d4134f07e13c34c9bd894fa67a45880e4878067c5ac01f05fa4
civora,.github/workflows/valcea-clar-apavil-signals.yml,1327,79b4e3f4d83ca86873b5cf06c864776a6e003974969972beb0568b457560a1bc
civora,.github/workflows/valcea-clar-artist-story-links.yml,1129,7f06cb21206537f88666db59129f60cd1463990d9fc8d3cea101e375091597e7
civora,.github/workflows/valcea-clar-babeni-municipal-announcement-document-references.yml,1000,10bd43bc4d4d0b79b3e13f30a277c377dc6a70e6f5078f6fb66ce3c4b88a5d9d
civora,.github/workflows/valcea-clar-bjai-events-desk.yml,1370,85b0b55039ea80e506c0d89fe78934b496fc621d4f4e6df6d47e55eb2fe371fb
civora,.github/workflows/valcea-clar-bjai-events-signals.yml,996,0e169321a2c0b4d204cb10e6dcbeb192e4a012fc7b111eaed30dd55ae4cb8ddc
civora,.github/workflows/valcea-clar-bjai-valcea-event-references.yml,1073,3a253852a24f6b283a908d642beba1652a3680751d0575c681febaa1006e5247
civora,.github/workflows/valcea-clar-canonical-export.yml,5869,5822f0ed352de9ef1a3a58a4e9f6f48913d6fc2c1291a4549dab5ae234412db2
civora,.github/workflows/valcea-clar-cas-provider-directory-recency.yml,1130,2813c69ee4a452d4c423fd15c359867c2073acf4f509a1478f99077f12d7c8fd
civora,.github/workflows/valcea-clar-cas-provider-directory-reference-change.yml,1213,6b65cf09bd794cd953f4df2e9f14cc2629fc5f778db652cfb0b26a8d91efa5bd
civora,.github/workflows/valcea-clar-cas-provider-document-metadata.yml,1121,048465fdb503effa7f199dd719eaa60c0198f2cf193bd5da16c326d8568515fa
civora,.github/workflows/valcea-clar-cas-service-signals.yml,2377,54b34d2cff1208ec3a86cef7169f900c96d5157bd2b6f0d1230cc8cc187d2756
civora,.github/workflows/valcea-clar-ccd-professional-development-signals.yml,1171,f94c0894cd2db944c972d8ea75355e3ef289e10467a6db8150e413e2d5aaf356
civora,.github/workflows/valcea-clar-cci-signals.yml,969,6378df5d650be48f382dffbdc9285a99d5d5cf5c2f9e8b47efb627a6a9ebf039
civora,.github/workflows/valcea-clar-cfr-craiova-speed-restriction-references.yml,1178,25b427811fd34242829eaacda892483377b4f653149e508e57abb17ff16f106b
civora,.github/workflows/valcea-clar-cfr-craiova-valcea-reference-change.yml,1158,624ee1a6af0b4bc457b5dfbf48faf7d18ad226b861790f9a9f8173290f043d43
civora,.github/workflows/valcea-clar-cfr-craiova-valcea-scope.yml,1065,f823a961f381bbc4a79c91737092aec67e3b2340c1b318f1b870726e085169a2
civora,.github/workflows/valcea-clar-cj-roadworks-signals.yml,1043,156e7e83e8535e7b5c7415a055882a11b2bbe0c8bc7a25c1c72adacf66f62f7c
civora,.github/workflows/valcea-clar-cj-valcea-adopted-decision-reference.yml,1166,4fadbf044beb61c0c01197a7c52ead9de04052d42a4bd3c84b3ff6c720f37e97
civora,.github/workflows/valcea-clar-cj-valcea-executive-disposition-register-reference.yml,1297,f349c76c84cd9434cf0bc40e0ac484b1a8a311779840f358cf9d43fc555df1e5
civora,.github/workflows/valcea-clar-cj-valcea-session-announcement-reference.yml,1206,8c99c7e3f4b594d8d25f05c215d457f6e73a362d4f59c6ac09f49f8ab557c38a
civora,.github/workflows/valcea-clar-cjrae-education-support-signals.yml,1128,188799fa1d2e66645b464e279f26686f8b59f3234437de6130b651c620a096ca
civora,.github/workflows/valcea-clar-djm-valcea-environment-permit-register-reference.yml,1258,abf669a2fa68b3a14573bc6e34f29e57ffa3632952f03e84dd976f3814586a3b
civora,.github/workflows/valcea-clar-dragasani-public-service-directory-references.yml,978,7d52b1209397dc36c4db4ebb583957c38da1612511eb2e983eab7689c5a4b211
civora,.github/workflows/valcea-clar-dsp-health-signals.yml,1000,23ef8e9168061604f54b16242f1a5a40e136ab5be6a1f6180875c885dc702eea
civora,.github/workflows/valcea-clar-dsp-public-health-signals.yml,1072,46b86cccd963a699ced88457f7fb8803a2a319eea5487c9461140d66f89693d0
civora,.github/workflows/valcea-clar-edition-delivery.yml,5468,d4bbcd371253ef218262011713b2945a908f6a7e594857c6d38846c0c34db745
civora,.github/workflows/valcea-clar-edition-recovery.yml,9277,67697aa9777f42bc649bd536145b89e3455893b706c6c909ca98cd1e2f8e1d7d
civora,.github/workflows/valcea-clar-editions.yml,13339,6e1e44efe749aab39744f911de1932f7d83c5493d4c9e64acee879f1369e2346
civora,.github/workflows/valcea-clar-editorial-dispatch-contracts.yml,4572,36414bda089bccb313e5e6d6567765e96f3f07e849060548a3a21c82134db823
civora,.github/workflows/valcea-clar-editorial-opportunity-engine.yml,4236,d03835d8a110050faefb20cce882dbdb63f365bea506e6a9eadd3d11063e98dc
civora,.github/workflows/valcea-clar-editorial-writer.yml,5011,4bf1b30a6bfa9fae2dab70910c8b9182966a09e2de5d15a5ce168a1e2f4fe3a1
civora,.github/workflows/valcea-clar-editorial-writing-quality.yml,5422,cd5f5a662a01b8c0c94efeb4759de4b94d33a6339eaa8b0ad3d9da883612ea49
civora,.github/workflows/valcea-clar-engine-guard.yml,4916,0fd6d11e664c90ed295b8ca577fe83614561c83e80f0dcd8c8c86213490d9f95
civora,.github/workflows/valcea-clar-eta-bus-route-directory-references.yml,1880,777ee76fa7a0fbd5f1c093a8f3bf60ff2f09b8a98c40a88302d7bdd49297f948
civora,.github/workflows/valcea-clar-eta-bus-service-announcement-references.yml,1811,7cb112da88603f1d2b2f48eaf791b21ac8f0778491c5c8957afe2e1c980b6168
civora,.github/workflows/valcea-clar-eta-event-transport-detail-evidence.yml,10097,3eb30718529ca00487240e1f69a54cf17ab737e80264034a8c108f9e85274d7f
civora,.github/workflows/valcea-clar-eta-historical-detail-reconciliation.yml,10505,7a7fc344c1ddb95d562f013111edad6d502c8c893ef6c51d4ab5bf130fa9f0e5
civora,.github/workflows/valcea-clar-eta-service-news-temporal-gate.yml,9330,bf1cb1e8d510972979a8028486a281bcb7ad26fdd209cd82e30a6f74ba480def
civora,.github/workflows/valcea-clar-eta-signals.yml,1268,f6670171d6d49bb82c8e7baca6edde609d8107ace2069d42a404899adaa1cb61
civora,.github/workflows/valcea-clar-eta-transport-archive-references.yml,7712,4a0a109896946a6cf87e0f3fd4bcfb924b6365673d1494b1f44300a8557c9657
civora,.github/workflows/valcea-clar-eta-transport-detail-evidence.yml,9844,dffc14d777c65f1168d209a33637b9d1520bf765848703238c958c763bae41b0
civora,.github/workflows/valcea-clar-eta-transport-references.yml,6885,0c11b0b84f4d2c316ea9668f172206fa10ef83803d61bbbc2e23aae19a14a055
civora,.github/workflows/valcea-clar-facebook-editorial-adapter.yml,4591,dc21afde80cb7da0a198f580ca3eca67df935ecb5e7771140a05d90d08332d98
civora,.github/workflows/valcea-clar-facebook-profile-sync.yml,2871,cd8f0579c4cbb4a0692e38c26b1251e4459555c27cc6be8f112ffbeadc1bd705
civora,.github/workflows/valcea-clar-facebook-single-writer-guard.yml,1222,8da5ac5628487c5ea106340397e02a7bc06c02c8401ba891b5a8aa5c56e9cdc6
civora,.github/workflows/valcea-clar-fact-kernel.yml,7764,d81938b6dafc5b5b645721cfd730a19c0ab938fc198999568dc72c03102dab2d
civora,.github/workflows/valcea-clar-festival-intelligence-monitor.yml,7291,fb077d45ed51b3173f24bbd76ba26badf3c8369243319514da2d899d9f68d64b
civora,.github/workflows/valcea-clar-filarmonica-valcea-upcoming-event-references.yml,1215,70039cf66e050a92f2d4fb33a7edb73ef0bd3a9726b886e41e9c9235901d3212
civora,.github/workflows/valcea-clar-health-service-crossref.yml,1058,79466127c44c268eb23c625e131743082d7afde083793565733ba2dde464ca17
civora,.github/workflows/valcea-clar-health-workforce-context.yml,12376,ee178b4fee4b1b28c208bd0b36a85eb2a7ab8c04f2901cbb293bc604109ad30f
civora,.github/workflows/valcea-clar-hold-projection.yml,4380,0a3ba6d5e6e4e14c5cd9c6f873451f31b8090b850843b01b87119a449f7d2033
civora,.github/workflows/valcea-clar-horezu-municipal-announcement-references.yml,945,504cb55e5c64a7de6886f767523763c26f90a760b6a294faedd0f1714fead54d
civora,.github/workflows/valcea-clar-infotrafic-breaking-candidates.yml,2098,9f98043a5466e5874d339ca82cbb057cf4f65da10302fce235e0aa83edf96a47
civora,.github/workflows/valcea-clar-infotrafic-valcea-references.yml,2334,db338f11afb2f4210312a27f4aa41f90baf03100680f5fdf632f15a50ea753fa
civora,.github/workflows/valcea-clar-instagram-editorial-adapter.yml,5506,5791f26989d9098509ce0f740208a4391f301327b7d01b8b6cc6dfa33b304da6
civora,.github/workflows/valcea-clar-instagram-visual-preview.yml,3219,0f46ab7582b3a09145a36f7dbf9674d1b9c6e2173853630e4226281d2bf3f14c
civora,.github/workflows/valcea-clar-ipj-news-signals.yml,987,8b410593c541876fb2558e09d54e530467de0d98c7c8e8873ce0efe0f6223a41
civora,.github/workflows/valcea-clar-ipj-public-safety-detail-evidence.yml,9054,8fe848660115aac7cae45cf82b0fae1b9e917ebfd98223404a50e35553b6e941
civora,.github/workflows/valcea-clar-ipj-public-safety-references.yml,6830,ee7fabeba78d0c3d5b2fd9014f1db3a7245e7826cbf517a0885aca0c7a1f9349
civora,.github/workflows/valcea-clar-ipj-valcea-road-traffic-references.yml,2144,5bd2a476f14549662967a1ee2c0c457aff0a17bb88c8985ec558f14deba05a26
civora,.github/workflows/valcea-clar-isj-education-deadlines.yml,1446,08fa50bab2657b7d80de3e3c1113f40c8e5c64d6565c88bbc05009b8538fa767
civora,.github/workflows/valcea-clar-isj-education-detail-evidence.yml,7349,c7f9857f5a530e24c64517ec21d842c5e3ec486a5d62460bfe149959bb5f1253
civora,.github/workflows/valcea-clar-isj-education-references.yml,6389,425effea11f743f4665bb5019efd6628758c1ed58f909baf6fa5aad278a45cb9
civora,.github/workflows/valcea-clar-isj-education-signals.yml,1043,720c9bedeeeabc84b33cd30e1316ae127b2b2cc4bd11a7dc1751f9cf9125bcf5
civora,.github/workflows/valcea-clar-isj-signals.yml,937,3a06706bc0c76cd62f235fc8d8ce15d28325a55adf093bacc552b262ed49cb0e
civora,.github/workflows/valcea-clar-isj-valcea-education-home-references.yml,1138,695c0d47bba754e210c32c724ae70fbc01bb04203d9bbae0393912f0c2bee260
civora,.github/workflows/valcea-clar-isj-valcea-education-reference-change.yml,1178,f7c78d87f89e10b0d1faf056edbb12fd4c6220aa415707aec4591fac98d71cab
civora,.github/workflows/valcea-clar-isu-avizare-autorizare.yml,1127,e818d64fc861fa4203a1967e61eb4cb13c261b6412c0d69eb1d8eedcdab47686
civora,.github/workflows/valcea-clar-isu-cjsu-decisions.yml,1081,87fa7104c9935f462d22458542e78992f082fd57f1aebba0fcc11f5b6d089868
civora,.github/workflows/valcea-clar-isu-emergency-detail-evidence.yml,9946,49ffeea56bedb8ee78b47721bd8027aacc79702c38752206bc20d7a6fedce497
civora,.github/workflows/valcea-clar-isu-emergency-references.yml,6924,7fb63c3bb8d7d8bae643b2154d314056d9972eb0702da928f334342dbb7f34e3
civora,.github/workflows/valcea-clar-isu-incident-thread-state.yml,1338,b34c9582b509c6a4a53fd64a5a3f3b8bfa87064d53cf5ede8f233d857d3e5770
civora,.github/workflows/valcea-clar-isu-local-news-signals.yml,1047,1e9fadcd5714972300bebf864026562526d20f08af23f62f9c28207fa47ce25e
civora,.github/workflows/valcea-clar-isu-preventive-info.yml,1095,96c4ab7085eedc1feac9258917bd03ddc5794922422ed8ad31b8625306b65a35
civora,.github/workflows/valcea-clar-isu-safety-signals.yml,1035,13fc6c8ce301b1ac98438007d8f55d3df7b5d39f619e3cbe840e983ee765fbd2
civora,.github/workflows/valcea-clar-isu-valcea-press-release-references.yml,2012,f9fa877e343fc734fea69356235e102664ff41315026ecd4ef987f6374ad8b8f
civora,.github/workflows/valcea-clar-itm-valcea-public-information-references.yml,1180,a478bd7645e52db0ae83ce5350de51f799e49089047ac7dc080c291c811fef1f
civora,.github/workflows/valcea-clar-linkedin-editorial.yml,3738,8403a33b04d4480359f66fbbb30bebe7319c52f927b0c71cd8d865b9a610f3b9
civora,.github/workflows/valcea-clar-live-http.yml,2479,b7001d433c561b374b32dfb4275ece9b6b539c3b3926716afddf333112468b35
civora,.github/workflows/valcea-clar-live-newsroom-operator.yml,5864,68ff594c00f7f8169bc614aecaac2711476f4e7a84a7424a38c66286e64aad02
civora,.github/workflows/valcea-clar-local-life-sync.yml,2694,192adc0ad250d0e20907706915f93f11737f68670a6a34bb6fbdf156a80e45a6
civora,.github/workflows/valcea-clar-manual-publish.yml,1624,05a7ab9b300ea553f837bbbee4d3f37b774adea78775b327a3a5d35d333d2d32
civora,.github/workflows/valcea-clar-monitor-ledger.yml,5666,f67afcafb64920178f49bc89de8d58371d0807a0dbd9d948f822e4c1e3ff503c
civora,.github/workflows/valcea-clar-ms-health-workforce-references.yml,7158,10cd7f4f37ebe8e7b2880eceda083246ebc389bc4dc05f907af21203a041d923
civora,.github/workflows/valcea-clar-ms-hospital-network-reference.yml,1122,cca02ed0e94ce447e82633132a56b786b4013338aa3b1375952c894a045d462d
civora,.github/workflows/valcea-clar-muzee-valcea-public-information-references.yml,1200,9fce3d8ada35fffae23d37151c30dafa57d99536c3388bc75b8c03fdca340ee8
civora,.github/workflows/valcea-clar-native-visual-identity-preview.yml,5214,45fdc0ecf82ce4f1c02dbc189d98395088ae1ee6f2a6804719c5ce9cb6687248
civora,.github/workflows/valcea-clar-newsroom-live.yml,18370,1a6477f3e6a427558630f0913fcf38844e3cb7a8b96b9e8a3ece2809eee573cf
civora,.github/workflows/valcea-clar-newsroom-transaction-diagnostic.yml,2039,f8a0a50931a6fb9525e6cac674b01f22357efc631d4b13897d838a47b2803958
civora,.github/workflows/valcea-clar-observed-metrics-harvest.yml,19744,cd6918e2458b3ae03189d8b99e097f22ce71455071dbc2ec06a40dd818edaeec
civora,.github/workflows/valcea-clar-olanesti-investigation-monitor.yml,3971,a6e70478ffff8654cb0ba3d7d859639c58037248a0fa7f3b1e4f4d62fda4b06c
civora,.github/workflows/valcea-clar-owned-photo-ingest.yml,16046,6483ed887cdd7f7f1fbcf20df194d5b0393853d19eac3ccacdde75af41c3a86b
civora,.github/workflows/valcea-clar-people-intelligence.yml,8967,86d1022ee5cf08fde666201ca0783affdeceaa158bbef8e26555dab00088b9ac
civora,.github/workflows/valcea-clar-persistence-scope-runtime.yml,1201,a5245d74643035a1dffdc45cdbdc31123f105948e633a53885b2fa70910ce12e
civora,.github/workflows/valcea-clar-person-candidate-discovery.yml,3257,47675a28f5139b5a8ba215f3763f9e18701f43ecd47f070b0939d19271bcb0f0
civora,.github/workflows/valcea-clar-person-story-links.yml,1042,6278a057fdb0741ec365e1bc96c3b02b1295637c8e309518bb3bbb2065b78a9a
civora,.github/workflows/valcea-clar-photo-atlas.yml,2488,a61cb6d4c1f136d608936c72c158e8b18fbf6c2cda601eeeb7c5699314c5be40
civora,.github/workflows/valcea-clar-photo-candidate-discovery.yml,5984,ab2047a12d1857507a6c4077ef3a99bf85b0a4d7fd16becdf266aa7ab4433797
civora,.github/workflows/valcea-clar-posturi-gov-references.yml,5735,00c83d33b4f68f546d9d6e2d69e2ea23ce0cd3331aef7d74b854472c283bc76c
civora,.github/workflows/valcea-clar-presentation-http-handoff.yml,1115,9a81ed0b1279bf43f8b9ac72f962f60fdf282c24df9d6c56c1a985c0ae60ce9a
civora,.github/workflows/valcea-clar-profile-identity-deployment.yml,6905,8e1e86456cb3aabbdfef3a869ffc68e0a3e7428768641b8eb11968f97c3ae95d
civora,.github/workflows/valcea-clar-profile-identity.yml,4824,b1746ff60244ac19866c12b743555f4cef41aecd4cdb171341c77fc3c0da6e1d
civora,.github/workflows/valcea-clar-profile-presence.yml,2761,ec9d23e8180763355ba8a4241c0d10d95ef5c4283e59d5c936da34b40e59a65f
civora,.github/workflows/valcea-clar-public-health.yml,7809,4253db319d0eb4f0d3d2a960d5409acfcd54b3b67c18d1f1829e0b9fb74ca37e
civora,.github/workflows/valcea-clar-public-media-health.yml,6555,fa71ec54a5c2acee9c60af9364c7c5461cd567e6eef1a9e8fdd2b6cf2191d350
civora,.github/workflows/valcea-clar-public-safety-crosslink.yml,1621,79fda383dc12d36ae5416916814c96de7b2bd1094dff4946faf213b7cf6f0e79
civora,.github/workflows/valcea-clar-public-ux-archive-invariant.yml,2493,640d2d519f69b78fd8ecda68cf4699c15e32e19b6c2c1d53cffaeba781d66375
civora,.github/workflows/valcea-clar-quality.yml,8931,6a1e3e5dfa1db5540020821eb6c82eec7d6cc9f35e15761007e55607ef4d262c
civora,.github/workflows/valcea-clar-rajdp-network-reference.yml,1068,e2e30195496fd2f778596ec45d4927f5926b05283f9ac9aa9138763ffa0deb65
civora,.github/workflows/valcea-clar-ramnicu-valcea-local-council-decision-reference.yml,1279,80b49ae2f37dafb84e038887db15262ed4af09bb851a1f5945321ffbde960a03
civora,.github/workflows/valcea-clar-s2-research-writing.yml,808,e742a8f43da59cdf88a2ce4230370655ce50431bee3f1ea370cb40f814a5e99f
civora,.github/workflows/valcea-clar-s3-visuals.yml,5600,bd96356d617c0364c8da09c2b1190ad73848f4e8b66fad74244ef873de502db7
civora,.github/workflows/valcea-clar-s4-publication-ux.yml,5458,39d8c26fd50169f571ea3e7c8f9a74d84a6775ba42bd73f24a4aed91b99920ec
civora,.github/workflows/valcea-clar-s5-distinctive-products.yml,6286,079464753a430694197ffcb826bc5920c832073e2a2468842b3d22d8c277ad96
civora,.github/workflows/valcea-clar-s6-operations-governance.yml,10083,23bc253a0fd29858dbadd62b8957af470565b434e468a010e72a9ab76d9095dc
civora,.github/workflows/valcea-clar-saj-valcea-workforce-signals.yml,1065,ae9756d4b5e5c7faf15f9be535403795da89c1449a63f8e241680495507cf23c
civora,.github/workflows/valcea-clar-scm-newsroom-diagnostic.yml,2489,e497d54367e0d408268a0c19812198209c18c88fd4762b985c5245ea0fc5c82d
civora,.github/workflows/valcea-clar-sga-valcea-water-permit-register-reference.yml,1204,64cbf510d2d8b680b2dcae1374b6095bd8afbd218571db42d8f253dc4beb88c7
civora,.github/workflows/valcea-clar-sju-hospital-reference.yml,1057,97f3e3277bdfc95a3baf963f26cb7619c41b450f4d7f25edd7717771d9d5f4e7
civora,.github/workflows/valcea-clar-sju-service-reference-signals.yml,3927,5ac8c3481176818768dca0e56030ac9e3d0075f65aa3177685ff8a1303099a1b
civora,.github/workflows/valcea-clar-sju-workforce-signals.yml,2201,0e91e0d60b992cb7a3359545580643515bb6b4495b9c96b07227ee5eae39df70
civora,.github/workflows/valcea-clar-social-doctrine.yml,2090,6ddaaba0fc5fa8f8e8dc126614211fc2c4617ead1b5073688ea48c684039f6f4
civora,.github/workflows/valcea-clar-social-publishing.yml,29104,b552bdeea8f4b202db5f1cbdbfb3b7bc2daf2d0076095de14f34562fba3af023
civora,.github/workflows/valcea-clar-source-radar.yml,13362,cf3a45ade99c1decf51c6261f34ee3bac7ac92924dd0a77f1f2c86cd908287b2
civora,.github/workflows/valcea-clar-story-social-metadata.yml,10878,f1f71fbb7fa9163774f793e01efb43c142a1a83cca7b33a4654acbdccf3de77c
civora,.github/workflows/valcea-clar-structured-alerts.yml,9116,b9ed6649ac81f3da119b621c307cdf1d182b128967bdab34caefe8ffb1fce4bb
civora,.github/workflows/valcea-clar-teatrul-anton-pann-journal-references.yml,1158,c11a1bc5961e57a7a41b3c55675d375321ae2af43b45d45425b1847ef9f35adc
civora,.github/workflows/valcea-clar-telegram-editorial.yml,3216,477517c5c33a6cf0cce72b6fd8d34aa74ca5ba6f4edf8794938e4ef4035845d3
civora,.github/workflows/valcea-clar-threads-editorial.yml,7896,b7cbc1f9cba2a9d92014f5434576b80c114368e4f139c4d50b58cfb1256bfb68
civora,.github/workflows/valcea-clar-tiktok-editorial-preview.yml,4145,6825ab1789ab53fff95e7e8c3a122132b3970b42dee5d292ecb6815ad4e57d78
civora,.github/workflows/valcea-clar-traffic-dossier-thread-candidates.yml,2406,0c141efba88b5e6ffd48c3c80678c8e4635343c314ef5fb2807bbf00970b01df
civora,.github/workflows/valcea-clar-traffic-explicit-temporal-evidence.yml,2537,c37e10184e30b3a9bed577f87794b22b50ffa9a8f20516efde16e3f50905f091
civora,.github/workflows/valcea-clar-traffic-reference-correlation.yml,2703,81c5d4a6c88be758bcaa5b040c92a6d186102c2f29d2ae5e4d31299d096aa244
civora,.github/workflows/valcea-clar-traffic-temporal-evidence-flow.yml,3686,9517235c9b0cc5d14877b79038169b8cde0b89213247fef87e5e77a31822d0da
civora,.github/workflows/valcea-clar-venues-ingest.yml,9543,39612d7578e4df103128049f6cd41582f553eaee38a7e078bcdf8cf803fd5048
civora,.github/workflows/valcea-clar-whatsapp-editorial.yml,2028,545455f631cd2f59469f2393cfb535ad120f382737b6ac33aee8c288b35ae5c1
civora,.github/workflows/valcea-clar-x-api-gate.yml,2197,9900f635cc401c1090ad8aa5b8f1c40974efdfb06bae3c600958a68badecb12e
civora,.github/workflows/valcea-clar-x-native-outbox.yml,8028,04a3359e4d3aeb9ff8a305410410185188155401c9b21d36783755322bc345da
civora,.github/workflows/valcea-clar-youtube-api-gate.yml,5115,25a682d5573ca19542d9a5679e77394dd1d3323cfc09df1a751351f1104f6192
civora,.github/workflows/valcea-clar-youtube-editorial.yml,4987,e06348dd5dee4cf0d08dbbcb6103459ba57c4c082c9322a8a7ff9cd334ee3335
civora,.gitignore,5588,5e7fe575ab82cb3b8a8e42088f8cbe70a56df6dfd7c700c77c1dcaa0d1881149
civora,README.md,8,51123847fde5fe6a57589f71b958f86dc16c14e5105f2daead612f79a4155f19
civora,docs/CONNECTION_TEST.md,36,3446f943e1ad863fcf12c7f313c305bef34fabff6e89abb2fa4d1b7a985bb7b8
civora,eucons/EUCONS_ARCHITECTURE.md,2571,84dea38400650f20d0b6a31554594333764b8b657694843e3089fbe0e5a077ea
civora,eucons/EUCONS_AUTONOMY_CONTRACT.md,2289,8e36b5d0e6f0c29d88df8b918b2e642fb9bb0a3dd508ce1e8cdc2934708b974a
civora,eucons/EUCONS_PRODUCT_CANON.md,2493,6621230952458f8f37aadde150efd2a269b45fda1898757fba273c3fd54aa840
civora,eucons/README.md,1177,d4511cc02d644c49306dc63a491a1c68b2613ffcfc0291055d5dcbc69c12ce0c
civora,eucons/ROADMAP.md,3996,7c71a344c3ae6139a7133273a996b5691a70ee7066e49be4e13250728150b715
civora,eucons/acceptance/closed_dev.py,20276,82310d49eebe6d4dae2ee30d140d2a345925bd198f2ee7cb0597cae0f57c6b8b
civora,eucons/acceptance/closed_dev_contract.json,2410,d26fb5820f79d381baef76614228e7514aa4165bac7f2f7a50c856473f3a5f5a
civora,eucons/acceptance/full_acceptance.py,12024,bf19221b1c23d47ebd138efd5d8579ad7e239203a0a82ec684c3e3a769edded5
civora,eucons/acceptance/full_acceptance_contract.json,1320,4da0df56161a1e31fa302ebecb623ba9ab3fa14af38d87d216bf9d592a6e3d31
civora,eucons/adversarial/adversarial_contract.json,1658,fcb60e66ab3f0f6790892e7e3f942c3a1810c48dbda03b1d03ece70e32f954ed
civora,eucons/adversarial/adversarial_suite.py,14805,965914dd9c5cb3e41b8b5d669dae781b358f2f046626c19ffb9e1492f3d4a7e3
civora,eucons/analytics/analytics_contract.json,2615,66ccba7fee03a52951f524dbaf1371b4568a4d19c9da1ae1f7fe38104b4e6f8b
civora,eucons/analytics/analytics_engine.py,8662,b109193a56c20cd7845e0138eaa62f21c128c50f9d6d9aabd19262b24055f330
civora,eucons/authority/authority_loop.py,20132,573c1ae64b12083ba7180779806235682a7977b2c9a009200bedf2ad7b151495
civora,eucons/authority/authority_loop_contract.json,2774,95cf4ffa89d93582d2bdb1608d40fa7955b87501a29822f85cb40ad7a585df91
civora,eucons/canon/commercial_canon.json,11467,3f768fed2542511507e2d5fb8b2307839e0d37d2f36209c152373079a3bb6411
civora,eucons/cases/CASE_STUDY_POLICY.md,2614,075fcc48c214a38383638e8443d5838eb3c59f7414f635e5a00fdb44b359fd3d
civora,eucons/cases/case_study_registry.json,3782,10a43c249381467b3aa09fce84e7b08376ff26f6609aaa959870733517a3123a
civora,eucons/crm/crm_contract.json,1784,8e20ca90b1aeea03d16fcf64ff89dfda65019dd6215f0e60e09e749f5f046f70
civora,eucons/crm/crm_engine.py,11578,eed9e298489de274dee6681fa3864962deb9a361cb9e7b7a26ef4d29bb26864c
civora,eucons/crm/pipeline_contract.json,5231,9bca509328de3825550e721fa839206ba4a107e6ec5ac1ce15b9be567b88a4da
civora,eucons/crm/pipeline_engine.py,23866,e753735d6b70eacbbb52fc8fb5dc7847bdf71ca216f78f51edb4a182a08eb0e4
civora,eucons/crm/pipeline_ingest_request.py,10964,7d0ce790429ee344eba48953f2863298dbd721373a025d5cdf9dacab02368b5e
civora,eucons/crm/pipeline_ingest_request_contract.json,1820,9abd12f3fe3742684e4ff922df2a3d6db4143d8de42a2c56b78c6d78ff2191ae
civora,eucons/crm/pipeline_persistence_dry_run.py,12215,4c18e5ddb5b2bcb4b673130e7e03a0edf01a3492335bb55d89f3dd872b1908cb
civora,eucons/crm/pipeline_persistence_dry_run_contract.json,1812,4d3594e1ead2672203baccfc79ad6e2cb6107cd6bf1e08d79cb4ca1e48b3d470
civora,eucons/crm/research_evaluation_review.py,9893,4d2d8cc61f68fba75db0fdc8bbc9a3cb4c0cc53f7aba5bbe172c8fa20a24a6ac
civora,eucons/crm/research_evaluation_review_contract.json,1513,fd138ff46ce83679f6884a0ac3131d2c83281507d7a37d08b9d456cb53ed0529
civora,eucons/crm/storage_contract.json,981,50eef8db16c7f0104212779d02e8b788918c0d12c9f82b6ab5c25c842b35b629
civora,eucons/deployment/activate_php_runtime.py,8411,5b1ccfdedfa369489a2e152c4e40c3abf6e2310d6402c8dd1d24a3013c69d729
civora,eucons/deployment/build_production_ready.py,31617,8c15f93a9ae0b40a4fe414f1d0e638d68df37ea0321b1a5a51226e1c393aaacb
civora,eucons/deployment/external_handoff_manifest.json,3278,d48ab403a03509202cd0a5daa3c67c8aa351a951f64cbb3dc282859995667cc3
civora,eucons/deployment/production_build_contract.json,1897,e19737e2f3d1c5bd5b973f0ef3889fb2a4c001ecb426e2834959c864af16e69b
civora,eucons/deployment/runtime_activation_contract.json,1439,bc9ba389973ef371e07a8b28622b6ddf2987242bc7cf602089d65b3aa32f9e8d
civora,eucons/editorial/editorial_loop.py,13858,946773d116d9d455e72cabf3af66d95aa9f86f52ebc5cb4431a9ed0720c6566a
civora,eucons/editorial/editorial_loop_contract.json,1379,34123086e8c0371755218b3e01fd90cabcb60da5c9069d40ddb280cb5b1866b7
civora,eucons/email/email_contract.json,2500,e38409020f54ff457e8bb318c460efb0a3d436b137bfa625505c04c1070c4e3d
civora,eucons/email/email_engine.py,15375,db3e41dfc10646bb7a53b28d669d9af709634115ea997e58e70e28d6ee3161fc
civora,eucons/evidence/EVIDENCE_POLICY.md,4864,2d10ef7c28c0d91e25ed556d2e36284572564db00a0ace0c57b360c5224e8709
civora,eucons/evidence/evidence_registry.json,16572,0ed64bdbf2219973541183477eb1a951e2a8fa756042d80be2433c914471dac3
civora,eucons/evidence/portfolio_candidate_registry.json,7605,bbf75405452dea438904e6fed5bdc22c1daf6a47501650d94f4a8ca37bf7366f
civora,eucons/evidence/service_proof_architecture.json,8863,f5e0b5bb4ba014008f5980163d5906fb7fa9f92a62da68f5d7f267a7f034d4c6
civora,eucons/evidence/sources/euroconsult_controlled_partner_record_2013.json,1961,b701c7a943375fdb79276500d9ec5b54abb579219f8f1ef57f9cbda09dd0b401
civora,eucons/evidence/sources/euroconsult_current_registry_corroboration_2026.json,1922,f5ecebd9af1db8db8dc789ce5bde4704a9b40895656f434b541ee49ae3c5734d
civora,eucons/evidence/sources/mihai_cismaru_public_professional_record.json,1750,f7f620181473bc4cb0cb99fe06471946b8a89054c73be06186d1b22b2b5fee07
civora,eucons/evidence/sources/valentin_cismaru_professional_record.json,2197,6f28cf2b9d47ffe46af8bacdbddad61219b2e456640947ff9f549e0646f3b142
civora,eucons/knowledge/knowledge_contract.json,1393,41a01610c0498f0dae5a5ce58107648f9460d5c481014d076eeb96dbc84bc944
civora,eucons/knowledge/knowledge_engine.py,12052,562dbf21b37b2a0aacfe268e9afb28a6ec17811dea404f1b83a82051ffe83675
civora,eucons/leads/client_finder_commercial_scope_readiness.py,20034,abedfa272062725bce786ada3cd17bffd7e27286ed7af9918d6b89822a26ce2c
civora,eucons/leads/client_finder_commercial_scope_readiness_contract.json,3645,75ef2fa656ec216c132d52b37906506a8c468b51fc49bf90c8cb598c3250e015
civora,eucons/leads/client_finder_evaluation_transition.py,19702,05b058117294fb7bbb54a9ede6ce68327251aec51051f6d63b6bed2e5c9de89b
civora,eucons/leads/client_finder_evaluation_transition_contract.json,3388,9912f214e727fcb79c9ecbb9072cf2393b98c222a82b0679a0831342b201125d
civora,eucons/leads/client_finder_final_offer_candidate_review.py,28120,28f420be88d6a90fcab3795f956801802ad2e6cbb2c63eafffd9d4a0eab6750b
civora,eucons/leads/client_finder_final_offer_candidate_review_contract.json,4401,45dc92064923e7758446823b47b89b25cc3c412fdcbf4c795f9dee47113b9d42
civora,eucons/leads/client_finder_final_offer_release_authorization.py,23002,03006ebdd3d6a6e6511da4017917d06800f9f74f30dac90c63bee6a331be29af
civora,eucons/leads/client_finder_final_offer_release_authorization_contract.json,4815,823cb47e10c6ca1da4f77c3ce5f73714f276b7d26029c9f7a5c4631d1467cfc3
civora,eucons/leads/client_finder_final_offer_release_execution_authorization.py,26688,b46ae15b477c9efb551e69a8b2e74fca8d21a06a9900b021d100f4508771ec3e
civora,eucons/leads/client_finder_final_offer_release_execution_authorization_contract.json,5258,86256c4f0289962519fb50ab087275137f8c673cf207344db8c387099f1c6c97
civora,eucons/leads/client_finder_final_offer_release_execution_commit_authorization.py,28813,3c89e11968f6adcb72a5f555504093d7b80ca4ac020739f95a8d2820730c2717
civora,eucons/leads/client_finder_final_offer_release_execution_commit_authorization_contract.json,5567,702acbf4cdd2e861bf179f5d333e6b358f80907f4474e7843a1ad12778e2ce09
civora,eucons/leads/client_finder_final_offer_release_execution_commit_preparation.py,23718,8ff4ba6aa65b245596e00169d3162479db8454fc95052ab6372e82587a81237d
civora,eucons/leads/client_finder_final_offer_release_execution_commit_preparation_contract.json,4999,227b16809ca2b3b091ca3d6a28146ce7808aef0745dd986cb11ad77e2dd726ab
civora,eucons/leads/client_finder_final_offer_release_execution_commit_review.py,22174,ede6f016e98bdc62ad327ba64d1cf9f406c688164caa641687c6430b26acbfdf
civora,eucons/leads/client_finder_final_offer_release_execution_commit_review_contract.json,5191,8da114f0b393e9d66e6fc9c3cfb3446eb03772138bea3591a9e2caa4c7705d34
civora,eucons/leads/client_finder_final_offer_release_execution_gate.py,21696,9f3408dff68ee4edc45d4549c05d1572ad8e16ef11d85a05c9a65d73c2fa0ad8
civora,eucons/leads/client_finder_final_offer_release_execution_gate_contract.json,4618,1b0d032c62b3c8dd829831e343836339006a63188090d661cfb1956a41336479
civora,eucons/leads/client_finder_final_offer_release_execution_review.py,27410,45bdbe608005456ed397e89fdbd33666ff74d94c9893eefd0f21418e556ad58a
civora,eucons/leads/client_finder_final_offer_release_execution_review_contract.json,5087,2d4e8cd98b1961e42c5bf3ef1c9f43d4172766877572d94b6f985b2fbfe8f71c
civora,eucons/leads/client_finder_final_offer_release_package_preparation.py,22985,36934f84ef874776a37bdf5890b8b6a1d4de4a2ddac324cbe2f6ac5f6f8d008d
civora,eucons/leads/client_finder_final_offer_release_package_preparation_contract.json,4508,96047019740e202255ded1efeac1112d731c2f134aa2834865e5a2821f26610b
civora,eucons/leads/client_finder_final_offer_release_package_review.py,25814,4a56baa27fa34dff9294b15512534dfb6a6531fb0d2af2fa82606bdd0595bf03
civora,eucons/leads/client_finder_final_offer_release_package_review_contract.json,5037,b6ae6169928e6db1133d30d4cdedb5fb1ebdc4cec36e211825636f5f35a276e2
civora,eucons/leads/client_finder_final_offer_release_readiness.py,28281,127446775556de2796c896618a35f866236da9c996855d176da2a59b27f10924
civora,eucons/leads/client_finder_final_offer_release_readiness_contract.json,4579,8e4a051edd347661c5974fbfb33fc50fdf2618277f3a8c14e37ab2d6c747dc5a
civora,eucons/leads/client_finder_internal_final_offer_candidate_generation.py,26990,e19000e53c04c8135b2f6398a402fa7d248ee221b31515551c0419c26500f5c9
civora,eucons/leads/client_finder_internal_final_offer_candidate_generation_contract.json,4284,59d504961bfc27fa0d228767456cc5a8ead24587786b6eff76f48617e2e54420
civora,eucons/leads/client_finder_internal_offer_draft_generation.py,21917,a80af483d78694b4ee7769eebdb2a608b91c8b38c8e408baa21b872fb10c6a71
civora,eucons/leads/client_finder_internal_offer_draft_generation_contract.json,3781,d61da61f966c5fe703b7f98af045d44fd97c1fc82d96ffbebe374b7e7e67daea
civora,eucons/leads/client_finder_offer_content_review.py,23611,375c46c2b7609aa5551414235cf9c73ec171ebdc7fc770fb5e489398f7c7a2a1
civora,eucons/leads/client_finder_offer_content_review_contract.json,3784,869ef160d39a636a1d58691b3eec26fdd2c6c490b5d1a14a552d7e90c3c18abf
civora,eucons/leads/client_finder_offer_finalization_readiness.py,25693,6493ddbab9e40195e702246d2770b7c94918a05e3be87ae06a6f71961630d9c0
civora,eucons/leads/client_finder_offer_finalization_readiness_contract.json,4415,03c1f8bf093558fa474a9eb355a86436df5d2426da45df24998b64311a1f5d28
civora,eucons/leads/client_finder_offer_preparation_authorization.py,23307,38082f6b0d75a4a5b4b417aa45bc59922d39a142e752405e754c6779f2f08d23
civora,eucons/leads/client_finder_offer_preparation_authorization_contract.json,3976,6dc405555ec6caeff4f7cf57cb568bf54a7e62a11bb5c1a3238fcb4fa4c365e0
civora,eucons/leads/client_finder_research_evaluation_review.py,22568,809e4b3c4ce8d2c459c4172f8e2a9221d6aec8ccfd363f518c6f359ada2534e4
civora,eucons/leads/client_finder_research_evaluation_review_contract.json,3276,9a5722821ba3d259d8c06ecc860aefa217c2e236efe52efd4326878ada4b9327
civora,eucons/leads/forms.json,1963,6130ff0a189682eb1bd19a93104232fbf3dd17689c67bb857316c3da96689b16
civora,eucons/leads/inbound_runtime.py,14013,9e68a413399facfff0527d1db99bde2439fcb6bf875608719a8654037625ec65
civora,eucons/leads/inbound_runtime_contract.json,4999,cc39e98261cd0e77f3424ffe4ec33115d6f143c75855b9dd2a9630f3175058d5
civora,eucons/leads/lead_contract.json,2415,61b3a9dca736313ffc2d40f918b664bee56feba90a729b8b096cb0967abf0ba8
civora,eucons/leads/process_lead.py,10264,6b3253cd230be617b09d4de1c3f795cb507b20571513be91c86481e16a041906
civora,eucons/leads/research_evaluation_handoff.py,6771,6424b307d6b8bd7e4f39a8b4a95688f5b7cd8a0d0de4f70aa57e77034d70d030
civora,eucons/leads/research_evaluation_handoff_contract.json,978,137a4474ecedfc983e2c33c0b029a3ba39619848d0475ed9ad54ed34f029d67e
civora,eucons/leads/storage_contract.json,705,430294cfa792fc94d8fe68690064e04a903690ba55d554964a201683f1401803
civora,eucons/market_intelligence/EUCONS_CUSTOMER_DEMAND_MODEL_2026-08-25.json,34928,5342e4ee096ab0cfb71520ab4696af1c3889ee5fb37e10cb4e5e45b1e7587681
civora,eucons/market_intelligence/EUCONS_MARKET_INTELLIGENCE_2026-08-25.json,19468,2865a3795b37023168fe2eb83e45d252089cdb8b9ba4bd3beda80222dce3f656
civora,eucons/offers/offer_contract.json,1679,fa3ce92fec22fbce877da8699ca2907f6b9bf580a756af1fe52933afdd52e281
civora,eucons/offers/offer_engine.py,11957,2f58545ac23aca9829bbebe57e2bee4dde7cdcef3cd02f96ff6fe85b87294f48
civora,eucons/opportunities/bridge_contract.json,1318,ca6ef7f5ee7f4bf8135a29b9ec399f1c332e5f6a0687f8b409316e7e0ee8f5e8
civora,eucons/opportunities/build_projection.py,8661,3a8a0c950b433039ceeadce0e40c474d2fc729d97af74edf0549bde6280bf56b
civora,eucons/opportunities/match_opportunities.py,23022,89ee2726fb431941f75cecdb240d1412c1db5acd3871e7cf7d2b46d6d924b77b
civora,eucons/opportunities/matching_contract.json,2959,fd40133fe88467129b15956bf1c17a68ffd09942301d887208b043e927bdf59c
civora,eucons/opportunities/official_source_operator_queue.py,14058,d12c80591615760ce3b189f7c60f808bf40dda2d2befeadb5dc9cf767131b6fd
civora,eucons/opportunities/official_source_operator_queue_contract.json,1869,4f4afe0b0c7d7762e6a2909c917eb7508f43f2c8050804986cefc36ec878a498
civora,eucons/opportunities/source_freshness_recovery.py,11575,38c79f73dd6283e6318bdb49bb101f3fd1be26461c2e23d07c4957889643f944
civora,eucons/opportunities/source_freshness_recovery_contract.json,1783,66ab1807f1169c3d49bd8e02e707dc1c97c5ae09238716d4692c32438791ebf0
civora,eucons/ops/EUCONS_REBASELINE_2026-08-25.json,7809,f51a57344c5b4ab871ee522e29cb6dce072974f65c8af7e0a65dffa7c0ca2c45
civora,eucons/ops/artifact_registry.json,17081,065f0a3c305c00cd1c67e0758fe73dfba50a07a06a4776f08d33400ecd4e87b3
civora,eucons/ops/checkpoint.json,16635,b56662540e07df83f15b8f6f6b122b6a4fa3ab27aacc77b5383fd130fbee6e89
civora,eucons/ops/github_automation.py,8198,dc54b7176de6f74293b3717b08c071f2217ffc2c601c25b9518c31277face879
civora,eucons/ops/github_automation_contract.json,3256,34285f2a478249775448cd26dc0c690798690c7e912dab4998e8b0492c05c906
civora,eucons/ops/health.json,8192,925d2d2f9df210bdbaf51e329f869231a891beda4eedbc57656557777cfb3ff8
civora,eucons/ops/persistence.py,3001,03018688d21f0a4ae0edf3ab75fc0b5bd05b6ef2599cdcc669a3958b6820de63
civora,eucons/ops/persistence_contract.json,2060,04f804bab118805b5582b47ff0326677f5807b1df97dba3b1e7ea0651e98054e
civora,eucons/ops/receipts/E00_BOOTSTRAP.json,833,7cef7a4a71d2260e5c6a38e4e13c487ef646b4ccb183cd1b8627108f4f528b9b
civora,eucons/ops/receipts/E01_COMMERCIAL_CANON.json,968,a6d7dc6112967f3f69569c0cacf4667ccb5eb8f07468069d15e3358c021aa681
civora,eucons/ops/receipts/E02_SERVICE_REGISTRY.json,1065,32696a16c86b9e7ff4c221e89d730ff76c39a047e8df74cbdb05d0cdb08b1aef
civora,eucons/ops/receipts/E03_EVIDENCE_BASE.json,1201,ed9d659f960605b55879e51759548762263fa701e90ec1a17d32e16252ab4af4
civora,eucons/ops/receipts/E04_PEOPLE_REGISTRY.json,1240,42cde919716a93fc53c66d8fd4a384968579cda40ceeed33b48133206ac770e4
civora,eucons/ops/receipts/E05_CASE_STUDY_REGISTRY.json,1380,984f0fc6a86ce063d8a142e12119f69f7a1b900f1b600b3d801d239647becc0e
civora,eucons/ops/receipts/E06_INFORMATION_ARCHITECTURE.json,1239,71f75dc3549b865af8a0dca92dcd78e302ea357f7b1f406ac699045ba19b7b89
civora,eucons/ops/receipts/E07_DESIGN_SYSTEM.json,1405,99db4fe607f890d3a8f1c6f62a641fbbc5bdcb883e2348435471ed7262bbace2
civora,eucons/ops/receipts/E08_PUBLIC_SITE.json,1238,6f3860ace9b3fbb83cae64b32f9c76f849bc1008e91ba7bc9321f843b4c95935
civora,eucons/ops/receipts/E09_OPPORTUNITY_BRIDGE.json,1346,da64b3cf1fe55203bf9d2f5d794e7825d0aa824acc45dce55dacea15b98ab846
civora,eucons/ops/receipts/E10_OPPORTUNITY_MATCHING.json,1263,dd839882725972fa791c434cad7e3605981a93cec9cf5bf1303690dab78d9fff
civora,eucons/ops/receipts/E11_LEAD_ENGINE.json,1267,98abf9026dc3b8a6dc4a497f61bba4785e2c4a6346def28b11143e7af8f60b9c
civora,eucons/ops/receipts/E12_CRM_LITE.json,1248,ad76c7708c11b5441f70d3188014db980c1ddc958357c4bde2a053737dc7c7db
civora,eucons/ops/receipts/E13_OFFER_ENGINE.json,1296,1b3f6a3b9df22a6a2cc1cf6839e5e1f7d449480a1dc14f42d66f2fa4ce9c8012
civora,eucons/ops/receipts/E14_KNOWLEDGE_ENGINE.json,1276,7882c8944db45e8deb2fa6f91b609ea6f6758d918e79a91672ff80b1303c61de
civora,eucons/ops/receipts/E15_AUTONOMOUS_EDITORIAL_LOOP.json,1418,9e8a931a798a1aa2c857270605a2425c59843866342ad067c30e37b0ca4aa96d
civora,eucons/ops/receipts/E16_SEO_ENGINE.json,1281,0c50a06d7307707212082ef167f0732b9220c7b36abb7a0a30b8904d05a2ef00
civora,eucons/ops/receipts/E17_LINKEDIN_ADAPTER.json,1316,b16a714c1881095daf7bbcfff565814a9d6b39ce57fbb8e7905cb57d875cb19d
civora,eucons/ops/receipts/E18_FACEBOOK_ADAPTER.json,1334,98d940fa0d84a2db55b73ec558044463d1de4338df6ea2a6a27fd16afa7acbeb
civora,eucons/ops/receipts/E19_COMMERCIAL_EMAIL_ENGINE.json,1476,91aea8e69d1a8e1ed7c3f579c4f43e903f6f23d15137c83eb82cc3289966b72c
civora,eucons/ops/receipts/E20_ANALYTICS_ENGINE.json,1338,e16b2d4c13ac4114dfe26e6abc522d5b50d7ea7ec09080cd92b6943bb1e0075e
civora,eucons/ops/receipts/E21_PRIVACY_SECURITY.json,1514,2d990e790d02f793a6e7f62efd3fab604e3e2f7e772eb4b8583c88ed5bbef442
civora,eucons/ops/receipts/E22_GITHUB_AUTOMATION.json,1869,d6ff356c2fb736c14999a2aed233c14096e5680d7771efb8aea8297e4094f3b5
civora,eucons/ops/receipts/E23_PERSISTENCE.json,1424,aa07f4f3c4b07b0c1b32e92d605ee479933ea191213dbb969b932502e9b3dada
civora,eucons/ops/receipts/E24_RECOVERY.json,1497,9afb338989b7c593b6c8a953e90a28374b53e296808f6ed0ece6e08920ad5162
civora,eucons/ops/receipts/E25_PREVIEW_PRODUCTION.json,1442,a91f00668e5735edbaa171e781bdafddbbed208ef46aa8f8eb5a13e0dc0874af
civora,eucons/ops/receipts/E26_ADVERSARIAL_QA.json,1676,e90f5546da4ae22f10bf9fc75575d4e9a1e3a8da05c06755a6a72e3982f43835
civora,eucons/ops/receipts/E27_FULL_ACCEPTANCE.json,1554,af85165d4bb02b58cf859909660b9d1cb73fa96a784d88205ce3b7f50c0b51fe
civora,eucons/ops/receipts/E28_CLOSED_DEV.json,1731,e95002a65e921a367d06f55edd4697dc80174356028199a0f019541e685caead
civora,eucons/ops/receipts/E29_HOSTING_API_ACTIVATION.json,1193,ee3272e370237b4f26812ef25dfd761929606c53748bfb18c0b913c75bda7c48
civora,eucons/ops/recovery.py,11900,71d74d643c0cbb878e9e47195b69f9d493376eee629560f11e3dd8147cfc5f7e
civora,eucons/ops/recovery_contract.json,2692,09ed196ae30654e566b8e3b624e15fe0124e308045223766708dfc4d8d877c74
civora,eucons/outreach/action_pack.py,23884,78dfb0cda7b2c9f0821ac85b26b6a3f8171ed4524b2096b5e4d8f9a99d5308a3
civora,eucons/outreach/action_pack_contract.json,4314,8e09812927cc4ed01ccc635b9e4a5997d7a69a9bd22f1b00cdf5840d4709cc49
civora,eucons/people/PEOPLE_POLICY.md,2312,4a84f726fbc290fc1eb03a9b6c8580d636707c299859bc5a50f0357dddf5d3b7
civora,eucons/people/people_registry.json,2761,364374edf676fb238a981dc256a95a3577976dd8794b02a717caa56cf4a31eb3
civora,eucons/preview/preview_contract.json,2424,711b84fbab37c323b3245666c9a43d3d7246e7fa01a2c605aae0c1901f1e9732
civora,eucons/preview/preview_engine.py,22041,5f56881f80a0a65ef7dc36f54f1fb657c349f1ac7d23969c9ebfdb23313d2cfc
civora,eucons/prospects/client_finder_contract.json,13352,b0cf5e7cdd8e63f8915322ab23721775f8da363774ba8615314360dee645e5e0
civora,eucons/prospects/client_finder_engine.py,14188,c4f628838d4213611576c44de6810c59cb78cb61b2c422567007376182c4b644
civora,eucons/prospects/client_finder_match_explainability.py,18316,beead38fe5218eef42082b49c16e79c9c06e3c4dfb1829c862b17d9e5211991c
civora,eucons/prospects/client_finder_match_explainability_contract.json,3513,5ec51ef117b87facba44e8d7af4222fb51292c14c888f8888dce04b547afc49c
civora,eucons/prospects/client_finder_operator_triage.py,27251,4d0d6137fef6e080aba20d26864f26624f526758a3bf334dfe7cb8cc8188f6bf
civora,eucons/prospects/client_finder_operator_triage_contract.json,4618,525cbcca50cfa29f559c5343057b25a51ef7227093de70be10d5507cfa684606
civora,eucons/prospects/client_finder_priority_view.py,15989,9d822f4fb29bb6c42e2ff193323a4ab9635947fb074e091db15b1d4d637fc821
civora,eucons/prospects/client_finder_priority_view_contract.json,1998,ffec0a966878987ab5724f14448ad40c4e002c675090288bf1b901bec1616fcc
civora,eucons/prospects/client_finder_provenance_freshness.py,13376,ed2397e2467b2dc658a52983de173a19c94bc060888f3f17022507daf21467e1
civora,eucons/prospects/client_finder_provenance_freshness_contract.json,1968,e321435f2ccb22cdc19d4c9b533492db334346c6f2dfa7947084eca953510411
civora,eucons/prospects/client_finder_provenance_triage_explainability.py,18082,c73b8cb83564a37097c1d270a6f594c011927bf8aceb681903c653ef5759d5b3
civora,eucons/prospects/client_finder_provenance_triage_explainability_contract.json,2882,b8e8ad723865a38b0254dfed530c2083ca2e2232ed7d91bf4431781468656e4a
civora,eucons/prospects/client_finder_source_authority_queue.py,16950,4d6c04aeaf514c5142420594897cca192a4ce79a7697b7aba8393041b66dae0e
civora,eucons/prospects/client_finder_source_authority_queue_contract.json,3532,967ba76140a11a82407c3e4866cf43c15eaa030a206b154494654e818bb55da8
civora,eucons/prospects/client_finder_triage_view.py,18014,cde73f2fd3dfc56013b7a348580cc14d7e5d7edf8f733d17b8021eed99b53a67
civora,eucons/prospects/client_finder_triage_view_contract.json,1857,7fe994ab4a36064d886d23acec629f6a1cb5f675d1af2e8f6d2fa1f7e1c61f8c
civora,eucons/prospects/fixtures/client_finder_queue_non_evidence.json,9030,880df47ad194dc760e81942c56cf2a54538b8dc8d99cf152fc2cbc59a4f97a51
civora,eucons/prospects/fixtures/source_adapter_snapshot_non_evidence.json,2947,8975b72910a90a7cadd8c5ce9408c032a2989d78ef5d50808cbb05b368928304
civora,eucons/prospects/prospect_opportunity_match.py,24819,6be08c69a9b1d70b8781b4267f6774626acfdb331f185bb9191df978fd10c8b2
civora,eucons/prospects/prospect_opportunity_match_contract.json,5108,0c5aad8017208a893f6c79e4780255294c706d290de21deebcf8e55741e04641
civora,eucons/prospects/prospect_scoring.py,15533,2795498d44f36323fc836b794df7e59b302e75ebf0360398ece9f942b170d985
civora,eucons/prospects/prospect_scoring_contract.json,3061,6b5c80f1db57a510d9a7557d304a9b0084b116b219cebe9fd10b0c5631f072af
civora,eucons/prospects/source_adapter.py,13688,9b6c24c6a2a3606b5cdd0ab5b3aa47d41a60b6f5c9ff9b9bf81e5dc557969642
civora,eucons/prospects/source_adapter_contract.json,3557,d3fe7673c05c33b03420468ae35b48535df7554ccac6a101af26e5cecc935d6f
civora,eucons/research/ai4work-step/COLLECTION_FRAME_DRAFT.json,7895,ac44c6cd2e5b3aa964e3919020cc49bc63b471ed1a87b812229ab69e185f32b4
civora,eucons/research/ai4work-step/CONTROLLER_DETERMINATION_DRAFT.json,5896,5398f37da579b2418bb829d257903e71aa3680c0cef775f80338574c725c62d3
civora,eucons/research/ai4work-step/GDPR_DPIA_SCREENING.json,3544,40508192d2d94c3bea1b83e84e258fe98c40d2fae7bd54b784e4740374bae83d
civora,eucons/research/ai4work-step/GDPR_LIA_DRAFT.json,5850,1719eb9a39a60b936a8971eae93e3ffeb582f0978b68f7fa7667db00fc20ba2c
civora,eucons/research/ai4work-step/GDPR_RETENTION_SCHEDULE_DRAFT.json,5393,b8c3b8c4520df2e63d4c244f8f36db8a1d6594b63986447f89f3616f41709c81
civora,eucons/research/ai4work-step/HOSTING_BINDING_PLAN.json,6743,05c241f280613baab9322cee90fefdd2d031e391d9a3989ca9c555fa5d72577b
civora,eucons/research/ai4work-step/HTTP_IDEMPOTENCY_CONTRACT.json,2540,7cd793c5da720bc0bcf6d1fda5fce1f05a085e44a0e8ca6e6d5f9000f3293cf3
civora,eucons/research/ai4work-step/NF06_PREINGEST_CONTRACT.json,3907,c122b7fcab9146ecea7f0ac9c9c2bfe1a976814ed888823d742bcfe792a67a6d
civora,eucons/research/ai4work-step/PROVIDER_STORAGE_CONTRACT.json,6741,67ac6aad855df0b2532f2aa2b353a5f06f113c8d7579ab933d3c0385ff1492c0
civora,eucons/research/ai4work-step/RESEARCH_PRIVACY_NOTICE_DRAFT.md,8166,939492a9721b2df36a7bb98882f83aff35ffe4594576cbb30fc50fa955652280
civora,eucons/research/ai4work-step/build_research_pages.py,9210,b00f86552c8bca2e27e1d0db856f8feca1e3deec7a4c7881deed799616ecd58d
civora,eucons/research/ai4work-step/channel_provenance.py,1247,28050e3e77ff12e1177058caf08fcdb2545756ba4dec3166a19f1fc070ba5cd3
civora,eucons/research/ai4work-step/form_contract.json,5963,287c65eb08e6ece54374ed185f2d57d7414f5baa540d59e5c5eeb1c09d9eeb5b
civora,eucons/research/ai4work-step/forms_definition.json,11791,dbbf0a2062a83afb4baca413a0064a969a58ab9b3f02844343836d9447a7cb81
civora,eucons/research/ai4work-step/http_endpoint.py,4289,a1d1350a5c905bf7f2ab07864f1bf1986b0daa26b253d44a0b95873d12543b98
civora,eucons/research/ai4work-step/http_idempotency.py,2630,d07481855336b42ff850e1827d18fc8cc637f4eee589de7509e5ac9d4b4f89ad
civora,eucons/research/ai4work-step/nf06_preingest.py,12671,2e046b3a830e4b6335998c3d54ddacdd158efa11a309dbe4886c5587e303a039
civora,eucons/research/ai4work-step/research_storage.py,8119,bcfa5c7f8aec7f56627e2d29eeaf712d6701c3f9cbaa797fd6ac2990fa9025af
civora,eucons/research/ai4work-step/runtime.py,9408,772fd6570624f7541371c6a97e8ad3d246405ce62cd9a23fcf3ff9433ec7abc4
civora,eucons/research/ai4work-step/test_collection_frame.py,4733,b5c47abd413157d18c6c0d5efe2eedd276c36f185656659a0d3935df2b878eac
civora,eucons/research/ai4work-step/test_controller_determination.py,2886,55cfc04a2c64679018c021e22c4229c5d868cc46481cce7fdff0b34a966c8679
civora,eucons/research/ai4work-step/test_e2e_test_twin_chain.py,7157,4fae17e56b84a74f3490e6c8c73502bbe142bc862563af9cfd1ecf3dd479bdf0
civora,eucons/research/ai4work-step/test_http_endpoint.py,10287,b48ba6ec3fe120a639a87d7bceafa63009369439466e2fac1681e2517c5b07a7
civora,eucons/research/ai4work-step/test_http_idempotency.py,5690,0e2ab3a347c7c028744996cb8bea87b6a24f735bbf51d06316b7c21c6ac100be
civora,eucons/research/ai4work-step/test_nf06_preingest.py,9569,7a01c5cf34914bb17f6a8b3a5a576b0d8d3648f27bc81123f1e72c6b8b2710f6
civora,eucons/research/ai4work-step/test_preview_minimization.py,2164,4e950d0c9348656b0f5e9a10e8f59545a66a3c00ac39b5894335054dfb1c9e0c
civora,eucons/research/ai4work-step/test_research_storage.py,3086,9a5812f7c19ef7820bb8657848f49f9ce559002282f2fac9aebe73d824bd46e4
civora,eucons/research/ai4work-step/test_runtime.py,7618,c2306f0056a7934b2db4d9846e45c235efbdf2aebca9ef1302d756e746e7843c
civora,eucons/runtime/php/README.md,1718,4c48ed6fe960ce3036e1b9143fd76a57203930f8a8cb6aa9a1be0a50af7f6032
civora,eucons/runtime/php/maintenance.php,1376,5c3fdc51fdf402f4237b3e85518dd544b3892315d3918ea2672b74b2d75e4059
civora,eucons/runtime/php/public/.htaccess,564,7f99c3ebd6789ca2f4532cd91643edf7f492e0337c354fcba454e4100bbf26d3
civora,eucons/runtime/php/public/index.php,4561,190b0b8f8adaf5582cd2d58d7ff571756a685db8a603533ecfbfe738aa372b71
civora,eucons/runtime/php/runtime_contract.json,1741,aadfae6fe465b86236f5349f9b250193942b8b02a16bf60a767ba6a6499b57a1
civora,eucons/runtime/php/src/CrmRuntime.php,7649,ce5cf7bdcbe4077d2320be84440150cf1a4f8df389ec62eedfe52c3c53fa0e0b
civora,eucons/runtime/php/src/LeadRuntime.php,17818,463ab2ebff9f596812b83f95ab99da7b54fc677476761357c4d3177b7953501c
civora,eucons/runtime/php/src/MailRuntime.php,8973,d045ae1bb6fec6f64958f14d50ef524de44c1b2a5ac0d83e4091b95eab44c376
civora,eucons/runtime/php/src/RetentionRuntime.php,6705,6f1b76fe9cf66e51c80760aaed1ded54d374fc6dbd57189f277c738f31c9f635
civora,eucons/security/privacy_security_contract.json,7976,e08d052cd491f1d678a7ecba3db04fe32184a780a6c7fed9e80b3506e1c271e5
civora,eucons/security/security_guards.py,8986,ef2716a900c56ea0b0aed2efdc8381d40bbf17635f790546ee36a69b52844134
civora,eucons/seo/seo_contract.json,6320,ed964c30c080023eb4c736e6f5b0bee8a78274a760a5df90278383451439afec
civora,eucons/seo/seo_engine.py,12747,b53a91f62a6d7b15a58450c3438c337b72ec6ee20a5f5abf3e979476d62db600
civora,eucons/services/service_registry.json,15914,a8be26dfab5d0901b6cdb7b5f9581b148e217786b530d423deabbf0a15202db5
civora,eucons/social/facebook_adapter.py,9103,c9956fc96dbe7510436d6dd4eea4d0446337f97bfc5839071270b79f5848cd92
civora,eucons/social/facebook_contract.json,2127,6b75b42c3cabed7b7df2a6aa2d62b0a6d0c53c65a2165fba20b626ac6761efc0
civora,eucons/social/linkedin_adapter.py,9549,20bda3d046229a6cb2a60de93afb29791d40e787fc5c97a9c7b284ca17653a39
civora,eucons/social/linkedin_contract.json,1844,33c2c86f5b5ab2e71a783c172b3ee5a88c7fb65bc6f1dc562739f2d36f023b7e
civora,eucons/validation/test_action_pack_fail_closed.py,6624,a3fa634c7a2a419b604601432b803ebb9d384c9c0c4fc0eb970ad1ac91b4dd41
civora,eucons/validation/test_adversarial_qa_fail_closed.py,2467,b5d2f8557fee411cb0cd7c328e3723defd6da4d6885358d957a01b26fac7af20
civora,eucons/validation/test_analytics_engine_fail_closed.py,3480,809f2bd13c994f4435f8797b966d675c888ac44cc361a398efdac106427f4d53
civora,eucons/validation/test_authority_loop_fail_closed.py,5552,e8bfcf72a381d2e8f057c229432b9a4521baa837f81f71746af99c33abc5f7d0
civora,eucons/validation/test_case_study_fail_closed.py,5983,257fa22efb4db18ecfb91ac40b1b971c7ba6a1ddd27ef85f324c71a974c55f74
civora,eucons/validation/test_client_finder_commercial_scope_readiness_fail_closed.py,9780,0795112e738d1b9e7b004706324fc7b85d93bd2a2f5d0204d3b229cf7dab7900
civora,eucons/validation/test_client_finder_contract_fail_closed.py,4446,b2ac1bf4c59a625f3f950840cd26a81c26b41abffe660331a661538a7ed00649
civora,eucons/validation/test_client_finder_engine_fail_closed.py,4834,ee65c5ad84c8442ba3d20da87d30390e6174a3213a330f5c7eb66a6aa8d9a231
civora,eucons/validation/test_client_finder_evaluation_transition_fail_closed.py,10590,790dcaa3eedfa960fb9e4813bd3da07b78381f5f684b8b2bf56d0616aeabc51a
civora,eucons/validation/test_client_finder_final_offer_candidate_review_fail_closed.py,14593,e388623e6d95d7d1a35ff64f2f3b332ad0d30dd1fd7ee6bd7eeeaef5d5497254
civora,eucons/validation/test_client_finder_final_offer_release_authorization_fail_closed.py,11167,a79072d831275063a4159ed7f0b7f3efa18befdd8a35b0497ad49d950a22626e
civora,eucons/validation/test_client_finder_final_offer_release_execution_authorization_fail_closed.py,10453,cd553fe27fc8bbdb15bf51d278b4373d48cdd488d6349ecf9f1f6189fb3907ca
civora,eucons/validation/test_client_finder_final_offer_release_execution_commit_authorization_fail_closed.py,11338,4604cb2af0819f0730a5152ca20c344a0f72a74bf93c3bb311a7e92d46e6c0d9
civora,eucons/validation/test_client_finder_final_offer_release_execution_commit_preparation_fail_closed.py,11729,647c2d6097ad00f47ca63f35376ec46a4bd59270045c4bd7ec9ccae18d17de32
civora,eucons/validation/test_client_finder_final_offer_release_execution_commit_review_fail_closed.py,11642,b20331cc2dd3b872b92166742d9fd485999c52b307e34401e0f89d613807fc52
civora,eucons/validation/test_client_finder_final_offer_release_execution_gate_fail_closed.py,8848,6d0fac2978b4b7a658625c0c6cf9ba645a753f61cdfd99464040638fb2e9db56
civora,eucons/validation/test_client_finder_final_offer_release_execution_review_fail_closed.py,14413,062b3c550dbdef6c9f7f1455fa9fecacfbaa587073403f939ff1b16ec864f5ac
civora,eucons/validation/test_client_finder_final_offer_release_package_preparation_fail_closed.py,12175,bf86de9fa54696ec48f942b14490ec46b2c58704efaa65d187552e2d584a0aa3
civora,eucons/validation/test_client_finder_final_offer_release_package_review_fail_closed.py,15085,aafccf2707b15b6afccc11cecf31a87f4d5bfb798762001a2d40007e6ba74b18
civora,eucons/validation/test_client_finder_final_offer_release_readiness_fail_closed.py,14513,8fbbbe1938b5d5649308d0bf1840899fa41d9fdc5e73bdcc2a59cc7b9da935c6
civora,eucons/validation/test_client_finder_internal_final_offer_candidate_generation_fail_closed.py,12680,07ba006b14cb1852166c103c8092d9088e16485bca27354000dad2f1207e4562
civora,eucons/validation/test_client_finder_internal_offer_draft_generation_fail_closed.py,12630,159ca4a8756190426419dc02c524ecc8106f3f428ec6a0ca879bf0ff85d11ac1
civora,eucons/validation/test_client_finder_match_explainability_fail_closed.py,9784,32e203e0f7d3906c905aa5e7dc5cc888dc69b658822ad8ef85544e80acf72845
civora,eucons/validation/test_client_finder_offer_content_review_fail_closed.py,12445,a6c4e8b6b87e5b1377ed5f6dbfda5b9582bf7ec8c81fd8a86b65e1bf40a7964e
civora,eucons/validation/test_client_finder_offer_finalization_readiness_fail_closed.py,13171,10b5bfab025170ab970477848150bbccd340589052095c60a189e78c442fadf5
civora,eucons/validation/test_client_finder_offer_preparation_authorization_fail_closed.py,11819,872f558edf388df8ae9ba1d1a76bfb07577db84029bb97dff7cda2782a700982
civora,eucons/validation/test_client_finder_operator_triage_fail_closed.py,14639,0b732cb4656aed0314891c5394f2cb4c29bc64b69639c0c073ca45de386ffd5d
civora,eucons/validation/test_client_finder_provenance_freshness_fail_closed.py,9298,fc26fad566160f36fff1bbd2a405abbcd5d8cc8adb62122c4d8465c2bace66a0
civora,eucons/validation/test_client_finder_provenance_triage_explainability_fail_closed.py,11083,984ffcdc98b074a171d4d9f6c8ed40780f582a35912744f145a3584b345812ef
civora,eucons/validation/test_client_finder_research_evaluation_review_fail_closed.py,9606,89cf085cfcbf4bdbf468c51633eb9913229e18d417d3949ca3ea8b46d662780b
civora,eucons/validation/test_client_finder_source_adapter_fail_closed.py,4322,c8bc207b25ab5dc3a4766156392f2b687070797f5751de04d4613ada58481382
civora,eucons/validation/test_client_finder_source_authority_queue_fail_closed.py,11265,5278caf718eef6d67d69e90bdb4894530b1c259f75c0f48e895ff182da8ae055
civora,eucons/validation/test_client_finder_triage_view_fail_closed.py,14025,d7273d1df97e374c28b0e6dccfc02fc53308f36a3648917f511183f19ef8d124
civora,eucons/validation/test_closed_dev_fail_closed.py,4548,b39b84c2074f07d8e809953596e576a66f637c0b1f6574e0a4723e42df59dc91
civora,eucons/validation/test_crm_lite_fail_closed.py,4368,16e44a10d2f03a56877268fc987dc63ac8b364e1667a84edd3a9afc40ca780b5
civora,eucons/validation/test_customer_demand_model_fail_closed.py,1709,5c365ff770dc98f1eb455439bbb6ab65132c0cb58de003b4918facab05146eac
civora,eucons/validation/test_design_system.py,3859,0fa31453f06ec73d616d3cc71ed72dfa2c88d4215395496724a2f48b269f8021
civora,eucons/validation/test_editorial_loop_fail_closed.py,5586,805bd80da5db8253710d1fad7a89f7068d7e719719ac455ccc93417a2ef1f04f
civora,eucons/validation/test_email_engine_fail_closed.py,5117,9f6548f3fa770290e2f7eec3a4d870e219b25578d7156e59814d4c1f4edf7965
civora,eucons/validation/test_evidence_fail_closed.py,3274,25c7663001ac38b5ae0df5bf67514f4f7785a4f21fe2d31cfa9708d8c064480e
civora,eucons/validation/test_facebook_adapter_fail_closed.py,3311,a5eca78329ed7cc8ed7516b4ba466c291c8aabba539de6fa0417e421bcbd72ce
civora,eucons/validation/test_full_acceptance_fail_closed.py,2356,be752b8a7535fcb1e68806094d583e0619811b389a9de265a2a4bcc1f1d507aa
civora,eucons/validation/test_github_automation_fail_closed.py,3239,55e2da050869fdad29a47c3b14f946a3a1ae0a1dd5ed50fbf562edc2847b0477
civora,eucons/validation/test_inbound_runtime_fail_closed.py,4972,05246a69534d5dd17be2e3abb0c7ba43d607492847517107c1f1579f73801907
civora,eucons/validation/test_information_architecture.py,3064,d7da1733896c67b1839e4f82170e2573058a94f895ac8c3e8981b2e233391b79
civora,eucons/validation/test_jtbd_ux_fail_closed.py,2505,175c5e7e53f7266003d40acb740753ef25a504cb9f92c7b80af973b40c8a7c82
civora,eucons/validation/test_knowledge_engine_fail_closed.py,4534,ed1c2fb62acf193e2ac30a10558fbce38f682c1804211ec6cc86b18a0a45622a
civora,eucons/validation/test_lead_engine_fail_closed.py,15417,30ed27bd2413c09498bd430b768e7148a59f51ca03cff60a6a742d2f4f0b0f16
civora,eucons/validation/test_linkedin_adapter_fail_closed.py,3596,7fdc3adee0d77968520d2b6c0e0eb356d2b5f123e81aac3268e1dcd470688eae
civora,eucons/validation/test_main_writer_serialization_fail_closed.py,3245,cf4b3cd09bd7a2a5b40ec839f8fb74c835c67164bda02d08bb65c48e71ffc364
civora,eucons/validation/test_offer_engine_fail_closed.py,4377,5a48e682aca0c1062af0a0119147e6b2d1b5977f7bb561856afba1bfd157565d
civora,eucons/validation/test_official_source_operator_queue_fail_closed.py,8687,79eab9987af222f16646370086545b54a9c2dc3c4dfbdee3e4a7d7d883f4085b
civora,eucons/validation/test_opportunity_bridge_fail_closed.py,4613,4708e751e9cb1b1f910ba6c17b0425e7fd5b2573dbe697028d74b1238aff6b65
civora,eucons/validation/test_opportunity_matching_fail_closed.py,10150,9492e94da85052c94f803d0d01f93018d412ba81fe0b706f6a13d167ddf6f166
civora,eucons/validation/test_people_fail_closed.py,3979,47fa3c51f70855a6fd473d1eabf53cc9075f2d665d69c98868bf5e8dbd20c794
civora,eucons/validation/test_persistence_fail_closed.py,2515,8bcc50d0f6294df9df1399f861e7d7a728810cd53fe5f7fb6d5684c6d149d625
civora,eucons/validation/test_php_commercial_runtime.php,6743,08e0af57a6ed6185f7f339658bb8f5e6ee3668a8caafd92e0ebbf51ed41da67c
civora,eucons/validation/test_php_runtime.php,5001,7efa42fb628b935aef78f936f325f59388688c5c846773cf1a5b00b2560a8906
civora,eucons/validation/test_pipeline_fail_closed.py,8317,e0574169097f78e02b452075131797423e55c0446efe77fcb9c3bc24f6898073
civora,eucons/validation/test_preview_production_fail_closed.py,4830,6637b194fbdf46eca3570b86acbc99eeecacbc8aa6f75d92bd9b148a52c9a393
civora,eucons/validation/test_privacy_security_fail_closed.py,6323,eef9428f1e47fd36acce338216c6bfd443cdda39c790a8c5e98a9c1c5cd64257
civora,eucons/validation/test_prospect_opportunity_match_fail_closed.py,13762,db2ded79375d4e1a74a96113b7eb2a29e1de6526626df0c47ab36e91d955c5aa
civora,eucons/validation/test_prospect_scoring_fail_closed.py,5361,42587da63a4f7e024bd2f839e914172ff6aff1183631ebc596ae2833a37156e8
civora,eucons/validation/test_public_site_fail_closed.py,5959,b2cc70052f65cc8210cc7136e4352e3cbed86e73561044bd60ae14b9f1c6a2b5
civora,eucons/validation/test_recovery_fail_closed.py,6019,d2a337672335b8d6beb1569be296c38d76878db1bba29cf4686a8283ae80abba
civora,eucons/validation/test_seo_engine_fail_closed.py,3459,18c41e936b9296548c1896123f08b75e138589d6599450a9be0f606be5952f94
civora,eucons/validation/test_service_proof_architecture_fail_closed.py,2709,2d21edc9c50199463603d2e615b91cf6fbb2f72c6cc7ef463ed492e018cf44c6
civora,eucons/validation/test_source_freshness_recovery_fail_closed.py,6205,72f2907e869461dfe3888763923bb4b3f98a5d71c6f6dfcad2eb55ff014b4e2b
civora,eucons/validation/validate_action_pack.py,6547,7bb9885148a13f8c4133d7d05a0ede71228002585bbb67e1d4c82ce891755c69
civora,eucons/validation/validate_adversarial_qa.py,3640,fc830012c502c28662f3f94d680771fa23a872f26a9f6b7a44a0dcb0bdf67bd7
civora,eucons/validation/validate_analytics_engine.py,4363,9949b34946f3f9a5d0f536346018ae3dc5a094894e76e8a36fde81cd0704e870
civora,eucons/validation/validate_authority_loop.py,5826,3cabbf85899653e2312f01775638618cc50e6d6fcebf8abe1c00c753f2efcb64
civora,eucons/validation/validate_bootstrap.py,2486,93972c078178f90f93eb70345abb68fd0cd57851d07da5559b45a869ba7f725b
civora,eucons/validation/validate_case_study_registry.py,9542,6a2096622e23ca714e3c5ae159233cab370424358b1ad06e62549fc60d231a9a
civora,eucons/validation/validate_client_finder_contract.py,16703,31406f73da7e5a6eb358d2762dfc3ab461189421cc92deda5cb8ee20ca508f1b
civora,eucons/validation/validate_client_finder_engine.py,4721,8976bb7ccec14a47a48efe83a3299410c3bde636f179b18ab62843663094254e
civora,eucons/validation/validate_client_finder_source_adapter.py,4096,0ecb8e84be1a60abeb859faa60ba3f41b1d75077a562a525f01be756d14f8bd2
civora,eucons/validation/validate_closed_dev.py,3719,908bd116e2384a12467d1948d8e434c3649a5f7d9fdd6c54f8133370fd93e9f3
civora,eucons/validation/validate_commercial_canon.py,4779,1919ffe7cc41bff7159dac73e94575b2a28df307bbb6e9de6ef55bd6034f3d42
civora,eucons/validation/validate_crm_lite.py,5001,74dc433deccb377f03bebcf0d160d53c10c8e4bdf4a79dcd2cfcee302a607817
civora,eucons/validation/validate_customer_demand_model.py,9214,1432950572171232aaf654ad84e8f4fa32653a35b00cef11ba28dea59272ae0c
civora,eucons/validation/validate_design_system.py,11260,f33935dc1563d3d7a6f3a59693e5ec743233038611263862e6a07ee48dfa8c4e
civora,eucons/validation/validate_editorial_loop.py,6170,ec351842dee0a896f15ec7d874980f3818333413709e9adb87c221505c399c13
civora,eucons/validation/validate_email_engine.py,5019,97ea71d0649401683e81d39551afe80d2cdf78fe29e4767a910361df93986515
civora,eucons/validation/validate_evidence_base.py,9711,2887165081bf20589474b34cb330097b8b5a38fee09724376cb65e1077cfd584
civora,eucons/validation/validate_facebook_adapter.py,3757,b596235c88eaede955499d1da2e753458393ab07ec0f92b60f21e5f8515763ee
civora,eucons/validation/validate_full_acceptance.py,4699,b9772877410d3dda9f0071e2a84b2af31e8230295aa2630d7b92f7692ad2c58a
civora,eucons/validation/validate_github_automation.py,6891,bbf5f86fd66d295fa9386bc2dc5abeb1f9844a79b4ad514221c3c98f977966d5
civora,eucons/validation/validate_inbound_runtime.py,7862,c8b101aafdf8394eb1a7c3b33c62b79698b6692cde2094e0a9d63bdf248e5239
civora,eucons/validation/validate_information_architecture.py,10745,eba6c2073cd8e8aafd61412426eb2b8c78e1aa1efbd9a8e8b36f48fa524b84b6
civora,eucons/validation/validate_jtbd_ux.py,9073,90a653584ab93e04e40c24696c483bb1766b8bbf1e75404f3c28bd8089fad0cc
civora,eucons/validation/validate_knowledge_engine.py,5286,eaa7c173625e7b9262d3f36e426da4a4fc542912d78953190585404a7f59e26a
civora,eucons/validation/validate_lead_engine.py,15360,f80cc3eab368fbe02223114665aa8bb7a4f2dced18c4507a120bee65235b0b46
civora,eucons/validation/validate_linkedin_adapter.py,6019,863e90bace6bb91a2440c4ecb2b63c2782570d465974a827c6c8ea029ec7a630
civora,eucons/validation/validate_main_writer_serialization.py,3800,29f6dfc967815960cb3d633b6ca65452344da7635efaa4c6a3bbaa66a1779cd5
civora,eucons/validation/validate_offer_engine.py,4585,0bb239d85ab06eabbcc60e84f50d0366a0aa39349a797556ec7cdc5f08878f65
civora,eucons/validation/validate_opportunity_bridge.py,4747,a3ad6cf06017ef8ae86d64660af46c269f3d50c35e4894be9d7096f7b065226d
civora,eucons/validation/validate_opportunity_matching.py,6477,fa3feaced039a9ff6489399f064a6f94655a05e7fa87283885ae3af8c1e8010c
civora,eucons/validation/validate_people_registry.py,7685,2ddf05c9e4a0e5d0a2124f649d361a3d173081b697e04e051072582675b75738
civora,eucons/validation/validate_persistence.py,4501,59eb5c6e38d34b1b56251ca1b9c1ba137938ee9bf8936e2288ee416bae6f9076
civora,eucons/validation/validate_php_runtime.py,8718,b2a51e86b97642aa86fbb06e8b3c9b4079f3007886727d920074057366c57311
civora,eucons/validation/validate_pipeline.py,11724,45b33e3ea0aa1320809a576d6869646b3fa75cdb9dec07b8b40817afe02af182
civora,eucons/validation/validate_preview_production.py,5334,fedd750dbd28b80868c0744fbdc65202d0569dd3f2946dc9f2af7ea8e0653155
civora,eucons/validation/validate_privacy_security.py,8388,86c660db2968614ab53fe08973fbc3207de3e43f2aa3cace7cc646380f85ec3a
civora,eucons/validation/validate_prospect_opportunity_match.py,12359,12d906aa910590f5bdcd685a5969185ce1cc6c9abdafb3cb0ad647a923a8efce
civora,eucons/validation/validate_prospect_scoring.py,7290,6b7ef2b2c5424c4486d994f874f05e9f32f7e5507b88e5199119fbd3997fc216
civora,eucons/validation/validate_public_site.py,6856,5e3afe187b8f511d59d76c734ab34f44dd88ffb5f83e35f2e191b6de902013f8
civora,eucons/validation/validate_recovery.py,7871,73f6d54d2267490995a55d4454022a3b2504deef9531241df0cbb9fada2a5068
civora,eucons/validation/validate_repo_hygiene.py,1407,7007c9005f783e6d8363304f8266598fe25750dd5d377c0921fd1d20b3f5536e
civora,eucons/validation/validate_seo_engine.py,3891,bc9bd9035df3818ac1c074b2f3987182c63c88d6646dd4e461c87689ec0db528
civora,eucons/validation/validate_service_proof_architecture.py,13058,7b79a8145723176d6c4019b8f4c774bc50d026681e6a9293bf6f4d191724a024
civora,eucons/validation/validate_service_registry.py,4890,427cfd65512c999f58a1cccd24bd058f5dafe85f97262572b201be9d2744402c
civora,eucons/web/DESIGN_SYSTEM.md,2002,bf146d2f3539779fac8fa76097035da1a09c369fae7fbb8fdb2edc053fdcfb90
civora,eucons/web/assets/eucons.css,10453,1da9dd7138a3c59553df8c8ff8d04758a74191b4b57cdb691014039554b2353f
civora,eucons/web/build_public_site.py,25621,fa6d2f7c97fdef0a18e31818d09104eabfb44b31c397d1769aa5b065daa6860b
civora,eucons/web/design-system/index.html,6919,28d7bb5a7bc730f00ff4c3063abc4485b8a5a7f3a5aa73aa698511a13c131bf1
civora,eucons/web/design_system.json,4219,859375712d5951bcd946c70a4fcbb0ceff30bb77276f05d8af85260d125aa12e
civora,eucons/web/index.html,7921,1d57ce9ff35452933d54099dcc84bd81913a0f80361304c7338e6cfee4e08747
civora,eucons/web/information_architecture.json,8406,5890721d5a8a491ff19474fb946b330d8b5d953673f2da9830c625027d0f5054
civora,eucons/web/jtbd_ux_contract.json,9090,dbf53386275133d237d7dadbd60b00bba4b4621568fe977fe7d1251a2700c220
civora,local-news-os/contracts/editorial_coverage_taxonomy_v1.json,6426,186660f234a58cda2fb11630e790848802b6bb989ae70890fc4a7e03b22502ee
civora,local-news-os/core/STATIC_RUNTIME_OVERLAY_CONTRACT.md,928,19cbebbc9f4c16b73e152fc52cc1a768cd8d3e0f47e598e283a8f4cd65ddc70d
civora,local-news-os/core/article_structured_data.py,7636,12b4f49fac51db983286c80bddf8005da7e6c61238187a6dcf898594e042f248
civora,local-news-os/core/build_instance_manifest.py,2660,2afcb7886e40fe265c75f37c5915a55c326d3eb6583701992adebfb4be72156b
civora,local-news-os/core/check_core_generic_hardcoding.py,3933,5798d5e69765d62aaf566e01f1e4e9f42aad87ade50b4a4ceabee67bb2fa07d5
civora,local-news-os/core/date_provenance.py,8347,31c5a57de26ed211d5d4b57990d6f87d0881c0a36a86be6233886ac2affa9b43
civora,local-news-os/core/discover_primary_source_facts.py,11341,32e8e07f6af8f51dd39fa7aebebeda8a53d5940ece89f2fab4925567db410180
civora,local-news-os/core/discover_primary_source_facts_fast.py,20906,708f1ddcb3c3331aa4c321266158b9386f4a53ad93e3139baab0c9dbe4f5de6e
civora,local-news-os/core/discovery_health.py,6283,27da660c5189869186786c4900a61d5898bb92060790f96256ff328713f60ff0
civora,local-news-os/core/generate_verified_edition.py,12124,5ec012cc0e975338e151057bc0d9c7818dd774f8f622d5898dcbf72e6735257f
civora,local-news-os/core/indexing_assets.py,7324,8b1c434f838c87f5eee6eefe5a01bb566652c620ea1c8695630b8cfe57ecd88d
civora,local-news-os/core/instance_bootstrap.py,16092,0f7714b45e380d4975c33393c954b75852936224b7e70cfe03fd500aba9b20a6
civora,local-news-os/core/ops_trigger_valcea_distribution_20260821.json,270,7921268ff8a85be944d984fa3f38a5b89192becafb0f77c35b577caa0cf43dd1
civora,local-news-os/core/primary_signal_verifier.py,17616,22692c9d0048383d939c5a004dde249af3dea1b3c0c8c2adf5bbe609ace3babf
civora,local-news-os/core/primary_signal_verifier_ranked.py,8064,d78eb53b87b265eef4ac8cbb1242972ed47138aa77fe2fb0b5265e785cbc1531
civora,local-news-os/core/primary_signal_verifier_ranked_strict.py,2872,1d9e42a19ec37aa05a37352c489d29fae93f87eea938617e0971689f1124a9b1
civora,local-news-os/core/primary_signal_verifier_routed_strict.py,19704,c30439333461a29e6af7871401673e4393b50684cb3374ee9d5d2fb284987cb8
civora,local-news-os/core/primary_signal_verifier_strict.py,9533,da235adf8917d07ab04240a211282d233524a71b1db7d60baa5c06e70a43082a
civora,local-news-os/core/publication_kicks/valcea-arutela-20260820.json,510,cf839985e933e26a4a6159d5dfc6b28c47e9acc120b9d890cfa1fcde9575a511
civora,local-news-os/core/reconcile_triggers/valcea-20260822T164700+0300.json,371,33ccecc36c8913657f53bf8a8b8a9edffb6c2df02548e5a681490625d5687944
civora,local-news-os/core/related_stories.py,2838,e7adc4140b6bc230cb94a012aa66791166fbe0456fb43405d6e0f35253e8a91b
civora,local-news-os/core/render_frontpage.py,12603,4057b799a715cac26706e7caa24aeb6452345452671a4091ed8081e24595a2e6
civora,local-news-os/core/repository_scope_fingerprint.py,10704,4287f71d27b3dc403bf4767a4d09db258f9b91ec4844b9693bbbed1aad183971
civora,local-news-os/core/resolve_source_pack.py,7444,65da8e49cd78c5027ae65596bb2214a94a87c0d62bd7d6fb2b8e5aa8c9b470ec
civora,local-news-os/core/signal_radar.py,19980,4cddd8e9b37ef232ff1b9424541ccdc1d5de648dab505931476cf10a6eeefd7d
civora,local-news-os/core/signal_radar_routed.py,2268,ae986c419796310eb8d3a06451cdd21c75c40be7c534443a875eef6c92295ccb
civora,local-news-os/core/signal_routing_contract.py,8643,44202e1180bd66fcb95206e86bd55e38c78ea7156de290a98e152962408c7075
civora,local-news-os/core/structured_alert_ingest.py,21117,dc573d9f09e0880568a64178bd4efa95a727118eab026f584426501e5a9d8666
civora,local-news-os/core/structured_alert_runtime.py,10767,898e31260604ff41370348a0b2042a7790b3a488424388e798d72d37bc219046
civora,local-news-os/core/structured_electricity_interruption_parser.py,7718,e13f70145f3739980f937658f48f2ab8a66a81af4f602ca564889af948c95534
civora,local-news-os/core/structured_electricity_schedule_adapter.py,15063,4443e21a73f107d17b3fcdbfe9a33197ebfa3ec3f20451f5f1cc33d8f787a249
civora,local-news-os/core/structured_heat_interruption_parser.py,14545,f4d8fe63ec3f9da401006aa2250872823ec5406bf2838f6c2dbed9fdcfe3a405
civora,local-news-os/core/temporal_freshness.py,6226,418d01f3bf63af14e4774fea43a55979fbecadd4c304b9d61875cefd9f115a85
civora,local-news-os/core/validate_coverage_plan.py,7681,7d93acd1150c3931dba260ce094ee222db9789fcdeeb355af63447c8e773a332
civora,local-news-os/core/validate_instance_config.py,8683,cf68163ed20dc7265f43159d07114a53d4712858be01c0c39c20d2a1c3e67ca7
civora,local-news-os/core/verified_story_media.py,7936,7821a8c525c42b33a517ec185b1cdfa67eb92ca963c9f646e10f8808cd47369e
civora,local-news-os/instances/test-local/fixtures/brand_pack.json,361,ab7ecfa55a4bca5b8e77f3c4abc089ec1bb4d5a94b23d0df6418d8ffa7555c24
civora,local-news-os/instances/test-local/fixtures/geography_pack.json,556,b14eea347eb027e46088d3cc8e63bbf17ea601e7ebf1762ba48add7be66ff0a5
civora,local-news-os/instances/test-local/fixtures/source_pack.json,528,7740690c71b27be27b1c0ea9bd8c73450c3751d39daa4ae8688c8ac1a1e4e25f
civora,local-news-os/instances/test-local/instance.json,1552,f3405f7e3e1e76cc779dea8944a28ed5618b940c049c99050156f9f051687223
civora,local-news-os/instances/valcea/brand_pack.json,687,4270db97898788c2de5ac879b922755ee7d9c38b62fc67c68b83025dd679beac
civora,local-news-os/instances/valcea/coverage_plan.json,3078,32372212c256db05c4b3586160f7fce7969590180b43657f721186c47871a17f
civora,local-news-os/instances/valcea/geography_pack.json,1071,66944a4a52624c2018b289c055c22dcc38fbb00b0b7b8a00a72a58fa9df3257c
civora,local-news-os/instances/valcea/instance.json,1783,02e12b84e17c77bbca94ac4ea84c95c1baa9d306bda1c738d4d9a2871b3d68f9
civora,local-news-os/instances/valcea/source_pack.json,1071,7976b5bba376174605c886c0b054731b4fcbfd418bb4d37672e1b39ed07948e2
civora,local-news-os/instances/valcea/structured_alert_pack.json,3978,63a0d6118fb1fb0909d4aaacb085df64edd3a4c072ac87bc80d1a6bcbf27e396
civora,local-news-os/persistence/CREDENTIAL_SAFETY_ACCEPTANCE.md,1730,caa65fe53fff9e25694cbba82f62161e10e02df0a81c0862ff6e5e96ab5a1bcc
civora,local-news-os/persistence/PERSISTENCE_HEALTH_ACCEPTANCE.md,1620,efa54a99206a6cdaf9560d6d28741e219ae30c2e23f64c318485fa5e72cf6e43
civora,local-news-os/persistence/PERSISTENCE_WRITER_ACCEPTANCE.md,1979,ddb9237dde3b388c39dbfe00b4aee6c6f2c0cfa3ed071c8af4d82b83faf90413
civora,local-news-os/persistence/READBACK_PROMOTION_ACCEPTANCE.md,1368,dd239f40169e1651639db9f375559c3d225cbddeec077352f1f2c11293824281
civora,local-news-os/persistence/RECONCILIATION_ENGINE_ACCEPTANCE.md,14389,f703f024d7df28490d9c38e010e418d2b65946b0e444f415bb319113097fce37
civora,local-news-os/persistence/SCOPE_AWARE_DRIFT_ACCEPTANCE.md,751,eab6be0f5d3eee4d552dda7f8620d24b28427f3c91aed9b28bafd73d1cbf45ba
civora,local-news-os/persistence/credential_safety.py,7883,117df7b664d3ec72b9f7f6ca389a37aee8209e5f2005035c189a287fb54a86b7
civora,local-news-os/persistence/latest_state_promotion.py,9584,ab154c23420e52b22647ba02bcf1780a14a3ed524fb69e0410c2b01d225232e5
civora,local-news-os/persistence/persistence_health.py,4757,74fab1996ccb74d8a509a64aad66abb95acdb1e261848f57bfe409d46da409d5
civora,local-news-os/persistence/persistence_writer.py,13842,a00a5fb8b55ef49af5ffdc3667f2ff72778357eaecc780a1ce83f6e049d25897
civora,local-news-os/persistence/prs_042_drive_old_main_new_acceptance.py,3755,23b6955371c552a63001a75a48870baba15d67eeaf71456b1751843df8ef0ca9
civora,local-news-os/persistence/prs_043_open_pr_unmerged_acceptance.py,3366,b44f5c005329ccc34ad764b4698e050acb1f7c3546d709fae47e7fdd283b6dde
civora,local-news-os/persistence/prs_044_superseded_pr_later_merge_acceptance.py,5022,2f480d9f2636f00f2374a01cdb4fb79c13c41b4e77040ce30df21c4286f537ac
civora,local-news-os/persistence/prs_045_outbox_only_capability_acceptance.py,2474,94bc8470cd9377b7d639732df5d9c89c018a17ac4ef46614ade96e229b1962b8
civora,local-news-os/persistence/prs_046_profile_asset_no_remote_readback_acceptance.py,2908,7b61e4e63122163d6c27c701cf493b5425ef23f4448c91f85aac862669425849
civora,local-news-os/persistence/prs_047_no_progress_checkpoint_then_main_acceptance.py,5436,98c83a82b415b726eb206994b18fe118234c4ce19495610a955328aa685b85a0
civora,local-news-os/persistence/prs_048_explicit_decision_replacement_acceptance.py,5351,1ea1894c369b718998edeb546fcb5fcf0ecd425f4515445c258a56ade5ad9ea7
civora,local-news-os/persistence/prs_049_consecutive_no_change_idempotency_acceptance.py,7789,1941243604548269772c6fcf1a90328c1d591d59e37614085f59465539b95d9a
civora,local-news-os/persistence/prs_050_current_social_truth_acceptance.py,4948,5f778a8955f09a523793cb9f2e1102e76218eb27c5842a752f4b673d58c85e9b
civora,local-news-os/persistence/prs_051_profile_state_separation_acceptance.py,6731,00378fc119c4038e254906277dc16faa9c463718ff9299b54a9896aec3032a2d
civora,local-news-os/persistence/prs_052_open_editorial_decision_acceptance.py,4611,d4c483bf0ed3781111b3cd8ae9362020024e01fe0b64fd5c67dabfcf9b56f36a
civora,local-news-os/persistence/prs_053_low_latency_main_evidence_acceptance.py,5130,1a20898439ac8ded881eaca220d2e531b461c0ae16137b631eade62daaecc30d
civora,local-news-os/persistence/prs_054_source_intelligence_workstream_acceptance.py,7069,28127a2a1480c19b6f83ada26fc37b41a1ce81230958c1966bf2d50584f8d831
civora,local-news-os/persistence/prs_055_monitor_fact_kernel_bridge_acceptance.py,7204,af9efbf68d0580d5dcd2720c33c7e66d02b6cdbd4f607e1313c901b3168bc56e
civora,local-news-os/persistence/prs_056_local_places_subcapability_acceptance.py,7913,029b096f8bfc4d76cb239933eb2db7e9e14d55dace78b8c27e71330ebb53f802
civora,local-news-os/persistence/prs_057_operational_dashboard_recovery_acceptance.py,8310,9d1048c55cf63f38b41f763f09933a454e55c3e8794779d1f8b72ad5c1a7a4ae
civora,local-news-os/persistence/prs_058_self_improvement_component_acceptance.py,7700,6e8637b8ac455fe14ad51b8cd343f9208d56deacfae82b1f3dab9cfe4d299088
civora,local-news-os/persistence/reconciliation_engine.py,24589,92b57172f306021a3a0deb6b272c187579f6aa57ff57de92bf1ea7731dfb3aa3
civora,local-news-os/persistence/reconciliation_triggers.json,3558,3d48c2971c3a673e4a5bfac03f3ef290b341ce209c1328df93ff05ac4a534e7e
civora,local-news-os/persistence/repository_scope.json,1021,9436c6b534f5f9eff53aadc39a485d4cd17849de7d4109d09cc58e7b50a9636d
civora,local-news-os/persistence/validate_reconciliation_triggers.py,16250,543d7e81b2c22a8806f2ad9b0015ebd21a6b27f5d66134ca8c25d53d134bce2d
civora,local-news-os/schemas/local_instance_config.schema.json,3733,c19c313f1d0133dd78cc9d08c4a47a95ac2738a32522c5fa02b7dc0951229ca9
civora,local-news-os/schemas/source_pack.schema.json,1723,2b0648488a6fedf5ef6739dacb761b679acc3dea430542c10bb4371c686299fb
civora,local-news-os/social/adapter_capability_gate.py,25713,cfc235c841c731ac84d4621efe417ce2322975e63b5a89b1eb531c1af98cab50
civora,local-news-os/social/adapter_dispatch_bridge.py,23915,5ccb0689c5c971b5f697ce2b9992e9777e78727240a027a2da086872b3094eb1
civora,local-news-os/social/async_remote_dispatch.py,19704,d383fee509a4b52c3de6d7e1c6761753c9eaf203aa909e24821aec91e2d34d1e
civora,local-news-os/social/authorization_sealed_harvest_receipt.py,51981,45db1dfcba58602dd39a41d79c9b2e7b532d2aa8ed971dc831952348d59a5628
civora,local-news-os/social/authorization_sealed_harvest_recovery.py,19758,8441f9628f6ba92e562e126f7930ffb5b500ab672385521c2b5e070b33fec955
civora,local-news-os/social/cadence_fatigue.py,14794,da42b5d65463658e21a84fad6bd9e9096a1fb8a6a76d673d81221d3952357a7e
civora,local-news-os/social/channel_config.schema.json,6771,2841ec65348b08d27eb86fda92f7c03b3bb365a82af32945e964d8d606ffc40a
civora,local-news-os/social/channel_fit.py,7934,8bae4c828133726f911a4575b7edddb38c6a4b3693960858db207fa85999c161
civora,local-news-os/social/content_atomizer.py,9882,2f817d40b2aacaec5976b4cdb222926e3ef57cdbfdcaa41d70fe555af42f1063
civora,local-news-os/social/correction_dispatch_router.py,19687,7be79a0e791fdf63b170f7b445d02df28cbcab1b6aca9090c0f9b5dd1003daee
civora,local-news-os/social/correction_outbox_materializer.py,23054,81e68049d3b50bede648fd4ed9e2ca8aae1b07ab58ca199d4110fd0c75979bb0
civora,local-news-os/social/correction_propagation.py,17465,4844a0be50478550efb09af5dec54a90c0b7b9b4cba147631deb35949bda4fb8
civora,local-news-os/social/durable_dispatch_executor.py,34630,3647ae481bece39c35c40b6223db181ca6dc74251fe5f78e00bebf9996317e07
civora,local-news-os/social/durable_feedback_snapshot.py,21330,c7bfb130853c1d4a641fad7ebfdd1f752f42abe5252804ac7e42f1541266c164
civora,local-news-os/social/e2e_acceptance.py,22676,62f207d978ae6dc1a473c074ee91410dd14291b1fdcb6c85b6e432bc74887d54
civora,local-news-os/social/fleet_metrics_authorization_seal.py,29971,c57fc4bb9f5534f98dc62b9bd947f60d9775442e20ed1c90b56cee203155b8b3
civora,local-news-os/social/fleet_metrics_authorization_seal_with_reread_spend.py,1454,b582e02f4248f779d927b58256d27d149ec8b6eccbec0e809ed43726f6431cc4
civora,local-news-os/social/fleet_metrics_credential_binding.py,30246,d0f2263db2f9f87492b08662cbcd292965921afd2f58c801bd73ae091446d34f
civora,local-news-os/social/fleet_metrics_harvest_orchestrator.py,23096,ac2970ab891461c8e015d6cf6ee7c162143a7679179f12e19ab4c62598f732b9
civora,local-news-os/social/fleet_metrics_recovery_orchestrator.py,29728,5d98575a4f315fe9eabc2eadd564de27084f815348feb886c6020ae771f18800
civora,local-news-os/social/fleet_metrics_reread_authorization_handoff.py,34227,400d3f718d5bfdbd88af3a9acd8cead5ddefdeaaf9ef4c14dffc40e2dd968992
civora,local-news-os/social/fleet_metrics_transport_capability_gate.py,10163,74feb42c662cd5ac1ed85081320dec990b26af88df5d7a3e3b88abb769a48bd8
civora,local-news-os/social/fleet_reread_materialization_recovery_routing.py,16253,bc875d94a699f31972245373f5b31f7b6b32525df2a8509374b5c5d04eb05c05
civora,local-news-os/social/format_engine.py,15141,ec5071d556b4cba4bd3427d927984f2e910a12bbca8364960bbcea85a564b9c8
civora,local-news-os/social/hook_engine.py,10324,31dc5c76f577b93546607e81780c928a5bd2c5392b8c39623b31a61695569e48
civora,local-news-os/social/metrics_credential_bindings.json,1080,c1901af460001da8d582cd7d1f1786ffd3020cef0572520508afc31966993625
civora,local-news-os/social/metrics_harvest_runtime.py,31959,5b3506c753456584f6f6adaa9eeaa565890dac5228bed9a700d8413831e024d8
civora,local-news-os/social/metrics_harvest_scheduler.py,21048,0f1bacb040e496688a29731d9f89e6fe8da0e3d9361be3e1594d4dbd212306ee
civora,local-news-os/social/metrics_transport_capabilities.json,1649,9326e83d8a88889acdfa5cb9991ebeea0548432e4ce113c3d91def683f6f5f9d
civora,local-news-os/social/metrics_transport_capability_registry.py,12756,c9aeea963b81d0ecd01101e17297d9f1db89cfc1496c01066f4ff4179f5c220c
civora,local-news-os/social/multi_instance_isolation.py,17055,089e9a92ea3cf374d7b3b47d84befd1f250cf4106891fd2b9b7c0239bb4e55d0
civora,local-news-os/social/native_metrics_transport.py,20937,35d2a82d047c3b15ebd6b0391b4eafe3d74f727db3933e6a5d0a7b73ddf3c94c
civora,local-news-os/social/native_series_compositor.py,25034,be4389a176e5cf4bdee609202d866a11826fb5a99bb7cffd484ae3ee127aae64
civora,local-news-os/social/observed_feedback_application.py,24052,86729dc44d3bfb8d6dbb7bdd4ab7827cc635b4ae14db304997b15fcf5e63395d
civora,local-news-os/social/observed_metrics.py,22648,2e0e83ba99e251f07f4de8165583d87821dd522c711eb5264545f739a35b195f
civora,local-news-os/social/observed_metrics.schema.json,4004,874b61e9f7e3abcbc8d0652ea5f4c1eadb1b86fd5bb3c32e39bd98773d226e55
civora,local-news-os/social/observed_metrics_collector.py,26914,99a52cdd241cad6574e365bdc8f7a61477bd9ae11df2683db9d2b1be37e6f714
civora,local-news-os/social/operational_metrics_harvest_trigger.py,12060,b110140930b3f289f75c678ad42376c47c6dc7435b2d889ca0c736c3d7ebf88e
civora,local-news-os/social/production_runtime.py,24373,70ab52e364c02119421419b640e4eb1cd1296365deec8f9dc85137532c11a134
civora,local-news-os/social/publication_metrics_catalog.py,24630,13b48e9b3b25eb0270d25526a919c4217f2626e64b99ab250cea4362fd88dbd2
civora,local-news-os/social/publication_metrics_handoff.py,18558,b9da772e0a99104aab9684a748d4ca41a2a3e7bf647355be4bb1a73f5c71f9f7
civora,local-news-os/social/publication_state.py,26256,81ed1fc3c1b9c937f7e254f43c22d3965c77c79498d01f859f6dab306347d989
civora,local-news-os/social/publishing_adapters.py,15402,4c02b1fff05b37a2956c80d4a0cc4417284e640a5eb31cbbeaa2dfe7ce586155
civora,local-news-os/social/recurring_series.py,18038,e5e21c26f485274cf58827baad1a2bd9c0349c713b98b3433667e81102141d4c
civora,local-news-os/social/recurring_series_runtime.py,16234,6281a2b6adb7f33e07f0e257a3f647f338815aaf379554e840ba51a64c75dd80
civora,local-news-os/social/reread_materialization_crash_reconciliation.py,28966,d3ff97760d8976d55f9120f91603b220adb21616e0ce6f17ae6d595d7acd67db
civora,local-news-os/social/reread_provider_outcome_binding.py,20515,d34281a789a4e7b87bfea43656db8ec8aeab876e07ad39d8a644515b70c1ff79
civora,local-news-os/social/reread_result_materialization_binding.py,16709,64b1fb0cccf5a2ef2853d9b740f8d606052164d117286325c1fbc7d8fc16e867
civora,local-news-os/social/reread_spend_reauthorization.py,26344,1ffb4c7a94937b8ab5cf282b0ca6f16652f3c02bbf72f577d8f30c842d05e664
civora,local-news-os/social/reread_spend_reclaim_binding.py,23766,72d6e6b97ab23c92fc54468b835fa45a70352ff305dbc391b2f667a00870fcc4
civora,local-news-os/social/reread_spend_reservation_recovery.py,23566,6ac95650d46bd5b29a75e565266686387c47fe9985986cff3bab7149f7f58307
civora,local-news-os/social/series_adapter_dispatch_handoff.py,31229,8255daad9b6afc6933748258306d10b3c3a0682275a687c84ad91749de2f8529
civora,local-news-os/social/series_async_remote_dispatch.py,23268,e43421366090db075a99bbc8846d014250025ac30abdaebb7eeab6b07a91d542
civora,local-news-os/social/series_durable_dispatch_executor.py,33517,3901314b723f05adf40cfca0a0b2e806857b62f82c9bd2249340673f6818b31c
civora,local-news-os/social/series_publication_state_bridge.py,41017,ca69bd6580c979407e03d2e44309b02e59310bd6823e05f848e3a6e329238d87
civora,local-news-os/social/series_registry.schema.json,2727,3ef5f435d31c3d4258569fd41b4d5eeea78e17b0c0ca113133ce790798ac93ed
civora,local-news-os/social/series_visual_router.py,19435,6f5f73f05aa2d5acf303b7ca0a7ae31727eeb0b0b910262da47b79d7cf04ec6d
civora,local-news-os/social/social_runtime_registry.json,1203,759171b9cc03bf0ff44e77f59cd44b803357460d68f89174b577098dfb893267
civora,local-news-os/social/test_adapter_capability_gate.py,11390,427f4c0aa1420b2bf52e5279432120997f01d7fab66206248154b6565de4b323
civora,local-news-os/social/test_adapter_dispatch_bridge.py,10906,94607f210a9aec778425721d68c7a967707fd89ceed209833dfba3cb6cbda13e
civora,local-news-os/social/test_async_remote_dispatch.py,11494,44559ae6c0b14c7b986d6494ed1fdf8de17dbbac4fb76568b59fde4a0224bd67
civora,local-news-os/social/test_authorization_sealed_harvest_receipt.py,18506,fff8fdf397534cf69018cc8e1f741a928f3fad5b2cf64a9caf94afb549562e92
civora,local-news-os/social/test_authorization_sealed_harvest_recovery.py,15656,b73ebefaea356cb6c34236f14ef1319e980483a7c972c66aeb312926e9600796
civora,local-news-os/social/test_cadence_fatigue.py,9498,e68af6a8f004dc2807d80b4ea4ad5fa06145107a6cfcdeca2625773845319f2f
civora,local-news-os/social/test_channel_fit.py,5614,f6989a536ee40955f6db8695d9db1a903627af7d807b5c08f377dd7f4b9c9b4b
civora,local-news-os/social/test_content_atomizer.py,6233,0637409a67c42be9ac368a16b5496405ac245b34a0856f5145dde4fd5ee42c46
civora,local-news-os/social/test_correction_dispatch_router.py,12146,1503aa0bc1164f0ec093bb36ccebb33fe642ed2a24ad762bb13b49e09f75776e
civora,local-news-os/social/test_correction_outbox_materializer.py,11141,db968ed4603b7437afec7469243d821cb7176163f10f4495256499128b964ce6
civora,local-news-os/social/test_correction_propagation.py,12122,bb4d9711c19f4d51f29e8c6499a779e1ba3f70e427786a20dcced7921b544fb7
civora,local-news-os/social/test_durable_dispatch_executor.py,21469,9ecb00a2dcd68e11c6eafbc4c58cafd0d8093f6efba59f6e2041c5937de7171b
civora,local-news-os/social/test_durable_feedback_snapshot.py,14084,a78fcdcc244f879631c3236a1c4a177ca5f1739185ca843b5d4c72bbee5e2f8d
civora,local-news-os/social/test_e2e_acceptance.py,2278,8b604f1165b2b52730fc9cd66267b6eb31413dd4f85e12d4e75954ded86f0ba0
civora,local-news-os/social/test_fleet_metrics_authorization_seal.py,16340,7540a26fd9b8fae81a8ac70eb0194e03f2ca75411e55bcbfb7be0c7c433aeafb
civora,local-news-os/social/test_fleet_metrics_credential_binding.py,21570,78f061fc6752355ba8191b629d7622840daf391bf3f6e518e198a8016736d983
civora,local-news-os/social/test_fleet_metrics_harvest_orchestrator.py,15952,d3678cbe6aa3b5fccfe7ce46b0371b0713f431ae24a273687a829d394e8307f2
civora,local-news-os/social/test_fleet_metrics_recovery_orchestrator.py,16117,9a55ff825a3c66f237315f82fa4d28b19d351b941f2f16db95be74ed51829670
civora,local-news-os/social/test_fleet_metrics_reread_authorization_handoff.py,10292,99144d438de1e3dedb208fe59916a3c4a84ff63f22aef38885349f7f7ed4d50d
civora,local-news-os/social/test_fleet_reread_materialization_recovery_routing.py,9028,07d512121bf51567f123dc0f54d38de13dcd177bac5b734ced7b065770615a44
civora,local-news-os/social/test_format_engine.py,8677,2cf1e6f9dd2991b6ba9afe2b7bbb92ac150872621e799eb6ca4595494615c2ef
civora,local-news-os/social/test_hook_engine.py,7048,1b862b04c84f8cf45c352e77235f40483097f25d56af7f08c2879c2942ef5c39
civora,local-news-os/social/test_linkedin_outbox_channel.py,12374,528e171a8a0fb1be050cdd24734589412da2ef98db9b6dff03219093edbf9070
civora,local-news-os/social/test_metrics_harvest_runtime.py,18716,82d2ba5d4353725cba20caff7697ae94912aa58d4018e0e05684f9bcda9759ba
civora,local-news-os/social/test_metrics_harvest_scheduler.py,14330,933bb4790d1b80b912e2a61bb8061b4404af9b660d614f53623b33f41efdc03a
civora,local-news-os/social/test_metrics_transport_capability_registry.py,12528,33c49995f89ecfa951d0f37087c3274123c792aff29edc5f29bad593ee437080
civora,local-news-os/social/test_multi_instance_isolation.py,13498,3ca2ab989900b29dd099ffc5d39e3a79317949307a29c2df037539037a25cd48
civora,local-news-os/social/test_native_metrics_transport.py,13967,023393ee39a032768b80fafb7ae61bbb4ba4551757cb74a7b4ea3619be53ceac
civora,local-news-os/social/test_native_series_compositor.py,16710,d0ddf2215cab1e93eb8fa64f0d780e278dcb73d71d7465fb747ac144e2bad327
civora,local-news-os/social/test_observed_feedback_application.py,16022,19d4a3efd6d1141090582d0cc79d980e63cbc2775921f2629850549c0d8715f8
civora,local-news-os/social/test_observed_feedback_production_runtime.py,5722,ad0ff939f1c28a6fad93c48d97f376275fd31652ec993c3494a2339d91d8a4fc
civora,local-news-os/social/test_observed_metrics.py,12482,bfbd89041c73c069ef51690403f68f051ec9a1f0179eada8402d40187ac73d9f
civora,local-news-os/social/test_observed_metrics_collector.py,13743,3354a1bfa76245a540dd93efd71ff249a998df6feb202f25ca853c5bffcf9f25
civora,local-news-os/social/test_operational_metrics_harvest_trigger.py,13716,b0788e8d3021253de82e12b86f67a95fdb96f588f899b896140d8ec8c8246b3f
civora,local-news-os/social/test_production_runtime.py,12815,01c8298b263a79cea885bc31862404f19d465fac8053c74d70ad0a3fce219999
civora,local-news-os/social/test_publication_metrics_catalog.py,14223,8682d281c1483351206ba20cf07e7921eafd45098b5d25ea917b9be658179412
civora,local-news-os/social/test_publication_metrics_handoff.py,14905,8aa1fe73f112b0d610ffd4a9c40f0048102b863f7049d5b880da880cc353972d
civora,local-news-os/social/test_publication_state.py,15037,c33008e8586d50015ff997adb1c0dcd8abd6caf6615934cd8573cfca3cfd7363
civora,local-news-os/social/test_publishing_adapters.py,9614,8fcd1f84c43b8e0941a2ef437c9ee65d6eeaad855700710fb5f6ed2b06c57a6d
civora,local-news-os/social/test_recurring_series.py,9358,9e72451ac9e3fab9b4610ae3cede277258c4281bd9f4b973962edd66395656d9
civora,local-news-os/social/test_recurring_series_runtime.py,10661,e7ccffc5eb4b907a053a66e92948dbf4b0b1e4a0b5ce616eea21b60438daa89b
civora,local-news-os/social/test_reread_attempt_provenance_binding.py,10445,2577bc19c8457a828cb8933235f2c2e64e9e4a858bdd14b8db7e175741f6b0bd
civora,local-news-os/social/test_reread_materialization_crash_reconciliation.py,17518,a777c8dc16c749d12dbeba82cb1efd5f533b4346392f085088dafaac22fe36cc
civora,local-news-os/social/test_reread_provider_outcome_binding.py,11669,b0120cc14b2f4287ff32750bb5bcf6964b90a98b852e282214094c2ae2b0d34f
civora,local-news-os/social/test_reread_result_materialization_binding.py,9137,460ee5a124965f70f7770726eca38d1baeb83d3d0ad396f69d3fe78e825da68f
civora,local-news-os/social/test_reread_spend_reauthorization.py,12396,b7da5d4cf910ca3bfa0238573d4677e41bd34c18963b0ba7ffeff70c93b7ede9
civora,local-news-os/social/test_reread_spend_reclaim_binding.py,12868,86e545ad25d223c6d298088de99f4b37cd2ea4b9fa6b3ee4fdf3f2396ff1b136
civora,local-news-os/social/test_reread_spend_reservation_recovery.py,13611,c2c15ed809ea3b7a41b780798aea94f6b95c26d84a4c4b0dc3b2b3a7bfc73f97
civora,local-news-os/social/test_series_adapter_dispatch_handoff.py,12582,94739d1161546b7cd4a68bb8d3815f243cf26c97c8ec45802fcd38f5b8e374a0
civora,local-news-os/social/test_series_async_remote_dispatch.py,22921,e87a2acef47587a760e3fefcd06f502814f5953aadcdfa52ae603a998db1f87c
civora,local-news-os/social/test_series_durable_dispatch_executor.py,15190,c6727f0b2fe3ffe27874026498624dba1e065c3b4730cd912eed6c1c929c4f03
civora,local-news-os/social/test_series_publication_state_bridge.py,20272,cfb89e3841db37d1914aad1ca24469f46368a18e5388dd190362fa786c9b6b67
civora,local-news-os/social/test_series_visual_router.py,16518,ce2a33ed0ad1b83f2d40b57281571ae18c5ae949bda5f8d1278d5986e3dee0ff
civora,local-news-os/social/test_telegram_outbox_channel.py,13832,b61aaf3d07772ba09a0f95c463de8d21f1e83f0fcd7a7afd6db5addb1193470f
civora,local-news-os/social/test_threads_outbox_channel.py,14686,60b551e66c1e94f213cdcce95215cb697519aa296ce5ca94544cc5678b2dc1c5
civora,local-news-os/social/test_virality_engine.py,13009,5c14e733977e3e344aea330824ac936823f75c64c3bb6a66ab591c84e971975b
civora,local-news-os/social/test_visual_router.py,10601,564cbcd93565e7c6fa269ea8d0c04287d16d290c5f26d71d83120305f135ad35
civora,local-news-os/social/test_whatsapp_outbox_channel.py,13524,60f7704aefac62e1eee3085859c63ce794dbc0b060f198257c90b2fd38fb42c9
civora,local-news-os/social/test_youtube_outbox_channel.py,11893,faa6b342e14440de6edbb9c4fbae72c81c9f2fc4ec9b6218a335062bab739cb1
civora,local-news-os/social/validate_channel_config.py,11575,e58a322ffe0b5e5bd3ed03a04fa075d595720691e1980e5ac645b1dcffba0b5a
civora,local-news-os/social/virality_engine.py,17980,e8860961a76a14f4f620b148426ac03e8faf82997bbff6e6110d05f5a625b6cd
civora,local-news-os/social/visual_router.py,13340,bcb2a654755f5239357cb7691eb98fd43fe6b10ed136b791ec52ffbe5827a9ed
civora,local-news-os/vnext/BUILD_READY_FOR_MIGRATION.json,4255,c7f59441c697aae1c7fbc3ea0a3468ec82e06a17f0d7afacf23f0e7ce4c42d6b
civora,local-news-os/vnext/PRODUCT_CONTRACT_V2.json,6022,41c148dc36d77e27678629964c64ad1bcf3e4f46860f9f4dafef581d7978d5ba
civora,local-news-os/vnext/VNEXT_STATE.json,4474,7b126946e0ffc68f4ca31c74eb3f8935f1689d16e96af56a8314bda8959ce94f
civora,local-news-os/vnext/acceptance/valcea-p18-controlled-live-preflight-latest.json,5585,7a736dcd4e852be3e777a7c11a3096eea67f07340a6dc606ff357c4ba113213d
civora,local-news-os/vnext/acceptance/valcea-p18-projection-latest.json,1769,6bed0fff1ba78ca600096027a5f338b353ab4a32564fd303b782a9c181fe23ec
civora,local-news-os/vnext/acceptance/valcea-p18-shadow-latest.json,4554,aafcaac55ecc51f4088193dfa253315953a9e55c62e699eb2f354284fce42cb5
civora,local-news-os/vnext/core/database_backend.py,10358,93b21f0a3e12766e9359bab68e2bab4dfd866a4da5c1c03d3a655bbcd78094f5
civora,local-news-os/vnext/core/deployment_preflight.py,3483,a8ad75b008b596a82e78a4410af61bd650801a014c0786e4cedf8fdefbf421c9
civora,local-news-os/vnext/core/distribution_engine.py,37290,c89c7b56dc4a99f1b62453632dac5fe9d8ece0c83cde71ec2c66c8cdfacb54ec
civora,local-news-os/vnext/core/distribution_runtime.py,8010,a304b43bcf771ebde17b5431d41b5419ee68b14258588db773fb25793ffca835
civora,local-news-os/vnext/core/editorial_qa.py,25809,057ab08f75690e33d0a29b7e26471e8eccf7a9d84917fc5aedf7d195d602e188
civora,local-news-os/vnext/core/fact_kernel_engine.py,22088,0397502f06134b8d6acb472c9293c0eb4bb9b55d6d331eebfb8146ee111877b1
civora,local-news-os/vnext/core/instance_bootstrap.py,18893,f8f5e3a0bec5181d4a45ac1c68f6aadaf0dad35deac6e9511df8d99ff7653118
civora,local-news-os/vnext/core/instance_model.py,10953,b81c3c1118b4dea360651977834d1877c27ff38fe2632e12a68a23c4f9cee652
civora,local-news-os/vnext/core/knowledge_graph.py,41183,aafd12ece9ce779ce2402db44849c46896c143eb11275de60bb60e2d8cc31573
civora,local-news-os/vnext/core/knowledge_runtime.py,16136,65b45378cdb66bac258da4ca523985ba22623f793db72e262abb0b7c0277ddc2
civora,local-news-os/vnext/core/media_intelligence.py,43319,407e20e80a90952cc3dee8de7d512f6e1a194d3103c8f028965c0c8d933c4b80
civora,local-news-os/vnext/core/media_runtime.py,15991,60dc17b1baf9d51a89354792329dca43dbd88d3ed3af9f804e4a1d45cbf6caa3
civora,local-news-os/vnext/core/newsworthiness_engine.py,19958,799c7caf35b39cb3bf4ee6f67fe55d43a937b46a6d84d92139eb0982cabaeccd
civora,local-news-os/vnext/core/primary_resolver.py,34037,d7296bff434fa7fe60abc368746b234f7618f8f81ebcb8275e9fcb84b68cfdb9
civora,local-news-os/vnext/core/production_app.py,9953,62c58e92111a0518e0c4154d41f3a8bdfb1a411e0f47368c1ad00da7c8ceafb0
civora,local-news-os/vnext/core/public_route_compat.py,10483,00d161ccb36c9555fa7588eb3874268f4cb338cecbd12a0fd06f0c9bc2bd3078
civora,local-news-os/vnext/core/release_control.py,14448,6543ae2b32fa56c9c1da2225be819f7aba4e2f74801a2a490bd1c7c32464b96d
civora,local-news-os/vnext/core/release_runtime.py,4913,2a02d6810b77b17d9be165b74fb84ebaa6b016ba16b12fba519f8be6f6b22521
civora,local-news-os/vnext/core/runtime_store.py,12002,eb6ec1863a0d79417a06444586ea0d472904fd15a07a879f0531a0491d879e78
civora,local-news-os/vnext/core/scheduler_engine.py,24185,4667a84aaa640c08d7eba828571783b27ba90efdc1c59af0b47ddf7470ca0240
civora,local-news-os/vnext/core/scheduler_runtime.py,9357,68123fab9bf6ff44a2bc27399ee1c5e9280186db8da6196aaf0f69b438d50a34
civora,local-news-os/vnext/core/signal_engine.py,14994,2ed27d93c8582c47e94cd95384cfb64c701b10e72d6fc6fe1464284f09808a63
civora,local-news-os/vnext/core/site_publication.py,24021,1ac1680fd90b02ef847cb9086a37d5d83ec190110996225b905c885d72d69f41
civora,local-news-os/vnext/core/site_runtime.py,30366,02c18c84b027f9828636f855e286c222ae873a1b67c6dfdf96e09ef7476f16f7
civora,local-news-os/vnext/core/source_adapters.py,14556,9da50db2a9ee8b64296f8ada420862bdac643ed4295129b4730e89d70c8b05bb
civora,local-news-os/vnext/core/story_engine.py,33336,37fdaf62ca08563f5752b95987e00a2fe9deda1c25076bb4daa94c56ba0a4c7a
civora,local-news-os/vnext/core/test_distribution_engine.py,13240,d8701514583b0bc7b6150c388965babd7c95c48a5bebae7c90ead813482da5e7
civora,local-news-os/vnext/instances/test-county/instance.json,1512,b9d147060f9e6c064f9100443db73c735aee8484f3f78db0da8433453c70a62d
civora,local-news-os/vnext/instances/test-county/packs/brand.json,194,0bc1b14ee0b4f23f82e39e7f0e852ea68587b65de110710cda488e8dd32f4611
civora,local-news-os/vnext/instances/test-county/packs/channels.json,369,2f9f618616f8ba8468636c444801f7f2e7013a17797bdc7c82b6c382c3a68598
civora,local-news-os/vnext/instances/test-county/packs/editorial.json,1652,699d846952cb42782a6bcfe7c769f2aa461809f2ab8447f6b9a75584f619e451
civora,local-news-os/vnext/instances/test-county/packs/entities.json,156,7bf1b3fc63e6314bf53a29c89ce97b058197709a9fb1653e92a8abe551c7415a
civora,local-news-os/vnext/instances/test-county/packs/geography.json,257,541bc45541a1bb015f24c0c470ae8bc3df650f9bc24ed2a63977ad45644ca990
civora,local-news-os/vnext/instances/test-county/packs/photos.json,813,6aa6ca42befb4f70f1dff16ce62aa8bb01a0835b7467377d2bac138696a5d7a3
civora,local-news-os/vnext/instances/test-county/packs/publication.json,439,5d44b2c6bd4ef45e7081eb8800d8c78d4c71f039ba5e0564a3722d31dc350111
civora,local-news-os/vnext/instances/test-county/packs/sources.json,858,b8b9c9e309598733db8ae1f178503fd64bd6a7c24cf12d3b63133277c43c033f
civora,local-news-os/vnext/instances/valcea/MIGRATION_READINESS_V1.json,15274,0776475d13f5b83ec2182a5afac9520a3b38786a71750c6e8aabcbfbab955306
civora,local-news-os/vnext/instances/valcea/READINESS_RECEIPT_P12_20260819T1837.json,5647,486322ff923635b50a6bcfbfa13e343d2bd86bb1586bcb49a717c21ad8ff9eda
civora,local-news-os/vnext/instances/valcea/instance.json,1469,bdfc9c577c2f006aa5fb1bb212ab1a82bd2c010d6eb4433201bebc796b650f02
civora,local-news-os/vnext/instances/valcea/migration/p18_shadow_migration.py,38041,97e31494e4e3ee10cc50a4bf16661761ada97fc5498d092210cfe77870d6fcc6
civora,local-news-os/vnext/instances/valcea/migration/p18_shadow_projection_diff.py,9574,73a82180348795b4d6c0a48ab35de38427b7537471cafb774239cd2701a7a0ee
civora,local-news-os/vnext/instances/valcea/packs/brand.json,195,9a3ad74f52d2052ac7fe4292fa211ccf9d435ec345e7070de8cf124f7c5785f2
civora,local-news-os/vnext/instances/valcea/packs/channels.json,1063,690843d29478f6ea1b1ee42ac7700136349ce1146d99a5e5abe4c81a2dcd2667
civora,local-news-os/vnext/instances/valcea/packs/editorial.json,1967,504cf9b643f07897503b0bc47d36661b402b65706299dcb48bd47a72aaae0002
civora,local-news-os/vnext/instances/valcea/packs/entities.json,370,82952817ca2ec4ad966c7c28cc07dba4debb549809020de199df6ae0b024c178
civora,local-news-os/vnext/instances/valcea/packs/geography.json,396,65ea5545def5efdf045aa9a0b03f0880ca040cae39c03b135a7b2a6e09552959
civora,local-news-os/vnext/instances/valcea/packs/photos.json,3182,3bae84abdfa47b0a2a148860ec622f644f132b6cae481374270e0cf7ec314413
civora,local-news-os/vnext/instances/valcea/packs/publication.json,930,da7ff873730d9c7a26c9069930a6c1915a62dd80fbe58d4c3508f2b97a3fa30e
civora,local-news-os/vnext/instances/valcea/packs/sources.json,4362,b5869954ba1dc9e100bef1c6b685ff3fb85c3f436d8bb07c168abfeb6c96785d
civora,local-news-os/vnext/instances/valcea/readiness/READINESS_RECEIPT_P10_20260819T1736.json,6875,1df7d5bca37f8dea092c2f62e527f0f9008011b0229a70267245ef09c31a0483
civora,local-news-os/vnext/instances/valcea/readiness/READINESS_RECEIPT_P14_20260819T1935.json,8592,8a0ca00c3da4aa0581b808314b17fa4eaaff97ff14c92eb748ca361e33cd1c55
civora,local-news-os/vnext/instances/valcea/readiness/READINESS_RECEIPT_P17_PREACCEPTANCE_20260819T2032.json,5795,0bc0dd5a8fd0b2fe1edf208b6775067340bab3431ed473dad79ef418d318adf4
civora,local-news-os/vnext/instances/valcea/readiness/READINESS_RECEIPT_P8_20260819T1632.json,6565,c1c18d2a22aa2b7232dc245d9f9b8bf59bfd5cfae6304873016126dfb1df12bd
civora,local-news-os/vnext/instances/valcea/readiness/SOCIAL_SINGLE_WRITER_CUTOVER_PLAN_V1.json,5232,ab8c96c10b014308a22f621f2d3b4557653f55cf2cae5e2da426ea77d4254666
civora,local-news-os/vnext/pyproject.toml,212,4f8194b14b05e50593963b02c6aa57e571fab4a53dd812b12830f1100bf14e8e
civora,local-news-os/vnext/runtime/build_state_consistency.py,3887,d8a875a11e6d57a4cdbfb87cbe26635e78e724730fd6d90d67c60f5fd241baef
civora,local-news-os/vnext/runtime/distribution_schema.sql,4705,198b0ae9f43d280ccdaf61babb8933e5604256f2234f2452e68baadd4eb44432
civora,local-news-os/vnext/runtime/knowledge_schema.sql,6070,a88e2202b19948c03f29c1ed7eb9c8905ef5df86e09cd9c1778d696af6b6df05
civora,local-news-os/vnext/runtime/media_schema.sql,5249,51a167070f44a86f9501a345688abc0380f8a9ac70270b1bb6fc7dd7936ae530
civora,local-news-os/vnext/runtime/p17_second_instance_acceptance.py,15071,f3fbb96e2081357f2314e0be78c117e1de9ae4b44c6e4ecd5cf9a30729f666e5
civora,local-news-os/vnext/runtime/publication_schema.sql,2407,6a3e9ffafabd07ad569f1fad756784e3038525cd0764191e0333c3f67d85379b
civora,local-news-os/vnext/runtime/release_schema.sql,2461,ac5a9663a1ae9e1364dfbaf21b9f5dea5cc6605bceb559e4ab9e060b82edab2f
civora,local-news-os/vnext/runtime/scheduler_schema.sql,4778,d26122eed2d56cd3b5b9ced17eb252d3987a037da917e06f448faa85d6d6946c
civora,local-news-os/vnext/runtime/schema.sql,11170,4b75fad792f15a3da114b74e2b6f9aa20726735d9fbc45586b36a9f086865d9b
civora,local-news-os/vnext/schemas/instance.schema.json,3496,c5d84b73d2aa3bce52976e41ffab426c9515a54f2a4d3a1cf8ac9f1467974e15
civora,local-news-os/vnext/schemas/source_pack.schema.json,1769,d0ac9e0941d24e6b93b79f3f2e015909f6a77a707ff25a29372cf1a2e74c23dc
civora,local-news-os/vnext/vercel_app.py,513,efb0110aa29f0575659b84fbf3337fbb6885b11820c7c7b51dcd10b2d1c37dd9
civora,partener-eu/BRAND_CIVIC_INTELLIGENCE_V1.md,1690,6022620c22e81a2dd77595cc931e19af753dd0cab080ef6de1415071aa118db0
civora,partener-eu/EDITORIAL_AUTOMATION_SPEC.md,4273,a392a1d367b349f3be580c45fed9841e4fd37f0245d3d7c91c4ad08cea975c3d
civora,partener-eu/P10_ACCEPTANCE.json,24185,3c9cf1b7ec60bdf1c9fb1f569177e2d5ac9ebbf1b4ed1e7055a1817a54bc2e60
civora,partener-eu/PRODUCTION_CANON.json,1829,abe776c3ccc1d25925a592f492dbd3dcafd467e18b0bc8f49bf64e0fd093f4ed
civora,partener-eu/README.md,1217,33f98a5640d8f9c2c6a54c13f384da58ac3bd843182139ee1c8484b24bc003ee
civora,partener-eu/ROADMAP.md,4039,345bbecd527be055bfeb2d89f93c66cb463099f106069bb9bb9b08d3c20a7f60
civora,partener-eu/UX_MARKET_RESEARCH_2026-09-23.md,12797,e9d7ae1c1df7aa3b1f8f291ebed1874bcebeeee306cffef776a6c3fb107fbbad
civora,partener-eu/deployment/GO_LIVE_TRIGGER.md,139,ff5e1af60a36b72422e39a0451680240c397988574ef7b3e035b7ff02b584176
civora,partener-eu/deployment/README-livecheck.txt,44,f412af852c298d2c3ee9b9e92ecfca108a098f42330bb30ebb424c02b5222884
civora,partener-eu/deployment/README.md,141,0b9cff51350d8df7a1811bcc8de78941b78f5a66da7dd553d83bc4d0a4881cb3
civora,partener-eu/deployment/batch-02-ready.txt,84,77c718724267d749f094cc9952d4ca76669c8e0ec6eb31bb1e81557eb6921a84
civora,partener-eu/deployment/batch-02-triggered.txt,98,86ff80dad4bb555510745c9fb9f5ac9fe91d3becc70f6480edfa5b1dbd5a2e08
civora,partener-eu/deployment/corpus-batch-02.json,411,9d2c843671d1ebb75298f28a16ff31b59267e5f757f08225d5b0e6d93273a8ff
civora,partener-eu/deployment/dr14-news-manifest.json,688,5bfe87ac2f0f251ac76b708b4074e31ed0695b5e916098190f5c95251ada710b
civora,partener-eu/deployment/dr14-news-ready.flag,7,5f14c516e0c7a2be0aa613a98a475138fe4e5824bd7715e51ae46652059c709b
civora,partener-eu/deployment/dr14-news-trigger.txt,52,8bb108f807b688364abab418ff8d18ed8e888a90b0429b478da105b92ec9e972
civora,partener-eu/deployment/go-live-result.json,1354,3e79081ccbf15cb92771360e354d6ba2cf0bb6cadc52f8658b8214316f0f9f27
civora,partener-eu/deployment/last-attempt.json,3987,c29b676d3981cf8b51386c86d5d1ca8175f4bc89ea232b5f2943487d834e8242
civora,partener-eu/deployment/latest.json,3960,2856d3fdab8147b5d1a4ce37b8cfecf006b16f87fce19808bea30ed593b2ba10
civora,partener-eu/deployment/livecheck-request-20260811-1723.txt,58,4658ab9b1e72998f21d320febc4cf6add049769870c64132f62e7d17b599ab67
civora,partener-eu/deployment/livecheck-trigger.txt,50,25d68420ab4fa88cdaeb76b544ef4b4d70ee08eff65e2a0a96a74c32b9ffe07c
civora,partener-eu/deployment/news-v1-release.json,350,a85614da0adf9ad732c4dd321396425843b9bfba05be3a4eb22003bad71b9b3b
civora,partener-eu/deployment/pages-diagnostic.json,258,a25dd2ebd1e9e9aa5614dab774afaa6e0a57bbc506e06b26da188176705fae30
civora,partener-eu/deployment/trigger-note.txt,73,c8819f74094e99b40d39f60810c7db9d59764b6cf9ea3c52490fdc6816ced166
civora,partener-eu/ingest/afir_ingest.py,18314,6d6a39acee29b5d57b928fb63813107052c4eda9603760b927f1bcea19b0aeb3
civora,partener-eu/ingest/anaf_company_financials.py,7828,c2bf78309fd16e5b7db3d6693b69263f973f67d11d60bbe9e96c350a250ae634
civora,partener-eu/ingest/anaf_company_identity.py,4493,cca45d6bfc97906bb969e2bcf95aea8ba58aa980a2a8cb7a05ec24ce708e51b7
civora,partener-eu/ingest/apply_afir_current_authoritative_dossiers.py,51309,d6183e045af221e8ca6a9c3e6b7d82ed22e23bd2b9c406cf1fea52397a6b26a0
civora,partener-eu/ingest/apply_afir_september_2026_updates.py,26186,b45bfb891ebf101877b6d185c450669c27c6858e060ff5063851e7b73fd75dde
civora,partener-eu/ingest/apply_step_lll_authoritative_dossier.py,29778,3d78c57f812f8bafb896a10d912784cc099ae2f0ad8d916dbc2788053be9dc06
civora,partener-eu/ingest/build_afir_live_funds.py,16504,79d5099ddb33a3c0c298f47be04c61e64c28b4352e72bf5f2020b94dd37afc8c
civora,partener-eu/ingest/build_afir_material_resolution_queue.py,7482,e13bff12a8443dde01feb61997329af172c6e857ebd5b017d503dc5f9dae2d1b
civora,partener-eu/ingest/build_call_lifecycle.py,19836,bc565fe3dca973462a716da377209a7d0949906f80a8be9c0c86e691324b352a
civora,partener-eu/ingest/build_daily_brief.py,12331,fbc9be438c2afc1c00e7094de3c5a3f6c5109d1e8e6718544beb9ac9b6a8a611
civora,partener-eu/ingest/build_decision_products.py,47534,2229d6bb533f686438ceb66c831ee5ef425c548187b24d66f76b8a21c667f38f
civora,partener-eu/ingest/build_mipe_canonical_calls.py,20191,15e42d5f44840f7b2165b2c46f045fb1a56252d0a3ef7de2b5763b4404297268
civora,partener-eu/ingest/build_mipe_enrichment_seeds.py,4225,1f1f4a22dc100f831030946da35e0d36ee71fa8a2022ea60b7c108dc360a7c94
civora,partener-eu/ingest/build_mysmis_consultant_registry.py,7736,5b7fd764396508de37988f723631f4035a35244654b6bb33291b88ac5414ed3e
civora,partener-eu/ingest/build_people_policy.py,26301,cc06837ad267520d0f7064650dcc089af7ac986eae4b0f97da9865e909c72b1e
civora,partener-eu/ingest/creative_europe_call_fetch.py,10715,7688240bf6c1040824be770554098e025574b9b594a9d89005b4611804d38069
civora,partener-eu/ingest/creative_europe_call_index.py,13763,890595885aa68cefddd48b613e4a509f141fda4bc58524b0e56cfb19eea6e7d7
civora,partener-eu/ingest/creative_europe_ft_competitive_admission.py,14622,2bbea65006773ba613c38c3eb72eba8bf739d6148709c4aee300e15a8ab35744
civora,partener-eu/ingest/creative_europe_ft_competitive_exact.py,25000,2f9641497af008806f4d7c09d49f9c287bc20b409578adaf097a34a076952a06
civora,partener-eu/ingest/creative_europe_ft_competitive_handoff.py,28672,5363703e552fc163f418e23df480faa135a057c594b68a0ceb58001f6b83e9c5
civora,partener-eu/ingest/creative_europe_ft_competitive_projection.py,14483,411e034c878c2f828faf9fe46bc6ec46ce233039eecb1271093a0245a7968860
civora,partener-eu/ingest/creative_europe_ft_competitive_reconcile.py,11305,7466c3b5a7fde3bc68321954d169e13a15329a0ff37ccf4b7b5b716db82a52bd
civora,partener-eu/ingest/creative_europe_ft_exact.py,25745,e798963441d15f8b80e26e208fdea343d9e3bfa87d134ea041b54695bf76f989
civora,partener-eu/ingest/creative_europe_ft_handoff.py,21014,8fa5652eef93eb6195a369d629ed007e98fe8cd1e7834e59ecd0b35d0fb6ab77
civora,partener-eu/ingest/creative_europe_ft_reconcile.py,10110,257cb056ec67b75c08e97836b9f15ed080cf46c6f8bafebaf7a2d7b6addab5e6
civora,partener-eu/ingest/creative_europe_ft_watch.py,28662,0d19f8fc255457261726df77b82b48006c6c155935a1cacfd4cf188001bf60e5
civora,partener-eu/ingest/creative_europe_ft_watch_reconcile.py,22846,5cec6d4402466ce3d2bdeb1a5388cd3ab31a03e5cffa7cbe866a82dac514b396
civora,partener-eu/ingest/cui_profile_resolver.py,17297,6f4144ca0f745c4025054eb069e01cab4b315a9b5323ee62f098ab6e6359451b
civora,partener-eu/ingest/cui_profile_sources.json,3650,b735329d651aefbc916aeea00faab61eb1b3cc633ae4703685e0004c7eac33d1
civora,partener-eu/ingest/data_plane_contract.json,5392,4d719028f535dbc20776a3d508d3057e45e20dda258bc229439a41058df821cc
civora,partener-eu/ingest/eea_civil_society_calls.py,10841,b31d85a2e7572c22a9dc71c5b8748946605f4b4c6eb0a6eca43d8550627c6d0a
civora,partener-eu/ingest/eea_civil_society_fetch.py,16211,14f1d615f32c4986a8a20f750d4327e5fa5de724799b369478db87e59382ce83
civora,partener-eu/ingest/eea_civil_society_reconcile.py,14495,2706c4daf836a21546e81a7b9c0bc15078f5c87ef384ab014733c0ddbede2032
civora,partener-eu/ingest/enrich_mipe_canonical_facts.py,12344,a29620445ff764c95cd63cac6fa781e31ad3b5df78b780acd8cd23094880993b
civora,partener-eu/ingest/esc_action_fetch.py,9097,a2e7c1b77de6e7bfee0fe84b3f333fd457270503ba70369d36fbb7f34136d14f
civora,partener-eu/ingest/esc_action_router.py,10180,9163193b62077321605f30bd679e6c4461c2155ad0f648d65126e68a451259b0
civora,partener-eu/ingest/eu4health_hadea_call.py,19318,b374f4b204c59542e8c56e532545621dcc61689f9ea5d99572189bf3959c56a6
civora,partener-eu/ingest/eu4health_hadea_call_registry.json,1662,fca244ea63b4d6bdca32e8eb81597cc70dfaea8c627f1efe717130510e916cce
civora,partener-eu/ingest/eu4health_hadea_ft_reconcile.py,14931,4cdc92c74818599024510187a658dfb06f2311201d166fdfc434e41423e84b05
civora,partener-eu/ingest/eu_direct_cef_ft_exact.py,17368,6daa621b1e2b9f404d9442afbc02c2f02874863d0aec87a40e90e377648041f3
civora,partener-eu/ingest/eu_direct_cef_ft_reconcile.py,8095,0633c7b74c47e4dc6d5cb655203fb4b1e0e51f610d0110a2604b7b415eca8b13
civora,partener-eu/ingest/eu_direct_ft_coverage_receipt.py,8594,762d8914d1edb2a62c9a0c285a68bf024cab1e3765bfa043fe15ccf343c09039
civora,partener-eu/ingest/eu_direct_ft_programme_taxonomy.py,10627,a2f218f753d7e9d82dbf3b1733fec9745a078ae8b368acd9731419e76466735e
civora,partener-eu/ingest/eu_direct_ft_programme_watch.py,20523,2ba91d6636c9b4db6ae8d5671afd7c9b9a7177974bf900800b8434d12540b194
civora,partener-eu/ingest/eu_direct_life_ft_exact.py,17587,bbbcb6c05cf9784d81062f9c39ed135b8992c82d14a70f07c3d8f3616569e8c7
civora,partener-eu/ingest/eu_direct_life_ft_reconcile.py,8141,bb74ceb292267a0868179cc854ac90d19aff25999c12abd8e1f39c9ce697454e
civora,partener-eu/ingest/eui_call_fetch.py,8615,3d3e00bf5706c52154956ee1fcb1771cca630ae2ed3770fd7f9c270c39cc909a
civora,partener-eu/ingest/eui_call_index.py,12878,8132d843f1bc8edcb53215390dec4cfa072696432e84cc4efd717e495f7b90bd
civora,partener-eu/ingest/finalize_afir_september_2026_updates.py,3147,b9561cfaa25249081cf219da38feee9e7c5003aef248eea1b346dece0fb19c9b
civora,partener-eu/ingest/finalize_decision_products.py,26821,b560d01afb998b4470d7755370e7563eb158fc4ec7af952855a65d6d2105d742
civora,partener-eu/ingest/funding_tenders_api.py,10374,0666c24f34bd3c3eed5bebd7b7210a4341f8caf740c35da54beb9e3bf3cdcb3c
civora,partener-eu/ingest/funding_tenders_fetch.py,26913,fd3d078c37495e54262599054b2f35a58863c6ee5bed04135ea17214d7ea43c8
civora,partener-eu/ingest/funding_tenders_reconcile.py,19425,7f006bd86b5bffe9c761fea7053819d7cdf46ecc6e685eaa5122237af9d5fe5d
civora,partener-eu/ingest/intelligence_index.py,34695,3443a0d3d54a9037e87e35e353b3562e1d0f03ab6e4302b97798ea0ea68b1005
civora,partener-eu/ingest/interreg_call.py,8090,a70fd168450ac404b643c6ca98607799266414cb1472c246cccdd888fbd6372b
civora,partener-eu/ingest/interreg_call_live_fetch.py,11354,c23cd1c68f46ee0e287783c1d342f90895640e9a14c8274073595df7f830d474
civora,partener-eu/ingest/interreg_call_reconcile.py,10758,6e1925413d0d02b051acc48ab2dfa7e404192b174de4afc554e084cbcc63eba9
civora,partener-eu/ingest/interreg_programming_intelligence.py,6117,a71dc98b24f50b7beff5e3c72c7eaf714208281b1d4f8a4262045ac0ad49fb0f
civora,partener-eu/ingest/interreg_programming_live_fetch.py,9714,1e791de3bfdfc22e2087c35326886410425fb413bb0af2b1bb5b7a26e42e0f6f
civora,partener-eu/ingest/legislatie_api_probe.py,11371,97ad29503f0bef617491bfdebf99ca09588408cd566785da681834d22bf30e83
civora,partener-eu/ingest/localize_decision_products.py,12223,cd12c641544b5d317312a32520d4ea9d5df8ebc220cbaac37c192cf46f9b5df3
civora,partener-eu/ingest/merge_mipe_canonical_dossiers.py,8186,7a63979602d3041db60ee7dd2b82d3039f55aed4c049bccf46b0d57ee853b96e
civora,partener-eu/ingest/mff_2028_probe.py,2826,54cef49c2299bf4655eeb982ae0700225b5dc2f50e5037a56c26e9b3b1d0b4f7
civora,partener-eu/ingest/mff_2028_source_registry.json,4266,c9c09abac8fdf219d5ce542bddef57330acc7180cf2c38f2dc6ef41ed37e94e4
civora,partener-eu/ingest/mipe_corpus_enrich.py,3706,374dd892e1070c8b3a4b2c019c6b776059b4f4b02e19a1540700aa8393a0135c
civora,partener-eu/ingest/mipe_direct_only_ingest.py,8872,d573ceac39a8a70d285e80645e8ee6406d19fe25ed616b2f65bcae2b2e2d64b7
civora,partener-eu/ingest/mipe_discovery_ingest.py,14644,4df093b2729d180fc3cb4a86a7f0ef45f3e18db2c4d890d92cc3f940f0f03d48
civora,partener-eu/ingest/mipe_dual_cache.py,6834,f9e1d1a26401d44b76921aa3f7639c0d3fd159386899f0016d204afe3dc91b18
civora,partener-eu/ingest/mipe_resilient_ingest.py,52471,1ea04bfd11ca887d6a611aeca869ba6150e303ef0ed9eeb2aca47a7d65121f32
civora,partener-eu/ingest/mipe_transport_scout.py,9993,e461f0a5581c72f44dfc2d92c260c12aaaf8d8242dcfcf752006396ec0a6a071
civora,partener-eu/ingest/mipe_windows_crawl_v3.py,27152,21f9e76ab6ed28df9bca242f4347522d9fdd45d8c34941f44472450e813a481d
civora,partener-eu/ingest/mipe_windows_crawl_v3_entry.py,1191,e4fb7cec1a48c9ab6b17923aff6c64d5c2b8d909a8d85e7eb729594315ca7aea
civora,partener-eu/ingest/mysmis_call_inventory_scout.py,13643,7380d05da7ce34e1fe6f67f0058998bbcb4360673d23b1facda22a1f32e6662f
civora,partener-eu/ingest/mysmis_registry_export.py,5072,4368fffe31d08d72311a056ed787c1ef374ed23ac4819dccad7597548308aaa0
civora,partener-eu/ingest/mysmis_reporting_transport_scout.py,11306,5da466c7c62c3c187d311bf9e99c47b03f60845969ef93fbcebf36cbba609ffb
civora,partener-eu/ingest/mysmis_transport_handoff.py,16626,5ab097f3f62734fa809b4f8d45f8eddd28cacbcedef4af3170ff676377a5ba74
civora,partener-eu/ingest/normalize_mipe_health.py,13063,db5e1c5b963f612e7bce1a27d03a1da28ade11f1c362993594695e0932333b0d
civora,partener-eu/ingest/organisation_profile_probe.py,10148,24d328d0a7e8472294549c2e3777fdfc8458e176d5f681b1e2112deaa8e6183c
civora,partener-eu/ingest/peo_calendar_ingest.py,13976,715ddfb92a32b9b3efda1bfa208c8b08b3c9d110a4c2037acea23a2d04e793ec
civora,partener-eu/ingest/people_policy_mipe_corpus_replay.py,14702,de785d78e770df8c901f8c0532c57c3cc82ebc86ce474df03f3bc38928f34f42
civora,partener-eu/ingest/people_policy_official_ingest.py,38762,c76695910e0a56222390ff926fe6aade3d525b80fc9fc974ee3715ac7b96f4d0
civora,partener-eu/ingest/polish_decision_products.py,15687,26b1806ed2b6d0de119ad0f7736f3ca468ad0e5b3c21738c426981b5bde5e3e1
civora,partener-eu/ingest/presentation_polish.py,5627,ece689972fe833ddb553b54d1121e5bb762c0c9f89710a7aab23044975a97c3c
civora,partener-eu/ingest/project_mipe_v3_corpus.py,8179,c30ac88d64b53e42e3a823b2e33baf44d3b65c3129040c79635015c104511586
civora,partener-eu/ingest/refine_afir_public_dossiers.py,5239,510e0e5404c68efefad66b8c6b1c0a82be7e4bcadf65d936a73cee4c614f548d
civora,partener-eu/ingest/refine_mipe_canonical_calls.py,4456,bbcdcb1a17ac95586c542402d228219303072f883fcdbf83a047672e379b8393
civora,partener-eu/ingest/refine_people_policy.py,5752,85e041ba3e2ab73ad766c344083f4e17c4c872122e2e7679debd59a80711fd67
civora,partener-eu/ingest/regiocentru_actions_fetch.py,13243,7c42c6c8d2ffd8066525a206ef13584ff7ef9dd3f80261860e05ac8882b4f59b
civora,partener-eu/ingest/regiocentru_actions_source.json,1361,75186665a6b492b99648438fd1d91e3da8887b5b1258fef1963cbf978b1bf162
civora,partener-eu/ingest/score_dossier_depth.py,8165,59203ce54fd5cc287fbb2ec0903958e1708c478069e55f11e85fc0d8827158cf
civora,partener-eu/ingest/source_registry.json,44222,892062ef98c104e0ecad0834f5805ba9621aadb9ef3acf0c66791b982ff760ee
civora,partener-eu/ingest/source_registry_probe.py,16822,92f4238a3b803fa8ca7ac829c5acac4e20ef8341416762635763c25be2f1a08a
civora,partener-eu/ingest/state/afir_corpus.json,519842,4fec63b1a45d0cb8cd8b38abbae97e78b843078e3bb46b75f2002049ab2206bf
civora,partener-eu/ingest/state/afir_live_funds.json,6217,79e12f15644ef5051dd8cfaf1b6d8a9486c83b825abe0a2b803c7db9aa7b3a75
civora,partener-eu/ingest/state/afir_material_resolution_queue.json,2016,03e7150e833407b60ad48d8dfc6ce571ff80464873865ee4009da4b742b9f323
civora,partener-eu/ingest/state/afir_state.json,381,d2256a01909ecde789b5f9abfbeab78c43d888cf1692a38245f2764c4ba27028
civora,partener-eu/ingest/state/call_lifecycle.json,465417,5313ffbc1ecdfb5ff2330d4b945c0e1a9d9d2ac122c5c4016efcc8280d848397
civora,partener-eu/ingest/state/daily_brief.json,3854,36de6939091a57135dcd60d9b469d4af65678897fea829d69cae74baaa85c110
civora,partener-eu/ingest/state/decision_products.json,3640112,04bbbfba7f3ef2163ee3008b9fd9786147ba44b2faab02743ceccf975683edf1
civora,partener-eu/ingest/state/dossier_enrichment_queue.json,105484,72d3b40ebafd675706dd7fa1f53d138ffc82d6a23f8f4eec72ca48916f840a22
civora,partener-eu/ingest/state/intelligence_index.json,664909,71ac0456581dd0daa763bb9ead6d0121480347bd6b8d6800d1a108e34973bafb
civora,partener-eu/ingest/state/legislatie_api_health.json,3318,bc547c3ef516d3b9abc18f4c1a6c3ac192f4818f940a925fdfe4c73695b63f75
civora,partener-eu/ingest/state/mff_2028_health.json,4815,192691e8db9b292c261dcc1a7aee7845485b6d232053f9a74610e82ad72debb3
civora,partener-eu/ingest/state/mipe_automation_observation.json,2766,85406c7a7b2db50fc30ccf4fac3f0c620113fe551ffbf207d976de24f98b2161
civora,partener-eu/ingest/state/mipe_canonical_calls.json,3049155,e39ae3e2c0ad9bb18e0623b1bfe468072c83c27c7574aa551ae2619c6137969a
civora,partener-eu/ingest/state/mipe_delivery_health.json,1979,41598de1e3a3462bd065c3c4e776306693936c5865aa93dd82392b291bc69667
civora,partener-eu/ingest/state/mipe_discovery_sources.json,2956,60f8289cb918963af597fcf8c150e9df061b18a241c5c0f4716a264ae1c22a05
civora,partener-eu/ingest/state/mipe_dual_cache.json,177847,7be2d80f2f0ae0f7df33acb1ece09880b1719edefe1ebf5c9ec155eb0fd5ce7d
civora,partener-eu/ingest/state/mipe_engine_v3_checkpoint.json,613,42cabbeeec573549a12cc801241bbce6b49e3853c0db71155a24423a337e06b0
civora,partener-eu/ingest/state/mipe_enrichment_seeds.json,350,bd6d95da5e42186973b0d968ac352568b341503342c7b89ab8db74e47c2fdb4b
civora,partener-eu/ingest/state/mipe_known_canonical_seeds.json,17036,315ca4b9c4ad5e9c63b889b69fc29f23ea33aeaa7e1494e0a35fedf8e287d544
civora,partener-eu/ingest/state/mipe_ro_corpus.json,22505274,7760efc1ae2148486bfe9629e605111e212bd4be8246736715f9bcedafd4aa80
civora,partener-eu/ingest/state/mipe_ro_v3_trigger.txt,78,135c1828f0ee7cced92fe7aa3dfa7982b78eda3e460aaaa0682885e366e8fac1
civora,partener-eu/ingest/state/mipe_source_registry.json,7765,842757a1e729b0a7bc5327d7580d1ca2233e0f803bc9b04d800191925c37d1b7
civora,partener-eu/ingest/state/mipe_state.json,2205799,8392c43c438c265c3f118c453f4dede1b1df9b3c5d7574232f08881eecc915c4
civora,partener-eu/ingest/state/pdds_webindex_seeds.json,2193,d7c0d1a45d874d13d44ddf786ff5507a9f9bd2c79a82ca728cfad51eb4fdb081
civora,partener-eu/ingest/state/peo_calendar_state.json,35661,ea0ce2bae69728eab716fc049f1c3b3bea4268557840dd75b1784dbc53ffb0f3
civora,partener-eu/ingest/state/people_policy.json,136113,8341a4e8293bbdb57dbdef489aaac7509823c9b2a2df04fc5888b2c0f3bbf505
civora,partener-eu/ingest/state/people_policy_official_sources.json,383246,4da0d76e31292edcf5934a8ac428d7e28b18ac86a240f287fb94be9dabed8858
civora,partener-eu/ingest/state/people_policy_registry.json,13018,699c0de912e92acd66ed280347530c9fa82b4298413fce0e18f81acd49fa80f8
civora,partener-eu/ingest/state/people_policy_seed.json,4039,607db6ab6945af9ec24e83f4aa4002a50a02f7653936196a53702c3bea603874
civora,partener-eu/ingest/state/people_policy_source_registry.json,6809,651793ab4213df32b1a5181e7d7a15d67d5df3d581fca23d0e2e8708f88a1a8f
civora,partener-eu/ingest/state/source_registry_health.json,69938,d32ab7855ef796aeab336d8cbde681418a8a802baff88e0744d4e50facbaa702
civora,partener-eu/ingest/sync_decision_products_projection.py,6592,0fe4aa1b79600c958fc57749d8c245116db40f4a683412f40460189ce7bfa118
civora,partener-eu/ingest/test_mipe_discovery_transport_gate.py,8001,63d860f11256fac67e4399c92a8eb34a4ebf7831c1768ebcdd8139bd3a996f59
civora,partener-eu/ingest/test_mysmis_transport_handoff.py,9804,805b4de38075cdd93845cecc2070d068e73fb9b8ee84307ca5faa20eb109877a
civora,partener-eu/lead-api/README.md,925,4051ef897c89d5136725462962ba1fced62e5d34939e3548ce3f28e09bb3b2b3
civora,partener-eu/lead-api/schema.sql,760,fa25ab2eef447ee69ff528a3bc579378f1b3197802cfd6788393731fe37df44b
civora,partener-eu/lead-api/src/worker.js,2957,c623932f026ae610080e784aa03abd6f82a19d2f84ea163faf6f9fc93d16aba2
civora,partener-eu/lead-api/wrangler.toml,209,9db633fa14af9f36e30b6f2558a62223d927027d5a468d5bbaa71682bff4acf0
civora,partener-eu/needs-factory/README.md,5411,4acd781966276770179d640496ec5cf45103cf11ec9a5e51857071de6e58583a
civora,partener-eu/needs-factory/adapters/__init__.py,72,ea72b756d42c2e2afeab672c0d5fca07b502a77e3c142fecc8467f6899334ee4
civora,partener-eu/needs-factory/adapters/civora_discovery.py,9265,014aac736f7ca13e1aec02210f3f1ea94fa5605d95093925678e05a7b6565585
civora,partener-eu/needs-factory/adapters/civora_provider.py,3414,fc01bcc5e5b4924b390af015ee1cd6b6d201acf0f8b1d8af282ef62b4bab4b88
civora,partener-eu/needs-factory/adapters/dape.py,5680,93c8c3fe46b8d652fa546e433ec715a5199120426678035840eade08553545bb
civora,partener-eu/needs-factory/adapters/dape_release.py,11783,be2ef321e8f2297b24a4313ab72d8703c2b9ff521f82f8b4debee3435a7a7272
civora,partener-eu/needs-factory/adapters/partener.py,2987,8c1a5198000eeabc551d0dd611d56f5793092f1a9a338bc6a804bb3c478b762e
civora,partener-eu/needs-factory/adapters/partener_call.py,2748,4fed696e624fa263e51ea7707b85d71be9eac5e54058cfac02a0b91600025870
civora,partener-eu/needs-factory/adapters/partener_source_gate.py,8808,474a9bf5d11c2abd7e23f8a7007baedf0ee8b7d5a47f713d9d3d8c6c46df908a
civora,partener-eu/needs-factory/adapters/semantic_provider.py,4052,b53fbcc78b7d30e3dd72f7d52a5f41d170472beedea4ee8af65dc5ab983833f1
civora,partener-eu/needs-factory/benchmarks/310224/CALL_REQUIREMENTS.json,3520,d0c10e2317c52fe8e4fa5309a5ef0be20e921fd24cfffbf2a3f37f53524fe64d
civora,partener-eu/needs-factory/benchmarks/310224/CP01_STATUS.json,1676,71b471b18a8561c48ff16b5c506d2ede27fcc0d6afe0d284a048f050b5421310
civora,partener-eu/needs-factory/benchmarks/310224/CP02_BLIND_NEEDS.json,8001,7fd03ce53bca7b2c8b68088a3f2b61c7b4f16ad34a3ccf32a7f1d1379f6d1779
civora,partener-eu/needs-factory/benchmarks/310224/CP02_EXTERNAL_EVIDENCE.json,9390,317ed0c9249a4949f28f6b621c5cb1806b11af53473d202523b06442903589a2
civora,partener-eu/needs-factory/benchmarks/310224/CP02_QA_REPORT.json,3853,44db3c8a283435761a764d88be205423a2c31df4f5fa7897fd596df0fb8ffe30
civora,partener-eu/needs-factory/benchmarks/310224/CP02_RESEARCH_PLAN.json,2798,db42cd1da62ed945cb2cbfca14cf2c87da3b0021b33debc36318cb56f4fb4b57
civora,partener-eu/needs-factory/benchmarks/310224/CP02_STATUS.json,924,92ef8e53d273ecfa5e7d03d0795db1cfa44e05b2ccc32a0b42b312db84c75a43
civora,partener-eu/needs-factory/benchmarks/310224/CP02_TRACEABILITY.json,4877,417deae5246aeea2935dae6aa5a050dfd5da60e28ddd206939eef7807c3f0f26
civora,partener-eu/needs-factory/benchmarks/310224/CP03_COMPARATOR.json,6951,a9977361277dc817024943221a5f853fb4146bec2caed26ed49f2f026c220c98
civora,partener-eu/needs-factory/benchmarks/310224/CP03_STATUS.json,1314,25e8ba2e24bfc12d4caab274f67f38eb817d80fb3773d3adbf9d278973fd6817
civora,partener-eu/needs-factory/benchmarks/310224/CP04_EVIDENCE_GAPS.json,2144,275866d9b26959e1582b241d6a5bb6b9ad3c88863a2844990d1ec05e9fbe1116
civora,partener-eu/needs-factory/benchmarks/310224/CP04_POPULATION_SNAPSHOT_GATE.json,1620,65c0cd17b8a4687ee62792e239e8a3068b7fb12445129bd0d8ea5d2b9fd8c3b5
civora,partener-eu/needs-factory/benchmarks/310224/CP04_PRIMARY_RESEARCH_PLAN.json,3417,610147d6e94d684fe4e212940fb5b01c5394ba3d679ee288fdf254dd250efb8a
civora,partener-eu/needs-factory/benchmarks/310224/CP04_STATUS.json,1858,f6c212787519acd7d074945047e8b77f5e4d5d29cf6b3afee8b605e189bc0ced
civora,partener-eu/needs-factory/benchmarks/310224/CP05_STATUS.json,1706,e0c54784280906527742154238a7e890dcdd9c41364e4b6f8b2ac27b4f7b0503
civora,partener-eu/needs-factory/benchmarks/310224/CP06_STATUS.json,1418,42c3c46771eabdf39d8a10c114816a5669854c1f15d33da135017234f4fc9f6e
civora,partener-eu/needs-factory/benchmarks/310224/CP07_STATUS.json,1793,4d027194795571b05f949b27acbeb01408828484a19a41c1840f4fcb9f641b7f
civora,partener-eu/needs-factory/benchmarks/310224/CP08_PRODUCT_RUN_INPUT.json,5016,1668f2b5fe7b822d1c47f1979acd64038ac924c2cb399b4ffa842b304de78234
civora,partener-eu/needs-factory/benchmarks/310224/CP08_STATUS.json,1879,0bff0aa7a977330359e21fabdf90f3c9d2b069b17f6627b9e9649272fe3c07b4
civora,partener-eu/needs-factory/benchmarks/310224/CP09_STATUS.json,2414,53c58a91d1af229ff0a910e3799cfb403d9f9f01fb63b83ffeb326dd9299b215
civora,partener-eu/needs-factory/benchmarks/310224/CP10_STATUS.json,1779,d3ef496487af6704df3dbc4781e3321b3cdbf30e292df2d8735011a2e1da4080
civora,partener-eu/needs-factory/benchmarks/310224/CP14_RESEARCH_INTAKE.json,1519,19b9289c0f44d61a21509ea74073d2b88e1f6a5ce79483a4134708683e7fc966
civora,partener-eu/needs-factory/benchmarks/310224/EVIDENCE_REGISTRY.json,7783,459c560e173ff72e33be263eab0549291d15b3e9590246b6d2b58bcd88df76a0
civora,partener-eu/needs-factory/benchmarks/310224/KNOWN_DEFECTS.json,4665,f9348ed1e97d6a83824a9922036a4a651d46b1239f545e82985f226051fdbe2a
civora,partener-eu/needs-factory/benchmarks/310224/LEARNED_RULES_v0.2.json,5479,ee5a88a93a42e774625e99a983cb6ad9c77d21800626e3d398ef6379500507ad
civora,partener-eu/needs-factory/benchmarks/310224/NEEDS_GROUND_TRUTH.json,3312,df9448d0175f38ab88139eadf1938769619a00f4506e7b691174e2e223f4b673
civora,partener-eu/needs-factory/benchmarks/310224/PROJECT_INPUT.json,2374,3d57b02fac61a6068de0fa980b4c632e504e2c7a347d74edb30238d30611c103
civora,partener-eu/needs-factory/benchmarks/310224/QA_RULESET_v0.1.json,6476,54a3c739f3721e2bb4fc22925074975acc0a6c6b75fde07515e6fcf4761fda4b
civora,partener-eu/needs-factory/benchmarks/310224/QA_RULESET_v0.2.json,3496,bd755da9a67824862812d45a4957fb568acb4d07d388e583114ba44ec3680c34
civora,partener-eu/needs-factory/benchmarks/310224/SOURCE_MANIFEST.json,5583,7fa58739711cf40b4b5e3d86ab8b9bfdb7dfb52f5713193d861daa123cd9f5e3
civora,partener-eu/needs-factory/contracts/ENGINE_REUSE_CONTRACT.json,3341,5f53c321562b0f44455e1eca8b6a01d3f88b6411b4ccbcd3df69475799b1e43d
civora,partener-eu/needs-factory/contracts/PIPELINE_CONTRACT.json,3397,761f296634ee7ef882dc5e3313bdae44eae2f5594f88b0bdbdbef1496d10129f
civora,partener-eu/needs-factory/core/__init__.py,50,90f5e51c03fa529c7308fe823eeabbc035462a0d9c9b5b9763448f910d5de0ab
civora,partener-eu/needs-factory/core/causal.py,4884,f50023a9a6a11e9d3a4ce31e8b64b7b9145fd2e43460cef889a18c9133453768
civora,partener-eu/needs-factory/core/engine.py,10781,30aacbeb0ebe5ffdafc83c2f52bd0958c4c76bcb467123dbd235bb335ef2d246
civora,partener-eu/needs-factory/core/narrative.py,12171,91bc14d7121ccaad94fda691d7794e5e4e5abc793697c66234c6cbb875c1e71d
civora,partener-eu/needs-factory/core/need_synthesis.py,11311,a912fd199bc856bcb239d20260f8fab3cde27935b2cf81a918e80079d67f182a
civora,partener-eu/needs-factory/core/package.py,3974,8e3cdd7c3aee95c7e064298006385c6a5afa889d34fb7919d34b1e70ac1c1de7
civora,partener-eu/needs-factory/core/pipeline.py,15972,6f414691a46b5cd414b88cbe07905ee8f54eeb64d739faf451f9bea41b01d2be
civora,partener-eu/needs-factory/core/population.py,5121,169c70c36343973b24c3f8d36050ea74a542cda6a8b4f43f1e29226b8acf671f
civora,partener-eu/needs-factory/core/primary_research.py,9647,8eea918e06294c40345b6705a01657aea606a594cf262fef65fd0aa50ee8c019
civora,partener-eu/needs-factory/core/product_mode.py,3932,444adf10deffefccc6d7297b691fdffe82e4fd0946e62b62bedaa662a2644eb6
civora,partener-eu/needs-factory/core/ranking.py,4517,c5abcd3468af2bc00e249f8b4cc60351489b2a267d453d8089406cdca652e54f
civora,partener-eu/needs-factory/core/research_evidence.py,9801,f468d6a4cc7b0c796a745729cdeb0f776225a1dce5008ea29dd604313d03ba79
civora,partener-eu/needs-factory/core/research_orchestrator.py,5099,9c1ae1d885fa8ad9339b6d548a3956800820898b209b2337290616d221539917
civora,partener-eu/needs-factory/core/research_requirements.py,6584,d808f52b08c1e75705f140335c1b577a1ce1e1fdcdf90713442d6049093f6652
civora,partener-eu/needs-factory/core/resume.py,4908,ce3b4214a87172cae14fed8d3380ab708fec9e6e73e709412142c473e8856445
civora,partener-eu/needs-factory/core/semantic_orchestrator.py,2393,e3d36e2824b4e60d0a079731697ecd0d6c2d9db77898f264da0645def3d5966c
civora,partener-eu/needs-factory/core/v1_state_machine.py,17138,54ea0d630d3d26c3a275796e9f42e247fe2d3d1b6df541c682a0343e51df907e
civora,partener-eu/needs-factory/exporters/__init__.py,67,cb8d68c04dfa0d40d1636f0ab2ba04741f2d14951043726e70fd3ffbe7889c0c
civora,partener-eu/needs-factory/exporters/docx_exporter.py,13111,b684b0e43508f13dd887ff7e2353ffcf5b78d07092e54db797aa1441a273b88d
civora,partener-eu/needs-factory/exporters/research_pack.py,8331,fa1797d17ddd1e3400da528e574a237e2fb65184195e7e21ec0b80f45fc489e3
civora,partener-eu/needs-factory/profiles/peo_ipt_need_synthesis.json,812,41ffe8555e1461b4c3df6e24d6b0ac90bb715bdeec15f4da4b8cafa578533791
civora,partener-eu/needs-factory/profiles/peo_ipt_work_based_learning.json,5996,063536b168c52cac88fc4c7b3ae3cbe70b55138908c6ba19999f24cb408b435e
civora,partener-eu/needs-factory/requirements-docx.txt,20,fbada220b6825540ab568a50ebddfcebebaccbb320f17676d21cf70823704219
civora,partener-eu/needs-factory/schemas/causal_graph.schema.json,1322,630b4f17c4bd8c6a6eabc0c39e868b2cf9bce1a2b5c6ba0f429ee582fd8aa86f
civora,partener-eu/needs-factory/schemas/compiled_analysis.schema.json,1475,da688ba2bd377b3d34def5e8d982cba10869acb24c6ba5501e06f6c9e890b0bb
civora,partener-eu/needs-factory/schemas/discovery_receipt.schema.json,2138,0f28717d12e578dcdd1ebdc353defc377f1d1b4b28fc4d88a7bb958824d0cd45
civora,partener-eu/needs-factory/schemas/evidence_record.schema.json,2285,5bd1c0cd5a5176308c984e317483b80274199215d4fe88b3ee301a59892b44ac
civora,partener-eu/needs-factory/schemas/narrative_ready_pack.schema.json,1634,0212393e6c748d9a8f17122f54f4520214ccde4e745580f13a099f523892ab59
civora,partener-eu/needs-factory/schemas/need.schema.json,1093,98f444dd18fa308661001591a31a48fa4474f689f8a49e3a914d18ac356d3185
civora,partener-eu/needs-factory/schemas/need_ranking.schema.json,1505,d02a9e9a5e1a9b016be78c7e3b339d05b88888c8f9a8003586fd4fae8381a53a
civora,partener-eu/needs-factory/schemas/pipeline_event.schema.json,909,5c28902f665903f7db0cd16f29052ab95736173e93d90635e73938199e52319f
civora,partener-eu/needs-factory/schemas/population_snapshot.schema.json,1714,7d05e7f1f4fb003465862754098d2243e4afbc3d8a182165a7805b242624f743
civora,partener-eu/needs-factory/schemas/primary_research_evidence.schema.json,1863,a7e4360aee0b32aafabc60f5f6c05d87d7952465d5659a57105b072758e636af
civora,partener-eu/needs-factory/schemas/research_request.schema.json,2014,cfe613015354e3bc657cbede7e5010f1e52c7ebf940c21b0ffd359175dcd4c1b
civora,partener-eu/needs-factory/schemas/resume_plan.schema.json,1494,2a8420bc7740197ac369be7818204614450e61239641b356b037d322f7764526
civora,partener-eu/needs-factory/schemas/traceability_chain.schema.json,838,89da440debe17a03c8579c8c66c9f431f7ef6e1bdec7928cc676a93264e709dc
civora,partener-eu/needs-factory/tests/fixtures/fake_civora_provider.py,2679,4672d4218fafc9316862c240e9be276c798135a44a5bbdebbd03f58e511735b4
civora,partener-eu/needs-factory/tests/fixtures/fake_semantic_need_provider.py,1322,b79a1a2de6a984657314909c95642056ec4242ef9f30090b19a4c179dc951cc3
civora,partener-eu/needs-factory/tests/fixtures/pipeline_smoke.json,3286,e0130d6c94b5b3c6c86279573319e797ccf3a2a03188ddd313ca560646235865
civora,partener-eu/needs-factory/tests/fixtures/primary_research_resume.json,10432,5cf23992388a1ffe907882d9b459638b0a1a6142769fed4b817c004ac832d082
civora,partener-eu/needs-factory/tests/fixtures/research_intake_synthetic.json,1124,9cda876fadebd6885393a218cff7c04d26b4bfd618d144da0390c3bb529a1d1d
civora,partener-eu/needs-factory/tests/fixtures/semantic_evidence_synthetic.json,2381,c6f31d1ef63bcd8fa610cc5d0a09ea9157221746832a93223585de44a3d833a5
civora,partener-eu/needs-factory/tests/test_adapters.py,5536,ae23c57241a3875e42ae53ea521dd2de1ae6068eab095ca1aebc341cbedd2aae
civora,partener-eu/needs-factory/tests/test_dape_release.py,5963,e224f0ed1b967402b8b4d2db1d79560f20d463569fd5ccb3b82393958be3f0a1
civora,partener-eu/needs-factory/tests/test_discovery_source_family_gate.py,2265,41708983713d1a4863b4afb1e3f25dbfc223223114da13e47b4a6e21c31c726d
civora,partener-eu/needs-factory/tests/test_docx_exporter.py,5266,5baafbb49946d036e6dcee5830691ae6142c9621672cef3145481f1346844dac
civora,partener-eu/needs-factory/tests/test_engine.py,14018,d570cac8665ad5f0f92595275dd0e6fd074ab02d1ac4c478517304ed381b1dc6
civora,partener-eu/needs-factory/tests/test_evidence_matching.py,2311,a82545b709087f0471ad7c044b6d1f80515b4bf542db4570443cea0dabbb615e
civora,partener-eu/needs-factory/tests/test_narrative.py,6604,e74f628d99f3264ffe5aefc541fa9c75edbe9167dac921ebbc22a489f447427c
civora,partener-eu/needs-factory/tests/test_need_synthesis.py,8415,07dbb40e1079d85f52a04765454c3eaa9813bfe4c4ab191a7bb159acd0d11489
civora,partener-eu/needs-factory/tests/test_partener_source_family_anchor.py,2671,71d62b1a1f189604077e3c76b55774b15ef1e39c52feca8ca0249931764eaa81
civora,partener-eu/needs-factory/tests/test_partener_source_gate.py,6291,e676541b7b41bd1a49c83f0110a7c25413b70762321f4852aa85491a96a3dd1e
civora,partener-eu/needs-factory/tests/test_product_mode.py,3820,6005f836451f37cbbde94cb73c13d20b8556af0d096a2734211d8ca087ad0006
civora,partener-eu/needs-factory/tests/test_research_adapters.py,8427,fd74eaf53ce1fe0a6911133ebf4d07b893ee5efd6b60e62d483ef19701609213
civora,partener-eu/needs-factory/tests/test_research_orchestrator.py,6950,09b1feb0b98b0c90da20f026fc29917ee59183a969bdd397d2f416dd61c8efcb
civora,partener-eu/needs-factory/tests/test_research_pack_exporter.py,3163,bf141073fe74121989f248ffb58cbd747ad26a4a5ff817b2cbcb0ed7ff482c70
civora,partener-eu/needs-factory/tests/test_resume_research.py,8794,6b20c93391477d1bce878108250975058efdf43b001d934f4c83b8dfcc51aaaf
civora,partener-eu/needs-factory/tests/test_v1_state_machine.py,6281,04c22d4124eee94280eaf031870724cbe2120ec2a71272897c41759ca0390c4f
civora,partener-eu/needs-factory/tools/build_research_request.py,1679,77e89f5857bf245d983ec47f514727c186062c8b45d5915e19832b0c46eff0ce
civora,partener-eu/needs-factory/tools/export_primary_research_pack.py,1463,c20449d2988319a20536f28a56689838ad25fda7b2ab9a2561ffecf14d93685e
civora,partener-eu/needs-factory/tools/run_fixture.py,3800,f864a5050ab48b6fd2155048f66c4c6ef076cc72e20190766a39ed29ff89f94b
civora,partener-eu/needs-factory/tools/run_need_synthesis.py,1901,e7b8040ff29cfe9828138514cd61765be190fcffef52dac122ee6a9a94dbd466
civora,partener-eu/needs-factory/tools/run_release_fixture.py,3438,45bc2353f8618c9500a47507f2a938dca15f866134f22c3741eaedc4db6df648
civora,partener-eu/needs-factory/tools/run_research_cycle.py,3165,200b62847d3bfed9a39bf51d3f07cc5b40637dbd8ef5b46644c893427ea1bc71
civora,partener-eu/needs-factory/tools/run_research_gate_fixture.py,2554,714f98a239bec592d44b96aa0b8dbf5892208ebde4e84f1eeeeb01258ed09a07
civora,partener-eu/needs-factory/tools/run_resume_fixture.py,5775,12143a666adfd4c1c5a413eba36934b5220304cbe0478e8f213ad191a135aa91
civora,partener-eu/needs-factory/tools/source_receipt.py,1058,3a2aa7828245655f69018940a0cc68850ff0b59e19f418fcb0e2b7fee8bb151b
civora,partener-eu/ops/audit_mipe_legacy.py,7172,89b7e0687defc20da33127fe1993351a56010b5e848e684f68632575f8491e41
civora,partener-eu/ops/build_public_static_pages.py,41765,b9a7817b3a4faa18886020f387e0833f48801b293d09475e9976b5b3b3999fcd
civora,partener-eu/ops/check_public_site.py,12001,958579c991f71b8e77a23ed024aa062ffbe5227fc48a1ba274b55ea609c5d9b4
civora,partener-eu/ops/entity_providers.json,2687,978d63f5147807eab2ae4adb8642eaf093237278e11428e93aa95086867c8654
civora,partener-eu/ops/entity_resolver_service.py,7544,cc227ecd1ffe69dc7dfc1fa6ffd44df6a00f384a1e310c51751a5e0809a618ab
civora,partener-eu/ops/fix_afir_decision_extraction.py,4855,f3752cde2ec95f076e0e7f3e00d37525558a2de5837800c135bf8181f0d44350
civora,partener-eu/ops/fix_consultant_crud_v4.py,8975,ef8e82b292b47b4eb7c25d1dcd9760554a2bb4637b91cf3e15692382a9781e40
civora,partener-eu/ops/fix_consultant_polish_v6.py,6154,c0658cd07b3bb9d7df0ca13d2c06ddc7dd593ba2fb820aeffe10d9ac79c9c6b2
civora,partener-eu/ops/fix_consultant_runtime_v5.py,6271,4a03f442aeb1efe4110c67dada99500be0783d47ab26d3244ff4720fb8deca87
civora,partener-eu/ops/fix_consultant_workspace_v3.py,2512,6c7ebd0fc23478da8f83440410e40e7799d88d87203ff85a5854465272bff3a4
civora,partener-eu/ops/integrations.json,1704,b6f54f00430701fc7ebbf51650ee24dc94ab30b2f7da79f7d95f7d7fc98fd729
civora,partener-eu/ops/mipe_final_cleanup_checkpoint.json,3982,f25aea03ca96c8ed556ca117148149d86c6f1f183e7bf409926e8b977a264279
civora,partener-eu/ops/mipe_final_cleanup_postmerge_checkpoint.json,3349,2343198684747b38830b1212a97dd778c83d390850bf34634cc161933e4cb72f
civora,partener-eu/ops/mysmis_candidate_gate.py,3015,8de56b9f9426d383a42f2aab63da6d4eaaabb44d43cbac613010d1fde9f1ced0
civora,partener-eu/ops/p10_acceptance_sync.py,10406,969368abd6f7709a2509fe29ad93c49170a88c325908196eb1c0d71f1c21ec6d
civora,partener-eu/ops/p10_monitor_integrity.py,17496,573a2206000f161f73144a0335f8e428e4790762a02ae015ed5896c3120d02aa
civora,partener-eu/ops/p10_resolution_tasks.py,11898,5a4e0ac7fb8a3ab9d2e2f08edd40ca52980d1167e757336462ffea648f09d789
civora,partener-eu/ops/p10_validate.py,13804,f4c20e17f7a4d2d669b1b8a1d31c4fb260f9c0f96d9a2ef0f0907d77dbda8d9d
civora,partener-eu/ops/prove_public_deploy.py,9533,709027fb1ca5a3b03224bf5ab457cb00366c49939fec93d054ec8ad99f1be043
civora,partener-eu/ops/quality_gate.py,3341,7b5794464d2cb914b7613fc31efcb3da72f4ef024cb9d4f242d8260ddcaa1395
civora,partener-eu/ops/recover_decision_products_lkg.py,6565,75df04e36498935f68816860a7dd3a752116297ab347bdc51f3615c041711086
civora,partener-eu/ops/sanitize_public_prepare_cards.py,10439,26b9ab37ea3ff09588fdd5244eb500108c19498ba47d6042f6bb348fde927643
civora,partener-eu/ops/sources.json,2592,bdf6c8996e7944c2b33f8bb8992f47368beb3fbb7b84f5c77184abaa57ee89b6
civora,partener-eu/ops/test_afir_current_dossiers.py,7382,d005509e3d7c5189fd372fc2c3005fe92d12c51e911ac8e7e45b569279db7ebc
civora,partener-eu/ops/test_afir_ingest_policy.py,1126,269131e8f87b04218a308e9e85a00c6a015d9cfbdfa34d6a03ab04c672ca47c5
civora,partener-eu/ops/test_afir_live_funds.py,12290,eeab7fb477ab854fb7980d445923d1b9a7d9d7646b99f25262b6a1d1bbc9afd4
civora,partener-eu/ops/test_afir_lkg.py,1520,b16a42b24b0f939f76369b4f9982b3594deb8ec20ef4b4167a638d489805230a
civora,partener-eu/ops/test_afir_material_resolution_queue.py,6570,01a58a5a2b2555aca41d0f97e53c021e960e3a1e828d0fd4331c04b99fbf3d09
civora,partener-eu/ops/test_afir_september_2026_updates.py,4349,85b5d8ff8879f92444d95449fdacffa207004462fcb4f9b806524b7b529d56cf
civora,partener-eu/ops/test_afir_transport.py,4622,98996ac2d55b271507b8e838e25a5138e4e0d7ad684e3b500995ba5a4425e8f5
civora,partener-eu/ops/test_ask_canonical_failclosed.js,3491,cafc5efe26f54fc05738642d483c9b39765478b5a2bddc0e865e54a265b2bea6
civora,partener-eu/ops/test_ask_eligibility_projection.js,4787,d8f13680e0a5a9e38c53eae605abb6538ddeebbb655a62d75274c4645cd86267
civora,partener-eu/ops/test_ask_partener_v2.py,7782,18ebe7bd0f353e50f886d938506f615bb48f7db2c1d161cd62eb691a81352884
civora,partener-eu/ops/test_brand_civic_intelligence_v1.py,2958,82b5a86476fca4953397c13b2193016e68ef63feb31f56f81245185785c49348
civora,partener-eu/ops/test_call_lifecycle.py,2308,0560de1a2dfae42d29561927c80dc4281ffab5b63f5408e12ff8e0457de6a7fc
civora,partener-eu/ops/test_consultant_crud_v4.py,2248,dd2d89e972811e574664cf85d0084b9b4e26a8f20d06ea879c2ccc38cfb2c2da
civora,partener-eu/ops/test_consultant_runtime_v5.py,2200,81b83077818fb2690ee2d88838c5ce7541b3ce1afe0b39d0a8845236a59ccd46
civora,partener-eu/ops/test_consultant_workspace_v3.py,6454,156fed8598afc93ada867f4ec3cb236f03eb89e3625c3cf020827f0caad8e73b
civora,partener-eu/ops/test_creative_europe_call_fetch.py,2894,58279b0b08fedb5703a4aca57f281a839a5e0f072d7b2f3d9292e65ac483683c
civora,partener-eu/ops/test_creative_europe_call_index.py,2843,061b3ba109f7e478e59ca16bc26baac1c49cf6aa2c1329ad5b020bca7cecb438
civora,partener-eu/ops/test_creative_europe_ft_competitive.py,6454,b9fb59c0ca628d562330ddd193c630e0e57f8aa723148d94faab9447d303fb1d
civora,partener-eu/ops/test_creative_europe_ft_competitive_admission.py,6076,936ed64c1eb3fe21eaf58a1aae1f81f31679504e8739024317d7d168cf8e20a4
civora,partener-eu/ops/test_creative_europe_ft_competitive_handoff.py,12713,f120a65dcd4e342deecbf5a8f3857ba2b3adf734e0fe2a37bf2bcd8d01420f07
civora,partener-eu/ops/test_creative_europe_ft_competitive_projection.py,6201,1f22c524421bb32b84d14dc3fdee329dad4d6d87e092aeeca2be2d97ab74a055
civora,partener-eu/ops/test_creative_europe_ft_exact.py,9049,40d6471a8662b0d1a4d83b3ff73cc6ab0218a362a8a8684d7d51d3b195d39378
civora,partener-eu/ops/test_creative_europe_ft_handoff.py,5269,200b98f5a2b3f6ad3e71fe309a634f8be9b8314f3e8997926ce4f8d43ee14c26
civora,partener-eu/ops/test_creative_europe_ft_reconcile.py,6592,f72a0c26c6b978713f84f8604c7a7772ad62b66f93a5bee27ad02dac9d7e92d5
civora,partener-eu/ops/test_creative_europe_ft_watch.py,16245,b342d67db7a86f0e816147e05e77bbb5d1b64177072f60d414ea84de60e39cb1
civora,partener-eu/ops/test_decision_products.py,15471,de85dad5a5bd276f87a04172e1623c2348e40626f3b9d7d4161efc76112c1f79
civora,partener-eu/ops/test_dossier_autonomy.py,3947,6d0a011cf9e6c11e34c01c37c050c33055bb9dee01778e4b744da2b7ee25e6ca
civora,partener-eu/ops/test_editorial_automation.py,8437,6ba35defb5a14d29273f67e68f47de46e63b6c9a4f4bbb39b836fdf85120086a
civora,partener-eu/ops/test_eea_civil_society_calls.py,6866,47556de1e1b14496f9e938fe1bf47c689743075b506a979bcf5dac7c25a5f8e6
civora,partener-eu/ops/test_eea_civil_society_fetch.py,6025,fd64fdc4d1afefdaf025b58f2664058a9aae5222de4ef05bbf5cedc91139682e
civora,partener-eu/ops/test_eea_civil_society_reconcile.py,7160,9b6d3a6055462537a720baae39dd4ef58c6e5230ca5683416ed6b8f17e02d586
civora,partener-eu/ops/test_entity_resolver.py,1632,aafa68081a960585ae3c7e28462da6941a1598c5c4a0de97fe3930f27ebdd31c
civora,partener-eu/ops/test_esc_action_fetch.py,4627,c712d95ef7c50530bf6a9493cae1d13097ed5de3a988b906fd2b953a8d58b9f8
civora,partener-eu/ops/test_esc_action_router.py,4836,8b9d33d54b71be1d244d48418c9aef0bf40862d726d7806d5ddb8682ab63bbd6
civora,partener-eu/ops/test_eu4health_hadea_call.py,5500,1a6a3f3872e19f90b8ccee721b5724f37a427168315907d5d1f36ecaebdb3220
civora,partener-eu/ops/test_eu4health_hadea_ft_reconcile.py,5953,e002fc8832711604f41762601464e685ec353645d5e6177741779830b565ce75
civora,partener-eu/ops/test_eu_direct_cef_ft_exact.py,4675,e8fa764219afe80085a4fc8694d8e0b7f68519f85f380f3949964727331d8c73
civora,partener-eu/ops/test_eu_direct_cef_ft_reconcile.py,4658,04e782db90dd06e624922e2220322f2fecbf2ef74b32b0640783e1a02cdf4e0b
civora,partener-eu/ops/test_eu_direct_ft_coverage_receipt.py,4309,5f39a5f4346659a99098af390c8b1d8eb4f08c59c626c28059c590790bb7fe18
civora,partener-eu/ops/test_eu_direct_ft_programme_taxonomy.py,5900,5397c5605a32fa44fe7064e53e82a20626b8245437ff1060ab7c4bf42d7b0888
civora,partener-eu/ops/test_eu_direct_ft_programme_watch.py,6149,5de3a7b8a3d143dcb421ccb06ee8d2412604cb32dbdd7e4ed1f45872e3505612
civora,partener-eu/ops/test_eu_direct_life_ft_exact.py,4719,5c6f9c839e0a4db37417ca4a6447580bb8bb72b501484dc48f41b91f6db81a29
civora,partener-eu/ops/test_eu_direct_life_ft_reconcile.py,4683,6ff6a7fbe68a1b77e70f1f8c0c348d7d989acef70b37329474f6fe9f0edafe2d
civora,partener-eu/ops/test_eui_call_fetch.py,3349,00780b43b773a769f1c91ed0a16849b782ff17b3b730f86aece3d204518e1f69
civora,partener-eu/ops/test_eui_call_index.py,3897,19a4d0882f9f27a916161958f07dca852c0baa080119c323e04ac0e5f507d341
civora,partener-eu/ops/test_frontend_regression.py,7539,89217b68c4c5d87c3c30fb6dd55331168bbb8e418097e7fc5f5a4265a0c8d883
civora,partener-eu/ops/test_funding_tenders_live_fetch.py,9183,818adb8ab5492efa516a38f24c909e066a4f579e84e83424cdd5fb30743ae6a5
civora,partener-eu/ops/test_funding_tenders_reconcile.py,8784,8b7a429959cf3d38a55b2814e0d541cc4bf79751847624fa4a7eae49440ab1d4
civora,partener-eu/ops/test_funding_tenders_structured_adapter.py,4382,28fc2afb78e1be9abbf919bdd05a488e3000bb88a2a89070270c66cfd97875a3
civora,partener-eu/ops/test_home_concierge_browser_vnext.py,8348,30ddcb1239c523ab171cc163744a154ad44f6e26822a91e557c421d0a6af551f
civora,partener-eu/ops/test_home_concierge_vnext.py,3358,9063ae3298844f1ee3d5a782583d50e4e4e308cc02d6d701ca7b0239bbfcbc56
civora,partener-eu/ops/test_home_freshness_guard.mjs,5112,1e8bf5e6dba5d851299329d31313c35a224d1df4ad1fe0cef8dc2ca1ef34d356
civora,partener-eu/ops/test_home_novice.py,1818,f963ed047d532fb256fd2dff0ae4b202b454fa3a81ca56e643f32afa9075e4f1
civora,partener-eu/ops/test_intelligence_index.py,8748,77229e8942e404fe8963fa903ddb128baa78687f7795c12ef73ca8d3ddc420ef
civora,partener-eu/ops/test_interreg_call.py,3835,a8ff2105baa20157d348637916d5e36084e3ba68d39e88db24c6e0529c6b8613
civora,partener-eu/ops/test_interreg_call_live_fetch.py,4077,92815f83606f4acd9df42ce4c7d099eed058d2c7c472b89a6aaa0a1486fbaf20
civora,partener-eu/ops/test_interreg_call_reconcile.py,5474,5aa05b0c1911a3c7e568d85e57d4039eaa9248614d42a2804d1738f511cefc71
civora,partener-eu/ops/test_interreg_programming_intelligence.py,3444,395d7b365a3ec3e47ba1ab0eb1997441090ea3d22b7586e0d8be91fb67a045a1
civora,partener-eu/ops/test_interreg_programming_live_fetch.py,5002,5730deaa416265d9993aadcf50f01b18437494b4c524a7f9e6271f1c5a6a682e
civora,partener-eu/ops/test_interreg_rohu_pipeline_split.py,2373,5c2ce7e2db7eb79c33021d3adf2eca919ccba81775d630b208db39fc7e0912da
civora,partener-eu/ops/test_legislatie_api_policy.py,953,16eca498410d1eab40583afaf1342e6b90b1a144b6d016360a458ee546db2913
civora,partener-eu/ops/test_mipe_canonical_pipeline.py,2403,cffc2e959635f4e00b2ebbac4c9af586adbb0c9283ed2c7698c5fd18589f62fc
civora,partener-eu/ops/test_mipe_decision_products_determinism_cleanup.py,5734,0a8b9748dc710bd7df42385a2c5195893a0ac82722de27b29710549e2c6faf06
civora,partener-eu/ops/test_mipe_engine_workflow_paths.py,1253,fa01e30ebb305f2e269c0aba6b411a631238d0023f43b17e1b5471b0ccd71d90
civora,partener-eu/ops/test_mipe_enrichment_seed_quality.py,1063,068b352d821e2d5f0ba07ff4c8251d8cf5c718e8f4613291325c054a07e48c79
civora,partener-eu/ops/test_mipe_final_cleanup.py,8542,86268e7c52a9ac77fdca9f02a0af91e027bb48ac8dbbbb13a167d65c8f786a0d
civora,partener-eu/ops/test_mipe_lifecycle_alias_cleanup.py,2076,47dd8390feda12749e1f0243d3119a9a98f3b4907e4952408b70d517fdcc8f7a
civora,partener-eu/ops/test_mipe_lifecycle_monotonic_cleanup.py,7886,a0d418f048f8862a67ccc5f86f9c26cbd884ee70233d294378050058539dd046
civora,partener-eu/ops/test_mipe_lifecycle_result_evidence_cleanup.py,4444,a6bd8dfb9409aed47b48cf2877df55944145b94cefe744ce9fe8d473f2f11a9e
civora,partener-eu/ops/test_mipe_resilient_ingest.py,5083,5497d0622d7be6d802a8b47523a788b1ba95fc795453267a682da9b3c848bad4
civora,partener-eu/ops/test_mipe_route_arbitration.py,4425,e4bc61a9c812b44d6bb8bcf8e2da5251d47838e42e0c55401d8ed5f06951faad
civora,partener-eu/ops/test_mipe_v3_projection.py,4578,27f5e41b0c035ed3df46c40e24c9da82c9fe9d6e44eb45e0d70578e94e05796b
civora,partener-eu/ops/test_mysmis_call_inventory_scout.py,4856,d0ac679b0e78aeb09c3353524b2109a28aeb7e71fd5451748dfe5804cafe2b26
civora,partener-eu/ops/test_mysmis_candidate_gate.py,4041,f4c643f3d29db346c1dd9f96b1fbe58f3c50c5b5fafc396d4ad313a9faab5229
civora,partener-eu/ops/test_mysmis_reporting_transport_scout.py,5238,065b1d04629f9929a734812cd1b17d6d5b44de45c7fa4a7453782c6a2151219e
civora,partener-eu/ops/test_mysmis_resolution_coverage.py,2252,8270c6fab7f5e125fc130a57cd96dffad13da285403f05f9f16161a406976156
civora,partener-eu/ops/test_p10_policy_regression.py,12302,6fcc8b5933c75e6403748e66bbaa8934da1a36d7d5d9e7aa2f743a5576b2ec69
civora,partener-eu/ops/test_p10_resolution_metadata.py,3544,754e8821185f629f0f83dab1acd297a2561fa76a79b5e645ee950c4e4760cd50
civora,partener-eu/ops/test_p10_transport_policy.py,4415,a008f151fa96c3d50c29368776a3268b7f08d699a0a907cf58cc0ba36cf94737
civora,partener-eu/ops/test_p11_public_projection.py,6628,901c4792e891977c5eb023780b234021cf6ef74189a4535c6a7f1c321e9d4bc9
civora,partener-eu/ops/test_pages_trigger_contract.py,2216,3969e81075ab3fe50f2c3a2ee437045e950a0fcfa7b21e94570472c8760c0617
civora,partener-eu/ops/test_peo_calendar_identity.py,3268,7802bbb04353e3a226c17e046ae51bc8e346f7b8685c6af66735439b0e7fb3da
civora,partener-eu/ops/test_peo_calendar_transport.py,3919,62ea1b15eb93fd144172f0323bf9245fd170edc1e35ff72d1242731456a23345
civora,partener-eu/ops/test_people_policy_actor_boundaries.py,5871,5e52e66a63f03156f9f167ff29cdab5fb26948ef07c67de890d640f670053a99
civora,partener-eu/ops/test_people_policy_anre_source.py,6909,18e5ae57ca139aa84f6f584d33c765f5fe033769621b26fa255e567ba371d923
civora,partener-eu/ops/test_people_policy_ec_fitto_source.py,5587,f34725b29b51c6bb3b76edbd3da752f523f14d1df471e8d3a1816ae945b93b80
civora,partener-eu/ops/test_people_policy_mipe_corpus_replay.py,7626,29ca8a826d4dfd52795551c17269032f62f094e8339aec039afcc13a5c616528
civora,partener-eu/ops/test_people_policy_ms_source_transport.py,6779,52bd8ff9535334b6f678bbcbc6ff980077a2f4271fb99a1d988e53c2c1a1a0f0
civora,partener-eu/ops/test_people_policy_signal_history.py,5989,a3e881f5df3257d6fc450adbde2ad9d21b910e745d1dec3e0e2e2c4ce6365313
civora,partener-eu/ops/test_people_policy_source_intelligence.py,15319,7efe047650fdb0762e20485bb942afe0c3c4acf6bd007ac66317faa822b65aad
civora,partener-eu/ops/test_people_policy_statement_cue_parity.py,2255,0c8644f0fc5fe87283c2caa041f5cc166b89503b8a5c675db61c49cc3f8bf789
civora,partener-eu/ops/test_public_boot_performance.py,4747,55c5106d777549b12f3c7ad0e73eef3e3c4dcd8774a1c3317d685dca96e5753b
civora,partener-eu/ops/test_public_language.py,4224,983097ba3a852a13e551d92e8f45ef3717be91f37e7d74486e528dd0ba6f0e36
civora,partener-eu/ops/test_public_product_v3.py,8864,a20027cd292dd54aa9d6563841d919f19fe781794567e8cc0adee938b9182aad
civora,partener-eu/ops/test_public_site_transport.py,5838,fceb1a31d8f657d7e4cd8252802ccae42a586159f613e1e429287404afdb17c1
civora,partener-eu/ops/test_public_static_pages.py,15072,e9948e44f113c0bce50d41b7aa7cc0bca03a37e9413791e864ec9d69d40f5046
civora,partener-eu/ops/test_recovery.py,1738,05e830e3878fa40d9aecff1f574c06b8933e6a34f3eb90e427a93612cfce0cbc
civora,partener-eu/ops/test_regiocentru_actions_fetch.py,6890,da835b29c2db66fd9cfbbdd3398826f65885126a58226c7034059103249af05a
civora,partener-eu/ops/test_romana_pentru_munca_home_hero.py,1684,bb39e007f19250e0ff5066cb1644cba97b6bfe8304093481ddfbb3d342f32442
civora,partener-eu/ops/test_source_registry_alias_fallback.py,4152,660e4886dd6b8a4b43581efa14cedc82a60de9d2e0a7e28968da45550df955bb
civora,partener-eu/ops/test_source_registry_current_hosts.py,3114,8a7c49e4451630e699b6c0e39f57a7637604bf4da63338acae1ba110c459e3d6
civora,partener-eu/ops/test_source_registry_external_expansion.py,16026,09a328a2851a7a2a1c872135b43c915adc11424eb2fbe049cf631a8979648e46
civora,partener-eu/ops/test_source_registry_low_info.py,1814,b7a4cd96feb936cd4e6d8723c8d2dcdd87cf1a8a501f0cfe254733bfcad2a5a1
civora,partener-eu/ops/test_source_registry_semantic_noise.py,2398,235b738aee0824baad0c8abd045b62bdafcb8d1641002de3b46ae5381e166c5e
civora,partener-eu/ops/test_source_registry_task_revert.py,6109,1fd73ea5eeb136055d7c454b989bf94fb5fea469c0df493b5699ea9a6942762c
civora,partener-eu/ops/test_step_lll_dossier.py,5744,7e358d2371fab389275a50bb218142f7a4ec4dc8acf2dd18761351421a3f3190
civora,partener-eu/ops/test_sync_decision_products_projection.py,2297,a7c87aaa0bb9ecf84e16f63e6d2d6ede5781a0c169eaa9be45ae5dbb2d78dd1e
civora,partener-eu/ops/test_ux_browser_v1.py,9660,a615992f762629167211f2d14477b6a075d0d4679c2a110fa019b151be8af466
civora,partener-eu/ops/test_ux_card_scannability_browser_v4.py,5927,d238dbcd097eae538b45527b53e0b4e55221ff3dd2d14bec1b98e38915522f1d
civora,partener-eu/ops/test_ux_card_scannability_v4.py,1003,2360141a85b84b5e9efc545ef79002daeb07ab35b4c3553930a411a9bb433d65
civora,partener-eu/ops/test_ux_mobile_density_browser_v3.py,7559,c35e68ee90e3f35ef96b7b85618dcf369af7690b1aeae9af43d4eae7649a685c
civora,partener-eu/ops/test_ux_mobile_density_v3.py,1540,b425752eada84814bfbac4109724b5ae3caf66a265d202b73d30a61e28c19b2d
civora,partener-eu/ops/test_ux_optimization_v1.py,1551,a014922192312db713e53a8fc31477a6dfc849e9857aed9fdd98e8569406768a
civora,partener-eu/ops/test_ux_orientation_browser_v2.py,6556,e9053eeed214b41ae0410e9eb0e2e26348e44e86fcbac256ab9b3055fc601a8c
civora,partener-eu/ops/test_ux_orientation_v2.py,1573,1935fe4987e5080ded1932bd6bc8ebd41c7cd057e0c8940a04d33f3b563cd9b1
civora,partener-eu/ops/test_validation_persistence_guard.py,3558,f4d030d237a259871aaabe780b377d40a28843c215c2afd5cf6f81946ab3a5fc
civora,partener-eu/ops/test_web_hygiene.py,2036,262202e75ceabe0b77e0141eacc9fd3e5b219ee598147aaddcb585270284ceec
civora,partener-eu/ops/ux_consolidated_v1_v4_checkpoint.json,4811,46e1bbcc35b1caf5d85c0e7fc82ad925618eaa43c69dbb844b14fff85c105c24
civora,partener-eu/ops/ux_consolidated_v1_v4_postmerge_checkpoint.json,2635,c7648c41d5de19cafce506a8cd737bce7d1d3e5838b24f5e7110596f70299e11
civora,partener-eu/ops/validate_decision_products_lkg.py,3483,80abb5f2f4dd1560651ffa6d037c66b558f24d3c4e01f7d2caac23688261cc06
civora,partener-eu/ops/validation_persistence_guard.py,2769,8f82f8c9218cead541788143c51bac5b389c0b378dd874a0d857cf9d823b1342
civora,partener-eu/p11/P11_ACCEPTANCE.json,4593,5da0a0480321b66f51547783576f831eddd11676d6925fd6e94e7187b8d918da
civora,partener-eu/p11/P11_ROADMAP.json,8152,e4b8f4b891cee2ebe25cb55344deeb9c070744ea2cf0c9265823fb3e16896d7d
civora,partener-eu/p11/RESOLUTION_LEDGER.json,9332,41e19a4cfadb8c9606a92904579ffcc74c00cbb17adc8b0310e72b1cd87b1054
civora,partener-eu/p11/admission_batch_01.json,760,95b267bd2b326887c197e2f112c05fc83936dab5eaaca5153477397adc330874
civora,partener-eu/p11/admission_batch_02.json,647,36cef76b8c73daf3c6f6ac1c89bdc1fa5ee5613e78b4a378e5a1c333738247dc
civora,partener-eu/p11/admission_batch_03.json,657,f33fc3feaad16dadce2aef94cf1f11778391682f25c3fcf909c1c69b200a1f86
civora,partener-eu/p11/admission_batch_04.json,740,0381c72907abc6e446ae112325a7244fb4a3e916e6ef5ae3de98bd7fe64ba7b8
civora,partener-eu/p11/apply_resolutions.py,5401,5b32d21c2807174a379593a4384016f031a7a98972a98f0aea1c9137c9ddf913
civora,partener-eu/p11/build_public_projection.py,30350,b9a3d0642bc1cabc81257b405719612178da246ae337b55b4de30e3c50ba96da
civora,partener-eu/p11/build_staging_ledger.py,789,120fc9dc60ade1d998af082a9b06a2b515f1a24efd48cee2ab247c77c98f8b95
civora,partener-eu/p11/candidate_staging.py,7548,30235a0fdb3aa1a839e55a7eadb5fee28be9a3c197187b6d494cb877593cd8f3
civora,partener-eu/p11/eea_civil_society_stage.py,10778,02c50cb185f02c6279806df50b3f7bdc5a2ef27f06205078d2510c2aebe4b6c6
civora,partener-eu/p11/funding_tenders_programme_resolution.py,11370,6d5b2877ed811f00ccb642ca54ace18a2697fe6e3a38c1ef6b0b11fcce2ff10b
civora,partener-eu/p11/funding_tenders_projection_gate.py,15055,1f28455f9bce81fcea31982c7c341b03b9a12aee2eac8362fe6801a378d1a881
civora,partener-eu/p11/funding_tenders_run_gate.py,3193,b787c0ff9386ff50698e807f18a8e134992039d1564445ab369cf9f22ac28ce9
civora,partener-eu/p11/funding_tenders_stage.py,14049,1f0bc193890fb555e0b6a2e3f2ef4e5f6d32c122a355f4b3b560a3535ed105d8
civora,partener-eu/p11/interreg_call_stage.py,16986,1ef98908005c772b8020b5b264e15d69cbfd43107f86e50f2213d6c8ab79f3e5
civora,partener-eu/p11/opportunity_bundle.json,194693,eadbb3740ce6867d65873c9ae60dfcfdff532fb38ca972a09b950d619a67e91a
civora,partener-eu/p11/opportunity_contract.py,9700,258aae0a174778a86371078d79bddeefd1093f99d8a8870230857f3d289c9f48
civora,partener-eu/p11/resolutions/afir_energy_resolution.json,5273,16a71235c395918908ee3b0ad801a536db344df55dd0cdc7ba169aac60d95ac6
civora,partener-eu/p11/resolutions/afir_energy_v2_resolution.json,13231,84bf7acf8aa19fd6f158b10bad8df23a6443efa553567d2b28fcd2cd7d28ec2c
civora,partener-eu/p11/resolutions/mai_fed_fami_sep2026_open_calls_resolution.json,20840,0e20fdf9ee82f58b6bb48c258cc4c447cd3b20d954d35190f25497ce81eb049a
civora,partener-eu/p11/resolutions/mai_fed_imfv_urgent_open_calls_resolution.json,5377,fed833df527457cc8b2338cb4ad974f66db2e12c162b259e65e47531a652c526
civora,partener-eu/p11/resolutions/me_fm_storage_standalone_2026_resolution.json,12473,19e22c4ed35ce80ce599a4080cf27206c158f0c151b7b0e92588388654de5f50
civora,partener-eu/p11/resolutions/peo_step_edu_adulti_resolution.json,8461,2a2d67886d6c0c66b67d45ef7884fc815f36f5f45dd3ac90ece9020fc5df5f57
civora,partener-eu/p11/resolutions/peo_step_vet_resolution.json,6647,5aa77731591f305cad8afc8f7ac16e906e64dccddee41de8d1dfd88ab4f6a9cd
civora,partener-eu/p11/resolutions/peo_universitati_deschise_resolution.json,7074,6753ec97622e13cd0717c7401aacbb754695622e0e14f773b57302450c873ce7
civora,partener-eu/p11/resolutions/pids_supported_decision_resolution.json,16396,5a8be57655c5c7abcbaf6a29037d32714e4084bebce5864316cea5ea4d7515f1
civora,partener-eu/p11/resolutions/pids_trafic_persoane_resolution.json,7212,9c2b9c27df3c3b7081a212474233f03803f7ffba1a6b53d2dc2e0f2dd3567696
civora,partener-eu/p11/resolutions/pr_centru_clusters_122_resolution.json,14093,7b6552a30a47a52d4bbdd0926306ee856c3632cec089ac7afb07c099dd662ac2
civora,partener-eu/p11/resolutions/pr_centru_digital2_resolution.json,5185,206caedf20c038d33b6dd592d58392906fea42a274e64109c2fbb00c933ba99f
civora,partener-eu/p11/resolutions/pr_centru_digital2_v2_resolution.json,6327,05fc0a8dc68150218dd4b06fa0c07916abdae3d6ae51ebd2d8fc281710469d35
civora,partener-eu/p11/resolutions/pr_centru_parcuri_ris_resolution.json,7950,3192f954952225e9ea45cf04ddf11138f85a5d784b32935e0ebb59602cc621b7
civora,partener-eu/p11/resolutions/pr_centru_urban_81_resolution.json,14534,596488fefb95ad22de0ec54480388a19cb7af94bec7a616c4921d53ac76118f7
civora,partener-eu/p11/resolutions/pr_ne_energy_residential_towns_2026_resolution.json,13875,169b9cb2f443d4a46e2b530bd0adfd80bd96b75f0a4acce0f98bc64ddb4e577e
civora,partener-eu/p11/resolutions/step_lll_resolution.json,5944,e261c00c3af757e6e6563d95b71f73b12afe66d8212647b2aa57058098a91ebd
civora,partener-eu/p11/staging_candidates.json,8958,722cc9b44dd90a68df22af070b3bc0d84ad543b831301fa6c0e7439f47ad1c86
civora,partener-eu/p11/staging_ledger.json,26774,6b45adbba8f7c66b2d702eef62bdf365cb52e7b897a7e64dd9cd50781fb247ed
civora,partener-eu/p11/test_artifact_drift.py,2415,4ec0969d994dd22e5c2584d059ab4bc4ba7048662b1fefdad3ea30dc62f64ac6
civora,partener-eu/p11/test_candidate_staging.py,3162,35ff92c6f32e6e811eae13e20ba4d1bba0d60b19f2f4d6e464fd3ef89fb1ab34
civora,partener-eu/p11/test_canonical_corpus.py,5821,7ae093ab2eeb42c4ed2b2169dd161ae3ea7968315f7654eb41bd51cefb18aa1a
civora,partener-eu/p11/test_ci_trigger_contract.py,1352,c9e84079d79d247e642b2f95f3b08ca88fce7be2a75e08fee3d26f27abffcc42
civora,partener-eu/p11/test_eea_civil_society_stage.py,5550,eaae2ceb23dfd733b8e61e1ca7777020ab667b89c5d8aa76a15fb6c290c3d8c0
civora,partener-eu/p11/test_expired_open_projection.py,3661,1310bb755ad3f1aa5e83ff237152d5a61b89bb5140f4f65c4171a4f12be6470a
civora,partener-eu/p11/test_funding_tenders_programme_resolution.py,6240,0118d49a4a3ebf54a3e404d8a029bae0103f4b018dda9f54ddd3a366c9f75b59
civora,partener-eu/p11/test_funding_tenders_projection_gate.py,9972,8a9e793512a5c95b2dbd97259251af33ff7b99f90df20967333c3207b5db75ca
civora,partener-eu/p11/test_funding_tenders_run_gate.py,2866,54e6866f0d2963a4528eb59181a4a5ae57cd8a81e45f0b91f9487f3bbf98ae05
civora,partener-eu/p11/test_funding_tenders_stage.py,7755,b0cfb189c47d25d64b436bcbf620ffb85a89dfdbb8ceb399b0e5f88dc7cbc458
civora,partener-eu/p11/test_interreg_call_stage.py,8832,6cff67428d295f7fa6ddffefcefe738ff4db882e8303ee41c66059931d032e6e
civora,partener-eu/p11/test_opportunity_contract.py,3529,e8a5c7c9aa8dedd09dd3290366a85d7c0978ae94dec4f12deb44f8cdf6f5be0c
civora,partener-eu/p11/test_projection_explainability.py,13803,72d9743727d7f5290ad2a76dfd9a9877afa2b1340f0d4d86e27aa6ea455e7a65
civora,partener-eu/p11/test_resolution_overlays.py,4573,8d377b892b4e6c5c8bbfc17859b1324d627a1ec785e15a40b3fde51df8d588f2
civora,partener-eu/p11/validate_admission_batch.py,4965,2a1a33511d1e46ffe123b3e28b796316872088903267544408fbe08b85fb0501
civora,partener-eu/p11/validate_corpus.py,2795,2d3cbbe021cff56a392dcf458acf2f44d518db67a7145e150c5b7554687eca70
civora,partener-eu/validation/accepted-source-baselines.json,6454,b2ff66c78adca4bfefe2471b4793413b400368e7097fd0aa058af1d146d98403
civora,partener-eu/validation/consultant-universal-applicant-resolver-v1.json,1193,df51ba815e8f7ea3615831ccbdbfa49cd28848756a61387001468a216464b492
civora,partener-eu/validation/deployment.json,13190,24e4a35aa7178b6e8278138342e0c6aac0327ea68abd83f8dab6dcabd4482ae7
civora,partener-eu/validation/external-monitors.json,18883,15a5efc7ac245ed359c840d76c5e4d4144ac824b614b3451f83ab643ab8d4eb4
civora,partener-eu/validation/history/20260811T123536Z.json,7866,1b2bd1a81a89762f2ad97469b82a02fbff50c0364949308177d2b86ceb64b105
civora,partener-eu/validation/history/20260811T123959Z.json,7858,af399d9d8cb38c9f22851a5517104807c24b8fa8873cff72376965ac20067e38
civora,partener-eu/validation/history/20260811T124256Z.json,9564,3616eee355a1efb3fedc1abd637154eac28204deb89dd631335d451afae171e5
civora,partener-eu/validation/history/20260811T124510Z.json,10552,85781a352a2ee363e55492252a9db3671cafcd35fe2c8f6fbd58ba92f9db32c8
civora,partener-eu/validation/history/20260811T124548Z.json,10552,97c514494dc65677865704c6d2c0881c64c14a3f6648f4153fe99a6c0a8f8fb8
civora,partener-eu/validation/history/20260811T124659Z.json,10552,ed526d7d6b2725e217d00bb62e548a97143a29e4feb5ec45b65542f41dd3af10
civora,partener-eu/validation/history/20260811T132204Z.json,10551,6431c5ee7c86661097c5481dec9e83d95d027d6efac6d4a96cbcab53cb9f3b47
civora,partener-eu/validation/history/20260811T140054Z.json,10551,bd07119f7e2453803978a6450e6a5e06479d08ae3dc2c7b0758b80efcb1ddb21
civora,partener-eu/validation/history/20260811T140243Z.json,10549,d006812192c8070da909927b946d8c3170106ae85efec9078916e1e882b28221
civora,partener-eu/validation/history/20260811T142647Z.json,10553,eb0f5507f8781a872c297944cede3dabdf1aa583c5ecfb40928e87063f4a1702
civora,partener-eu/validation/history/20260811T150738Z.json,10553,a62511b293c8b4988ca1a23864551203c2cecd5236eb26381319f88ce411ff8d
civora,partener-eu/validation/history/20260811T151548Z.json,10553,dfbfd8eed5483d881bd3472641cbf5c6b769234486afad6c4d8c704c734f57d1
civora,partener-eu/validation/history/20260811T151757Z.json,10553,d3d2c894f7d5de6bd4c16b3ce3957d15bed16e7ef634713fa905e8fa4cf88be5
civora,partener-eu/validation/history/20260811T152513Z.json,10377,17d374e7023e6cf8f3f6992b8a5bb5269f58cc6ba7a99ea8da943c83e4ceec85
civora,partener-eu/validation/history/20260811T160012Z.json,10553,9d7457023a6be052f317cab0237686f9026a6006e2095eaf38cd38f709ff4cce
civora,partener-eu/validation/history/20260811T160119Z.json,10244,2c0cb6a4fb4dbae162ced82185fb620ce018d6abc1b90200d7800f3a87d8cadb
civora,partener-eu/validation/history/20260811T161037Z.json,10553,dca21b6fe2f2d927cdedd29d705e8d913e2a16ed49045daece3e8bc9e22108ff
civora,partener-eu/validation/history/20260811T164706Z.json,10553,bcdcba0d6a3cfe92668fa9d66b8e0394035bbd72e912618fd4cc1ccdffd89bc2
civora,partener-eu/validation/history/20260811T164814Z.json,10553,8eb437a2cf272b59bcf5b01e4b1adb1cd80dee4235fdc82db8305541342c67bd
civora,partener-eu/validation/history/20260811T173418Z.json,10553,04f08d86209525995b61ececdb084aa0c0a100fcff541103e1c4526543b7c4e4
civora,partener-eu/validation/history/20260811T173735Z.json,10420,f0aac259be20fd6354d4d388ac067ac7d85c293d5babc7bec484c6d5f9d6cfe7
civora,partener-eu/validation/history/20260811T175609Z.json,10553,ebe35accbefa44188713e89602301085dd20ac43564fb906264f5c9b99c0638b
civora,partener-eu/validation/history/20260811T181205Z.json,10553,d7da9dd3cee66a17018467f2137359ce7d650c76a9b42e5a9a7ab398650d29ff
civora,partener-eu/validation/history/20260811T181857Z.json,10377,dd750a5acfe65970b403ba9cf087f24e794079ed313bf2fef35d932fea002f5f
civora,partener-eu/validation/history/20260811T182017Z.json,10553,a8554ccbb714193f18862b72da709d0e92d4612f16f1534bd4c72200a242d22a
civora,partener-eu/validation/history/20260811T182929Z.json,10553,0cb788d51b33c376678d42aa45feade2fb986929db5001f5b0681a341ef480dc
civora,partener-eu/validation/history/20260811T185058Z.json,10377,352b7f60abea937ad12ecf71e62512a837bbc8fc35af176c0f529dec66e64834
civora,partener-eu/validation/history/20260811T185227Z.json,10553,98878e33a43c493edab1bc6fc04f8809366da6b85c23cb2da65f7d48a4844c35
civora,partener-eu/validation/history/20260811T185423Z.json,10553,fb5966c5d2de2f61c4fbd0b66ed73bfc4fa20719648c4bdfa7df33689947cd0e
civora,partener-eu/validation/history/20260811T190552Z.json,10553,0565687e07389514a0c20716fc6ff5d1fb8f8b1441147773eb842bee516be374
civora,partener-eu/validation/history/20260811T190936Z.json,10553,b1c538aa587aab5fa47b98c1a186d78414935ca51fa3ea816dc2184e719b18b6
civora,partener-eu/validation/history/20260811T191858Z.json,10553,e44ca54fbb7d3c25661051fed12ac930eff8ed3592d365dda56d400fd10c52db
civora,partener-eu/validation/history/20260811T194718Z.json,10553,caad6b38119e30fba085392fff3ddafc42cf5117a71a66e286fa34c869a84db0
civora,partener-eu/validation/history/20260811T195309Z.json,10553,9c5c1e6c5d6c58ca6df859462b9e635b5522e0bcffdf37bdae0d4277294dd17f
civora,partener-eu/validation/history/20260811T232403Z.json,10377,33719223bc8235f72ba6c5e3ea4b80bfad630f707626a031515ff0e17b7ac39e
civora,partener-eu/validation/history/20260811T235255Z.json,10553,606e507d5c5fc44cf637774f72067e641fc9bf53fabbd3fd58dd4254fb6c8627
civora,partener-eu/validation/history/20260811T235531Z.json,10553,17ebc579dcf7414c8489d07bff4810e52e5e7df1e3f8fb8d9b8fbdfaca3fb16b
civora,partener-eu/validation/history/20260811T235812Z.json,10553,94a45e9dc7c26e7635b044f46dbbcfc3c56b873a59053200fff0e8671a045872
civora,partener-eu/validation/history/20260812T000301Z.json,10553,27a06294996d52fb5934015762655db336d42c5a02d57fa7cb712b55e561db68
civora,partener-eu/validation/history/20260812T001254Z.json,10377,f5e4f6f2148f923ccdc9c1e215a8e87123ab1f5939e51346a09044bf7dd48950
civora,partener-eu/validation/history/20260812T001610Z.json,10553,b8c6166efb9137b9042622960744d1b18fcfd340255d212f998d1ea113dbd93b
civora,partener-eu/validation/history/20260812T010031Z.json,10553,5dbabdbf370e3a29bdb538a17159df2ca747eee5c7dff21b4e817884ee3408f3
civora,partener-eu/validation/history/20260812T042039Z.json,10552,de9829d79b6eb6f54ef0d5f28593481946557be6d839780d429789bcf7812741
civora,partener-eu/validation/history/20260812T043817Z.json,10550,f9b792cb9a1492f0f1971d7a68e89c77e96184d1e146d6868e3b482168357602
civora,partener-eu/validation/history/20260812T043946Z.json,10553,b718a6cf317db4eef97f9c1a640b5c0b4dc93de0ae0e6ce90942d9879b2ada03
civora,partener-eu/validation/history/20260812T044117Z.json,10553,a46da2ff81776087ff3ca2ee1116e74ca81daf989f6408e33d751e4a1e89c182
civora,partener-eu/validation/history/20260812T045704Z.json,10377,24bafcee3e31f1059068250ffaebef8d9937027b4a0b195ffedb06f75a0e0174
civora,partener-eu/validation/history/20260812T045820Z.json,10553,2ee59cf9f14dea178ee916694cd86243f599fbd8ca53b276ad3e1a0bd5218595
civora,partener-eu/validation/history/20260812T050331Z.json,10553,fbca435fa3c5a3e3af1854266796bd7015f853a9a0ccdd44b87dd04a150cd8bc
civora,partener-eu/validation/history/20260812T050957Z.json,10553,af5d2f201d7aa9a78d20b9cefdeba6ee1b5a74ffbf8dcdb8d6d25fc6f73f4dae
civora,partener-eu/validation/history/20260812T052402Z.json,10553,bfafff6f1a361a37a6570c716c9c1243040584cfba322748fd5a536fc92a2d64
civora,partener-eu/validation/history/20260812T052819Z.json,10553,ae46ec696c474af54481d97469fe3426d8d4e14a32d6963a5efd08bf28b7b2f9
civora,partener-eu/validation/history/20260812T053744Z.json,10553,2d9abb7b073c111a8fd8f1f893068003f340f52aab4b90d5b9cdc5204c38ff72
civora,partener-eu/validation/history/20260812T054301Z.json,10553,49640db48046714e07d4e4b6b94183dbd371347a796ea0bcccc644b25ef6ba11
civora,partener-eu/validation/history/20260812T054424Z.json,10553,af8964a5c9a2f543e1de43409a12691ccb7e079ad8f056f87e2a7864715b834b
civora,partener-eu/validation/history/20260812T061548Z.json,10553,2055c1ad05a856585cc86526e4b8675493174b387cdc795f0c3074dbe691d429
civora,partener-eu/validation/history/20260812T062814Z.json,10553,8fc067d25ab6272bb6e3401befd710bb0f55cf9199bbe4b7914c70768f28e63d
civora,partener-eu/validation/history/20260812T063627Z.json,10553,dec3b4619fa85dfdf6efe9a3675a9712129063ff4dbf7a5242d70e0351e50b8f
civora,partener-eu/validation/history/20260812T070412Z.json,10377,346c92ea06ee71683c6482e1412a9a0f28744b5df84156b78d26879a0a053a90
civora,partener-eu/validation/history/20260812T070440Z.json,10553,535e051da99fb04b095f3dfff7aab0ed37947e400485994635503dfab03ccc39
civora,partener-eu/validation/history/20260812T070546Z.json,10553,caae7a3ac74ddd449b6a60a0b6382f16aff4082076c2cd4e0c537c7ad3f6c3a7
civora,partener-eu/validation/history/20260812T070628Z.json,10553,d936be6a2527559591c2dde07308a13420266f43780c87ed715777c5ade1b532
civora,partener-eu/validation/history/20260812T071306Z.json,10553,fff5a665a901de4ac6782e9dc764908d2d24ddcc9c3bf18ce24b621ca22ae9dd
civora,partener-eu/validation/history/20260812T071805Z.json,10553,a4fa40fe19034f8995f54ba6d8083244840de645586bb585136a707310d2d40e
civora,partener-eu/validation/history/20260812T072500Z.json,10377,7176ff8c86fba9cf43c93da0a4d6bbeeba65f0330b241586664bcf8ca9e61b98
civora,partener-eu/validation/history/20260812T072940Z.json,10553,6af9b21c6a88bbe0359d1223bca3a35b5829aff0d50d46cb9077ae75716848ea
civora,partener-eu/validation/history/20260812T074951Z.json,10553,a5504ab28e8a0b93e8b9dee4e36667ee7f5c83fe09444d4cbdd59bcff201211c
civora,partener-eu/validation/history/20260812T080447Z.json,10553,b3e0e14f8fb9b98c5b08b798175898a584478b74788d71a950929905d00db8f9
civora,partener-eu/validation/history/20260812T080524Z.json,10553,cb83f54681df7bd9ddf45eefea5fb3c5f5230968bc13b4ae945d9fb62df4cd88
civora,partener-eu/validation/history/20260812T081310Z.json,10553,398be5b5069fc1cbbf5bfe8d4f01919d191000e9917a7ca62495ed9f885d51ce
civora,partener-eu/validation/history/20260812T093516Z.json,10553,cf416dedec596ebd97d641229551463cd29ff02c396821040b289f09af6136a2
civora,partener-eu/validation/history/20260812T094800Z.json,10553,b3095e03cf2b689c5634b80b7ccb07addddf64c136c12916529467d564edadec
civora,partener-eu/validation/history/20260812T094904Z.json,10553,48adf67eb6389870e92953be8cfba6e6b6bdf4a8f38d96d7edd93e44e7f8c595
civora,partener-eu/validation/history/20260812T095012Z.json,10553,ebf49af3a689adee18ccdd5150ff02c9f4c51e2ad29deee56a97a87673a13600
civora,partener-eu/validation/history/20260812T095130Z.json,10553,a74893714d05db3d0b5db5aabca3e26c4b174cccf76c4b893054c7b4fdc513ee
civora,partener-eu/validation/history/20260812T095426Z.json,10377,6bbfc3df356eaf4a5706320b012980b19696146aa02825856521238cd6b1be31
civora,partener-eu/validation/history/20260812T095459Z.json,10553,0e844359f5389b3252921a5a117da1f269df0e65540ea0e8bc7d2f7b5a7f021c
civora,partener-eu/validation/history/20260812T095545Z.json,10377,29cb82e5246e70782ecca9ee3165460cda3e44765fac1cd0ee4d7634bcb48686
civora,partener-eu/validation/history/20260812T095626Z.json,10553,5dade6ad25309111e8adcb348aa2d36e8c5282b666a368476e8888e0f6b6dfe6
civora,partener-eu/validation/history/20260812T095808Z.json,10553,11125a24ae5358f8daaac4c0af10bc130a2b348252266e868623f4a94c46eee2
civora,partener-eu/validation/history/20260812T095931Z.json,10377,929b6c526031f10b3da6b30028adab6a3bca45593293ff56ead4c1feaffd86ea
civora,partener-eu/validation/history/20260812T100217Z.json,10553,77bc77c389b5e199804da340161db310372e84f93cc1e77aace9f27785f289fd
civora,partener-eu/validation/history/20260812T100508Z.json,11222,89d81eea7338d08d4581fd8ad3d5742cbe1ae259a2e84d3c04768c12732f2c52
civora,partener-eu/validation/history/20260812T101433Z.json,11222,48f7973291ce8c9eecc2ec612368dda980988c6aacd8a9802022f7003c92463f
civora,partener-eu/validation/history/20260812T103455Z.json,11222,6624591942791f0bb1591e1ef964464bbffdd1aa3787f6b5b9da4ada39cd64f1
civora,partener-eu/validation/history/20260812T113454Z.json,11222,17062fe06a583239fe2885c90791a9dbb80b87602b8cd6343ce9e67c23526d4a
civora,partener-eu/validation/history/20260812T115552Z.json,11131,154a2b60cc7375b9f67c2df1371b31cf80f8a9b6fc3997710e2b44be4b21c643
civora,partener-eu/validation/history/20260812T115620Z.json,11131,b9a48b4014872550a5aa1b6cef6b2fda233e997543933e01daf1fdfcd418eff5
civora,partener-eu/validation/history/20260812T115715Z.json,11222,6233875a7c584c63c4576b5bc247f32c1ce2fecce744067ab1e7da2f829938b0
civora,partener-eu/validation/history/20260812T115836Z.json,11222,a1ab0775b3b987dae82b02f2edc31c4a5ec89012542b51727485ba25b8dce759
civora,partener-eu/validation/history/20260812T120147Z.json,11222,7732c2e8c21cecce1fb40fa6a7ba79eae3451a1fd879e251c9e1e37bf5175b39
civora,partener-eu/validation/history/20260812T125336Z.json,11222,ba1adb89e55310c17cacc2e084c34dd07c94b0b1bf0c605d59e67bc6045b2bff
civora,partener-eu/validation/history/20260812T125730Z.json,11222,26fda3c023728d81e0ebf4870c210af2ef8223889b1f0ee628498df08238b4a2
civora,partener-eu/validation/history/20260812T143824Z.json,11222,24c218a2d9fb6bbd2e9fc9846b190954a5979c581004a3f1ab6f7b70b82bc7c0
civora,partener-eu/validation/history/20260812T144152Z.json,11222,e13f9419fedb4093a214a149ef4b138aa437e0eaceb6fd2fbfb68b4a8ef17954
civora,partener-eu/validation/history/20260812T153257Z.json,11222,80f5c81a8c38bc38b3f6969bf4e3679e2d06203eef052bc8ee422639680b6c03
civora,partener-eu/validation/history/20260812T153337Z.json,11222,7ddcab4a59b2faf32af3c3a901600d89362213a772011d8d2ba03ebeed8b5bd9
civora,partener-eu/validation/history/20260812T154327Z.json,11222,6b817db1c43e70cb700354741e0f92d0841c5920d00e9010a50b735b5a0ceb4b
civora,partener-eu/validation/history/20260812T173337Z.json,11222,2b89b410c5ef998ff7ea5db9cf83dca35bc14573d68ce6542042eb0df3d09dea
civora,partener-eu/validation/history/20260812T181200Z.json,11223,0a328980426d102a35a836270f0804e9784ca7d56b6fdb7d95c56049f986a065
civora,partener-eu/validation/history/20260812T181629Z.json,11223,1a6f1f0453854981cf62631b14374f5aa02140d2d6e04f366d0629f58c02a2cd
civora,partener-eu/validation/history/20260812T183236Z.json,11223,55b6092659b1df371e6fa14be9d4421d0af1b295176d91b974690b53b734fc65
civora,partener-eu/validation/history/20260812T183949Z.json,11223,a81605e1e64df48010a152007cb61fdb137b12c0a44095223ca3acdfc1bd52dd
civora,partener-eu/validation/history/20260812T200320Z.json,11223,44789a8e9b73868a0c12acc2dc7b03a420c1e2e90ae0a8be8b2977e9b957cd28
civora,partener-eu/validation/history/20260812T200358Z.json,11223,dbe1f04aec9453cff76d7246c75492dfa74dd0c921eefb7dfd54a80531e6ad09
civora,partener-eu/validation/history/20260812T202423Z.json,11223,67be0069e55d49d70357bf952cf2594c0bff230b6ffb34f5ed0edbf0e9d1c205
civora,partener-eu/validation/history/20260812T202915Z.json,11223,4759cb79cedb7b535fd8e0baf92c67130f8196f46cccc0b5d3e48ec810c7c852
civora,partener-eu/validation/history/20260812T213835Z.json,11223,a26ea9600b5c9bd3836a28edbb6e48a15424d6b1a522024c91e8f3a725e2f857
civora,partener-eu/validation/history/20260812T220723Z.json,11132,3cdb09089cb997bba1fdd6548158c03f75cc0471fba8e361ade070498f8a5b07
civora,partener-eu/validation/history/20260812T222700Z.json,11223,20a9a776fe42dc2f3475f7a1ac35bf7d0a4b2edab6c62d98939b69815502ed04
civora,partener-eu/validation/history/20260812T232419Z.json,11223,af9b2d8847b51aca2b23f98e75c0965bd82c3bf13c61bdf2b34f8961d269e375
civora,partener-eu/validation/history/20260812T232823Z.json,11223,b6b5f471686eb0da4f75041b8f6d0c739461db4fd4763558e05b7d1b568a1715
civora,partener-eu/validation/history/20260812T233337Z.json,11223,f3da29e05d5fd7e892af50b27001dfac822cc8d3d750f0a5f16e5b3ae497fed4
civora,partener-eu/validation/history/20260813T013249Z.json,11223,81156aa20a0760bfccc5caef579adfffdda4bb41498423380290c6387d701da9
civora,partener-eu/validation/history/20260813T043132Z.json,11131,6dcc95021e8c106c45e1c14bfb9070431dda72de8a90948e6550e6e11e4ca416
civora,partener-eu/validation/history/20260813T051356Z.json,11239,0a761367fedff82900e5aff935baa2af38e073864482ffa3bd036a96c1ed67fb
civora,partener-eu/validation/history/20260813T051644Z.json,11242,528a7c25008da050f9915617d4b5ed2c48a5d75204ed9ed1d7fb427f59d17f69
civora,partener-eu/validation/history/20260813T051903Z.json,11242,877d67882305bd898f5808f0a0565168023d2a1a1270ea39461423fa6bbe62e6
civora,partener-eu/validation/history/20260813T052152Z.json,11151,31f11baf7d2276d2e8f1b24986a34f760e0a77df0657d141dc0d71cf3b364e39
civora,partener-eu/validation/history/20260813T054822Z.json,11242,f70af8f818d9fe43eaf9169416674df653bc277f456a72ff9329c714dd38141f
civora,partener-eu/validation/history/20260813T055249Z.json,11151,19e7774fd3b167189b9cf0c0119f3f143cbeb7f0cf691a39c6f17cfdaf78486a
civora,partener-eu/validation/history/20260813T055443Z.json,11242,13c8e1c06f12bfb829534479e84cf95a23dbc9d94b85bc45bd02f929833e32de
civora,partener-eu/validation/history/20260813T072447Z.json,11242,44c9d83e17950d418ff0faf6119c79ee45f1eab15343daab0305f92f3fd99854
civora,partener-eu/validation/history/20260813T073455Z.json,11242,39d8a88746c754455108ab29a159062bdeaf3549b5df925eefd4ee707d94fc2d
civora,partener-eu/validation/history/20260813T080713Z.json,11020,a30b2b239e3e81cc299699ae07f21be7ca276241edf9db018971b306e15f8362
civora,partener-eu/validation/history/20260813T083551Z.json,11151,0879050777105b6e9461d7374d46adb64cf69234d36c944ef6885f60a358318e
civora,partener-eu/validation/history/20260813T093330Z.json,11242,c8efc923c56aa97fa3ad1198c759e947dfcd7aaf3c13d029c17e3f8d28ebd183
civora,partener-eu/validation/history/20260813T094422Z.json,11242,06144fe6935d1d492b497fdd6159b2eff22ea8cd3e0ed99f386aca80d0366b96
civora,partener-eu/validation/history/20260813T095020Z.json,11242,96902a37d20b2c72dff23790481f5ab5220cec513a09a1fb8ad9ad7e3c96b248
civora,partener-eu/validation/history/20260813T095154Z.json,11242,4ecd8f2a5506a400d979c17dd7a054146d1502b81c82034289fd706d1564fbd2
civora,partener-eu/validation/history/20260813T095437Z.json,11151,7433f58a26800675a18ac7909aa08ee0f2ee6f6df56d611e20e4430c38c58c40
civora,partener-eu/validation/history/20260813T103548Z.json,11242,16100d11c88e0f66533868aac7623851386fa7fb35f730791a42573b4f2457b1
civora,partener-eu/validation/history/20260813T103939Z.json,11151,a2df5f01beeb1a0476e81aa4e66ed9a084196ea8f2a79e84ad21e06e2ce5bc47
civora,partener-eu/validation/history/20260813T104414Z.json,11242,62ac4fbf13cceddd7b44ad250a3748a07ab4680283c9bda1107be9153520e3f2
civora,partener-eu/validation/history/20260813T115903Z.json,11242,e177add025513aa8fc0490434a661111a7cc47f1c51ad7070965f45fa2a4286d
civora,partener-eu/validation/history/20260813T125230Z.json,11242,7f3c2dfb64dd96ab510e739afa2962dccdf64b2a7dddf3e7bc85f6da7986b129
civora,partener-eu/validation/history/20260813T133528Z.json,11242,11e66519cb1e43325e6ddc0295963f9adfdd14eb3dd168826cec5703e5fbc248
civora,partener-eu/validation/history/20260813T134919Z.json,11241,d2625224ce15a95fb930c1f44dd7f28fa4520f50d467dfc5dc784cd8a0fc1f52
civora,partener-eu/validation/history/20260813T135211Z.json,11239,6021d3f6c0612b1715d3bca59ac30cbcb1bdd5958e8f77f2f2ba258b301844f1
civora,partener-eu/validation/history/20260813T143221Z.json,11241,143b0ef060d7af611c3eda93e7b423817aa67a1a5bc7108e8b3c8552ffd382b5
civora,partener-eu/validation/history/20260813T143615Z.json,11151,4479c92f8ff647c92e85508422f537cbb423d567257d6a86995d3858418dc3bf
civora,partener-eu/validation/history/20260813T144046Z.json,11239,994b852de7ebdccf3f83f89a91053cf4d9ea3fef9b9b45f4ca213a513fb7d919
civora,partener-eu/validation/history/20260813T144221Z.json,11242,f3fa47a7663e8cc9d62a396ebe85baa7a1ca8bb4a66c3cf345f05eb6c31fbd86
civora,partener-eu/validation/history/20260813T153327Z.json,11242,bada1bb789016b0f79cc5ff63c3c76c4e7a9f690e7e3072a30f8ab5dc5114732
civora,partener-eu/validation/history/20260813T153401Z.json,11242,a06823b0c9644e7d7cebf69f8afbb5d09403920e1230f2c46b6a3d14812d13ec
civora,partener-eu/validation/history/20260813T153611Z.json,11242,ed761b95249509d9e17bf9d45412d4801f26ce6205723c868bd982acc5f2b3be
civora,partener-eu/validation/history/20260813T154455Z.json,11242,a0d9e25a3bdeee08011cd0ae1b9e9553758a8b18fbf5311a2dd6fac29164c593
civora,partener-eu/validation/history/20260813T154534Z.json,11151,0d228cac4b20c64c11c8fd816f19c8b15c9893089facff56d823fec033917cf7
civora,partener-eu/validation/history/20260813T154855Z.json,11151,84de69e9242abb15c423ad1db52bcc09b9097dfb28d92eba3c0394eb559d8a5d
civora,partener-eu/validation/history/20260813T154929Z.json,11242,b3d26827c85bd3007f8339ac7a7ecf88e06a2cd9046edc5b565192c95b68cf47
civora,partener-eu/validation/history/20260813T163206Z.json,11151,8fccb7e044efcc4d52464651e933e7cf3968360c9af77e0bc632ef34c65c24fc
civora,partener-eu/validation/history/20260813T163247Z.json,11242,aa285c2a19b024026f2bb836299cca3b0d1752be7299a69a7540d6fbcf051754
civora,partener-eu/validation/history/20260813T181053Z.json,11242,b98279606c037665036d95e99dd3c9559b3d91dfd66188410c3d4f156cf0f1c8
civora,partener-eu/validation/history/20260813T181325Z.json,11151,e3ed32c0d8c5c7fd47549ef3137cd897b70aa423b22f7fdc2d8d90766869ec39
civora,partener-eu/validation/history/20260813T181749Z.json,11242,53193a6103d6ad48fb90b694b30924852ae3b703c2d5feb293b52fcf2c3f767b
civora,partener-eu/validation/history/20260813T181831Z.json,11242,dc015a1aa50e9815fcb72eddde7a50cccfb7274d5c6dc9388e3b734e3e9e532e
civora,partener-eu/validation/history/20260813T183938Z.json,11242,719db14cec906bd74f188f1e618f9df919f1da3c86696ff96c17865d813665b8
civora,partener-eu/validation/history/20260813T184036Z.json,11151,b10bddb351c61b21e6f67a3811ba6f88998e01837b2bbae5703e228a1c0ffa4f
civora,partener-eu/validation/history/20260813T184105Z.json,11242,29602211dbf62ba5550615c31d4e7f83a84ac6c32aa9b99edbfd6a59d763772e
civora,partener-eu/validation/history/20260813T193359Z.json,11242,5d6004af611c55280b1498ebb51d308b19d1ec0891e89421d50bb36b4f35361d
civora,partener-eu/validation/history/20260813T193745Z.json,11242,13245006474b9bd5899756aa3fd7f718ca6cd605ad5acd0b70951316e48c9b37
civora,partener-eu/validation/history/20260813T193932Z.json,11111,94beb9e0c13a73d3b0016c54b7002f1ef6ca83f28f79645c96d9ce688485660e
civora,partener-eu/validation/history/20260813T194822Z.json,11242,d12a4dfdfcb8b7f89cfa464b4220972d13da52516d7aef18077a4871ac43328c
civora,partener-eu/validation/history/20260813T200704Z.json,11242,0113824b024b615126ef1c64ac0cd0eb33a03eb0f3e0fec1c269d73ddc6f3ab8
civora,partener-eu/validation/history/20260813T201150Z.json,11020,51b47111ac701c5ca40ba263cf9c9434803aa99761dec08edd6b107b7f7fd072
civora,partener-eu/validation/history/20260813T201551Z.json,11242,0bec42f398feaecb8f3b1cf064587ebcf0596071acf76a448c531957e59fd130
civora,partener-eu/validation/history/20260813T213644Z.json,11242,dc19b198a439709cad284652b0dc198b21cf79fd2a0801344b5afef9e991c3b4
civora,partener-eu/validation/history/20260813T213726Z.json,11242,1a3229729b94026db38c136ffdcde66a0d568394964d218597bff2bdba4f326d
civora,partener-eu/validation/history/20260813T220823Z.json,11242,1625b5c306bb177c5b834455a0a55f259c7d63a6bcdc7434c1b5d541832fc76a
civora,partener-eu/validation/history/20260813T221100Z.json,11242,5a6444422fef89a0dc90dabd4d566012a104fa62f4e1ddad165234d1589c06df
civora,partener-eu/validation/history/20260813T221143Z.json,11242,4ab0f05c9a76664362f50705a8549ed5dd4cb6496cbfdd0bfbc2c817585b2b22
civora,partener-eu/validation/history/20260813T222741Z.json,11242,4beb4ed8da57899fe7e05a9faa203ace3e4a4da15b84c6e98b05fa2ac244456b
civora,partener-eu/validation/history/20260813T222940Z.json,11242,fccecc870c51dce042170d0768dec3d023ffb2522381403c32e6707448c4003b
civora,partener-eu/validation/history/20260813T223024Z.json,11242,1eb776bab7d14a778e730833b6d9659f4ff2b51c291d20295aeb9f1eddbc97a7
civora,partener-eu/validation/history/20260813T232539Z.json,11242,7753e3e0ff87ac986e62ffd601349d8284b38521294ee93412aad2ff81a1cee8
civora,partener-eu/validation/history/20260814T001308Z.json,11242,3a92faab4febde01ef46f4b8e07d4e3c5958b6159bc19bd0b027a197c3e4f324
civora,partener-eu/validation/history/20260814T001349Z.json,11242,09655209463f28a5f650eb4bfbe7de0d3f93ec35f0e7b204a245a35298352455
civora,partener-eu/validation/history/20260814T003648Z.json,11242,e125328dc6e7432cdab5a9bffd2ac3f2b40b78a0f3c837c5bb7943ef6180e77d
civora,partener-eu/validation/history/20260814T003730Z.json,11242,52dc3b40254e1114060868251932ae588a561f3bf1c23d6feb79cc0e4285fb06
civora,partener-eu/validation/history/20260814T021044Z.json,11242,0f10c71039127797d97f8b91ca1bb51355ff793fb0a300e639b6639fe88212a7
civora,partener-eu/validation/history/20260814T021120Z.json,11151,af3540828ea2592c2ee2efda13a78ea353e09c3fef6cce9df765c43c27ab4b6d
civora,partener-eu/validation/history/20260814T023328Z.json,11242,96161be8d86a66d638b0de7ebf665ede7b39a84dcceea2fb074e8a6577f5b571
civora,partener-eu/validation/history/20260814T023720Z.json,11151,a01e85484534df6b1b427ad9f07a8926373316805c6fa32bc53f06c2529635f6
civora,partener-eu/validation/history/20260814T023746Z.json,11242,2db2921e584c816c1be2b0ae9b3d5f886886f6ae7fac94bc12bf109dc3ec0cb9
civora,partener-eu/validation/history/20260814T041106Z.json,11241,4516595caf6c725e88a3afe5ef774149155da4d29793953169381e77fe8f34d6
civora,partener-eu/validation/history/20260814T041155Z.json,11239,0c3c46926795782dd1a5309d27faf00567ea09fc5926c2312c67a4bfbdfb1ca5
civora,partener-eu/validation/history/20260814T043116Z.json,11242,7202d6c0e8428acf1bc60ed541cecc057321316fe549133b73505db18d43ca89
civora,partener-eu/validation/history/20260814T043156Z.json,11242,1eec0d09b4fd7f432e00f8aabdf6d8fadb1c1d962c1010cb11d2d0a528530fd6
civora,partener-eu/validation/history/20260814T051421Z.json,11242,e30f08c99617d18908260460e6555e34ce0e5b9362691673d314be8e7d58ac15
civora,partener-eu/validation/history/20260814T051520Z.json,11242,fe2825abbce5ef109ceb89b5905b586d35f87260e7e444432e61ef91b75cb3f4
civora,partener-eu/validation/history/20260814T051717Z.json,11242,744ad7c3c92e13046a3b25e57239663f8a04840f98243785999336770cbe7a24
civora,partener-eu/validation/history/20260814T052341Z.json,11242,4e6d0e7ea936c8349d1d4773122e2580c8302c32963f461fac2cd12c268b3382
civora,partener-eu/validation/history/20260814T052429Z.json,11242,cec3f402614691751e752d89cb10c2f6affb5b86026c6a8f920f1e6e52d61d1b
civora,partener-eu/validation/history/20260814T053355Z.json,11242,f542912a5dc4c68f9138d86b4ba2411f61bf4af253d5230a5069976df7580086
civora,partener-eu/validation/history/20260814T053442Z.json,11242,9a96dc5e7995e47240e1f5960c4c3c55a234854eed2d27f286949ff2ec95ebf4
civora,partener-eu/validation/history/20260814T055033Z.json,11242,6cd825165160f6e12a9ac2dd0e518d9f257461d80f7b5046537116b659803540
civora,partener-eu/validation/history/20260814T055127Z.json,11242,f88f5fc3dd1ecd5111ae488f554f06ccebb5689ba5b60ca50da0363d985974a6
civora,partener-eu/validation/history/20260814T061734Z.json,11242,cbc05dfb45a67e308ea7cce94fea8e6ba1d194b374a7fb30580e4d99b9c8bea4
civora,partener-eu/validation/history/20260814T061811Z.json,11242,2cd52e20f2ef4a6544e27152cc000377f5232eb47e1487821dd557527051548b
civora,partener-eu/validation/history/20260814T063121Z.json,11242,3a435ed4f6ccf8f7b17c6cb6216ff39be09e2939563c0555cdf42b8fc69015c1
civora,partener-eu/validation/history/20260814T063513Z.json,11242,60af71779d2ac9fe80ad4c2690254e553ba70de23f9d175004e7e6bad1b3a324
civora,partener-eu/validation/history/20260814T063553Z.json,11242,ebe6582bd34c4126bc0f3ce6b56f9dd33e9f1a324930a00af443e9a3da6d4176
civora,partener-eu/validation/history/20260814T073337Z.json,11242,baf8f0ac2a50440a375e739436568dbe239d62587f99e6cf5de4afb039c81c45
civora,partener-eu/validation/history/20260814T073749Z.json,11242,00a0231f39ae0c3b52a7a7f11d0942723b6b2f70ac9fe65d2b9dcb164b88fd5c
civora,partener-eu/validation/history/20260814T073834Z.json,11151,5888d78184a843f8f5578cdb4d20b9c0e61bd77d5387112407d7888a37ed489e
civora,partener-eu/validation/history/20260814T080245Z.json,11242,94aa50b29844b5fc3c14f335a027c4918e741c60c7d86e1328fb39135e6c355e
civora,partener-eu/validation/history/20260814T083034Z.json,11242,4e83badda1e25548fb20f5400eff693fc51548ba1aed672f5bdbc9380f7c1427
civora,partener-eu/validation/history/20260814T083422Z.json,11242,eeb038be9140929399dcf22aba8b6eb39a520217f0558754f9a47bd78c177a0f
civora,partener-eu/validation/history/20260814T083504Z.json,11242,4e4818d35c5fe2f81693d029e918ac2ba23f03aacce5de415e97eab897a725c4
civora,partener-eu/validation/history/20260814T093438Z.json,11242,3f32a625b96a720513e217a49bd48e31bff0e38923cd9e6aa55c3f5dacc2f02c
civora,partener-eu/validation/history/20260814T093547Z.json,11242,2f128f32268fe80f9cb06435209ae666d612e30ae1df1a490cf0918592895961
civora,partener-eu/validation/history/20260814T093648Z.json,11242,049aeb512ecab510f263feb9ca5c7f411c13b06d76fc90aebbaacfb559212c66
civora,partener-eu/validation/history/20260814T093731Z.json,11242,a98d2908a5b439532da6a96b997f71458b7c9c777532b449788d42532833fa1e
civora,partener-eu/validation/history/20260814T093831Z.json,11242,d7b44aaf3dc61eba5eea5139efed60b9fb18a88a49f8881a43fe5a82ab84d573
civora,partener-eu/validation/history/20260814T093907Z.json,11242,2c18b865ededf281f4ebf3c6916a002cfbb5e7597d98ad29d999e6188fb52752
civora,partener-eu/validation/history/20260814T094458Z.json,11242,e3114f7e82ea79be939ae0679459f1ca58bf445c84a14fb0a6628178ff8ebce3
civora,partener-eu/validation/history/20260814T094721Z.json,11242,fc57e2a133bfff17776bd1e21e7901ea5ff7938be1dd56ef4c48646f0752a93e
civora,partener-eu/validation/history/20260814T094924Z.json,11242,9b31437e4d364c85b0ac32d4f07eeb8a080ca21d88f4f7c150ed5155bd11c085
civora,partener-eu/validation/history/20260814T095004Z.json,11242,1bbf97c67034aec0d9ae1509ffcbb96cb00341b7bb09be27fada968237066067
civora,partener-eu/validation/history/20260814T103334Z.json,11242,b1d39f92df1afb766e41f71a51c685f634837de802afbaf12dc7495fb6465e70
civora,partener-eu/validation/history/20260814T103727Z.json,11242,6319689b3d946666c40e545719f882bed9b2907d36359defa3ae3f15748bd92b
civora,partener-eu/validation/history/20260814T103819Z.json,11242,1c991c12fad877cc8fa4bddd088be6d4f5f12df65a2fc914bd6f556f3f723b04
civora,partener-eu/validation/history/20260814T113325Z.json,11242,d0ac120bd8fc3ceadb851e8f526df247a5b7cfc103127c64339e8af99ba90ec9
civora,partener-eu/validation/history/20260814T120100Z.json,11151,6a4830390c66aa2dbe2817536654f732f28fde0d980bdc603bffcdc6774cc823
civora,partener-eu/validation/history/20260814T120127Z.json,11242,4a13a5cbc620a9a01c13f8e130af4ae0af8e4fd3be890a47756958e81eb00c90
civora,partener-eu/validation/history/20260814T123115Z.json,11242,d496ad71833e5356dcc3c82ecff67233ac30f740667ca572599cff4298e8f961
civora,partener-eu/validation/history/20260814T123504Z.json,11151,691d44346a2aa92e7141b95922e82b6c85ae35b7f93381f0d632fc361b2a0abe
civora,partener-eu/validation/history/20260814T123538Z.json,11242,6dac33be87c6d379bb1fcde6dd9870f916c775f5f3a76bd019ab37da091659b9
civora,partener-eu/validation/history/20260814T123844Z.json,11242,78646b355372dae43c444d653c9f774eee8e8eaadee420ad2e4a35c9ba66bf8c
civora,partener-eu/validation/history/20260814T123919Z.json,11242,c209ba478c7934268ecff64b10251b41efa58a9a879ce03563492151d2d4a07a
civora,partener-eu/validation/history/20260814T133359Z.json,11242,cfbeb9dd9e1294c6d9380e09183e27f16bfc68698b38c8f10cf120f1c18a686d
civora,partener-eu/validation/history/20260814T133751Z.json,11242,1b204c097d05faff03ba1b0dd11e982b7f36969484a6fdc9ee4073d02a72c6de
civora,partener-eu/validation/history/20260814T133831Z.json,11242,e7860f6c3fd4de2076705b41e9a1bec5158e4f55f199675f8e2b907ccf353439
civora,partener-eu/validation/history/20260814T134140Z.json,11020,b829a5fc583cffb6bc54e36a648a503108ce88b31fad51769ba0c533d203d69c
civora,partener-eu/validation/history/20260814T134544Z.json,11242,efd0433db7e93e34c1b7e122bddcab77d753162cc931468f7328aeecf32bc56d
civora,partener-eu/validation/history/20260814T143002Z.json,11242,836bc54f551c1ceefceab6c0a422d6d2041fafb649100bed7afcc1ee5e21045c
civora,partener-eu/validation/history/20260814T143315Z.json,11242,61d32164b571eed3834a97e3943d0757fbc30d3dd0b225c9f2a10491d19c608c
civora,partener-eu/validation/history/20260814T143526Z.json,11242,9cebd6b5c612e9b49f2219075c8b0b7073803a03d95ae4ecc02994eb8aa53093
civora,partener-eu/validation/history/20260814T143710Z.json,11242,8c1d39fa2f096ad71ce3a09c5af815b1e2ebed400092a8907682760232751d83
civora,partener-eu/validation/history/20260814T143746Z.json,11242,bcd3a9d0f1b2888d5cd36f3e82305741a58f52ca394feae23767bce3c3ee6a52
civora,partener-eu/validation/history/20260814T144055Z.json,11242,c84087ab9d02044ea536bcecdcf520ba6edd1b22eb3664372d520e56a2e3fa41
civora,partener-eu/validation/history/20260814T144138Z.json,11242,556ea97b05fcb2bb4df169e425e78422136800f21da8f9ede3d603031f03d772
civora,partener-eu/validation/history/20260814T151139Z.json,11151,54bf7cf261db9e0586fc2add6440b399a1342cb9bb23c767e1d4abb2216b9d90
civora,partener-eu/validation/history/20260814T152712Z.json,11242,4d4577915211a89d9a6b96c7f329b72a8f9e80e100dbdc7218af6b7cb6b52565
civora,partener-eu/validation/history/20260814T152808Z.json,11242,06e0b968761dc1658dfda4960b0162fc4f9837d83ab670dcc10d2465609bd7f9
civora,partener-eu/validation/history/20260814T153303Z.json,11242,85ab73ebe8685f85da8fa786b1508bdbaf2523d0601de6b9bc04d4b3c6a92560
civora,partener-eu/validation/history/20260814T153658Z.json,11242,4a548ea271b8ab82cfd093b5c694623c98d08c496b501dc357a6dc4aa231a8af
civora,partener-eu/validation/history/20260814T153735Z.json,11242,58a3d25e526de31362a3c30d990c300d20c0c4e2fb477d11d0f893d3d58998f7
civora,partener-eu/validation/history/20260814T161316Z.json,11151,05248c3ba7b468c961250eef83a7a1a3f78069646e699eea53cc2b19a1cc1b76
civora,partener-eu/validation/history/20260814T161348Z.json,11242,4555e6889d77ac6cc8691887e6b01ebe5511f09d37c4b5439d72555aa471243e
civora,partener-eu/validation/history/20260814T173541Z.json,11242,b0c9549ad70e05edb3c1eff81c54e614237b40a54026d66faa0c598015a48e90
civora,partener-eu/validation/history/20260814T173622Z.json,11242,49fcb1fcd8250542192d3125a32cdc6943e07bf0eb89527fc28580e3cee136c2
civora,partener-eu/validation/history/20260814T174116Z.json,11242,cb9d642d6a8a6dac1f408f03a7d0b1e4b855492045f3b99bef1c4f44e38799df
civora,partener-eu/validation/history/20260814T181020Z.json,11242,a9b5c0e4161baed6e05f29e91aa87170eeb1748c8db6df72cc8911f381898bb5
civora,partener-eu/validation/history/20260814T183252Z.json,11151,1b8b83e7ecfe4c2a9182add845786af077e3222da3b6b9eea38257a0f9b920ed
civora,partener-eu/validation/history/20260814T183322Z.json,11242,eeeadc3d4c8f39aeca36e070d936fb3646b2fcc442dacc3d2d8d2dcf4215e45d
civora,partener-eu/validation/history/20260814T183425Z.json,11151,12aefb2981ae04c8a8340adfcbb7dd8a4de83f16b0e7369c521e222dd365a934
civora,partener-eu/validation/history/20260814T193123Z.json,11151,66ec7beb41e9ed764a5bc36875a064ce28f7e897f10f99f6d1ab73db7622f0eb
civora,partener-eu/validation/history/20260814T193149Z.json,11242,fab9ddc065f7af0ff69c4e9831ac9fca38bb948704d0a99e3c5ec9b16938d9c3
civora,partener-eu/validation/history/20260814T193737Z.json,11151,34c44cc0323882b635c66b00d081ba666a1be7254b0911d286e3c32dc03e8a77
civora,partener-eu/validation/history/20260814T193959Z.json,11111,ad6654b59505d1678d8f70bb74a0ea5131de190245a2fdddeeb6dde0da37085f
civora,partener-eu/validation/history/20260814T194415Z.json,11242,4d3e76b3ec9abb4fdc5eb991d168217bd8adec0d33c8e6cd33177a809d2193b4
civora,partener-eu/validation/history/20260814T200505Z.json,11242,d7d3c3e1c34ed0fe202b711082df5fc3d497c2f9db4aec5d89b7ea98e1483d25
civora,partener-eu/validation/history/20260814T201159Z.json,11242,153faeb0e61cb7185edbddadd2faace05d0b383f9f339b2e1eddc5539c74a696
civora,partener-eu/validation/history/20260814T211557Z.json,11242,31797df7f3193e65bb7d53d152920a3ad40039ddbe6324203d8f57ef97f3c41d
civora,partener-eu/validation/history/20260814T211638Z.json,11242,2d58ec853a8ece594b7ce3519cdcbf43e160ade4fb1d1f32bfd969a6e5cd00cd
civora,partener-eu/validation/history/20260814T214430Z.json,11242,4c8f9cdbc1ed480236c316c6c254eb207b358747f275c96e705a30b6717d9e37
civora,partener-eu/validation/history/20260814T214516Z.json,11242,3f69b56ff2bd00efb9639d5edc4a2965f07537c39bfb508ca3edd6017bc7e1ba
civora,partener-eu/validation/history/20260814T214602Z.json,11242,389df412b75ccf8a414c0fe64a78410a08fe915c040a6abb1016a2322c66dbd8
civora,partener-eu/validation/history/20260814T215839Z.json,11151,d29ee9ae2bad2d47f6c5755c5427e098ca66b23f76172c49fb14e1be7a2b4e80
civora,partener-eu/validation/history/20260814T220247Z.json,11242,b512b1ba96c5b6d172bf2a613a7ccb1e6b91c420702d0506c1cb1b5e397b48a6
civora,partener-eu/validation/history/20260814T220331Z.json,11242,aba0befec3000ffdd7df8bb91574f9712d5757d63cb002ee9a8cea3bc40fe309
civora,partener-eu/validation/history/20260814T230419Z.json,11242,c68c87d925efc397ac3dafb3257c1cc1fde33430ca6342755245c97ea6dcf7b0
civora,partener-eu/validation/history/20260814T234149Z.json,11151,b4f3140a02e4850801682a2f86a09c6b29a2af44c4ceb94e7be478b6730912b2
civora,partener-eu/validation/history/20260814T234225Z.json,11242,6391ba7bec11e355b1f5a3c7807e1450130669cad4ca8ab2c03a6636b04bf104
civora,partener-eu/validation/history/20260815T000359Z.json,11242,ee256a851aa52801467effb9b69e68e8156393e128118d93ddafc2f03456c9d8
civora,partener-eu/validation/history/20260815T000441Z.json,11242,f90dd0e490eae3c797bec76fda137cd39607bdaebc3ef7bc6784ce6f8f25fafb
civora,partener-eu/validation/history/20260815T023214Z.json,11242,5554c2084a8fc81f56dc52388df218b63057853488c8374f07bd45a203bf6af3
civora,partener-eu/validation/history/20260815T023644Z.json,11242,d59687635a1c349bb17130a1c11a7817291ae6353d7028f3f8c4d933c02c52d7
civora,partener-eu/validation/history/20260815T023728Z.json,11242,a48d8c9693d74337772cd03add74d3f5b94f253cf7e6606ed093d8e63e3bab96
civora,partener-eu/validation/history/20260815T031152Z.json,11150,bba7f5f795d162921b28596732b091eee08c99c4921bf8d735cc9f523a766bc9
civora,partener-eu/validation/history/20260815T031414Z.json,11148,ee4fc18de43fad3c5b653f09d50825d02cda195bea0e4cbaabe4084b5390680d
civora,partener-eu/validation/history/20260815T031451Z.json,11242,bc8233c256fc29a92a595691c264a05d6afab626e2928a5890db2c3ef871cc8c
civora,partener-eu/validation/history/20260815T045454Z.json,11242,0be900373c981673d2859d5995ceff2596aa61af4a9d0c0c32dadd8049e8548e
civora,partener-eu/validation/history/20260815T045757Z.json,11242,c4f212a9d5911fa56cca3f454c6ccc7b6f6f3372b0ea358fd9a8427eb2110c36
civora,partener-eu/validation/history/20260815T045927Z.json,11242,dbc2c668ea825d650526085b1522fd8266285330c7b2ac12d69bd4fdf405825f
civora,partener-eu/validation/history/20260815T050010Z.json,11242,0e50705b220eb9c20ce60f76a6a82ae0a58efa238d5363c4e70db8d5e88dc69b
civora,partener-eu/validation/history/20260815T053944Z.json,11242,9bb0ce1bd292af98303eedc28db3983507288831e848b25900caa95d82251987
civora,partener-eu/validation/history/20260815T054021Z.json,11242,c4f787176ea1791128b5aaf90555c5661d1a4c06953ade8767a4ad34d743145a
civora,partener-eu/validation/history/20260815T054148Z.json,11242,1e4ef6e6a08e4a5fd9264eb01454ce036da81476834677deceb83b075cfe101e
civora,partener-eu/validation/history/20260815T054240Z.json,11242,bb5ec5d4ca676de2751daa01a313cf498496696ce8739a1dd58b6cc34f8030de
civora,partener-eu/validation/history/20260815T054558Z.json,11242,b35df9beabcb49e495aa166a6b624f5c9ad3b53e96fa3bc93948258a3668f44f
civora,partener-eu/validation/history/20260815T054640Z.json,11242,c5420f69be79af9b9c7cc92adbf2fa3025b195f94b59cc7aa9ad5afafbd9b30c
civora,partener-eu/validation/history/20260815T054722Z.json,11242,a88b9c12ae311cdd5a689f0da7a5682dcbc351ce5832f734c6018e20fa317caf
civora,partener-eu/validation/history/20260815T054806Z.json,11242,e2baee9b8402a22ecd5a0ee72b45e623daeeddb882ef06ca41e235a8ab19c384
civora,partener-eu/validation/history/20260815T055012Z.json,11242,a615930124127f8916d755428f291b215bb9271cefe97745c15034446daab39b
civora,partener-eu/validation/history/20260815T055531Z.json,11242,3d1cb1cc964d176d227023b82fd01907e87b36a57c53554fe12602b47dff31c8
civora,partener-eu/validation/history/20260815T060058Z.json,11242,925f4f042bfcba11c049d8c335bc55f9fb83e52c2228893f11f7295349a6ee2f
civora,partener-eu/validation/history/20260815T060140Z.json,11242,113e91f19805366c06d1301d6722c434363d0031880ca6cc9c17ebdcd8e88d36
civora,partener-eu/validation/history/20260815T060217Z.json,11242,ac8aafc9fa8e34ef36d56bb3cac9c3a3e888f3dd0db2337b8ff6cf0e1468983a
civora,partener-eu/validation/history/20260815T060327Z.json,11242,bd7e20750cebbe06ca1c1ff0c1aea418a896b713bb3ad8df2846ed9ef99d7ad2
civora,partener-eu/validation/history/20260815T060406Z.json,11242,04a194c88b5308df20b3824e5145097d9e82bd9018a2ef7c43f67bc4ba2c9416
civora,partener-eu/validation/history/20260815T060500Z.json,11242,1fdad381276697f1f952636d358eafcee497e0fdea1aa55506eb1f8b719b683e
civora,partener-eu/validation/history/20260815T060702Z.json,11242,ed88054fc7d47f5c4ccfae9a51b3e3b14c035b16b1f76b26b9d2e3f6f4b23565
civora,partener-eu/validation/history/20260815T060741Z.json,11242,4147c204984ec105d610900f3541cc5eb1247f82fc92fc2fc988874189701dbe
civora,partener-eu/validation/history/20260815T060818Z.json,11151,bbe393f616387c5385b572a23349bbd2ad60aace5fca63fe61b0757cbf7007eb
civora,partener-eu/validation/history/20260815T060855Z.json,11242,f6d95dcbee1eddb6f9775776282cd64870b6e36811a1553063f805b44ce695d1
civora,partener-eu/validation/history/20260815T060931Z.json,11242,0a8b5a6d242e5a3c632c7f5be89006d16fdcb531f0999a5ffe9dd4b0c1ba0f86
civora,partener-eu/validation/history/20260815T061025Z.json,11242,cbb1ea9cd8e05c65bf83d051b7dde44c6bfe724b31e474fc840a50885b2008d8
civora,partener-eu/validation/history/20260815T061106Z.json,11242,72f7ee22963deb2ec477b0a8d0d98e1fce625c7166708ac67fedca06eaf9a961
civora,partener-eu/validation/history/20260815T061310Z.json,11242,d18fca7477e9c7d196cb3cbb0e4829d61128d05c42d80b10df707262fb43c2fe
civora,partener-eu/validation/history/20260815T061353Z.json,11242,885098f99525aa11fd0a0229244b31b373d3ba76a5509b7547bb1244a7bdb507
civora,partener-eu/validation/history/20260815T061524Z.json,11242,451b078bd710df2398c0a7ae7e27621e9e3198fb19f1c7a54bb59ac27cdd3cad
civora,partener-eu/validation/history/20260815T061752Z.json,11242,5cfe49901b2585e7e97f545b6d9469e96b0371c6da60d7e136655a755ff4e665
civora,partener-eu/validation/history/20260815T061841Z.json,11242,c5ccffad4ea919d26cf5fc75351b2fb29ff7a81a2a6c9e383066aab467f5572a
civora,partener-eu/validation/history/20260815T062344Z.json,11151,51fe1a084c025d92be906917c04b6b79c0b0aaebb4dfbf3f53d47702a2c09d45
civora,partener-eu/validation/history/20260815T062646Z.json,11242,e90a57253ae338396cb2669cf95614ac5bb930a87075ed987ef746dd76d3daea
civora,partener-eu/validation/history/20260815T062721Z.json,11242,972fb2e2736b286cbcd88a6ba7c9aa9f1bc37d9499c5233a47f517d75f27b1a9
civora,partener-eu/validation/history/20260815T062952Z.json,11242,6e23eaa6a535475ad44038eebb6bd7d4db763ee2418d3910d24e94a21abff830
civora,partener-eu/validation/history/20260815T063038Z.json,11242,bf462fb578f3742bf0c5fa817f827c1b3192305926144ed13d7466d8ba2d8448
civora,partener-eu/validation/history/20260815T063113Z.json,11242,0af8c915196be0d9fa4a1bf5383d5a336f88b65b4866b783c5bc9c6d1b28bde0
civora,partener-eu/validation/history/20260815T063155Z.json,11242,ad1d3b5baf3972bbb07aa46369d9573b0d28162d4b9dc31229d2f1364aa3b2fe
civora,partener-eu/validation/history/20260815T063431Z.json,11242,a95be93299aa85ab787a6594b554f81c68cd80ce88facb66a3741d4f10c9669d
civora,partener-eu/validation/history/20260815T063514Z.json,11242,487939958494dfd62a01e1036331ac787d15fff4ea1ea6300714e4cc578bc49b
civora,partener-eu/validation/history/20260815T063630Z.json,11242,dd5d92a671587759f29dc19f1d3b08aef6c058bd5f4319ba9e691a9cbc0c7ea4
civora,partener-eu/validation/history/20260815T063710Z.json,11242,3c1d2d9c4e3b78173cec4e2ea3c8a24e87beba9cf804d4fcafe9ed9dde856a47
civora,partener-eu/validation/history/20260815T065333Z.json,11242,7c8b2d619dd0cf8137bd5dfa21f04356cb0aebf4444a0bd120025ef1bfb449e3
civora,partener-eu/validation/history/20260815T065414Z.json,11242,d3064ed10deba4b66810a909cef38a4f82514104a5c5b16d1c7a97669c787492
civora,partener-eu/validation/history/20260815T065450Z.json,11242,6d9c67c7d05ae3abbc4f14750ac7e60a8e334e5030bff28dc7c53cfedb8bf769
civora,partener-eu/validation/history/20260815T065532Z.json,11242,b682c0df9af22a10ee6a634624716103bd1a102312b0097faa0f297702ec345f
civora,partener-eu/validation/history/20260815T070607Z.json,11242,82c442d7a8ce41c7ddfacf3568dac6b6ec928fbb62da99a2b227603732b35e1b
civora,partener-eu/validation/history/20260815T070840Z.json,11111,43561e2f269b03e463adc5466dc9807fb6ef55ede39faa1f16c5cc3b6e2ba501
civora,partener-eu/validation/history/20260815T071254Z.json,11242,5101160b729167b708bfb32bb053d3016d339c038e46e1837728920c8ba72574
civora,partener-eu/validation/history/20260815T071353Z.json,11242,52c7fa8e55b1e25508465d24a7c54308fc6554e1d872d7aa0da1a3af627b16a2
civora,partener-eu/validation/history/20260815T071546Z.json,11242,fdc41ce3d698e01e85f9e54d64739e514522d0f803964a5e8a667e388471e093
civora,partener-eu/validation/history/20260815T071626Z.json,11242,eaf6bfa5c395d9bf99decc5fd2d15989a9ac9147968b493d63ef5257ef725b6a
civora,partener-eu/validation/history/20260815T071815Z.json,11242,d5f5dc737f5c03f139c17c0b5fc8884cc8dacef35ef465d5b4fa80c9effcb0b0
civora,partener-eu/validation/history/20260815T071855Z.json,11242,38c9fee2bc0e0147c0872686ec1a0d578d770ee546ca32f37cc59355b95ede2e
civora,partener-eu/validation/history/20260815T073346Z.json,11242,6a24f750e2bb9c76136d99d2b07e4fccdea99661be34e66f4d60bebe9fe5c9e0
civora,partener-eu/validation/history/20260815T073732Z.json,11242,15f71ce9f171afb82724c90b3fbcb4ea023b76858105b9a2fbd4c35869b8fe3c
civora,partener-eu/validation/history/20260815T074109Z.json,11242,ff7eea3201a3e147f38f97e3aef73d0cd97e702f1b8cb910a9ae71200cb63ed3
civora,partener-eu/validation/history/20260815T074444Z.json,11242,48f848332fd28a21ea3c0ec6ac7a235cad53bb8f9bca98666fe84988d21abfcf
civora,partener-eu/validation/history/20260815T074611Z.json,11151,b9cd59d6a8a1815f30df622aa916954971cb34f649ee93102dd679fc257f492c
civora,partener-eu/validation/history/20260815T074728Z.json,11242,5bacdeb0719d18e391b1f3d103679611ef4042d50961cd7bbdc17286d54a2a9c
civora,partener-eu/validation/history/20260815T074933Z.json,11242,dbaef38dcbb263ae21c710eb84de72ec6ce6c79973347d6b940c6329d55fb32a
civora,partener-eu/validation/history/20260815T075123Z.json,11242,4c84fa8a4f4339268b5bd47f8d2382848422b9be6c1331446433704d71d61d7e
civora,partener-eu/validation/history/20260815T075221Z.json,11242,30e00bfb9bd2fee7836b944c17efe3130a3cd5b1ae26d4313ffa4341e14d7fca
civora,partener-eu/validation/history/20260815T075258Z.json,11242,298edf8f253a86766604038e5ec134fcb5586ad8df9eb1934935b552c087a1ee
civora,partener-eu/validation/history/20260815T075845Z.json,11242,71b9075b184a74edd38260ef8bdaa2120e2470af2ad5303d497fa8626918402d
civora,partener-eu/validation/history/20260815T075922Z.json,11242,8421a442913b700933379fdd6b633ba8d13b0f879a4328458247468a42bc6190
civora,partener-eu/validation/history/20260815T083326Z.json,11242,2264a5b6f558ba1b7609a5016d1a5aa6d55487fe603a1d12d3efccc9e7a78ff8
civora,partener-eu/validation/history/20260815T083606Z.json,11242,c828388e5c5ff628a616316361a20503e50885a3008cfde857de79bdc01fd10e
civora,partener-eu/validation/history/20260815T083653Z.json,11151,8ce67cfc036749d81d11cde85d1bbb6f603ce63b5430a73c75f0b73bac5b6967
civora,partener-eu/validation/history/20260815T085658Z.json,11151,10e89080fd0b6cc6fa24b209f88539231115129cab533183aa8a44afee4f0b5b
civora,partener-eu/validation/history/20260815T085730Z.json,11242,df2d924ed74f9e46303d929fd50f9bbb382c7306f50977e0517c77434a6fed8c
civora,partener-eu/validation/history/20260815T085806Z.json,11242,45a6a8e3a9319b4ee852a9ebaa98db451fcedd50fe4953a3c8a1ad530f132118
civora,partener-eu/validation/history/20260815T091455Z.json,11242,3d94ddd50614bf7c934ee75d3f631f36bc221a51e31964dd9eea3a395d35b8f0
civora,partener-eu/validation/history/20260815T091553Z.json,11151,53e0939f01e4459513d56f58a537dade549d1f74e7e6512276ad34837dd492fe
civora,partener-eu/validation/history/20260815T093450Z.json,11242,afdf8fa61a7957be3538ad66e62d50a972bf493667b5f5b8cde07bfe25d91674
civora,partener-eu/validation/history/20260815T093726Z.json,11242,ff8155d8182ac177faef71636baa173d8e1fa7fe76b0bd59aae6e16db2494d33
civora,partener-eu/validation/history/20260815T093806Z.json,11242,7d7c81885e3b979aaeeb878cb519e96f024b8e94e8189aa617757333f90f7746
civora,partener-eu/validation/history/20260815T093908Z.json,11242,1e97b83692c7b11219237bb5daf9c711c4c4e30308bee40f784e504aebe82658
civora,partener-eu/validation/history/20260815T094123Z.json,11242,9e90eebf13b1df326f28492321ad60827f5493d0be483b1d13f45ca00b635875
civora,partener-eu/validation/history/20260815T094203Z.json,11242,8ada1302cae5600d69227fed9574e19f975f80de752482b8633ca92ef540fdf8
civora,partener-eu/validation/history/20260815T094344Z.json,11242,2ff6f49889112c64c100cfd195698e4ee64c036c9e87597fff16c44421d9bc9e
civora,partener-eu/validation/history/20260815T094452Z.json,11242,3c814757f7238ab348091ac0b21b801a909471f4c60bc5559ad80e480345f190
civora,partener-eu/validation/history/20260815T094618Z.json,11242,a2a9d0c5a2035938b18d329d0719c93d210096032663337eecd50d5ac629bc92
civora,partener-eu/validation/history/20260815T095307Z.json,11242,d9699c9bb2b11c4b0e3fa42aeed0361d49da4c7044b49bbad7354e59ff93e761
civora,partener-eu/validation/history/20260815T095349Z.json,11242,ed16e560d90d4cb808ce0102e5c3f68caf87abf9035f3f16660dd901e4dbaff1
civora,partener-eu/validation/history/20260815T095811Z.json,11151,6356d0068bd74f4b9517fc0e32516c250ca9fc6eb5ae7a42b62f26333b4694ac
civora,partener-eu/validation/history/20260815T100112Z.json,11242,7452a45fb2d5acacc83b155dd1f4ce4456483c35a519a6971bdd99fe84801ce2
civora,partener-eu/validation/history/20260815T100156Z.json,11242,4eb19a89f6b726cbb71de3127414a448f5443a40b343912e1b2d15693bd22931
civora,partener-eu/validation/history/20260815T100240Z.json,11242,6ec35138fd4cfb46829fc8ab18427740319be70fd24a84b81062ffa05fbf8d03
civora,partener-eu/validation/history/20260815T100320Z.json,11242,84c11d9f3fa26e9f7fef3bf6006616d5a7312849e0567b3a2ab5dddc0c0fd7f8
civora,partener-eu/validation/history/20260815T102524Z.json,11242,1d13202a878fad1e1c305684f0dc91835c8807324ac94199bb1586729968bec5
civora,partener-eu/validation/history/20260815T102608Z.json,11242,cbab67b107bf628cbb5f700aaf26b224713d35a5933800277bd7239546014b63
civora,partener-eu/validation/history/20260815T102714Z.json,11242,cb7779b6f4572df880f0ece1f46a30b7b6c80e0f2499459c364b37a0ad4d5301
civora,partener-eu/validation/history/20260815T102759Z.json,11242,f32534791754d17630a1bbc1addbc7842123dee22e52386d56cf38de11ae5038
civora,partener-eu/validation/history/20260815T102843Z.json,11242,705dbc675494d3a2beb23d918dc39be2eb5cee0a813016942a1a05924666e6d9
civora,partener-eu/validation/history/20260815T102926Z.json,11242,22ff05fc4dff9643722a77aa784464a46dc53d9a2b15ad1ab7f16889c68eb85b
civora,partener-eu/validation/history/20260815T103032Z.json,11020,ea0cd75ce224ef6b7c054bd5b279d74a33a30267a2990e51e8818b4c00b6549b
civora,partener-eu/validation/history/20260815T103454Z.json,11242,4aea01f38a92aa383b67785dac547fd7402591d07a861d40998c84f3f0d267f1
civora,partener-eu/validation/history/20260815T103530Z.json,11151,a819005be7edc3404106d83cfe2bf1a01620c8058a9739347e6a6fecccdd2638
civora,partener-eu/validation/history/20260815T103716Z.json,11242,b03d2a3633e84d664012f89aee7062346b8b10053ef18b1af438047484413e86
civora,partener-eu/validation/history/20260815T103904Z.json,11242,46860dae11357906d5046a44b88c09f06f57b72e947316ec5f74dfc82ec8cc69
civora,partener-eu/validation/history/20260815T103944Z.json,11242,34184c39ac1dfc95717ff2224bd691d89aada73dea1a2329577c823371edca72
civora,partener-eu/validation/history/20260815T104103Z.json,11242,3db98db74c45476b5b707fdaa07a87b5323bd2f3f235367992ce4ee63e519229
civora,partener-eu/validation/history/20260815T104235Z.json,11242,ebb86d55cd559fa7f0194ac63b6b9c89258f11b8f070cf336fc82b4767937bfe
civora,partener-eu/validation/history/20260815T104504Z.json,11242,733a8db50be92c0381d4ba30b721d96dc63292bb3a643d8c0ba723997ac38982
civora,partener-eu/validation/history/20260815T104605Z.json,11242,a38f74c763b5203d2d7b7912c9578483406bdb7d464ee2aabb8583fa0014245b
civora,partener-eu/validation/history/20260815T104845Z.json,11242,d7a3c51a57ec3b2873a6ac5fa45a64a9555046c03e807681b5aea962dc7be6f6
civora,partener-eu/validation/history/20260815T104950Z.json,11242,2d6ec1ebd5855124bcb377666b306fc9d5f70342239765233fd3dc33df1b3a8c
civora,partener-eu/validation/history/20260815T105045Z.json,11242,c5161b674a594117b1a89669b9b08ebabf60e3bb5b041daad127f2eb95c36141
civora,partener-eu/validation/history/20260815T110036Z.json,11242,220ffc9b3b9febfe152fe432217b274cc75667bf65a14b5a47599775453821ab
civora,partener-eu/validation/history/20260815T110159Z.json,11242,544bf71fce769ad1393c5b895dc3167229772d7251aaf1376ba3d3e5689a6fc1
civora,partener-eu/validation/history/20260815T110240Z.json,11242,cdb8f9ba5b6b3166345d2b457cd1b0f5170d42e147037b02130f16dbff086665
civora,partener-eu/validation/history/20260815T112220Z.json,11242,6617b69c4d359df43914bbe90d2810835af5c6bb5d87ccf66e526689d5e77470
civora,partener-eu/validation/history/20260815T112258Z.json,11242,8535c4f97163488ca3b787c24e5bb7b577d0588ad2c13cced68a8452c09ab202
civora,partener-eu/validation/history/20260815T112342Z.json,11242,9e9753fcf4e7e5a403bf6e10b94dca91cee0d290edd304ed95c3bacab1145276
civora,partener-eu/validation/history/20260815T112425Z.json,11242,4dc7e782cfdcf67387116a1f3fd6cabdfb665a497819ff51922a85aa525fac9d
civora,partener-eu/validation/history/20260815T113953Z.json,11289,70592e13a29d53b1b8a690389b727b8cc16f6f496c9c683a002f312ae75844a9
civora,partener-eu/validation/history/20260815T115508Z.json,11242,d472b0ae3d9b18fedbbdb1ec5dcaa52fbcc258c5d6091f14d1486838a66596e0
civora,partener-eu/validation/history/20260815T115552Z.json,11242,300a5bf526dd74661e63e0dbf0e1c67e81dc2f1de966e642fab5785006ec89b4
civora,partener-eu/validation/history/20260815T115806Z.json,11242,b8e525f02a6148b2820efcbe6edf0a373d4932f369385c37a0b058223f42a63c
civora,partener-eu/validation/history/20260815T115932Z.json,11242,9f8c94a1cdf436888267a34194bc29cb80f440d7a34b310bf61bcf4b56ac5b09
civora,partener-eu/validation/history/20260815T120011Z.json,11242,e3439d06d9b5a1e7e56cd9f0e616ac82d2048f5d7b3a52873646ffa375e1a288
civora,partener-eu/validation/history/20260815T131958Z.json,11242,8004b8697f144dd75a3f1dddb0dc25e5783c2d7e1b2641f465cab3327e7ee331
civora,partener-eu/validation/history/20260815T134537Z.json,11242,f243fe986f7930df4781c6539575ec9179795dec9fd8d808881fe632723a8aaf
civora,partener-eu/validation/history/20260815T134718Z.json,11242,659927522475566ca813877a58f63f04e84c3647747a08f42bcd9394d38351b3
civora,partener-eu/validation/history/20260815T134907Z.json,11242,269b47e4083961968b5553b3612ac970d130e2441557c8d47a133498c46da6fa
civora,partener-eu/validation/history/20260815T134951Z.json,11242,f20055d9d8b36ad1c141e6aedee23d7e3db4500575355c8a9fbed0c1ed57ebda
civora,partener-eu/validation/history/20260815T135819Z.json,11242,ab13643c87d530d33e87b076708fa576b9aa865fd15425ee8c756ce9e43855a5
civora,partener-eu/validation/history/20260815T135857Z.json,11242,3f8a1e9c49a240396074d12b61c0aa879dcd67aa997ba9304a112050dcc8b40c
civora,partener-eu/validation/history/20260815T135937Z.json,11242,1a0f7f8c1d384592f7ebb5af31f2d1e8c3f69e7af66240a56f930e1267a58297
civora,partener-eu/validation/history/20260815T140024Z.json,11242,df008ba751a134be5629c792c0bc2997d9f1ec0e6b0ddd9fb83eb160cfa2bc7a
civora,partener-eu/validation/history/20260815T140109Z.json,11242,754b0f86fcd4f416f902650a2404f3e8bebad46675e68191dc90dc8fda1a81c3
civora,partener-eu/validation/history/20260815T140152Z.json,11242,786c39d6aabf107c0a70403fd687afd5a9106289688a7cf6bc45b0d555ba41ff
civora,partener-eu/validation/history/20260815T140229Z.json,11242,ee501f4cecc04b2a08977a1090180b67758c0574a430ff8453a8073adebc4be1
civora,partener-eu/validation/history/20260815T140309Z.json,11242,d0d81fec427d42eae3b382922d75c6cfd6b565a8928843ddeef322e0fe7df8dc
civora,partener-eu/validation/history/20260815T140359Z.json,11242,d483b99cc1d3b18d88179d07ed3fe3dcb6d81b0b7a93e56cc0b44f83290a32b0
civora,partener-eu/validation/history/20260815T140443Z.json,11242,1b0450aeff29dfb8bdc5ec12875c360a526dc389d98d0121324ad48a6601ae59
civora,partener-eu/validation/history/20260815T140532Z.json,11242,3ee30691753e70d491c81d2009564cc3b0718efeba096e5051d972be0ffab104
civora,partener-eu/validation/history/20260815T140652Z.json,11242,cc507ee5f30cffffd8b0ca9c698b216883da17dd27fe56f22b81f1991f713670
civora,partener-eu/validation/history/20260815T143103Z.json,11151,a0bf5866f3e332ada877a9f947fe0a1c636bf889ea6208b08607af2085ba60fa
civora,partener-eu/validation/history/20260815T143313Z.json,11242,602fb13ce01fbe161fcb7320647a70fa8ee0cabe6a59df859bfb527f0af79db5
civora,partener-eu/validation/history/20260815T143351Z.json,11242,84ca326368f8029cc719b05b5c79d185c59facf19474457533ede67d35df724c
civora,partener-eu/validation/history/20260815T144601Z.json,11242,424b776f0b1a6b7449decc88ce75f43d3820990ca89bd420dd1239af44845efa
civora,partener-eu/validation/history/20260815T150038Z.json,11242,b409f806175a8485baf11306db518d70254748cab9bf796d2cc90c9b29d32b59
civora,partener-eu/validation/history/20260815T150216Z.json,11151,5aa4bd86be260cab6f1289091ef5e53c3aa542f4f884125272b896fcabaa9977
civora,partener-eu/validation/history/20260815T150254Z.json,11242,312b3437e041056a1bf4fdba6e839d45fff73b138fcdcc52653d66913004e36e
civora,partener-eu/validation/history/20260815T150338Z.json,11151,cb3348fa18fefb49d0a2be5fd7f6e163d3d1ae1503e73508fcb3a44cb7470cfa
civora,partener-eu/validation/history/20260815T154021Z.json,11242,8d374557b32845f86a3647efb1de70e30d91d321c3a1a20e2af5508bd85447d9
civora,partener-eu/validation/history/20260815T155417Z.json,11151,fe3faa9c524df19aea1a5047ccfc9966efee117db86953be953ec98b65c0be2e
civora,partener-eu/validation/history/20260815T155659Z.json,11242,833805c2e2649bd5f0b85a8f3de9a8121c6819c9d24b90b393f3f1dca00b9c21
civora,partener-eu/validation/history/20260815T155826Z.json,11242,9b926d81c7cc060e808cc6db7e49aeb5c0c3e24ca90bfe2342f337738babf95f
civora,partener-eu/validation/history/20260815T155903Z.json,11242,02d94219e299ce2e16049eaa1ef4cc94ee94f934728426c7ac2985a5ead5fa73
civora,partener-eu/validation/history/20260815T160008Z.json,11242,3be293d1d9480de4330001d27b40f5694c7c76f8275d992aeb6327f1bf9863d5
civora,partener-eu/validation/history/20260815T160049Z.json,11242,90f9c022a6d7579e5552f2f89625f18d248ec744ec85975c2a83179bb17cac4a
civora,partener-eu/validation/history/20260815T163419Z.json,11242,f2bb8886910feb614aedd5745e164175f8a8c1b9fd4e21c32993bd150bbc4e1b
civora,partener-eu/validation/history/20260815T163459Z.json,11242,3ee1982f652f95bc923ac291c4b217999efa9ef1b699ffe45974a275be5d3c9b
civora,partener-eu/validation/history/20260815T165202Z.json,11242,d93288195552d8b5f5e79eabace8ade2db2d3dfa714eb0d56d68c7e50fd4bbae
civora,partener-eu/validation/history/20260815T170257Z.json,11242,a539c22f08431e5887ae2c4e3d0a38dda966a01a5b023b1feb310589781f5858
civora,partener-eu/validation/history/20260815T170338Z.json,11242,858a3e93165344e4a01e61a28259e4d82a17e3700841e3e88aa27c4696ed27f6
civora,partener-eu/validation/history/20260815T170431Z.json,11151,ed92ee4994f837b54eae1e117cc50e8adfe9a2317596e405929b28397fa10e32
civora,partener-eu/validation/history/20260815T170505Z.json,11242,ad8a691e03bb54d81caa4a6cf338ddc8a799629cecfe77a758d738890e88a554
civora,partener-eu/validation/history/20260815T172141Z.json,11242,caf4ff712d9267a6019ed5c982f338c36846f612aa6e83faefecf5cf31797c96
civora,partener-eu/validation/history/20260815T172231Z.json,11242,7528ed94bb420a31b1cdf97c7f70e8863108c1b08a5dd62a128bcf1e8dbe5188
civora,partener-eu/validation/history/20260815T172311Z.json,11242,a9276f7cb057f57d1c56a4e29a2c99a5b765ae53ebc9ebdb976f13fd15a91d5c
civora,partener-eu/validation/history/20260815T172401Z.json,11242,6838a9a287118f5cffed1723a88de52ebe7828e411ec82a1c6cdfa305c7e967a
civora,partener-eu/validation/history/20260815T172442Z.json,11242,b8a2212c38079a12aefa85df2677f31d6c7bf728cf081302b8996bc23584add3
civora,partener-eu/validation/history/20260815T172554Z.json,11242,18164efe4b1407dfb1eb6227b893f82c34a6f0b477bebf6ae56bd3d74533c999
civora,partener-eu/validation/history/20260815T172650Z.json,11242,864530d312134198b3a965510c029c26b201fab943b584d2ddffbcab75e836c8
civora,partener-eu/validation/history/20260815T172807Z.json,11242,a69203626a276002442191ed9876fec6faede908f0c61026c70382540e5ec448
civora,partener-eu/validation/history/20260815T172948Z.json,11242,493bc4329fdc2026ef6952ec2b75208ccdd212876405d020bcc8f83692d8fafc
civora,partener-eu/validation/history/20260815T173035Z.json,11242,f85a4e375788cae365ab1a9da33363806015a68cbb7bf1f32f859e0acfdf5d92
civora,partener-eu/validation/history/20260815T173554Z.json,11242,a7a231692f78fad3e229c32eea8cff39b8328292a4c13e5779394f34b9d3286f
civora,partener-eu/validation/history/20260815T173638Z.json,11242,ac207bb2cb82197794f2d2545cdde913e866bebf47895206376e22a862f1c7fc
civora,partener-eu/validation/history/20260815T174048Z.json,11242,d95555885581b1f18187b2f88e8da540cbcf7c37494b462102f73ed31438281c
civora,partener-eu/validation/history/20260815T175849Z.json,11242,29dce85930c7f5e208ffa81bf2fa1399d108eac47f8cdd618ca4e60797447725
civora,partener-eu/validation/history/20260815T175943Z.json,11242,60d90cac82c7902e9adaf5ffdaa0ec3baee78d1acc371cf66044b611e9132d6c
civora,partener-eu/validation/history/20260815T180026Z.json,11242,2d32cb65e2bf64244b8f6bee7e6171cc1bd0ed8b83afa8853aec18b5b0c6551c
civora,partener-eu/validation/history/20260815T180123Z.json,11242,b8362cf97f6c09fe0e828264a78d995465e21f909f44a2315a0256252a1991d5
civora,partener-eu/validation/history/20260815T184218Z.json,11242,8565be87520b666bcb30a13396f50a51c61f2b0751781ba98f912b1543b1f34c
civora,partener-eu/validation/history/20260815T184255Z.json,11242,f6f7fdd83ad0eb6a124b8d70292603ab53b698caa50ad5ddb53753869b51b9a4
civora,partener-eu/validation/history/20260815T184335Z.json,11242,c5cfad52190af18ec0d2cf27d14efaf8f5efb55ec81673d531c6a5d41615dcaf
civora,partener-eu/validation/history/20260815T191110Z.json,11242,12f78550bcc5b5fc4efcabeba32a378a9fb9a46c96dc6ede6107585679ef1692
civora,partener-eu/validation/history/20260815T191323Z.json,11242,23d9376bec8c3dfa85e8c9e989c9ec85d3b073de8062b540b5e75a35f5858875
civora,partener-eu/validation/history/20260815T191406Z.json,11242,5659ae70b85f778c16c590ab368dba8288035ffdf9e53e8afff85fa7df06b8eb
civora,partener-eu/validation/history/20260815T193146Z.json,11151,699e90a3c2a7ae7768953e0b133f6164629f362d8818e7762afa5bd22793f416
civora,partener-eu/validation/history/20260815T193228Z.json,11242,9d8351efcc401edc14f3aeb9afd733bbc0b240eae236d7784cf364509e323055
civora,partener-eu/validation/history/20260815T193315Z.json,11242,3e16644bd204bd05898bc85bdb0d5b3fea92a3dbba3adba9dd1e099bc2cb6658
civora,partener-eu/validation/history/20260815T193457Z.json,11242,e8046af0c52a159c587ba8992b82b427ddedf1ed3404fd502be500d659a4cde3
civora,partener-eu/validation/history/20260815T193549Z.json,11242,d87635e74537eb929bae3f23d7c8689251cc7beceacda5b306c9a7a8f191becf
civora,partener-eu/validation/history/20260815T194118Z.json,11242,e773cfd7c3fdea72e1b4874c63acbe08dc26bf50a3955cabe31fb22bf50fac5f
civora,partener-eu/validation/history/20260815T195440Z.json,11242,f43874d4429efa7503dd43647164bd7aef360a5a933ee5bd74fda75a473774ae
civora,partener-eu/validation/history/20260815T195531Z.json,11242,af82604dfc1f77d5dd3fc949c4dead0f2e1ea46743894980de517c8e6e2ddc94
civora,partener-eu/validation/history/20260815T200004Z.json,11242,b68fb3af85da2ebf40e495cf46ddcfc38ffae971f2ec954f42d6bd9281fea0fe
civora,partener-eu/validation/history/20260815T200052Z.json,11242,c3a59c4c2a448fffcffd3a79b9f6b79c69ccf5fe6f9aeb75fa161a6529ad78e7
civora,partener-eu/validation/history/20260815T200141Z.json,11242,1b02f77fedd2d5693d68a03af35211118d880697ef42f9f5e5bbce108c4f4631
civora,partener-eu/validation/history/20260815T210020Z.json,11242,5488df570285275015c37ec233e5ca21b641d3e278eb5119def597236f02ba02
civora,partener-eu/validation/history/20260815T210153Z.json,11242,99eb0bc95369ba1cc0984d682a9b3c744c00f68cce0210ee5d63b4f675f1bba6
civora,partener-eu/validation/history/20260815T210314Z.json,11242,0ebc782c7b6ba4bc4009896f718520cd374b902aa8eadb5363beaf8d2b85c391
civora,partener-eu/validation/history/20260815T210405Z.json,11242,2a13ffd874e5b24eb92c4faae121006613b731c709257bfc9c555a6c5dc0bbba
civora,partener-eu/validation/history/20260815T214034Z.json,11242,ee2e1663f0883a5221251f912d2100b91b456de95b48f08329a670fe9bc5dc9f
civora,partener-eu/validation/history/20260815T215414Z.json,11242,22bbb9fe2820e12760c1ad0abcf1d4bb2a8b602fa314f2bfffbf2a680b4a6560
civora,partener-eu/validation/history/20260815T215726Z.json,11242,b887701a247585fa1c67dab49ce18bb9c1b4396ed169489852d629b43fa69218
civora,partener-eu/validation/history/20260815T215949Z.json,11242,11185560b19f108a135422cc943752aef9a6cf19c500ffcd4dfae03bf9e229d8
civora,partener-eu/validation/history/20260815T220026Z.json,11242,f386fe52bce040532323b5634bdd3250d353ea70090f46c1cde647aacd59b7ca
civora,partener-eu/validation/history/20260815T220120Z.json,11242,cbe6004ae308e6f2bd673363963b751c9f1afa48a5b1242dfaf024b80e9b9825
civora,partener-eu/validation/history/20260815T223507Z.json,11242,3214eff541ca4219cbc91fb2c57d94e6794a3263954e3132dca06c8ef7810386
civora,partener-eu/validation/history/20260815T223728Z.json,11242,180efae60f955220f4de25f441d908b35e2f0b94ba7d4472bf47b60ab8f68afb
civora,partener-eu/validation/history/20260815T223809Z.json,11242,8140f34678d71b75625995707743e8c352485e7c1a5343d14458da6f9210fd77
civora,partener-eu/validation/history/20260815T225939Z.json,11242,0a21827716ef4799cd126d03811ef9bf9cd161ca583d0a6690bfffc4a1b561a1
civora,partener-eu/validation/history/20260815T230051Z.json,11242,32c7562bdb80483207757ca4b60d608589ecd916011a1bd08bb082aaa578648a
civora,partener-eu/validation/history/20260815T230148Z.json,11242,5c90efb664e1dcd2c3e114011fbb2c9ad02697d244fbd38e595e840b42c8c6cb
civora,partener-eu/validation/history/20260815T230233Z.json,11242,9bc6263e7c99f722c35667478231ca0bc7cdc8e6fea9643616f3b20cfc34b559
civora,partener-eu/validation/history/20260815T233949Z.json,11242,e79a2c7f9a4e4072ba9e9ae6311a37f07a37fe7a5b172f51774e3280f23f6ddf
civora,partener-eu/validation/history/20260815T235945Z.json,11242,fdee049785511c758b7a3323f824d9dda2109d937dba1d51d1599aeda933ebf3
civora,partener-eu/validation/history/20260816T013715Z.json,11242,0ee167bbc95ea3e7740af63ed4353d707f36b6e0e1a0b3322f350b39886ab253
civora,partener-eu/validation/history/20260816T013759Z.json,11242,2329ca8b95a1e1cbade254ee8c5df95d0d2bd26a4b3e70ddbedb57c34ea2a31c
civora,partener-eu/validation/history/20260816T013843Z.json,11242,a742cbc25c28ac7866a7aeacbc25df59cc8c60f40f89a11d6c414b77c1bad67a
civora,partener-eu/validation/history/20260816T013924Z.json,11242,b0fd5eb1672ac2e25ba9ef8b82cb3b1ac5713faf811e1db4c2be3882f522d196
civora,partener-eu/validation/history/20260816T023229Z.json,11242,723c4228cea6362753ff8d99786c6cfa8137cc25f756f12e2617aefcd21bd232
civora,partener-eu/validation/history/20260816T023316Z.json,11242,5532a467c1b310272e157e5c7a96e3f631c41313af40ff2da19bc75d266cb817
civora,partener-eu/validation/history/20260816T031535Z.json,11241,b5ae3c6a0fb4fe5d49549b99a6134c012fb2511a48137e804633cce87261266e
civora,partener-eu/validation/history/20260816T032941Z.json,11239,f9ab3e0dc1bb343a1af87ecddae7747e20155597cbd2d45ee6f52eb1f282d835
civora,partener-eu/validation/history/20260816T033406Z.json,11242,7f831a9c4bf35faa9b05a5df71ca3a6f32ee557c3e29b62813185cbc98d3ecb0
civora,partener-eu/validation/history/20260816T043415Z.json,11242,c9279ae918a72bd571fe961e5b36e3bd2368fbe5c950262f81949b396bb19431
civora,partener-eu/validation/history/20260816T043456Z.json,11242,c7c0e84d7eebb5d832f404b694b3b73b1709b572e90cccfa437c733854b144d6
civora,partener-eu/validation/history/20260816T050112Z.json,11242,9956c056b09744514d56d441048cac23506c4bce503b7efea4343e247b615287
civora,partener-eu/validation/history/20260816T050442Z.json,11242,52cae816762e9ae22c0420639caec66e7bab52d5d9032e661114eea5624855cd
civora,partener-eu/validation/history/20260816T050525Z.json,11242,27b7d64a1d0f21703c2fa993bbc10a2780f4046c744b8ab3d7bed4dc3af0b8ec
civora,partener-eu/validation/history/20260816T053056Z.json,11242,3c4fd81b9a11c11e8f0d7fe5dfc8bf83a4bbcd2df305f09eff901c8e17be9469
civora,partener-eu/validation/history/20260816T053816Z.json,11242,85b0c84b934fd71a032d77f89ec42e9806077ee5b701afd628c84a18642acc71
civora,partener-eu/validation/history/20260816T055413Z.json,11242,d3f594f7d430f57ffd38d8ba9f45894b623fb2832fedec23f508407ecdda162d
civora,partener-eu/validation/history/20260816T062301Z.json,11242,8fa06acda54dd742dd7b7a2666ac44ac4e1cc98d8cb577e4b5fa9f04ac39bdc5
civora,partener-eu/validation/history/20260816T062349Z.json,11242,3a1ad12695f99b7facd050d51c34f425b67c3dfbeeb5b27ac99876a6503d983c
civora,partener-eu/validation/history/20260816T062428Z.json,11242,78bfb17ae5be3af42105bef71f52cfca735d67270975e389983e9546977b3489
civora,partener-eu/validation/history/20260816T062510Z.json,11242,b8fc79c84d07e2e30f378f6e30c907c68370dd96af4b27b3baf2a1bac1b74759
civora,partener-eu/validation/history/20260816T062546Z.json,11242,8a520442dbaa900fc18bcd9beb0051df466a94365b7a3fa9905f6378f7079b94
civora,partener-eu/validation/history/20260816T062640Z.json,11242,21fea60f1edfc3dc3693dedb1e1f16fd252f56cd60ecdaea9139d4854d3a644e
civora,partener-eu/validation/history/20260816T062731Z.json,11242,a71b2bdfddf3dc1c2f968a7e914e4b44f22cda0430016c12226f875da8c88692
civora,partener-eu/validation/history/20260816T062824Z.json,11242,5b160630a32959cd697745970c51a61645b7956da22b734c08fd42116023db3f
civora,partener-eu/validation/history/20260816T063317Z.json,11242,172720740d7ba9480b0e71159a6874c9d7ad738f1446661ae154ac90c0bb0a71
civora,partener-eu/validation/history/20260816T063405Z.json,11242,f992a78c1029cb9b8a449ce90ff88706e922edb350103f4140bd6a82fb3d2fb6
civora,partener-eu/validation/history/20260816T065030Z.json,11242,805d149b6a3203bb33dda4c5cc45315378a8b140dce24b9ad8bcf1d52c5e0c32
civora,partener-eu/validation/history/20260816T065117Z.json,11242,78fee1ec5d2c54a40ff14f9f9d74d48f680fbfbd93ed3a22c9a38fd47045884c
civora,partener-eu/validation/history/20260816T065206Z.json,11242,c39d2b2e746ca51723cd471d42144d930e465dd3f9077a2d80d75c75baf3855d
civora,partener-eu/validation/history/20260816T065252Z.json,11242,dfe88d4921fd8ef104a2cce6a747e0e44bda8fe8ccd21efaff8503fe41406061
civora,partener-eu/validation/history/20260816T065335Z.json,11242,68fc6f46504e33c10c0f6a20e1dcdc5de0a42e82cd15ec9cf50bc6d6ddd8e43b
civora,partener-eu/validation/history/20260816T065412Z.json,11242,b0a8a1457d22a6dd685c9b824486139045ef4601bd75027a01a232ba473c7326
civora,partener-eu/validation/history/20260816T072034Z.json,11242,e51fe00f768a74e75e2839f74e61c296c662a901c6da886d5de7eb20edafa6ff
civora,partener-eu/validation/history/20260816T072120Z.json,11242,735b49f57608052f200df45e7a7b43a8336d976b3fa15e58ae3598b59dc8f7ad
civora,partener-eu/validation/history/20260816T073332Z.json,11151,b7eed2b75fc0acc4824e1c6d7b5bc72595756bcaac71eaa3b8a6f12098cfca99
civora,partener-eu/validation/history/20260816T073410Z.json,11242,6941d2aceee0deba3a01369c57c93b2209d5744947989c063d722cb8e38ca7d3
civora,partener-eu/validation/history/20260816T074903Z.json,11242,712804cc76ea4d12426f9483d05c92bbde2b0c8ae326c79dff6d5390659b6883
civora,partener-eu/validation/history/20260816T075200Z.json,11111,b4e0f41a3a94f5099903340aa1cecc2a213e4d2d7164e3eeb2b935c8d5ffaf63
civora,partener-eu/validation/history/20260816T075620Z.json,11151,73d4cc7b5fd66065a37928d42300c04b6cf14d72fb76ef5e00d635acad96ec7f
civora,partener-eu/validation/history/20260816T083510Z.json,11242,49f8e6d68550e35177c48c147b2a360855a35a987046d742458de81bbb4a62fe
civora,partener-eu/validation/history/20260816T083730Z.json,11242,9d5e79d789e9d1fd388a5d671f719b271d71d244987f3465c6bdce5d8ee82ba6
civora,partener-eu/validation/history/20260816T083814Z.json,11242,e46665f0ca58421d19bf5b89ba39708dc2f5635699a48dfab312b57f8837c338
civora,partener-eu/validation/history/20260816T084022Z.json,11242,fe69b6eda63bb694bb35ff534d9191eba8943ec3d36d578d537197962d9503b7
civora,partener-eu/validation/history/20260816T085846Z.json,11242,9814628dcd9cb7e287b49acbfe64ffeb5b4b2894f2a94003f88f8fc2f8e173a7
civora,partener-eu/validation/history/20260816T085929Z.json,11242,58e7ec57b11a5cd5066542473676e89da57d1b16cfb205ffbe6c6bfd27bbe9aa
civora,partener-eu/validation/history/20260816T090024Z.json,11242,1be6827579e495a1c40ecc13b2f5d48da66e8a8659e756f8c4ad468a64c04523
civora,partener-eu/validation/history/20260816T093440Z.json,11242,747c8968d217ed88954fb92e8ae4b3761c97a751a2236489e5048695f1c0cd20
civora,partener-eu/validation/history/20260816T093655Z.json,11242,3a0943bfa0c687dc7e11e39317a5d1825ae6fbb402492e29e68a36625ae0d25f
civora,partener-eu/validation/history/20260816T093743Z.json,11242,43ac46c1ed48da13b96696109de99e10614bb662fc541b105eb7ad0d8b5870d5
civora,partener-eu/validation/history/20260816T094731Z.json,11242,5809cd158a51676088d3749a05237443ad9661ec369997edfa028f06294ebb33
civora,partener-eu/validation/history/20260816T094841Z.json,11242,ecb5cdb8db432185a63427aee83b872d1116fc1448024816882bd05b075cd9b6
civora,partener-eu/validation/history/20260816T094927Z.json,11151,5a487b84463f2270142390922ab43e82a0a0d4e8240977911313d43599a4e058
civora,partener-eu/validation/history/20260816T095917Z.json,11242,46c88feb9e3e88bbcb5928492e54907f46a13d8b902ad03fd72bcb01a2524327
civora,partener-eu/validation/history/20260816T100220Z.json,11242,03ae374c1d388c4bdcdca42567db2d84ba935e765fdde610d91c11ad88fb2dd1
civora,partener-eu/validation/history/20260816T100301Z.json,11242,cf080ec26423e99981e78a90e01edc637c9992eb38fdb196365f693b9a0a7f36
civora,partener-eu/validation/history/20260816T103503Z.json,11111,2f000cb2b470939e2a67e8bb84c18119a722b82d5ac5f8bf1862d0de81d09c4a
civora,partener-eu/validation/history/20260816T104419Z.json,11242,ae69f4db002c061ca150fe217649c15acb4cfe835d767cf47fd54e089cbeb0a7
civora,partener-eu/validation/history/20260816T104506Z.json,11151,22f57e38c58ca84ebaf56e5632a88b980c8a5bb4d07315f5d246f7d160eac33b
civora,partener-eu/validation/history/20260816T104823Z.json,11242,d833b014252cc8c9fce063a2f4c5e2bad88a656878cf64e2c9a11872d83944cd
civora,partener-eu/validation/history/20260816T110616Z.json,11151,fcd1a64d2f6c2bc85aed856072aa19c3cc4f3bf8a7230ba033a1f74241c08364
civora,partener-eu/validation/history/20260816T114008Z.json,11242,47023b030cabf24042081214c80700829643602995c1f9913f7b12a323c5774d
civora,partener-eu/validation/history/20260816T115709Z.json,11242,cca1238867530cded4178c96d5bf613823e292002e196978715c90c1b897c120
civora,partener-eu/validation/history/20260816T115747Z.json,11242,fa577999caa1b063c264f01b0a63251f6b52a60a1a1d8ce7c416bf25e3a5d37d
civora,partener-eu/validation/history/20260816T115835Z.json,11242,8325621d9e526c9804ff9c354f78a125ba49d2f62b1236089dfd9cec258123b9
civora,partener-eu/validation/history/20260816T115919Z.json,11242,9e11c205cefdea3cda156f39c9e244f24bc3c1bf93b14977cf8ffc66777a6c9a
civora,partener-eu/validation/history/20260816T120025Z.json,11242,7e455e7631697292d1dabf97097b1d8ce5efb0be0f355ed9fc737728b926bde7
civora,partener-eu/validation/history/20260816T120103Z.json,11242,43e8141a44be9205b3c256e9b89e4397596f3a20d84c78c14d5d9aea097c1886
civora,partener-eu/validation/history/20260816T132200Z.json,11242,14695bd5707d033097c77d3ac8b3984935cba2ead84369694f31a2ebb53db064
civora,partener-eu/validation/history/20260816T134745Z.json,11242,28c8475ea78fb81e0a48e25892d4aebb75d5509661e29b1aed1067226b486e1c
civora,partener-eu/validation/history/20260816T135020Z.json,11242,0b242535396013e282580161d4da7fe4ecef5a94a8c676d40e113c08d482197a
civora,partener-eu/validation/history/20260816T135201Z.json,11242,a94ab1e11b49fdd1f3405338e7d9c65b02b24f6c12748dbc91106e8f5d59afff
civora,partener-eu/validation/history/20260816T135248Z.json,11242,80678cff890e7de27029694744a6e1a149c6b1d1b4f779935b7953d690b91d80
civora,partener-eu/validation/history/20260816T140523Z.json,11242,f79915c3a2aac48d479c0c125e52d867b4733b499b9f9054ed99b57d17ce0656
civora,partener-eu/validation/history/20260816T140652Z.json,11242,ea593761379f556cc9932afb0d387b473754140785fef99a3e7341e5c6ca6162
civora,partener-eu/validation/history/20260816T140743Z.json,11242,1c84ee3ee03c07d04650a5162994faa73d0b34db11f16f94cf898ac195dd6def
civora,partener-eu/validation/history/20260816T144706Z.json,11242,c91bd38682631474ac711b2e0c02875bca011d98448dcf206acd84ced5bf9f25
civora,partener-eu/validation/history/20260816T150309Z.json,11242,52724723bab874a7bb8aa0884ada06f3838136642cc62433da92a596803ae8e0
civora,partener-eu/validation/history/20260816T150357Z.json,11242,48329c19c4f929ef65fce984cc294567eec05d46a1a23bd9c99e7d4384d88bac
civora,partener-eu/validation/history/20260816T154149Z.json,11242,6d5e4ef1c4879009f211c864c701b6eb47f6cb2fdd0e64044a83c712fc9ef02b
civora,partener-eu/validation/history/20260816T155525Z.json,11242,ea6cf20f429f710770352881cf2b01b3c2b1facb85b29cc306213a8d6c6312b8
civora,partener-eu/validation/history/20260816T160004Z.json,11242,f8400b03951b928403c7938cca4b56bbbef1db82d76410d7f4193518127d0355
civora,partener-eu/validation/history/20260816T160056Z.json,11242,7769874a46f298e807c346d74126c09ce52d89413f4d7587559dafe3efd0f1b9
civora,partener-eu/validation/history/20260816T160139Z.json,11242,44dee335bf8f54f476170cc08bb3182cdef806c20f69fa1beebf1c86dcfa0661
civora,partener-eu/validation/history/20260816T160224Z.json,11242,f94cac38f595ef4159730fe4026e7a479a664cb1308d52ecf163b97a9b91e58f
civora,partener-eu/validation/history/20260816T160306Z.json,11242,0f0684e1fd331af72c30fdce92efe1147298363dfa61bf61131d9597ca766d17
civora,partener-eu/validation/history/20260816T160351Z.json,11242,43c4970330da999256b87a667eaa8c9e88ebc759c0a0725af624c5487aa4f85e
civora,partener-eu/validation/history/20260816T160458Z.json,11242,3a707d52b2d35029d176f78d662aad87b75a52d755cc7447351552eeba97b3bd
civora,partener-eu/validation/history/20260816T160544Z.json,11242,09d7eef8b89777dce42873177dd7deb777bd4a0c11b975f11591fd4dca7a2211
civora,partener-eu/validation/history/20260816T165352Z.json,11242,e07269e5876f1ee1b3d2280034dbf1296033274e5cdf0521c2cf0d4e2212f195
civora,partener-eu/validation/history/20260816T170348Z.json,11242,fd41e82e216690258814b14267c4a64e461519886efd7c149096dfbb70aae644
civora,partener-eu/validation/history/20260816T170438Z.json,11242,bfbb3c3093e94e0b7f989daba042251454b004ffb6192662d8688cfae6cf5c38
civora,partener-eu/validation/history/20260816T170521Z.json,11242,f067e156b4ff565b8b2711e687c571f42c9622f44257f6ca09b817b1cf20ffd2
civora,partener-eu/validation/history/20260816T173428Z.json,11242,39caf2ede8ef9042510b26401e6c4966129d94319ed1626a605dd2347265f496
civora,partener-eu/validation/history/20260816T173508Z.json,11242,8b4d5df1dac20ca26bffdafbe4df3c2186468d533e81771c2aac681511232282
civora,partener-eu/validation/history/20260816T175515Z.json,11242,8454e8867253d52155403ca9d96336207f42819c6bd783f52f29211b22d8e029
civora,partener-eu/validation/history/20260816T175609Z.json,11242,c7c697818bb9a7ce74bb1759d6de098ead6a0f2c94135c206bd60542ae2ada3e
civora,partener-eu/validation/history/20260816T175653Z.json,11242,32657dbed866b554264d56a8d10452f4e744dba77592bf4b67fc2b35b0943b6c
civora,partener-eu/validation/history/20260816T175737Z.json,11151,d6f1d4390c03e52494be1967329c032f821f264564f840d55562c0f73c2cf177
civora,partener-eu/validation/history/20260816T175901Z.json,11242,2797cf0500496d68c873f2754bf5bc4dc543f1351fc688b7ef0b4c114ca7c581
civora,partener-eu/validation/history/20260816T175944Z.json,11242,40b02182ceeb6d39c1f5dde78f453511e11e6ca8367f00678005d83052e7129c
civora,partener-eu/validation/history/20260816T180155Z.json,11242,cf518d1fb884809b0b3a4e01e4eef32f6e26b5dd61dab7829ca8a2d01cf9a550
civora,partener-eu/validation/history/20260816T190501Z.json,11242,fb3301b64a80e38fbe864f5e7f87a23d14697fb60c7ea498cd4a0b3521aef79c
civora,partener-eu/validation/history/20260816T191200Z.json,11242,17a75b83a0a8978b05826f1a0d4241a95fdee12333b801879b778aa111135847
civora,partener-eu/validation/history/20260816T191251Z.json,11242,12f5ebf888d6c35c3361089b24678292b9e675b3b9ba92da9b7a9b0aefcd16b8
civora,partener-eu/validation/history/20260816T191333Z.json,11151,7807f9abeaaa644791372a8574c526e5909f2b163ea0cd4d9a6237cc91711d80
civora,partener-eu/validation/history/20260816T193254Z.json,11242,a2a05014ba6400475bffb0b7f63538107442507d50d74e349e5107a23b9012ae
civora,partener-eu/validation/history/20260816T193340Z.json,11242,3dc2d4a6b4f31719b18bfab6376e20dbf60e487c12ddb4d7f762a2030c12f3d5
civora,partener-eu/validation/history/20260816T194007Z.json,11242,be26308778c1160a86cdbe6cb0b62cc2ffe10ed6bbcb3d9c966da7c5baeed1e1
civora,partener-eu/validation/history/20260816T195222Z.json,11242,9d3c87804c5bb59af21e3065d7faa5e49e08f4b28de175230dd36d8b4edd607d
civora,partener-eu/validation/history/20260816T195317Z.json,11242,ef466337949479561173bb3b760f34c32aa5a34c258b663fb52e67005135246a
civora,partener-eu/validation/history/20260816T195647Z.json,11242,dbfb67feca082cd082c468f1fe1e04a2bd06626d6e51b27ee967411d76fc3dc3
civora,partener-eu/validation/history/20260816T195812Z.json,11242,bf80ff1fdeabf515dd9d0b4bcf465f9915f555372885967acb99c216b6216170
civora,partener-eu/validation/history/20260816T195908Z.json,11242,b48a0f4e0ed27df6c36bc1eff4bd1edbc3485e535b04716168ec2f043bafe66b
civora,partener-eu/validation/history/20260816T200121Z.json,11242,b0195b0d4f4315bc5a34d845000f04fd8fe6ff46fc2ff9afe75491eb48ff42f7
civora,partener-eu/validation/history/20260816T210223Z.json,11242,a17f0b06b37805185f388cd9886249d9df919e8fa18b28aa42744c774e804bae
civora,partener-eu/validation/history/20260816T213912Z.json,11242,6a3e3b3a9d88f5b487b0412b29d680d193c91a4b793f1d23752e350273e761f0
civora,partener-eu/validation/history/20260816T215246Z.json,11242,4cce82e553b6f579ae439b7cfd72b75b38d49008533e36a4a7c6a3843b906340
civora,partener-eu/validation/history/20260816T215602Z.json,11242,7fda57774c1d55115da7a00d0aae488c0e37004ecf732fc860b0975ff031cbf1
civora,partener-eu/validation/history/20260816T215821Z.json,11242,c4c5565aa9d88e0595ed2e0dae8ef604b21922d248f7b4ef74a8c8667961421f
civora,partener-eu/validation/history/20260816T215904Z.json,11242,1ab52b27fff2e445b567f8660951b1a686d4ba7cfba061c2b9f1f45fb80d0b19
civora,partener-eu/validation/history/20260816T220113Z.json,11242,51089b6a8b02a8a849a62e42b261a9645f765837d5ef455d7b3908b4ffb5eb98
civora,partener-eu/validation/history/20260816T225833Z.json,11242,f5068dc10fe42d44989d589f9e31a6db5a538c2b8ab9882d29f6d7eabd6f52b3
civora,partener-eu/validation/history/20260816T225945Z.json,11242,61dba529d8b1fee19afe8a014b37920106eba32ecfcb793cceb5dac12fac937d
civora,partener-eu/validation/history/20260816T230115Z.json,11242,ec4ca72e1db9aea6f6b9b7be0d144daaf2af6d201885bff5159fad862f6c9a0f
civora,partener-eu/validation/history/20260816T230207Z.json,11242,9aae69ce3ed23b4a58729cdc987850efa265f13ff19d9f4dcd6a5759eaaee463
civora,partener-eu/validation/history/20260816T233919Z.json,11242,80c3335c725da2eb5b510eae97c01b84c02da4d33cc48176e606b83ef02fb622
civora,partener-eu/validation/history/20260816T235606Z.json,11242,4ba78b7a7d6927836cc4b609c254bbaca37d7c7706eda9b8b0540c634504cf11
civora,partener-eu/validation/history/20260817T000200Z.json,11242,5eaa82e76874a497eb19d0e617e8c6b89f81fe593804323c0b40dc803b074a63
civora,partener-eu/validation/history/20260817T032958Z.json,11241,4c704e3782e3b894e03c5294be720bd913e68c464dfdc519e5ebe5de5176b5f2
civora,partener-eu/validation/history/20260817T033302Z.json,11239,a0fd3f3f44c7839345ae23a50e33c2e83c82500650423b6e4ddde4ff7c703a8e
civora,partener-eu/validation/history/20260817T033350Z.json,11242,fa09d94239292ce4d37e830ae959e0cb5860af0b0277a7829cbdf13aa39f57b4
civora,partener-eu/validation/history/20260817T052142Z.json,11242,7847890f727dc165e33081f33a3027cea13a0e009e1cac9c0cf5b5848ccceb6d
civora,partener-eu/validation/history/20260817T052320Z.json,11242,e3e0c66689b0a2868338bf653e9eacd6b3750e6102314cb55264b575ccffc774
civora,partener-eu/validation/history/20260817T052410Z.json,11151,17f3e43e0688fc51ff7fac4c80752b5d2852f0b5cbe1eab0cd064cf0ba5519df
civora,partener-eu/validation/history/20260817T055139Z.json,11242,785c5aafca27c05c49c7f831fb44ad5278563f97da567464e99e14d161bca86a
civora,partener-eu/validation/history/20260817T060354Z.json,11242,03b224cabda138160ac77de07737895af1abbd0b7391b9343ad895afcb4af864
civora,partener-eu/validation/history/20260817T060507Z.json,11242,6d8bd98418209135ee8bb50d2632e97454c9e4c12742fe88f80a95bd7ab3dbe0
civora,partener-eu/validation/history/20260817T073056Z.json,11240,edeba83174943a8dfac68758eef6accbb213548b25c387c634e1ae90a83121fc
civora,partener-eu/validation/history/20260817T073138Z.json,11236,34d50ffa657dfae90182aedbb2bf8ab28584f5408ec701c7af94faf3ca1cdd76
civora,partener-eu/validation/history/20260817T073217Z.json,11242,039f53d6221cd934704eab53add80c0cf9327dc29498399445fc54a7a99f46bf
civora,partener-eu/validation/history/20260817T073300Z.json,11242,b98d5f5d4a40289c02c708b8f5c2b4eb9a06b5a58617079aeae6b2fc41da98fa
civora,partener-eu/validation/history/20260817T073347Z.json,11242,5c0c8ef178a3d326b59b7bc4f72e0a3bfeb6a2f8a2110a7dcb6702e13c208068
civora,partener-eu/validation/history/20260817T073429Z.json,11242,0e6dee71d0a4aece257f8bb23344299d32b0b2807d0bc7a1632ce903459b78bf
civora,partener-eu/validation/history/20260817T073518Z.json,11242,4853cf2f7a66bd2fdacd96aa1c4ef6ce08319958b71f24377bfd1df2493e9678
civora,partener-eu/validation/history/20260817T073601Z.json,11242,89d38ace5aad56e95441a01fc494769db9cb30cd7b1c6d818f07d5da0fbb99ae
civora,partener-eu/validation/history/20260817T073726Z.json,11242,39d65c95987d50e84c4afe606c7befa20e99fe841297154322bfdf8c969e6512
civora,partener-eu/validation/history/20260817T073846Z.json,11242,e4b3b0c0fd76de168df794851e02a7398bef3a317eb6b1283b787e39151ffe18
civora,partener-eu/validation/history/20260817T073943Z.json,11242,a8a327a5ff4af576ce098cf04c2b1cd57b0dfc21b2363f995a60fba45db8480c
civora,partener-eu/validation/history/20260817T080501Z.json,10964,2d4cb71fae77bfeda31e7d24b4ab2e56ff277ad82ee251b13146248ad098a03a
civora,partener-eu/validation/history/20260817T080549Z.json,10964,0efa43d51857d49b033710284ad4584a7a2a1b4c3920b7598e700177cd46ca79
civora,partener-eu/validation/history/20260817T080644Z.json,10959,c34ae23b63f8c187566d2e7609f53479835043c502de173c022b5ec7a966246e
civora,partener-eu/validation/history/20260817T082711Z.json,10959,262f557f76767bd45fbdc14e109dd670b7792c07f58c41184d6f2768e4b6f308
civora,partener-eu/validation/history/20260817T082838Z.json,10959,70f8eb23e5f133f5657dd7b491d36ef81f37941c85004b59cd226f98b5a66ab4
civora,partener-eu/validation/history/20260817T082931Z.json,10868,7c8d0251b7289e230ddaaf45f18a5c9ab6f0b017679fe668cdee815c14558de2
civora,partener-eu/validation/history/20260817T091840Z.json,10959,5117226d2b9bca14fda84b5d30f0c41907723cb96b516ddb6b60da4c656be106
civora,partener-eu/validation/history/20260817T100836Z.json,10959,2fa31e21ef352a1453d545f72e1f3c4812ba000226f9ee0e7044f3df4d84d28a
civora,partener-eu/validation/history/20260817T100926Z.json,10959,164370536c7f8e3ee32d64caeaf60f7ce2a0d3a93fc136e53dc39109abae3807
civora,partener-eu/validation/history/20260817T101601Z.json,10960,e71be9f92487b3ad2c78096e4f1eff15e920dcb64d17d50f911cd417ec2c0355
civora,partener-eu/validation/history/20260817T101645Z.json,10960,997fdc5db8b61854610cae77b47868d944d7c892a5a57d5b512df19ac66d6f68
civora,partener-eu/validation/history/20260817T101736Z.json,10829,6a5d8c9fca492b80d9efacb3cdc5427a65e35cf2ae92c228209635f9d10980f7
civora,partener-eu/validation/history/20260817T105222Z.json,10960,5ed841e303f94421b29182526d8288a4819f4b882fe180c512a58ac423f86412
civora,partener-eu/validation/history/20260817T105500Z.json,10869,abcc6722d36298de397f48892aeccd86f2dd80ec8f3cff6079b459c991ae5096
civora,partener-eu/validation/history/20260817T105542Z.json,10960,65a067aed2b4e95bcb79a3a67d7189dc0110fab27bdf5d7e77b845ce4305b790
civora,partener-eu/validation/history/20260817T110016Z.json,10869,e0ac4e78be44f6f330ef0a283b135b8e256e8b966db5cab50e969e79f81da3d1
civora,partener-eu/validation/history/20260817T114511Z.json,10960,1b2fcfbbf04cd00a037042b77eb5219fb0cc03e0d631b03f073288e8acee2eb8
civora,partener-eu/validation/history/20260817T114605Z.json,10960,cccf9242d8f496dc3d4f413ff596e8ec38e8c9a3836b8ec5db9b2140cbe7e651
civora,partener-eu/validation/history/20260817T114650Z.json,10869,c60a144591a20b6c89852d5c2cd851989adfd4dbc9ef3162c58409f035020dc0
civora,partener-eu/validation/history/20260817T115147Z.json,10960,cee4d1469cb1fea6e0244b8af961daa6ff7a85b0bfd6e7234aaf1b6b155b1f73
civora,partener-eu/validation/history/20260817T120208Z.json,10960,4736822795afb49b0dc44eb130eb671546cb7615b676e39fe10765e95d356dcd
civora,partener-eu/validation/history/20260817T120257Z.json,10960,ae3da75b07f13e0027b33d334d40ba27cd7591665e434acfc73f5aaea70173a4
civora,partener-eu/validation/history/20260817T135614Z.json,10960,d9bb9b13efd5b369ffc2038dd009f23ca4e24927fc2495e55c1e488b3b3b2e47
civora,partener-eu/validation/history/20260817T140228Z.json,10960,dce3782063a57b317b7bcc24e100d8046f04f795d8909c264e568e1afd12d81b
civora,partener-eu/validation/history/20260817T140511Z.json,10829,56e4a9ae65764c77299b0aa27227fb966c163d9227ca829fd3e9132d3a12fc7a
civora,partener-eu/validation/history/20260817T140940Z.json,10869,57932439c578c06be46a93ab1cfecfb88ef86b7ed3e93c4ad786d23f10ebc0a3
civora,partener-eu/validation/history/20260817T151453Z.json,10960,c67e91f7f34d04c525aa3c3f57c8de1c46c468d43e93dbf7306df61856a67a9f
civora,partener-eu/validation/history/20260817T151540Z.json,10960,3dc444c468d6c1692146ed0fabb94d3de7567f993198bc2aa9f304bb5b8163ff
civora,partener-eu/validation/history/20260817T154433Z.json,10960,6780de474aaffd7d09a013f7de12f27a1e5b38b1b1d397a239a2eca29348e5b5
civora,partener-eu/validation/history/20260817T154621Z.json,10960,146d498c3ac9bea13ffee41880f969cb952822cb964990b9bb2cd73be3eff6bf
civora,partener-eu/validation/history/20260817T154819Z.json,10869,38c805383ec501104dec6c8bc71243ec13e83068202e6007dcd49989c7e45363
civora,partener-eu/validation/history/20260817T155107Z.json,10960,fe788e92cf6f4b02c1fb0d0b1007f4f5d57da24c745ee125e6ba34dc158f2c26
civora,partener-eu/validation/history/20260817T155853Z.json,10960,6bd65e6223b5b964a5e7e136002d6fa866a3f2d871961b203f188549a1aebd84
civora,partener-eu/validation/history/20260817T160211Z.json,10960,eb4b8c22f9e18edea3e85814f41d5e90e61b529007124ef88c51604cccd45305
civora,partener-eu/validation/history/20260817T160304Z.json,10960,f36358ad587ce7fdf5d5a0e8ceee1627224567b3ed9f2f224bc65fd798af66d5
civora,partener-eu/validation/history/20260817T160351Z.json,10829,581de7836747fa767a3b335f243ab2736fdaa07d55d299fbbb0453f7a0c0d903
civora,partener-eu/validation/history/20260817T165925Z.json,10960,fb164a9e306755bc93de53191e1722edc72d1d22053b343db092e7b857c5089d
civora,partener-eu/validation/history/20260817T175153Z.json,10960,a2da25e2d897d7eaf296fd69e1f1c8fd309860d2acf26b9d2322e5c0499a4177
civora,partener-eu/validation/history/20260817T175238Z.json,10960,9573fbfd617d475a68de33e6a829a6237a5708e07518c3da5ecdcd7a77196cc1
civora,partener-eu/validation/history/20260817T175659Z.json,10960,09c700f2add49d61f433490820660bc853e70d21ccff5de171a01285e52f927a
civora,partener-eu/validation/history/20260817T175745Z.json,10869,07223d0586a4bcafcc39710a9738b8ed701f9def2a9c29dbeca1ce7b80cfe6e8
civora,partener-eu/validation/history/20260817T191744Z.json,10869,df1b7e6c10ef3275a4b278c3bc2718550d5512c76e019729615f828834ca534d
civora,partener-eu/validation/history/20260817T194353Z.json,10960,e2d818d956b5e076a84bcf145159aceb24ab676bb7fe2794403ff009f5359530
civora,partener-eu/validation/history/20260817T194806Z.json,10869,3a0d299dd952c918be394f960c0be22bfb711898d9a5041cef16238f327daf90
civora,partener-eu/validation/history/20260817T195418Z.json,10960,13ac611ea679cfa100a96d6fe568c65303f839ce84a42060604c618d85c5d185
civora,partener-eu/validation/history/20260817T195635Z.json,10960,56b16b11a416edf915eca9d309b86bc602aff7107b18b87a900fa9b81efc99a9
civora,partener-eu/validation/history/20260817T195723Z.json,10960,98f5e6dd95713085ae71847ba8f4660371a4fa2f74450cbefa98a2367dbcf216
civora,partener-eu/validation/history/20260817T195854Z.json,10960,7e868a9b146cb1a3a7bec4a05ffff308f755180fcad39dfb1e92d380884abe54
civora,partener-eu/validation/history/20260817T200223Z.json,10960,11da0b77e79561931e01bbd2d310ae1dc63dce4a17bdca015a6e3aac1e679469
civora,partener-eu/validation/history/20260817T200319Z.json,10960,1ab0661405eb782e2e9cebf0f02bd8836d97c1becfbdf22edf8333947f68403d
civora,partener-eu/validation/history/20260817T200418Z.json,10960,4b580b2bb70e46600adadd5babf3acb4bcc3ba0b8fcdb98ad67585a45a8be7f2
civora,partener-eu/validation/history/20260817T200508Z.json,10960,c9ab02a448de969de9808ad9ab81319b53a9d34e509f16719bafd89d8655cdcc
civora,partener-eu/validation/history/20260817T200856Z.json,10960,e0f5e6b1927af4e6cbb31f72ee00cc86505b7ce5ecb16b136f16e17cfd5811cd
civora,partener-eu/validation/history/20260817T201144Z.json,10960,c42e8088bbc4b888063063330c7e3d3edaefe3ac195636de95428c6963319054
civora,partener-eu/validation/history/20260817T201233Z.json,10960,94edac4396effbed94b33eef086ed58ebe90c378acfb9e208c4799dc86cddefb
civora,partener-eu/validation/history/20260817T201550Z.json,10960,b27fbc872be425267d90f20a08c69dd07dd16562ae4b682079c004ff2c4ab52c
civora,partener-eu/validation/history/20260817T202004Z.json,10869,a8cc0042e50de3d1873dc7adb9ef2a1f7c0769424cf310908cf8c5d88b016d5b
civora,partener-eu/validation/history/20260817T202042Z.json,10960,54e17754939f118cfb83671c972deed896c49f31f9855b7b6a6aa566aaa4f122
civora,partener-eu/validation/history/20260817T202544Z.json,10960,52a3661232f0ec67c4b552a91f36cdab2279de7797c7e049036b5a6a7fba6170
civora,partener-eu/validation/history/20260817T202639Z.json,10960,1db20aadc8d2325bcaf9c65adbeb234e0f490594f9af474b69e2d17f7c691c7f
civora,partener-eu/validation/history/20260817T203458Z.json,10960,2d171dda4eec3d0f3a1a8658b579000e2b3595e2f2fb4a151d7a183944efb8ec
civora,partener-eu/validation/history/20260817T204540Z.json,10960,f51a290d4f39cfa39b07fc28da7a24120a5ad5cf79d33c7cca69d11322122eb9
civora,partener-eu/validation/history/20260817T204706Z.json,10960,14abc39d59c233a4749bc2d1798f70da46ec2fce982ba702fc1d95fdf6ae84ea
civora,partener-eu/validation/history/20260817T204755Z.json,10960,faa16f56d705b7802a26060d19233b376b07dc66eedf1d249b3ff542e2525557
civora,partener-eu/validation/history/20260817T204852Z.json,10960,5613d2276b5b4c23877b5ce9afa265ae607964d58b518cc82da8988e4df398dc
civora,partener-eu/validation/history/20260817T205623Z.json,10960,6a523254003fcc13e64da49ead09b5c5300226c38f3e88676f3c17d3f48ddf41
civora,partener-eu/validation/history/20260817T205752Z.json,10960,813de1ba3f4a4b37fd03a2e4c7c12f4ffea398fd9bd95f0d9eb463f6b855e18a
civora,partener-eu/validation/history/20260817T214647Z.json,10869,f358cbfabf3fec6b0d7a41dfac15300c6680be9cb46542e67f69f9a520dd92a2
civora,partener-eu/validation/history/20260817T215558Z.json,10869,d16d7ff7a164ff30783b31f8dc49994f192e08b5ddb78ccb45aab3948e58db76
civora,partener-eu/validation/history/20260817T215648Z.json,10960,1d1316fe967e4d959b29b8e93812c1a78bb26571cadfc5bf078667d3458b049b
civora,partener-eu/validation/history/20260817T215740Z.json,10960,214f63967cda20ba4ab89866246a2b7375687934e489c72761aaf77683e51774
civora,partener-eu/validation/history/20260817T215828Z.json,10869,9169d1d4f80a796025108c6aa28eb80a08142725e088cae07ea95a4e3f5ddc94
civora,partener-eu/validation/history/20260817T215913Z.json,10960,b5bbb16e2d4ff0868e38468cd2120625a4b5be21336df33e716dbe367d5fae96
civora,partener-eu/validation/history/20260817T220001Z.json,10960,0138098166bc1c593108438ffb2da5272634d2a5dfaccc7da956140143148a0c
civora,partener-eu/validation/history/20260817T220049Z.json,10960,d868ff5dbe17fe65b3a0b5eee9a8c488aa4b73eba011309c60aeafcbe73a806c
civora,partener-eu/validation/history/20260817T220213Z.json,10960,f3ad3a2ff062268ff910209005556b012144c1112b2e49e84aae87fd8e53e21c
civora,partener-eu/validation/history/20260817T220312Z.json,10960,02fe5fa4c1e1c7138a5a05b8971bef5324a5be0dc79eb6aa20e8407c031f9d8f
civora,partener-eu/validation/history/20260817T220447Z.json,10869,9e6f452c57f27f4bf85bee5d7948161cfdde8295b0e20025a80395a54f3218e9
civora,partener-eu/validation/history/20260817T220920Z.json,10960,454271357bb8cdba070203ffe20592a8120a36a035eaa7d83efa367a9330f463
civora,partener-eu/validation/history/20260817T225242Z.json,10960,686eb12117af8a9db284e96440d5184b1385862f538a58d952702a972d228f60
civora,partener-eu/validation/history/20260817T230224Z.json,10960,b62a6e18a42b593470ba9a0edb5f9c94c44da936a03d736c346b0f12f4440d93
civora,partener-eu/validation/history/20260817T230339Z.json,10960,8141f3f8615820f4de8cb126b1d251ec538ddab8c37b6bdcdfeea53f90c126f1
civora,partener-eu/validation/history/20260817T230425Z.json,10829,69554fa66bdba918a5c5bcfd8714ec808aa8cb5253798c39fbff924a975b03ab
civora,partener-eu/validation/history/20260817T234141Z.json,10960,7ad6dbb96df52c03f04e50348b6f4d6f7a27da720b057e55815e44e5745d5bd4
civora,partener-eu/validation/history/20260817T234234Z.json,10960,f68f1cd1d9c7aad1a8083075bd4a4294996ecde090e0cc08309301bee2f2b9ff
civora,partener-eu/validation/history/20260817T234332Z.json,10960,4c840ad777ed7bb3ece2c1c0a4f6798ff28ac035870d9fe24da3039115a1b38f
civora,partener-eu/validation/history/20260818T000530Z.json,10960,09456d8cbf024b8269baca594fcb56de9c92c7bf306523ef16cf7714e88563c8
civora,partener-eu/validation/history/20260818T031325Z.json,10959,7f951e994c37cac24e9a4dfe6e8ad4c1dc90550c15095858c36eddd26a1fafa0
civora,partener-eu/validation/history/20260818T031619Z.json,10957,1851c687b218d5d64e7f2bdac2d12b0f6ba7ddb196ac9b4867065088377e32c6
civora,partener-eu/validation/history/20260818T031707Z.json,10960,fd43a79618f46d44e8fb23976ffbcd728eb63184eb289ef3f76ee3c1661b1cbb
civora,partener-eu/validation/history/20260818T032553Z.json,10960,0cb6058aa46acd101443b7cc706c9a53760b36307dc8c14c4b12a3f1020f54ec
civora,partener-eu/validation/history/20260818T032644Z.json,10960,13add3b70a98ffe22b6ee8740e9bbbca3a4ccf9f70385d5ecf67215dc231e314
civora,partener-eu/validation/history/20260818T050659Z.json,10960,f27e244bb7cb8719b622431dfd1f66fd93a8dd087eaee076bcf678e8d2805f52
civora,partener-eu/validation/history/20260818T050753Z.json,10960,365f69daf091c59e83d4eb18c1b6034be82ee68e25e7b1f83d4058f0cc4b37fe
civora,partener-eu/validation/history/20260818T053620Z.json,10960,ae7602d5403231a82655d1a6d906599ef55b4d5d8fbd20f367809a4eff212004
civora,partener-eu/validation/history/20260818T053720Z.json,10960,087022857807302afd3e9c580e68c98604c54e0103cc6e69d86016ff70228f4a
civora,partener-eu/validation/history/20260818T054049Z.json,10960,48769a1abdd60c74b001fd67e7df7292b4d94f5a9f4d70708c3827e6290d9dcd
civora,partener-eu/validation/history/20260818T054137Z.json,10960,872211bc5fddb822bd45c6f1ac790a5d1d1306674700b2d52f913649cff340bf
civora,partener-eu/validation/history/20260818T055148Z.json,10960,57a3ba18da16cfcaa6fd30d18cb4c0baf811072b2cc24dfe368279e0ac9c1f92
civora,partener-eu/validation/history/20260818T072730Z.json,10961,9a14ea2ca4d67620c754a3c0162721d2e156f642add9c2683d3ed7a26797a551
civora,partener-eu/validation/history/20260818T072822Z.json,10961,a2fed07f993617cb792357f26efe529cd48a993873316ab17311ea2885f67acb
civora,partener-eu/validation/history/20260818T075807Z.json,10961,3feb39f10506d2b99e02f42fa892bd7148f8b3b035344b0ca81e8130ea8dc850
civora,partener-eu/validation/history/20260818T080409Z.json,10961,8b9cd6009f872d387945e4c58fbc3804282a917e7250becf6816cad46ce27241
civora,partener-eu/validation/history/20260818T080450Z.json,10961,b85c651a29372eebda6e1654e1b1cfe8d7b4a7fae6c51188ba1d6c5c7cf1f843
civora,partener-eu/validation/history/20260818T080632Z.json,10961,d51b089a2229bd1f6f699a111e85843dff857ceebbd57f047380ad4a196ae2f0
civora,partener-eu/validation/history/20260818T082220Z.json,10961,29f2f96857fd67f988365998338626b68a84cf1f6ca29af5f80a9d156f57a7d6
civora,partener-eu/validation/history/20260818T082309Z.json,10961,b64a26dfa0d8b77ac1c65c06d1c736ceee388579a9a05f596c448751bfc99dbb
civora,partener-eu/validation/history/20260818T083028Z.json,10961,808b343349cc0268787187847dbd727b4b9f59dc07f3d53d6e0fd08ca270402a
civora,partener-eu/validation/history/20260818T083126Z.json,10961,826b01f1427dbdc3aa99a92de07d283d395ca3d1e6af9c4fb5381879f0543177
civora,partener-eu/validation/history/20260818T090713Z.json,10961,859a54aeed7a8513a11ec98607ac8d11aef4a9fd1a71e2108edc1ba7650f82e7
civora,partener-eu/validation/history/20260818T090805Z.json,10961,a530001d300d26486434df37ea0d54730793d80ce47569c19b8b7dfffd7d9ea3
civora,partener-eu/validation/history/20260818T093908Z.json,10961,ee5a45ba8cf8c1bd44a160e7e766a8ea44240db5e8a1c0bcbff62b794c5122df
civora,partener-eu/validation/history/20260818T093956Z.json,10961,e12e0cfdc6e081e8adb5d1f65f35d3a66c5f64f0868887e559e07a651e174e9d
civora,partener-eu/validation/history/20260818T094058Z.json,10961,0c70c6bacefdbacb0e383ba2d7dea03bf459970f95622f763a93693b9725d236
civora,partener-eu/validation/history/20260818T095517Z.json,10961,7a2a84940214b8477ba5712b69bdb5a4b29eed3daeaa4284e39cc5af0a7c8dc8
civora,partener-eu/validation/history/20260818T095625Z.json,10961,138729061b140de3128517c4dc9a57506285eb0f120e50d16ae4f6af7131b88b
civora,partener-eu/validation/history/20260818T095933Z.json,10961,22b98af5dc375d7a9c566165a87c083b9a0ecdb82c0b989a7332ccb33b3057ef
civora,partener-eu/validation/history/20260818T100023Z.json,10961,67d2b1c6a0e0009020ddbd952df44601766768e8eb03f745d4c9a9b1fc16bf0a
civora,partener-eu/validation/history/20260818T100208Z.json,10961,ca0bf06705b9dacc66bf352cba81633b168ecac6e1fe0af490fff0e7effb520b
civora,partener-eu/validation/history/20260818T100940Z.json,10870,9822caf062f8c701e99f1423d94e34b9dc661881206c9027bff93f500b4c7de3
civora,partener-eu/validation/history/20260818T101034Z.json,10870,5b95e55f944962f02a7757e09b54c42c1fa84facdf4c851e546ecd233d97816d
civora,partener-eu/validation/history/20260818T105114Z.json,10961,4774d28f1ab606fdc4eda1e11e4ce8666b793a95b29f9f6b177ebad4f22a6520
civora,partener-eu/validation/history/20260818T105741Z.json,10961,bcc8794b74a3a833bcdab1029b46d6cd8fb2b639953f7f05c97e090bcb2227a8
civora,partener-eu/validation/history/20260818T105827Z.json,10961,2a251d34ef3f8d71b8de661f0aeaaedabec6faf47ae93d77e5bd14748c8e5666
civora,partener-eu/validation/history/20260818T111547Z.json,10961,92f09423cd5d709c25090e3dc33398b7d0266ca03971bf16b78fe67928e9ab12
civora,partener-eu/validation/history/20260818T111632Z.json,10961,24143af020ea08b59407c148ebc306058bec82c475b15205b7f9df352e1b0ae0
civora,partener-eu/validation/history/20260818T114551Z.json,10870,0220f96ceed77e01786b514d3c348f0eccd8b510d6adfa0ec20bc77687b0a8a6
civora,partener-eu/validation/history/20260818T115319Z.json,10961,7cddb5a7ece35a4ae873ea604fc33022263c337b283a7f6942826f15baeaaaa0
civora,partener-eu/validation/history/20260818T120517Z.json,10961,1c8eae22cf292f24166f3083105d207e3870740e9df7192cdfbcc096dc085a4c
civora,partener-eu/validation/history/20260818T120608Z.json,10961,b926f35af56942f7cf85460132cd8608a1446d706d16e8825be169d3409bed40
civora,partener-eu/validation/history/20260818T135742Z.json,10961,af27eda700e5de6a70c915e2d724c961eaaa2da8e37d6d16863689e6eb4f2557
civora,partener-eu/validation/history/20260818T135938Z.json,10961,1297d2b989abddc7662e1d212cb0ee4d19d9ba327e6f2950f102f0e02edb9b26
civora,partener-eu/validation/history/20260818T140030Z.json,10961,b5598a9dfd8794690cbf5020018dd182c5204883d35d1429822befb86f2807eb
civora,partener-eu/validation/history/20260818T140245Z.json,10961,a8c6481669467ab87bd7f5e822da5a24041fa7fc5df9a79f006406b06a00dcf6
civora,partener-eu/validation/history/20260818T140910Z.json,10961,fb6f08159cb46faa86e2c8eb0a81afb0c8f27f5c86b276f531c93966faa303f0
civora,partener-eu/validation/history/20260818T141719Z.json,10870,65de6cb45e3088985fd522ef4883309fb2feb0ee6f4c5b68e5d7dc61c764dddc
civora,partener-eu/validation/history/20260818T141909Z.json,10961,0af46818449b8f21479f56e5bb74592ae5e1d5373064dd5f492be6234efa3d12
civora,partener-eu/validation/history/20260818T142001Z.json,10961,a2d0f600e5a868cfccd735a8ee627c9677d58c34fa05115a12e04c085ff00ca6
civora,partener-eu/validation/history/20260818T155701Z.json,10961,08e0bfa08817261be351a1ca3716b6ada6939294dad13fb6ffe301b249314e15
civora,partener-eu/validation/history/20260818T160025Z.json,10961,1f4f7ca237d2fbad411ed5c834be7dad0655c510f335002e3b5a01eb02b7b71e
civora,partener-eu/validation/history/20260818T160125Z.json,10961,c206778fb9ceffbd94c7dd06f696f22c2b2ed44c85c3adc4ee9645dcfb06962e
civora,partener-eu/validation/history/20260818T160316Z.json,10961,258eb162e84ecec6810460483a18a27dccc51d42b816a8892e69d46ec00a85ec
civora,partener-eu/validation/history/20260818T160426Z.json,10961,a1991da98eef62d053cc534bdadef6c7860f2a1a449518bfdf44f51f8e8e5e87
civora,partener-eu/validation/history/20260818T170609Z.json,10961,d7b8b40de6c9586ca5b8253eabe63ce4b199212d3587386ae425ba4a971caf03
civora,partener-eu/validation/history/20260818T170704Z.json,10961,c6819ef43125952c04991e3aa0ff0eae775242a159febf0d9b332f7c2a7f6b15
civora,partener-eu/validation/history/20260818T170758Z.json,10961,b0af1ac8398b9b0aac57616b7314cd1037eab0002d24fd5dbc723af7d8fedbc0
civora,partener-eu/validation/history/20260818T170851Z.json,10830,39deb91f9dec8978ae30d8ae253f495793cb35f6def3530cfb04f928d1be3115
civora,partener-eu/validation/history/20260818T171319Z.json,10961,a5bfd7d69902594f2866fc08aaeae292b06921f136be66d96b2641e4a4f6c2d8
civora,partener-eu/validation/history/20260818T171931Z.json,10961,e282633908349598e581d5c1f7e5e9e76f3ce80b100d2788651cbc35270ec08d
civora,partener-eu/validation/history/20260818T175019Z.json,10961,5e0399a9024756c70a2e794659a72de7c27a7accadce3249acc4a8696e006df1
civora,partener-eu/validation/history/20260818T175132Z.json,10961,c737e5edc1fd96d2f3183a599dfa406b4454b658fe1e85c27c2bc6a59e713c66
civora,partener-eu/validation/history/20260818T175230Z.json,10961,0749965b7c1c2b4510345f40e0f57e5d9733ef0cee865b7eb37a89b22e3bf70d
civora,partener-eu/validation/history/20260818T175510Z.json,10961,bcc09050271cbcf5513935556177715bbccf478940965a30f92f2687efd4516f
civora,partener-eu/validation/history/20260818T175608Z.json,10870,1cbcb44b698c7048406a1e5e77bb0071f7a589487c5f562a8b51d585fe632e91
civora,partener-eu/validation/history/20260818T175840Z.json,10961,6bc3bba4eb9948098638ed75981da8f46a806c685322b88dc2bcc38fac25ec8f
civora,partener-eu/validation/history/20260818T194048Z.json,10961,289d521f5f4c3e49c75f6cc319c7f09768a6201a17c7291a697132fc518ab80a
civora,partener-eu/validation/history/20260818T194422Z.json,10870,5286f74f5789b36a999b0cefc4ada77d33f7685cb8f690fb7f88a5a5b8ad5379
civora,partener-eu/validation/history/20260818T194931Z.json,10961,27f36c2c51c522efabf0cf2b0614f4ba31043672b280a22dc4ae8c530752f8f5
civora,partener-eu/validation/history/20260818T204515Z.json,10870,4b079918c959a73f1b4c29724e2e5b4c0ad4ee8e2086a29210e641a06678710a
civora,partener-eu/validation/history/20260818T205204Z.json,10961,a38627def775bc0522ac3c95956a652158aead6ba34b3c9da7995d0c539b95ed
civora,partener-eu/validation/history/20260818T210403Z.json,10961,351a5653561ebf09b3e18782483abeb3e4b7744964ea8e50a2e942cdd1980389
civora,partener-eu/validation/history/20260818T210508Z.json,10961,2c4762c757f81074b6cb991fcc84cd3ab16533f0072d7b750092572ae6d52d04
civora,partener-eu/validation/history/20260818T210554Z.json,10961,62ae7c919a556c650af93569b0ba79aa3ad964948f629d79c8330cc249d9c551
civora,partener-eu/validation/history/20260818T214238Z.json,10961,ae71e8f78e6220e4e938baa2ec3bc2d7bea842064240917c4491cdd748de78a0
civora,partener-eu/validation/history/20260818T214332Z.json,10961,4fa48ed1c76480c738b8ed734b342ad5cb4399e1c13e40101e617ac481b4b3ae
civora,partener-eu/validation/history/20260818T214734Z.json,10961,ee32769cc1b4a5341f1f795125d7670250895aef1fc4ef8985b0b0cb64c00762
civora,partener-eu/validation/history/20260818T215516Z.json,10961,6123428f9dadb3568f54b64123cc83feb62fe99c4bcb55b1e13d3521d11fdbac
civora,partener-eu/validation/history/20260818T215633Z.json,10961,4ffbbd78a2ca2a5b4e014fc2b6655880258242e6bac75cbefda064c2fabf3ad8
civora,partener-eu/validation/history/20260818T220025Z.json,10961,fcfb7089144c11318ff8d944780b4828b11ee3cfccb2c3af398e6d1dd897eecc
civora,partener-eu/validation/history/20260818T220113Z.json,10961,65adfdd555d25f949ada7aef43cdd55c9169454925813d278d8da8061a86a86f
civora,partener-eu/validation/history/20260818T225406Z.json,10961,c4b7d57d9dc710b0d2781564c3fb09a6f6148c5298930863bc248f3051ebbe1d
civora,partener-eu/validation/history/20260818T230425Z.json,10961,48b0bc0e323661c0916568f3d7a6716e7ebbaa73453d2200c4403c62afb1d824
civora,partener-eu/validation/history/20260818T233632Z.json,10961,31b4ddf25bf8cd2a4e8ecee6a3515cb9d2e63e44ac0656db61b4c6d198d8c097
civora,partener-eu/validation/history/20260818T233738Z.json,10961,43b4d14e0ba820daa3291e9dc220b2468d9e6f4e84656808c36e5c418cb9ded5
civora,partener-eu/validation/history/20260818T234110Z.json,10830,7160d644a211b129ef9447e7d81e4ac11909cc2eeeb8230ffaccd90846009472
civora,partener-eu/validation/history/20260818T234533Z.json,10961,129c38b858c9e15cdf8ebd85a99fa78f9a7f72d52d07115659e698ec179a0aa4
civora,partener-eu/validation/history/20260819T000053Z.json,10961,c6794b646d2f19ae8447034aa26a4ff4cf8d6ddfbe0d59f4a2ea5cfeebe2cb89
civora,partener-eu/validation/history/20260819T000149Z.json,10830,bb2a6f38c443d0281200ebf88ca22e18fca555d60edf7a90adc2a0c2155999f0
civora,partener-eu/validation/history/20260819T031539Z.json,10960,405a013ae44d2a135edd02b88d682900b00c8bea1679d04858867957280eafde
civora,partener-eu/validation/history/20260819T032620Z.json,10958,0faf46e5190f38e8cb17974f58df43773508642f306d70c6c19d87d6ce9526b5
civora,partener-eu/validation/history/20260819T032822Z.json,10961,5fe2e5b5010aeacb77a630c0250fb0abbe5fa88d94391b8c4e26f9669f330974
civora,partener-eu/validation/history/20260819T032916Z.json,10961,bcb9098427e0bd8364c08077d8ce645eb666fa5928502b87c8933bd174b7a6a0
civora,partener-eu/validation/history/20260819T050440Z.json,10961,87230c0cfe804e88d9a8207761f4952a2b5bf6878ff02f28e2718cb7053af9c9
civora,partener-eu/validation/history/20260819T050724Z.json,10961,2df28c2e056a424cd0810ea7ce36402f33544ec1a1ff1cdbde66bb7fc4a20e4c
civora,partener-eu/validation/history/20260819T051610Z.json,10961,f65b6504de4db1fcccda29ada002752a8e8c413bd5f321227b497b0ef6b874c0
civora,partener-eu/validation/history/20260819T052716Z.json,10961,0af80b7c0bc58f908a7139f6f40009ecf79da7ade87db1bf675f8b09aa284ede
civora,partener-eu/validation/history/20260819T055557Z.json,10961,f031979f554198dc4a93159d2710dd13ad26e2c8c6a8ddc3991726979ff4edf5
civora,partener-eu/validation/history/20260819T065153Z.json,10961,fcb7fd6aed5537763740fe9bbe57a9320b82ecb789761f00d0d408a083318d68
civora,partener-eu/validation/history/20260819T065248Z.json,10961,8fc59bb24569912611e0b6c4123e926eefebb4a831688fd9d2fe31fd54b6f18d
civora,partener-eu/validation/history/20260819T072127Z.json,10961,0cf38c91eb25d673a26efc8827ce0f670fb872fd86a5c5bc66cab94e4e3cbb5e
civora,partener-eu/validation/history/20260819T072817Z.json,10870,85d68451b3562fe0193edc2b4fb68eec13e7a58482ecdcacdaf79d38f1fddd8b
civora,partener-eu/validation/history/20260819T072926Z.json,10830,f82dc48758eb34fe281d30b36945bb305270e3eaadf25ddfe23805ed22044819
civora,partener-eu/validation/history/20260819T075737Z.json,10961,e8426cb9181407a845b2caa9222cc6b8134a6df3a6789a4d9aeeea574003f790
civora,partener-eu/validation/history/20260819T080449Z.json,10961,21722872635a4b73e815596d8dedaec7d13b6f74ff75a007ce5f2fac2f4f9ece
civora,partener-eu/validation/history/20260819T080604Z.json,10961,87813650ffce4477f9f15faaabf6189e953010c2850ce6f8adf6ed56ee894a7d
civora,partener-eu/validation/history/20260819T080702Z.json,10961,b98a95919f4ae9c9cb9bc0e45c707d811328a23cb3041d5dd3a17623ebec5efa
civora,partener-eu/validation/history/20260819T080802Z.json,10870,15af0cee9e1ca265eea7a50bd99333fa6d6f057396961ee5a8cbbec74fc0ad74
civora,partener-eu/validation/history/20260819T080851Z.json,10961,bb273f7b383d161e942342d39e65bde3168662082c57389a5f0ec6783020ffaa
civora,partener-eu/validation/history/20260819T080944Z.json,10961,02952b1e8b3d780b38140231e941d68a6319a1a28d8f13cfddcdd1e60ec6900e
civora,partener-eu/validation/history/20260819T083314Z.json,10961,b7d62460c72d9d16320fb57c976c6c20715b727fba11a9f7c6d40656a7016a3b
civora,partener-eu/validation/history/20260819T090301Z.json,10961,3ba6cd75efd66d83cc92956d6aaa574c45a03b792e49ed963370b34b33e25f22
civora,partener-eu/validation/history/20260819T090612Z.json,10961,2a4636162e8fefcefff60eccaf74073231933b9aa60f053722448dc571754ca6
civora,partener-eu/validation/history/20260819T090924Z.json,10961,620e4ed3ec7043c79c86bdb329fc386d797e0ff2b2e8ac183604ed87e8984312
civora,partener-eu/validation/history/20260819T091017Z.json,10830,8488718309b6ed03c2fa6e93df6236a4124006ac5c69ad04cab7b0e9741ee5ad
civora,partener-eu/validation/history/20260819T092931Z.json,10961,5843c89edf882610c242460ec7cb70bc1c573d7a5c70f5b6a128c7a9adfdd8e1
civora,partener-eu/validation/history/20260819T093155Z.json,10961,f8888a90e0864a2c5f87b603e3d9dffc1d6744187d8c23fa753b857127a15361
civora,partener-eu/validation/history/20260819T095002Z.json,10961,38944d44eaabe6ea10a234d3ca60a243e61ef1cc759f38645d86148f75048939
civora,partener-eu/validation/history/20260819T095049Z.json,10961,4fbc1af0e23590ee848eb677dab1e90072bf69098b5c57e4aa77b749ce386d30
civora,partener-eu/validation/history/20260819T095941Z.json,10961,e1d3129cdb6bdd5354576f1e927349be00ffd31ecc6d4fa7db05f3e2722956fc
civora,partener-eu/validation/history/20260819T100119Z.json,10961,f50e422f87864d4a32ca09004f4cc0a6d03fe007b05f06c884304cf7cd86c4bd
civora,partener-eu/validation/history/20260819T100210Z.json,10961,11ed3fc141e510485d9683d822da1afb7bf33d4598a50412987eb2e23fb56637
civora,partener-eu/validation/history/20260819T100304Z.json,10961,19130cfc8a903ce446cf71ccb55e226177f796422c1b095c7675bb28bd2b33a8
civora,partener-eu/validation/history/20260819T100505Z.json,10961,4f9521b10ad87bbf2eae43400771450688de084bd4416a6aea6abdda6c5f44de
civora,partener-eu/validation/history/20260819T102741Z.json,10961,98df90b10fa3c3bff8beb0ed70728992f214ce00d1e7f7439b1d9d0993de00f2
civora,partener-eu/validation/history/20260819T105047Z.json,10961,7d31a1ff7905a20712b5b67b67eebe8666972840e501f629a426bf643d88b4e8
civora,partener-eu/validation/history/20260819T105453Z.json,10961,74b12bea5daee630ddbe58306f92eddffb58daaabf2c7a909dc3cf1fae57601d
civora,partener-eu/validation/history/20260819T105643Z.json,10961,645016c41b87b0af650e818b6996b142c6d96cc0dd7b622386f29d30afbc5bb1
civora,partener-eu/validation/history/20260819T110653Z.json,10961,feb23ff307c32e1b484cbfd3113d6b86ec04e51a2e42ebc93a2a88ba391fb7f1
civora,partener-eu/validation/history/20260819T110743Z.json,10961,e7808082f7f0f508417e83f22d519bb8e2e64e24caea1e1fd3f06da2e07249d9
civora,partener-eu/validation/history/20260819T112011Z.json,10961,2cb23235b8ca83bbe45e00995ecf03d14ec2d5fa1f38b76d9277696698951ec3
civora,partener-eu/validation/history/20260819T114437Z.json,10961,c8e6681f18e5aff2c6880f27e594b50d6ed3aead470dd46edf2d9267cf0e065a
civora,partener-eu/validation/history/20260819T115243Z.json,10961,7884b1e2904b185388e9662aba33d1ace5b89d1bbfbe9ebe611e9a9546e5f944
civora,partener-eu/validation/history/20260819T120429Z.json,10961,76aeffc0aad19f86b7699db03a8af4ea3f4ae94c6ff95a86410c8b759254f6be
civora,partener-eu/validation/history/20260819T120523Z.json,10961,1790a9df9813d04bf3839c1d558d8933e43a780ea5e5e86bb0f69834d2a7f9cd
civora,partener-eu/validation/history/20260819T123922Z.json,10961,66efe0f503c4b6718c0706416b23e654bacc9ddc18cd4b13ae98f727e1514a68
civora,partener-eu/validation/history/20260819T133227Z.json,10960,d936f2f664dc94d37dbb4f9aeb14242c1c3e1bfc3c48260fb21fb2fe827c7c84
civora,partener-eu/validation/history/20260819T133322Z.json,10958,ab6c2edb1ee59823d2a645e6a1bfacd830d3170e45e829a1908c558ad0b4ade9
civora,partener-eu/validation/history/20260819T134126Z.json,10961,dd37dfde8f9c7499595330361ea9fcfd2d72629286a10f3a771f0b29b7742ca4
civora,partener-eu/validation/history/20260819T134217Z.json,10961,24ac44a3b358b60c0ecabd7b1a0c8d5007ee002ac1fb12308eca4989821cbdcd
civora,partener-eu/validation/history/20260819T135056Z.json,10961,461cdd383221b00b5026b25806e45d7104765d5e75e6a3da98ac8431fefb9db5
civora,partener-eu/validation/history/20260819T135445Z.json,10961,d99276061298b842b9a2dec31d1a2b8e2a72ebbedc95a6345e3f776d88e192ea
civora,partener-eu/validation/history/20260819T135534Z.json,10961,a50921d5d1a1df28974dc9dcbc69a023e5e5215a0b1d6fba06d8e374514a64a8
civora,partener-eu/validation/history/20260819T140109Z.json,10870,53845f1cf7eecfeaba1f4dfa93439b8af2cd096a9b63416f8f356b0ce5aea863
civora,partener-eu/validation/history/20260819T140152Z.json,10961,4d5e1c1cb08ab80f57377300b3030f596507b65c6e95ce60733ff73dd11908dc
civora,partener-eu/validation/history/20260819T140513Z.json,10961,4f6ce5de28fb14d9e9e0399b12a703195792cc6d356c76b7fe1db9b2cbcd47b0
civora,partener-eu/validation/history/20260819T140919Z.json,10961,f1dee7145f8760fcbc05445a331cd5fa70ec8e6f4d2b102cf92b9441a2512808
civora,partener-eu/validation/history/20260819T141005Z.json,10961,2a50ad720f81f67a24773aeea3c0a074e51aa19204905008128c8ceeafe349d6
civora,partener-eu/validation/history/20260819T141237Z.json,10961,022651c1a7b4135b298d29733897a850e13524669848eb2188d8dddacb49560d
civora,partener-eu/validation/history/20260819T141335Z.json,10961,c182eb1ac809a6ac8e8a725871e3f897a578f4590de2a0fc2577a7e1d7d45de7
civora,partener-eu/validation/history/20260819T141824Z.json,10961,40b5d468f93df0d28d0c3f2f4fc9bbffbbd33d5e90c82052ed4600c971d3161c
civora,partener-eu/validation/history/20260819T142940Z.json,10961,cdffe6d0befe3e650d85a25ef4d58756fd03848364021253be76fd9eac6da386
civora,partener-eu/validation/history/20260819T145018Z.json,10961,8e69628dc4b59178e45ad4da9d903e279eca250f99d05330cc26232324204c9f
civora,partener-eu/validation/history/20260819T145106Z.json,10961,153ecb1210096656ffab91de699c0eadf6a64f84d03963aecab193481c6dbfbe
civora,partener-eu/validation/history/20260819T145944Z.json,10961,1d04c5a29e5fa2bad54391d469a0df81fd3d9355add26cc00748fe4aa37e0602
civora,partener-eu/validation/history/20260819T150051Z.json,10961,7b739560bba190a5979d6f557b92a7113d84b93f3f5ece5460f852a5528bac93
civora,partener-eu/validation/history/20260819T152921Z.json,10961,42a36396310b20d58a4bad1f7cca54ec6ee177ee0435df8d4fbfc97c6f3a1c94
civora,partener-eu/validation/history/20260819T155507Z.json,10975,49f240f8b81c3e8a41b467a68afeb29010131c11bf8d78bfba024464e96a6ff3
civora,partener-eu/validation/history/20260819T155604Z.json,10975,561fed7e4981a324bba6dc2b81f976f760eaedce47ff8aa6e5220bcc63b17f05
civora,partener-eu/validation/history/20260819T155745Z.json,10884,ebf3a736b3ba25fab9c22c6c2c82ecc298cade278c9d55d828db948e738c0fb2
civora,partener-eu/validation/history/20260819T160039Z.json,10975,f51451daf95974174bcc236ced26b9415fb09269afea7d1cc626f43a08dcbf59
civora,partener-eu/validation/history/20260819T160134Z.json,10884,678ce2f7644aba11b8cf5cc459dcd1e846fa7ef8f504e98cf7d5fc01c9f59019
civora,partener-eu/validation/history/20260819T160339Z.json,10975,96204da6b1763c41c8b2f83fde776b70a6619407bb49de942476c38b8d65f74f
civora,partener-eu/validation/history/20260819T162133Z.json,10975,5dcfc8225480f0f9d9d5e3e8dd18bf3b381b69680be9269962eac3d322c9fe49
civora,partener-eu/validation/history/20260819T163400Z.json,11054,0f23b0a1355cf5b7e0851d7673110b5164d516105cd7e43072754219236b4795
civora,partener-eu/validation/history/20260819T165206Z.json,10961,eb9d82431054b560abd0b810dd1adcd96e70534ca44ef1ee30991a73deb401c2
civora,partener-eu/validation/history/20260819T170329Z.json,10961,86b22e4820a85b7de0b42cb4b4912a3eb5a326d8c0a9c7ed7b7c7a3a2161c912
civora,partener-eu/validation/history/20260819T172904Z.json,10961,92a215c6b68684ca310448a828babe313b412335e0618f2a6f24978b9cf77ff8
civora,partener-eu/validation/history/20260819T173221Z.json,10961,5c92d5194168c7a95b7a8a6f41a3556f931ca7451bd490ebf5458039fe65966b
civora,partener-eu/validation/history/20260819T173323Z.json,10961,5ce2070f5db54e53f57d3f9959ae0331f02ce788a2889a928015027239a25150
civora,partener-eu/validation/history/20260819T174703Z.json,10961,0268b61bfe60cc06d4c88e7185d632ecf88cda45ad1818f6fb5e275d8b21f416
civora,partener-eu/validation/history/20260819T175156Z.json,10961,bb34c04e5be5874974157cb2a5322dadb2aa282fa3453082c9e865ef779090d3
civora,partener-eu/validation/history/20260819T180740Z.json,10961,c7b226e6ecea4829799db4191fddb30f0e595c2305e47e56eb05f8784e63c288
civora,partener-eu/validation/history/20260819T183503Z.json,10961,1dfbe83d805810dde8099d1b3185236eaeaf25f3ed0e01017527613aaaf9de52
civora,partener-eu/validation/history/20260819T183928Z.json,10961,0b3ad744c324260c1abc92b131f120ef917aefe5dd5448a4b78e2cf9321eb0de
civora,partener-eu/validation/history/20260819T191236Z.json,10961,39e91ac6bf19da47e31d58cc6ccf8573d3c1bc98b2d9ce0477805d84a4faf5ec
civora,partener-eu/validation/history/20260819T192457Z.json,10961,ccbaec7c57006f59df1d4cafee366d9984acc29cc1a8f94922446eca20f9ca5c
civora,partener-eu/validation/history/20260819T193626Z.json,10961,d5df2c0b8dede60b01a120a5ad600dd7d0b49fb9859e0fff6101b4b9c3294506
civora,partener-eu/validation/history/20260819T194342Z.json,10961,c0ea6937b02471437157e9d6e4e1c331205a76af3966fbf48fcf1e1e19a5148c
civora,partener-eu/validation/history/20260819T194523Z.json,10961,639284f53193318f24f0a33ce584af95ac334f9197839918a0ca5a5cb16cc21b
civora,partener-eu/validation/history/20260819T194617Z.json,10961,8ff74733df6eb0533875e5c0b8158e31ec10d5af05bc1cf0ee698ca88df5de7a
civora,partener-eu/validation/history/20260819T195858Z.json,10961,b7fe19550d3d6186d4a023ecc37ff0457aa871e5cb3456e090e05782871c880b
civora,partener-eu/validation/history/20260819T202345Z.json,10961,670cae5d4c93bc3dca5db43332f4a97ce447c53cff84eb3a909a241a1b616d62
civora,partener-eu/validation/history/20260819T205346Z.json,10961,5681eaa48b432cbb288ffa7aa562ddd7353f6c24542851a496c17b077a5a9751
civora,partener-eu/validation/history/20260819T205438Z.json,10961,bafb824f0785cd35a34adff1d70a8ab6f966cc8e9e233cc14930c570da840eb5
civora,partener-eu/validation/history/20260819T205818Z.json,10961,e6adedd8c1db2455711cc0940e5bc83cd1a3dac91044f4f49761753f1fc00f66
civora,partener-eu/validation/history/20260819T212543Z.json,10961,305f3d6ad7ad2ac3390351edaa49c95889f1ec8f352162b52ada6a135a92009a
civora,partener-eu/validation/history/20260819T214603Z.json,10961,d5883c5df053247188f4c785c3c2cf799723f04c55a90eac4dfef3988a765835
civora,partener-eu/validation/history/20260819T214655Z.json,10961,5811a61be23cd6f18ee2b8b2ebb72cc2a08c945ec745f4c43f764dddb5fb09cb
civora,partener-eu/validation/history/20260819T215114Z.json,10961,27ff70376db4125dc144c6ac4989b09ff52ae8aef90c0150492e7ca5d45e66f3
civora,partener-eu/validation/history/20260819T215214Z.json,10961,59bcf5b05f6610ac24f265f0b37b33497e8347dabbd6ace26ce2bfcec13a00ab
civora,partener-eu/validation/history/20260819T220139Z.json,10961,5772f7e5ab318b04890c4a5c01bc7026ea993993b5b6498f9ffe5a4459f493c9
civora,partener-eu/validation/history/20260819T222528Z.json,10961,1b292d892d5db23f7843094970ec212c183548e1020c55df9456ca173e898120
civora,partener-eu/validation/history/20260819T225400Z.json,10961,b11639b9f9d6cec6f2f6f009a66c8b29741e9832499754eb0eb67d1c1283a9d7
civora,partener-eu/validation/history/20260819T230514Z.json,10961,28efc95647a8ce842b36d99bf6250f807aacc7211262411cd3499094b297f4a3
civora,partener-eu/validation/history/20260819T230614Z.json,10961,ab01b55b770fc04da8d41cf36de7a5d81577dd404016f539dbbc8afbc5291628
civora,partener-eu/validation/history/20260819T232202Z.json,10961,2f9fccc7d980850b36d26fc19f0a2272d3a630577d08cb9108a9d7aaa3913b08
civora,partener-eu/validation/history/20260819T233740Z.json,10961,d595db2f49bfa2955b785237271fdbcb4ed58f066e7adeb4763ccefaf3262ebd
civora,partener-eu/validation/history/20260819T233834Z.json,10961,8df61916a1b5b27db6cda0ee3b971e76f238a39570937e5941f30ee75dbff03e
civora,partener-eu/validation/history/20260819T234137Z.json,10961,eef0d1fb09db44b6c348070997baad65cc47e2cb9e61d8e8929fd8d0faf9b514
civora,partener-eu/validation/history/20260819T234230Z.json,10961,fc73f384326e87d40120d57b03aad238b2908f4794360f4bb29de108ba9a60be
civora,partener-eu/validation/history/20260819T234455Z.json,10961,06c816904ca4229d8e0b9169b6266c7cefd336755b86ed5d8a694ad82cd492c8
civora,partener-eu/validation/history/20260820T000051Z.json,10961,a96539f729c41b9ec054335edf03f925263cc2a468ea1290542ffc5a92d81403
civora,partener-eu/validation/history/20260820T000141Z.json,10961,5cd9897a75f3b2678583e86d00a5f272547ebdc45ed3613f5a8751df8269c44d
civora,partener-eu/validation/history/20260820T001823Z.json,10961,12a36e4b92695f79371a61934876906e94f53e240978d72f338b33aa04728054
civora,partener-eu/validation/history/20260820T012002Z.json,10961,261cf702b393a10179388b531994394da884c9d832514da9975b5c1787f9eaa2
civora,partener-eu/validation/history/20260820T021714Z.json,10961,3cacbc17cf778b48d88570ff6a52175201060e38010ec0fb9adc4f5190269955
civora,partener-eu/validation/history/20260820T030651Z.json,10961,adb7d54565b1fe9b1abedc7ee6d2a8de28559f2ba3ebee8cb47d00d3113860df
civora,partener-eu/validation/history/20260820T030742Z.json,10957,88380737e201777c876585ab57814747f4d45ef24a83c71493b4618bce4844a5
civora,partener-eu/validation/history/20260820T031140Z.json,10960,8cade4c69f91d1a215dd144a7a5663e1110bbb5e89db00ab5da3a11ca35881b4
civora,partener-eu/validation/history/20260820T031517Z.json,10958,6c151bdc830474c22f9e5c783c080a46aa369e7c739cf40e046bee6f527a7fe6
civora,partener-eu/validation/history/20260820T031611Z.json,10961,3d589faa723ecda2ed46b81eddc9b9c12e05d06ca58ff9a6f4638554ab4acf5e
civora,partener-eu/validation/history/20260820T032018Z.json,10961,59f3a99d29b69bd127e17ae9dd4113c6204cbfa4f8946050a304f08ec714ea8f
civora,partener-eu/validation/history/20260820T032532Z.json,10870,bf0022326b08fcb57236204d8ee738e99b50927c0eec17e3b33fa6b42634f354
civora,partener-eu/validation/history/20260820T032837Z.json,10961,7def25321db961917234eaa4ad4eaab6377f3710547847e18185bd3200d5a53b
civora,partener-eu/validation/history/20260820T032925Z.json,10961,6e0ab9c85245494285f9df42f8d7944a4367c9acbc1ffa57529abcd2e663e243
civora,partener-eu/validation/history/20260820T033113Z.json,10961,bd9116787da3fd33702990443d59d6db6b513f0aabbca6ee0459642b46fc97b0
civora,partener-eu/validation/history/20260820T035710Z.json,10961,3f424819de19dd98661d5377d85b185f6be445d6e0b9d160d3839a7d8c37d781
civora,partener-eu/validation/history/20260820T035805Z.json,10961,ea64f172de0b979559371a335195fd5c99cb346aced1b7a7ed0a33cf0af9d08c
civora,partener-eu/validation/history/20260820T041233Z.json,10961,f977b743dc96c8469af973a51f90d99d6f8462a79fe9ef7223e7dab1f600a9b8
civora,partener-eu/validation/history/20260820T041316Z.json,10961,08cf79a4c07929e391e7fb1f85fb8d368ebac473d29750bf70b660a5c6c746fc
civora,partener-eu/validation/history/20260820T045735Z.json,10870,9cafcd6f607452cce034741c9c15460ca0fea10dd45705df41b129bdf8a8f6c8
civora,partener-eu/validation/history/20260820T045823Z.json,10961,87032228c6c977f2ffda3452e82f8122c6af48a86047299bd828bfbbf20686f2
civora,partener-eu/validation/history/20260820T050613Z.json,10961,a866671848d8966b6100521029a7dcada71cfb4a0a4fb510747134b130e8d9c0
civora,partener-eu/validation/history/20260820T050929Z.json,10961,e6c546b903cd4f5b1c72dc27d007171e1531f40366bd681d1c3cfd5d9c952b46
civora,partener-eu/validation/history/20260820T051033Z.json,10961,823e7697fcec075a0bb53e0428b6dc38b951e491ace275e96799c943e7acb019
civora,partener-eu/validation/history/20260820T051811Z.json,10961,5aa83b3e644fac3fc5440a8b618fcd61d2a2f2d7696a1c07f08c48765d8bfedc
civora,partener-eu/validation/history/20260820T052223Z.json,10961,a3e296aac8e4db13102824d1b2d8b981b61e41a13d3cb98855eeaf6e2005ee03
civora,partener-eu/validation/history/20260820T053200Z.json,10961,6927b877a2da23afbfba3db75c6f1fe324c1c29db6691e1a06ca4d8458e3a3bc
civora,partener-eu/validation/history/20260820T055338Z.json,10961,9de3c6cd1bf1f3c3008025b0e31df97312408a73a5198713566a8cd3c6545a86
civora,partener-eu/validation/history/20260820T055549Z.json,10961,78eac02465e503b62d8afe3c9a0237317a3900f86db1f81545ec095c724665d6
civora,partener-eu/validation/history/20260820T055708Z.json,10961,a8731e984c67c807014398ffaf373c0eb59ef0a0599f5ac7995d4c04b9e3dd9a
civora,partener-eu/validation/history/20260820T055810Z.json,10961,9475634206f316e0fad30013d05f22adfc7adb4776c4e0d333cf57292ebe89f4
civora,partener-eu/validation/history/20260820T060145Z.json,10961,84a9f091d1a38f4281208319d95f7f891548d605848d691f49425a8d7e9917db
civora,partener-eu/validation/history/20260820T065000Z.json,10961,1a6e4eb14ecb9db87574e19b7defdd8eb692d33232c5034363696eb06e627477
civora,partener-eu/validation/history/20260820T065100Z.json,10830,c6146254627e9ea348623a6f699fdbec17d6525de1ebfac2a2c2acb7e6bec2f7
civora,partener-eu/validation/history/20260820T075737Z.json,10961,d7f3dca5f48e58131f424686b220ce97dd76c3697f4a7317ac7eb194a9594b4d
civora,partener-eu/validation/history/20260820T075825Z.json,10961,0e16c88ae5d46cf688377e3b8311b3341221ce571554bebc4927a45ad4c34164
civora,partener-eu/validation/history/20260820T080014Z.json,10961,1e7c37abb2a3d5be6741465fecde374af9ea1b060a4274124bb57109bb911a53
civora,partener-eu/validation/history/20260820T080108Z.json,10961,76690d1153c6e927db47ee7297c27d322eff0c813b01dfe1caf21add47c991f2
civora,partener-eu/validation/history/20260820T080203Z.json,10961,b6ca4cc3a3019b06ac4e169d860ac3a5f2b4ee832ce30cc9854ebc4b387cca73
civora,partener-eu/validation/history/20260820T080253Z.json,10961,c60d68eb597ed2ce6d3308d297812b5e07e2cfa97fab05f0019c0e3b3917dd2f
civora,partener-eu/validation/history/20260820T080343Z.json,10961,ad00ed794410410dede23e1a2743f121c44276c9f3257cc6d6aa2a703ada1f86
civora,partener-eu/validation/history/20260820T080709Z.json,10961,9afaf8682b76ce384a93571a35fc928c20b6e5a2f7bd1a36762704c83de1015b
civora,partener-eu/validation/history/20260820T080830Z.json,10961,6c0052a078f8764627c8aa9c98712ffebae61271a869f9f0ba2bdc926852568f
civora,partener-eu/validation/history/20260820T081059Z.json,10961,feeeaef00524fa5a867d3356eb9d29770a8ddc9af34eb2e506b933000e92c069
civora,partener-eu/validation/history/20260820T081152Z.json,10961,fae1872396567b0c53b0b6ffa6bc8169674613b89ef47991beb0c5a4851133b5
civora,partener-eu/validation/history/20260820T081242Z.json,10961,b1a0415af92bae1474e322f8d95a4fafb49597a82f8737b54611309f4eb9e445
civora,partener-eu/validation/history/20260820T100434Z.json,10961,3a8926588c0b2ab786b0bab00e75741a18b8289d9c3ba4ff4290dfe409919965
civora,partener-eu/validation/history/20260820T100611Z.json,10961,adecd7607ebcce02f2cada1d2bdc0899f20f0ff67e3d75c04f6b855074e7e492
civora,partener-eu/validation/history/20260820T100704Z.json,10961,e1f05d7c766556a90da8b38d6c29f84464b63cbf50ff6f951acea69cd68e164b
civora,partener-eu/validation/history/20260820T105233Z.json,10961,bc9c66a9d58299bc59ad3593ca8fb550486926a38db2cac5ba997a2bd5d2f19b
civora,partener-eu/validation/history/20260820T105331Z.json,10961,9a0419728ad05c94e9a1cccd88550839688e83790f48a56208941a8372c57e5d
civora,partener-eu/validation/history/20260820T114958Z.json,10960,bb157cd97ce0079bb65a1734f59fafff706e4c8a29d97b35a7da0b95558a2ea5
civora,partener-eu/validation/history/20260820T115145Z.json,10958,9488726189874f46038139ded69cd7e1334699d2f66a5b21a6fa2173b19dc842
civora,partener-eu/validation/history/20260820T115249Z.json,10961,5d16eb5405e6f6963d4af8f8354513f71fc8dd14f09833be6e46b34c2663c802
civora,partener-eu/validation/history/20260820T115702Z.json,10961,7735eba898e70d3edbad6ec74ab38f88272fec1e8ff0ca7d4a08cdc697c7cb15
civora,partener-eu/validation/history/20260820T115806Z.json,10961,c2de87fb6e4ebe6ec28f3644c1911da829df0572593bc7d9bf91c2280d6a740c
civora,partener-eu/validation/history/20260820T120228Z.json,10961,12fd4fd88c701732d41907a434f6707bc15ceaab1221f1506a876f8f559a6124
civora,partener-eu/validation/history/20260820T141947Z.json,10961,0a650daa6d6b4288434a56a231ad7f1b7eb90fd61377ac494ca62531da1a38f0
civora,partener-eu/validation/history/20260820T142046Z.json,10961,77f3a6766f87b6aaf6641cd580cca61ec66a85bff86b64a1ae0975be7ae60fd2
civora,partener-eu/validation/history/20260820T142336Z.json,10961,bc4c57960fb9c00ff95d3a7156e61908e3fa0ec4c8e3d96e9773b15b7d9254ba
civora,partener-eu/validation/history/20260820T142439Z.json,10870,3268d060dbbdd9cef16952d5014b3fbb5daab6e26a02b50fb225c8937e75da8a
civora,partener-eu/validation/history/20260820T145455Z.json,10962,4ee7395d89d83a0233c521ab3251040b14f9e8565fd13d94fb2505b3864e940c
civora,partener-eu/validation/history/20260820T145551Z.json,10962,4285551b81a308a07ea914601489157d2bec0c8d19dbe6ae4483179b8d913a52
civora,partener-eu/validation/history/20260820T160307Z.json,10962,b4731fb9275a7b1d9c835cc31fbc54e83a22d17b607c571ff5cecc9bd07bf21f
civora,partener-eu/validation/history/20260820T160356Z.json,10962,77342376964058e72476725e3dce344fee3dcd0a4adde60385044673ed156538
civora,partener-eu/validation/history/20260820T160453Z.json,10962,492cb2a400cb9fc03973b93997b8be08d391a5e7edd691b1daca6a739c0e3e06
civora,partener-eu/validation/history/20260820T160541Z.json,10962,12f7949828fd75bd12a7c65c6f222dd1b134143f1c89a492b85adfd2ad03a274
civora,partener-eu/validation/history/20260820T165824Z.json,10962,c7397fa1b9e9521da420af5e112afcdb2ac1dd309f235ec03266073a2593f49f
civora,partener-eu/validation/history/20260820T170148Z.json,10962,44f9a76c583f9670c8069e25ef0b013028d9178b996b798ca48a9f3a8aa37f35
civora,partener-eu/validation/history/20260820T170510Z.json,10962,9312f6b82510027dd5de64993a0144fd0b9157dd5e6aa1c78433abfc86a07eaf
civora,partener-eu/validation/history/20260820T170608Z.json,10962,b4eb1df91e8594501ab7381800ff4b3908ce488b151666fdbcb63563961a5f63
civora,partener-eu/validation/history/20260820T170704Z.json,10962,cd66fd58f3ff1031b09c2d861d2373d22d25c14e564f512ef9ac805139964bcf
civora,partener-eu/validation/history/20260820T175420Z.json,10962,ef012444a2e831741764c4c8932ac1b724b6c91000f0fedfcf1b130f058b6998
civora,partener-eu/validation/history/20260820T175742Z.json,10962,58ef36516e48e9563d3a02d6f6ff889f3eab06d70fca1506b451e13ede36fb09
civora,partener-eu/validation/history/20260820T175948Z.json,10962,e8ab42cd3ae0d936a20db547507e924f30579bed1c7734595cf91dd1e10f3baa
civora,partener-eu/validation/history/20260820T180043Z.json,10962,b30ba7ca8aeab2814b74d711180cfe8caedb1c6427ba02b096de57ed68858f7e
civora,partener-eu/validation/history/20260820T180133Z.json,10962,d24e1343b439d8d293700a6bd2e05762ce04b33b97162ad83192fb1dd2053ce0
civora,partener-eu/validation/history/20260820T180224Z.json,10962,2dc6d98d9e44aa904537f5d85a34aa87f0e13a795c7352dc32a5210888425a8a
civora,partener-eu/validation/history/20260820T192107Z.json,10962,f4b67bccd81caa00bbd103cbb59369c27ec07631ae7d7c52983801415f0567c9
civora,partener-eu/validation/history/20260820T192202Z.json,10962,21ce51dd8ab93304c3f11bd610c68f9ca5e7532e7883e72051bc4a51dc2e4ba0
civora,partener-eu/validation/history/20260820T192305Z.json,10962,1156a947dca9b3ed539cb8f78fff1daf4d493cc893801454bffbafa0478697bf
civora,partener-eu/validation/history/20260820T194934Z.json,10962,7ddf665fc2a772fc596d23c6cdbe33a6ef6d7636418fa9e140ec0b1dbbd66401
civora,partener-eu/validation/history/20260820T195033Z.json,10962,2ebf3cd5bf2b3066bdf77f58b5da8ce5137b17a360c7f1c439313be304f60fea
civora,partener-eu/validation/history/20260820T195216Z.json,10962,7dbc373262ab083756ac73b19e7b22e70d62aabad23fb3a74823c01367220b37
civora,partener-eu/validation/history/20260820T195614Z.json,10962,ac78fc8ec65421b54fc9d91e3d9e7ac200eb6cf45aeb4242f229d37356402f3f
civora,partener-eu/validation/history/20260820T195715Z.json,10962,4c45e2966a5304340a1b3de49fb598393dfa549546b2e6827803b3e061721b97
civora,partener-eu/validation/history/20260820T195806Z.json,10962,fb3fe63151bce0d44823cb535a47c88c8720c3971365fa56d46e7dd46359f4fc
civora,partener-eu/validation/history/20260820T195858Z.json,10962,1bebdbdd4f2910d00de025ad8617ddb3a4e7666086bc1f4cd9b8549f95b30020
civora,partener-eu/validation/history/20260820T200024Z.json,10962,ff2336561ce74b9c6be33ac78f6fe8a761fc4a4f8d3331138ffb80e723cb70be
civora,partener-eu/validation/history/20260820T200119Z.json,10962,fe7155eba60bc6709b92905dde99669065bd9d88737e1b36df9085c501c322b8
civora,partener-eu/validation/history/20260820T202655Z.json,10962,c5398c4f21758312c3e0e7af1edb3265d057adb843c7b76b55efaadce18f9fa6
civora,partener-eu/validation/history/20260820T202753Z.json,10962,1426337df5021ab5286e1cfa4a21032b38367e7b9f5313c3c9e64b4743f14d2c
civora,partener-eu/validation/history/20260820T202858Z.json,10962,6b8a25a210b1e8fa06d3970bccb1e14d0b7947cdb5c40bde948e10641ba3d2c0
civora,partener-eu/validation/history/20260820T214927Z.json,10962,0d8f1ce5ea85d932a40cb9301f3e17aee9a6a232436b1169c12e4575076d4cdb
civora,partener-eu/validation/history/20260820T215121Z.json,10962,ed4bc95d5c50cf6939d99728651b1bb272f5c227e8cd27772631c407442d4f74
civora,partener-eu/validation/history/20260820T215210Z.json,10962,ac659a814cd02722f9d32c25d38e115da810389ce4e5ead1458b3e36befc104a
civora,partener-eu/validation/history/20260820T215305Z.json,10962,ae3ca67de3fd7fa50c03cba18dacf2360058c4488b59c47b36a31ada1c689b8e
civora,partener-eu/validation/history/20260820T215414Z.json,10871,d4e62e86d2a6eb8c8ced8a79a47807440da8d40b40a2cce6055bc848d4e49e38
civora,partener-eu/validation/history/20260820T215527Z.json,10962,e55d574ac0a9d50df79ee3ecb00f3f200677a488c94467723b4e0b849e3e92c8
civora,partener-eu/validation/history/20260820T215615Z.json,10962,3a75d92d07ee6ccc851ffe8e3510be36492ddabbdf4606ac587bc63120fe8ae5
civora,partener-eu/validation/history/20260820T215731Z.json,10962,d68fedafa52be738ddebb3d73782074b1a81517ab8f50a70f5a45c0f11ec15bb
civora,partener-eu/validation/history/20260820T220143Z.json,10962,15bac267d22737ce3886973fa078697060e83a3c60d99fb70699509ab20539c2
civora,partener-eu/validation/history/20260820T220249Z.json,10962,7ec8b3db8cbc1b14e2a836c966be179ea15861528c69b2848db234c5e63d4275
civora,partener-eu/validation/history/20260820T220343Z.json,10962,7f0411f1f1152da59ebc709b1ac99493a94b735ea2ea03499c16206777f2d636
civora,partener-eu/validation/history/20260820T234521Z.json,10962,4b5910d2760443aa7bc9a04a95b7113f1455a3daf345064777c47c7c8d1af504
civora,partener-eu/validation/history/20260820T234607Z.json,10962,8c9f2ea00ecc3ef19124a9d7b8a18bf77274bced6620c7f93e5381ef90739fd4
civora,partener-eu/validation/history/20260820T234656Z.json,10962,5ecf66275bf66e179163a506aa62dc796c1ea2129322f0e58f2d11f03aeae114
civora,partener-eu/validation/history/20260820T235210Z.json,10962,9715a7937a7da9e52a5b0967d06fed28c8f4bc013d8836267c6881fdd1296393
civora,partener-eu/validation/history/20260820T235304Z.json,10962,56ec525022f5a6305623f7d33631279a7a78627f85a328611a16e239af4609ac
civora,partener-eu/validation/history/20260820T235738Z.json,10962,495fc337ea9c9eef4f70eae247dd43e8f4016871f04067b70ae0116e39923dd4
civora,partener-eu/validation/history/20260821T033125Z.json,10961,94fcf70be42cfda3cc9b3206c428d7e8eff382d9aaf87c336c1ff13f8c08309b
civora,partener-eu/validation/history/20260821T033308Z.json,10959,7b33e72ed597c9122ce1e80c7780820bde0820e4393a5afad67b522007de8967
civora,partener-eu/validation/history/20260821T033847Z.json,10962,bea95e07fa8d8330762164350cd4209ec4f806f40b19bced7724196eb5371b07
civora,partener-eu/validation/history/20260821T033942Z.json,10962,52c14cf23da03f3ffd43d274c9d8ea597e833ab4063a90bd9b24ffa8cd11bd61
civora,partener-eu/validation/history/20260821T035713Z.json,10962,f7b150899ea99a43cf19eda219e7b4c62b6f5bbc6d34f9c6293d9fd41f499db4
civora,partener-eu/validation/history/20260821T035809Z.json,10962,3f1f44f8e9bce6192c5ac8b082066b3a5a8bbc0c491cdba1590aad51f1c71f2a
civora,partener-eu/validation/history/20260821T042313Z.json,10962,d6cb178f5957903a234efb29cc99dd1b169bff66159c9c39a47351bc90633b2f
civora,partener-eu/validation/history/20260821T042416Z.json,10962,f8363854a8c1464b970bf0855bbe6a74b57bdc3339cf650247225c1e1e351e65
civora,partener-eu/validation/history/20260821T050719Z.json,10871,26f281bdd24147bc7045aff05f8aefd70b7b8a5d4c1d2ca615429ace6291701b
civora,partener-eu/validation/history/20260821T051747Z.json,10962,3e3926d13e8648bdb9b135da962603e3cf29da3d203ac618fe9295c83bca2135
civora,partener-eu/validation/history/20260821T051841Z.json,10871,ce50e9a55883d4c764fb504e3da7a428cd1c4e1a51624faf3376c13cbe9e50a5
civora,partener-eu/validation/history/20260821T051943Z.json,10962,f2acc2d92fdc2859ca3d642a3069460631d34e9faf9512a45d12665833704dc8
civora,partener-eu/validation/history/20260821T052036Z.json,10962,0c895e747c8ecb36b142f78b89e804f4bed100b665abebd599733c2c3a6513a5
civora,partener-eu/validation/history/20260821T055725Z.json,10962,e62ed125395b392a947cb07e051b967bafd0ad62bd76ddb0d0717f9e7ff761e0
civora,partener-eu/validation/history/20260821T060213Z.json,10962,e4d04cda231b1921c106c8f3ae600bcf945a99b5ec0b8c86c741516ba5c06b4d
civora,partener-eu/validation/history/20260821T060310Z.json,10962,1b45ebb3d0fc5a61b699894b0b6f9629ef0c4b57fb76928f07284c76ea6cfb54
civora,partener-eu/validation/history/20260821T080109Z.json,10962,fdefdc396bb3aee50c0e939be17929ae0764cfdb22d4ad5b4a7a6ba08d60916f
civora,partener-eu/validation/history/20260821T080201Z.json,10871,a3d98ee2b07e488ae39d6a8a583622c7ff20632aab75cf4ff806232829ba9030
civora,partener-eu/validation/history/20260821T080243Z.json,10962,0bd5e5800c0f4fbc5a5cab311cdfeed27172e1c33674fb542a8b2ed91eed0ec2
civora,partener-eu/validation/history/20260821T080340Z.json,10962,5960a92007f15c996c8df251513e521ab962682c595b342035d0030921b4a852
civora,partener-eu/validation/history/20260821T080941Z.json,10962,33ea6012f49de64c9f26ae3f44c659570bc74d17ea9e4b4aed944f5c76a3dd69
civora,partener-eu/validation/history/20260821T081222Z.json,10962,7dbd385db7b20b2ae9298f0557603ff7adfc46705f8c66919b138b495e40b696
civora,partener-eu/validation/history/20260821T081309Z.json,10962,68406b32ee8ae4a2f2c991ae67a9701afd7008be916dbe2b248559868aff6ec1
civora,partener-eu/validation/history/20260821T082207Z.json,10962,a4a5aa6658d326650dffa4d466308cc72f31efade9e8aba32ccf647c02b352cd
civora,partener-eu/validation/history/20260821T100403Z.json,10962,34ddd08a8eb87296416249dc8920831d6d266762bd2d6219322f2cee0a2ca536
civora,partener-eu/validation/history/20260821T100451Z.json,10962,eb89fc1087ccee6195488103c49f0bca6a92aaebc4c8b715a42a8fcf38efabff
civora,partener-eu/validation/history/20260821T100538Z.json,10962,fcb1f3e88e01b8a0fab664394252a51433d090e44dfe87046307801bc37d8f0c
civora,partener-eu/validation/history/20260821T105335Z.json,10961,43967cdfbb885a2a93905b60ca12f14b1064c90fa06ea596520e3e371093ed83
civora,partener-eu/validation/history/20260821T105429Z.json,10959,9cfe56090fb2950f15edc670d9ee4932601c9d60c296cbf72d2eb5c5c87336b9
civora,partener-eu/validation/history/20260821T114929Z.json,10962,ba88f8934aa52901e44fb02f3b622beef9bec503c741d310c780a40380425efe
civora,partener-eu/validation/history/20260821T115546Z.json,10962,68f24884f3e07e7fa6f8cdeeccb8ad4f620e64ccccdbf4c635bd5d2ab80c3e9e
civora,partener-eu/validation/history/20260821T115643Z.json,10962,44cacba64934dd286ae9fec1402e6d02fe22112e231975b9faaf1dc445c7c28b
civora,partener-eu/validation/history/20260821T141003Z.json,10962,2af829b94a9cb2cbc795f936d89f3deb206c7c10b21263dbf4b2cb516f01de91
civora,partener-eu/validation/history/20260821T141105Z.json,10962,7a977e88483bbfd1fcbc319e89de07a5605e0ae87da81a819011f0f7f2b56cc0
civora,partener-eu/validation/history/20260821T142128Z.json,10962,be453d67ef5fade703545900617ed2b0663e3d827b68a7efb03e056b696150f4
civora,partener-eu/validation/history/20260821T142226Z.json,10962,9524998fa1030082099941ffdfac1c836195d694847f63f82f9bea6683ddd698
civora,partener-eu/validation/history/20260821T160026Z.json,10962,b48d60ea29939840e180418e1c96a39ef88fb9c9a50009a6439b27960ebddb0c
civora,partener-eu/validation/history/20260821T160233Z.json,10962,dec9db97ff13259e279af8f223bd5e2fd53b7612d0450b6fefbc82e10544982e
civora,partener-eu/validation/history/20260821T160328Z.json,10962,3704d53e80cfbc3c7dce975661fb48d61b7f7feab12692afff2828962f047892
civora,partener-eu/validation/history/20260821T170051Z.json,10962,eee909fc048d2a27070960e5723ced2101c1fe3a0787af7d5954d67482884fec
civora,partener-eu/validation/history/20260821T170154Z.json,10962,1aa3bf302674ad51c5fb62a5b0452a2b5a29e1109c9d76ea4323fd550aab6eb5
civora,partener-eu/validation/history/20260821T170249Z.json,10962,4b6b9c82b1ba16977aa94345c3c20e99ff9266bcab85609ab3c795a648a7c2b3
civora,partener-eu/validation/history/20260821T170459Z.json,10871,5a8fae5175403e7a29e4588156cb205a6b7420d468ef1314c0da9556a98b9dc7
civora,partener-eu/validation/history/20260821T170547Z.json,10962,5dd8ade673fe1c84322aa61fd9323f8b426db2a0749c597d6e8d6ae4e5a91093
civora,partener-eu/validation/history/20260821T175338Z.json,10962,3bf2d3b4153e89da33753432be7af7c8dcfee7b05ccaa8a147d8444c3c6a7b4a
civora,partener-eu/validation/history/20260821T175721Z.json,10962,f638d66c85373dd25d28587663f3790cec1bbe2ab6a57eeef64555df61f33ab5
civora,partener-eu/validation/history/20260821T175920Z.json,10962,672f071bf48f5a9a5326ee533c2309fb3658be7a61ca390c4e9512463c14e709
civora,partener-eu/validation/history/20260821T180011Z.json,10962,7809b6038741e059d9944a30009c47cb816e0a88e797e57e383e11de664a8b47
civora,partener-eu/validation/history/20260821T180111Z.json,10871,cae8c93b708cf5fec3586b740cef1963efcf14c8e35960296f137351f212da44
civora,partener-eu/validation/history/20260821T191131Z.json,10962,f18ebc04d877e71023689d0f8253b7959edab2382e20052a5d3a6cc14e29ffb7
civora,partener-eu/validation/history/20260821T191232Z.json,10962,db2f6081fedba70d3cfe97092e4b99f9670d03d101408028edb40e165d8f52a7
civora,partener-eu/validation/history/20260821T193349Z.json,10962,83133b1c76c0c454deb6d15a6029d1389049a9c362b5a80d4eaf077b967e9f00
civora,partener-eu/validation/history/20260821T193448Z.json,10962,4b16c9a8bae268e8941be3fa6cd0fa56787aefdfd811ee5fb1d2cf45134dbad5
civora,partener-eu/validation/history/20260821T193736Z.json,10962,f34c973d4520b0d5c0c1bb3f2ebd1e4f7fd3a3d3a806ddcf7cf9c1778f0cb154
civora,partener-eu/validation/history/20260821T194018Z.json,10962,fe64f3c80c1e9451e5e6784e7578b17d1df55f162d644211b7fe93b5bdb4fd1a
civora,partener-eu/validation/history/20260821T194118Z.json,10962,2c977bf61a9db86410a42614e801c84e070251c5d2a219070f9214aad97e9c73
civora,partener-eu/validation/history/20260821T194246Z.json,10962,2a75eb58e38b96b04c760b6f755f1b05c830fc746dcf7c50ab6252d38a289ebf
civora,partener-eu/validation/history/20260821T194337Z.json,10962,54b44a936926a2e1c4a4b1209d8c02d06a1b116453b407b10e184bb5c76a0944
civora,partener-eu/validation/history/20260821T194506Z.json,10962,257653cc341925487ca2d13fb9c72a691a921cab6ee7238833562b70d30bd659
civora,partener-eu/validation/history/20260821T194614Z.json,10962,eac3b48632a09be51cb57faf5d5834ece2c50de38dc0640690a12c8e2b204e6d
civora,partener-eu/validation/history/20260821T195858Z.json,10962,1df57f821c9041dc9ad736c71ed9a76f4614df81e4101ae7fd9a8ea9e6add653
civora,partener-eu/validation/history/20260821T200000Z.json,10962,a0c6128bb270063d538377043626e71bd459374c61892f4436c21155692193c9
civora,partener-eu/validation/history/20260821T205132Z.json,10962,26f2fdadca05fd24502d3ddc1eadd543d05b0e438b2dc95a17b0517ae692ce8c
civora,partener-eu/validation/history/20260821T205222Z.json,10871,e5d8c27e2a71dbfc4f5d66d6d7e33934410964436fb05eaeeeecd19f5f82c24c
civora,partener-eu/validation/history/20260821T210442Z.json,10871,1d9f5386588e36133eee27430fccbaa0ac3123443a5be579693406311ba42f87
civora,partener-eu/validation/history/20260821T210611Z.json,10962,7da6581d0731997e407efc1ef7686acf4071b40afef4532a295ee68d2284d916
civora,partener-eu/validation/history/20260821T210703Z.json,10962,d3b1d8ed6fd67f358ad8651086709e07f41c34869ff9f36063fba69d87b8f6a3
civora,partener-eu/validation/history/20260821T214458Z.json,10962,200902ae2aecc44b1b64631974ca48cd08dc9fb0be3e3585079320f4b16784a7
civora,partener-eu/validation/history/20260821T215138Z.json,10962,663f791162c0c34327adf549086336d6041cf89642994e575adbcb2d178bd7a5
civora,partener-eu/validation/history/20260821T215229Z.json,10962,c776a2801729ca14cce11f589298ab1271b74cca74164fe60e40fdf8f4f6b6a2
civora,partener-eu/validation/history/20260821T215833Z.json,10962,bea90fbbcd6801d09b46898eb95f859bf512d0138868061df6311d9a95e5039e
civora,partener-eu/validation/history/20260821T215931Z.json,10962,b9b3086839c093e8af93912544e1d03fcdeb542e0db95e37d861d54aa82b6a67
civora,partener-eu/validation/history/20260821T220313Z.json,10962,c6f7674aae4e3895afb9fc07fe25ea203fa5d2d6334a91ef909f081bd999a640
civora,partener-eu/validation/history/20260821T220415Z.json,10962,2e9f5a8c5f8de91ee241d16785fd0495a1529d09e72e80cb973921f4b2f4a53c
civora,partener-eu/validation/history/20260821T225425Z.json,10961,088aa98282bd1829476c5e8769b8671e8072881f1e2425baca5e70192bd66759
civora,partener-eu/validation/history/20260821T225527Z.json,10959,131710e31ad987deb7ddfb85ecf853bd57b9d3c6aad701a468620ff754dfcf69
civora,partener-eu/validation/history/20260821T230350Z.json,10962,0e497fe2937b73b865217854bca1aa55db222878c8e2dbe41a1bb5e33dbe9b89
civora,partener-eu/validation/history/20260821T230512Z.json,10962,30e9f62c0f6674b01232faf1556a07d85bf1254c93d393806d2d53a9a111d9cb
civora,partener-eu/validation/history/20260821T230612Z.json,10962,9c332b19c18e70ddb2a7e6968ef901aa2a1b933723c4e1c9f8060b989cbaab7d
civora,partener-eu/validation/history/20260821T234347Z.json,10962,f3557b3b2c153b32ca7ed61315dd70e12d5b033da144235c3f03ef2466745e8a
civora,partener-eu/validation/history/20260821T234443Z.json,10962,01fa32d0c5fe3fd5a66bd7b3abd442d521234fb2ac31fee4278ecc97821b6872
civora,partener-eu/validation/history/20260822T000247Z.json,10962,fc4867d7ffc9a2e0071eb56661d2fffe04e80b3532d69d6627e018ba77bdac3c
civora,partener-eu/validation/history/20260822T000336Z.json,10962,c9db38154ee75885b4d9fa34cad102b91e0468fe8d1357dd856613e1c6b88d5c
civora,partener-eu/validation/history/20260822T030652Z.json,10962,a8850bd974ef4c02f3d7343f64a5d70da661656ac3a50dbe7aad14e923cff0b4
civora,partener-eu/validation/history/20260822T030740Z.json,10958,186c9a4cb59bffcbca9ce2ffda6d0b29785b9776dd02af71a3f79cb3c1fbacbf
civora,partener-eu/validation/history/20260822T031234Z.json,10961,ca58325ccb22fc267c6ebafa36e5c4c1198e5a69cc78aae9b9aab54d6a84fdb5
civora,partener-eu/validation/history/20260822T031450Z.json,10959,0f710537d282278c2309a559dc2ce926538990402b5ae4f69a518f07790073ae
civora,partener-eu/validation/history/20260822T031542Z.json,10962,ac4e473b368455351341b89ab21407068229031d8a7c30b01e0006434fc0c1dd
civora,partener-eu/validation/history/20260822T032308Z.json,10962,ff837893fd8ad6661ba7b047d63cc71a19f65484155d5de38e6056046db0ba79
civora,partener-eu/validation/history/20260822T032459Z.json,10962,023da4e6ae1ce3fa15175784277e304349a891cae91d8444e8b30443ba33c949
civora,partener-eu/validation/history/20260822T045929Z.json,10962,9b1aa0b07155af0b9a98360101f7b583199adeb4983375b5392ea035ec7aa541
civora,partener-eu/validation/history/20260822T050036Z.json,10871,2a5c3221c572c805add156a337a423af789e563401ed86a6cdfd98efa85167dc
civora,partener-eu/validation/history/20260822T050338Z.json,10962,d1a716bae62f2be56690949829c6fda5e637e83df2ad7586b7460f25d5de7176
civora,partener-eu/validation/history/20260822T050434Z.json,10962,8c4723bdb81a7903f3b99f4797745a030cae8f171913a2048df3495b8b87f0f7
civora,partener-eu/validation/history/20260822T054857Z.json,10962,66eec8cd2295befc99c66cb4b540fece47ade84eeedef27dec17bda718da619a
civora,partener-eu/validation/history/20260822T055322Z.json,10962,a14eb2a83703582e4ade00695c4691b2ef39922d01ccc788ea8488f9f6be9ed2
civora,partener-eu/validation/history/20260822T060442Z.json,10962,131cf45d2be1693826d6b83e138cc6a38826f9276f149721566ae77af57ee296
civora,partener-eu/validation/history/20260822T060549Z.json,10962,ccddd6836917a47c899b46f4b46e9993bf52ccf461fde328f390414e98082e6f
civora,partener-eu/validation/history/20260822T072037Z.json,10962,756ae4dd5f77d7c7f36d935fedc5d5064959493ca6bf20dcb92c2122ebca50e1
civora,partener-eu/validation/history/20260822T072126Z.json,10962,11a64b07c5b33d11d990d49a3d2de15b716e40da2f3551cf599d5fb50fe7f3d1
civora,partener-eu/validation/history/20260822T074945Z.json,10962,4855764e768aa80282ad76cb3730b04e5d94f84aa57b74ace57e6201cafc1dad
civora,partener-eu/validation/history/20260822T075318Z.json,10962,ea0b6a3abb0fbebb5ae45bda7c93de6cf4385c4ce76d2d576741e6035761b86e
civora,partener-eu/validation/history/20260822T075500Z.json,10962,f5549c8d3706325218fa5cf9c30e97b4c5c1e079723edff20f41e60b13ea85f2
civora,partener-eu/validation/history/20260822T085944Z.json,10962,1cec74f2b7078d6af7b228cae6f82267b4ab3f13adbb4056ff6400c294a1f045
civora,partener-eu/validation/history/20260822T090221Z.json,10962,2ebf3546b714cb368cbfc946538bb34d545c3433db7019312eebf975154b47ba
civora,partener-eu/validation/history/20260822T090321Z.json,10962,22a1dd1235e7161c4168b24bc4a5b69ba9cb575060de7fa1c2318f4d01a1bf59
civora,partener-eu/validation/history/20260822T094748Z.json,10962,473afa289817c613b1be5d1d43eb81c53c6c61481fa94c86dc0c5fc508bbfd48
civora,partener-eu/validation/history/20260822T094941Z.json,10962,f758ba619540d24aaa9b4f76eb6e2c10f01296539da403c49db28945699bd217
civora,partener-eu/validation/history/20260822T095650Z.json,10962,a6d5d2a64de365fe70cc15a39f3ab5e29cbbdcc08ecb88f86543a4dd1e98c7d6
civora,partener-eu/validation/history/20260822T095748Z.json,10962,20e59167e284a355760c72c57c5b21258aa8a8882c6429665480f25c0c73041a
civora,partener-eu/validation/history/20260822T100002Z.json,10962,b7e27719369acac582ae7bc068667ab6edce5a6fc607bf648c54ac5dbcc7bb8a
civora,partener-eu/validation/history/20260822T104438Z.json,10962,447f905b1d7305ea5e26d1a873ce342873ec3535bacd1575667b0052ccea2f5b
civora,partener-eu/validation/history/20260822T104540Z.json,10962,62476eeded918a5c1d82f7e7b7a2af2d5856eeb6210ff26fdd2ee036d928f076
civora,partener-eu/validation/history/20260822T105007Z.json,10962,70c29174f851d6a5b013b9147aeb4295cc784c4a72bdfa7838abbf57c5df3b3f
civora,partener-eu/validation/history/20260822T105053Z.json,10962,ab40153efd175a413036a3e60bf22aa9882e93b9c1b84cfeb2bcbf41a7732844
civora,partener-eu/validation/history/20260822T110159Z.json,10962,08ef5ba5db1b62735295d054e853871a15dd045a0551abd92e15692d83b3266a
civora,partener-eu/validation/history/20260822T110351Z.json,10962,751b8efb3d531192cccd31d484f965f1b161a6230ccf94618a251c78636e2abf
civora,partener-eu/validation/history/20260822T114054Z.json,10962,8f76d70b1d20f19f28550539786d5bada351cffd838d5c79fc18bf39bc45599d
civora,partener-eu/validation/history/20260822T114156Z.json,10871,191057390225f4d7defbdf30ac4d3eb2fa30d1b5e72722297c9e3077815d81ed
civora,partener-eu/validation/history/20260822T120146Z.json,10962,0c6d57173424b9be983dcc6a2528a61594b548dc7e9b00f1ae2b8518beedf1d5
civora,partener-eu/validation/history/20260822T120238Z.json,10962,2aa8d429a3b439a8c81c12a97160cdeee2cd142f4e4a70b4f747e212a90e4aa0
civora,partener-eu/validation/history/20260822T120704Z.json,10962,62998cd55c7fa41407df5dba1221f11cd454fab104e2af3a84d0bfafa2921ae1
civora,partener-eu/validation/history/20260822T120803Z.json,10962,9d8bd4f9c84a0f3f123331a44af22e4ffffb5973aa6245a695b66ef1da8e15eb
civora,partener-eu/validation/history/20260822T132213Z.json,10962,13b3aa32f30b912bf0e99c6204346782f97f94a10f98e8f9bc935c8aa8566709
civora,partener-eu/validation/history/20260822T132302Z.json,10962,665d409cb4413eb0adcda92cf9d224809ec914611bb542a078d69d6e6a460294
civora,partener-eu/validation/history/20260822T134655Z.json,10962,d158df790b4f32d5825f34e9d9436b0b2eca88f2c85c522f094ce2905a9642c9
civora,partener-eu/validation/history/20260822T135035Z.json,10962,bd113046a89e5a4081e977442927b7be0d8ccac5f56bbcc70aa2e47092c50495
civora,partener-eu/validation/history/20260822T135125Z.json,10962,c17019526e7661a456c6ecc9db8e0b089eb5546e33ed9b65bf1f3912382e3586
civora,partener-eu/validation/history/20260822T140419Z.json,10962,e3c18be656359059ab9f485fdcad4208ae25ee0dd34feb9278151535db2b283c
civora,partener-eu/validation/history/20260822T144456Z.json,10962,a6830b47bc27e962d6d47f50b6bd1326c91f66e0fe7b04072aebe4ea880141be
civora,partener-eu/validation/history/20260822T144548Z.json,10962,0826ccb96a08fdc19e98da5e9f45404ff395397e41f959089f35246e18280ee2
civora,partener-eu/validation/history/20260822T150207Z.json,10962,0ba01535e558553bf82cb663c2e7debd889645fe2b93b9c07d91a1405d06e588
civora,partener-eu/validation/history/20260822T150258Z.json,10962,0965a7b3c2ac01254c120a91ae1c5c3c9287874e145a91cb6fd3e80d0cd6ec81
civora,partener-eu/validation/history/20260822T154134Z.json,10962,15fcb92cf11232fe889f797bc565b0ae45dedea520d80d56da44593ef9ac3ddb
civora,partener-eu/validation/history/20260822T154225Z.json,10962,81ceee4cf896be82ed209eb00d1bbd80c65628aabc5a8b0151181132b0da9ca1
civora,partener-eu/validation/history/20260822T154618Z.json,10962,3c2e66b889ed4d96f6cd6251c51d0d89333bea46b5f83eee4fd289c0bc528bb3
civora,partener-eu/validation/history/20260822T154710Z.json,10962,b26daa923332ff0cba87f43290e67059bd09e6f4d410a1dda480cd615fed1793
civora,partener-eu/validation/history/20260822T154807Z.json,10962,952a34d85ac31d7690af819b8312c881fd931767ab6337f09931c27846cc3168
civora,partener-eu/validation/history/20260822T155225Z.json,10962,ebf9905e976343c5ca82b0c66ac7ce3a17b94534c79193f43e17f5013a1f7535
civora,partener-eu/validation/history/20260822T155332Z.json,10962,f052ab997daea9a0be2544b3b993dc49dff67e59878f17dc6dc09caf197572dc
civora,partener-eu/validation/history/20260822T155428Z.json,10962,4706b00b237a38cf9f8f71c287f778bc12d654b5d5516438353defb44947d854
civora,partener-eu/validation/history/20260822T155540Z.json,10962,7a1784bbaf862f17122e7387fa0478d49300a728df8977938553deb555cdb8a8
civora,partener-eu/validation/history/20260822T155912Z.json,10962,3d91d7a62bb4220ecf4b577f104609ce59f84442dc7bc2dbf89306bcbe7e9fa0
civora,partener-eu/validation/history/20260822T160011Z.json,10962,ec290128d5f1b8d37da649344242b29102d7218e438d4189b73adfb9a3a50cf2
civora,partener-eu/validation/history/20260822T160107Z.json,10962,e7865f06ff62833e1b72b7fa7ba8edc23422912e62483c07b3fedf43c167f591
civora,partener-eu/validation/history/20260822T161616Z.json,10962,9bace646754f355277fb0a388c0cb02b220227f19727aeacb3fee63405ba7db6
civora,partener-eu/validation/history/20260822T161704Z.json,10963,c8807ee1c6442327d2c7673ba028995669a47b66f0644b74e7bd47759cb2c712
civora,partener-eu/validation/history/20260822T161929Z.json,10962,26ea15ffdeaab3526121e7719e341a26f4d9f1b030224e65a1958538a7153d30
civora,partener-eu/validation/history/20260822T162013Z.json,10962,6b5baf23337b68d5b86cbfbc73bb60df3109a95bdd9d2267c623d0021d088927
civora,partener-eu/validation/history/20260822T165157Z.json,10962,0054d5d1c8158c90e2e7f45058a0fac96a3b688ba3aca38c77b576681d9747c7
civora,partener-eu/validation/history/20260822T165251Z.json,10962,9a6f7838870d50847c463ee7cf1196a7d6769bf09606dca644f7fc37539b3356
civora,partener-eu/validation/history/20260822T170448Z.json,10962,b7d7ba075271549917aae92733d713f900c59a6d391dbadfa034b8983c27bcca
civora,partener-eu/validation/history/20260822T174042Z.json,10962,a6773eca785dbc537777343b356f5e2b985c8c81f162517aaa6665785ace2ac0
civora,partener-eu/validation/history/20260822T174131Z.json,10962,8d5a63610aedaa75a802c62e77f8188f367559ccf1400bfd00fc3d809db04190
civora,partener-eu/validation/history/20260822T174230Z.json,10962,45527efe9b950d4b6fd506fdedd684675fbfff6ff1b689c2fc382459b796e491
civora,partener-eu/validation/history/20260822T180056Z.json,10962,0512480cc9f89c79bd9eb80e7098e36a047d59fc4a8e16bbf25a7e722fb72aea
civora,partener-eu/validation/history/20260822T180148Z.json,10962,dc88701310b2543ed5831658f585b387dfc351bb4aa4f24adb6caa9741921cbc
civora,partener-eu/validation/history/20260822T180239Z.json,10962,1cd552737426b40b4b9435adc8e19e243a3281fdb2136d230704662b857d1e53
civora,partener-eu/validation/history/20260822T190206Z.json,10962,7346c3818297aca58f306d28cfb2a1e2e48f33be1deea4ed79ea6ecb84b7ea82
civora,partener-eu/validation/history/20260822T190303Z.json,10962,1fd7ac985ab6c4b9a3f2721109b5f1a9ee837347b263809a5ddc15fab573dae9
civora,partener-eu/validation/history/20260822T191225Z.json,10962,4b545732c26a2c00e1b28a1f9e06bd9ad1393089d2a4e5b1e603a0b2442147ca
civora,partener-eu/validation/history/20260822T191316Z.json,10962,2ad10e986304df7dd90778aac98a9882129e31f2a0c509dc8af0cde987888f94
civora,partener-eu/validation/history/20260822T191522Z.json,10962,f203dd992d8ad167df3a4350a3d61ab3351622c21a2271ec290197f41f72cbd0
civora,partener-eu/validation/history/20260822T191617Z.json,10962,02215e1c3cd05e798b8ed39582144149ad4372d60faa517fdc958191ba2f6d9c
civora,partener-eu/validation/history/20260822T193301Z.json,10962,54be3ed0f081ce9f1be33033b2dfb22ad181dbc8117778f4bfd0a96baa0ee067
civora,partener-eu/validation/history/20260822T193432Z.json,10962,7bfe1ee028448a18db2f2e7330f3e20588e4fd2dd434423be9b4be5aafd4a5df
civora,partener-eu/validation/history/20260822T193526Z.json,10962,86ef86e29b6cafda706b0aa9ba03c023bb0076617073b9ac8e49ed2e40b68cfe
civora,partener-eu/validation/history/20260822T194013Z.json,10962,54b020b0540801b6411c9aa16c5df88e670ae222303e1c9f88683476c0c64c2d
civora,partener-eu/validation/history/20260822T194101Z.json,10962,3fb356395d54b4562fc76a63efd6ea5324fb43707a01333720a5213a5ce68243
civora,partener-eu/validation/history/20260822T195655Z.json,10962,c1b2a934f51981611d76e219b839649228f3834ac12a683cd350655f5551ae6e
civora,partener-eu/validation/history/20260822T195753Z.json,10962,357d4367a740aed1f72d92201a14dfb6bd244a438b3a70b26cc5f517da6122e4
civora,partener-eu/validation/history/20260822T204808Z.json,10962,ffa70e7ff3e23b64bed8c4de5dfb8ab585ac7f28f1a305fabe5129717337bf20
civora,partener-eu/validation/history/20260822T204911Z.json,10962,1915ef48d0c5d64281fcf27b30f13de90be332fc54fce55c5e763e8afb9edb27
civora,partener-eu/validation/history/20260822T210725Z.json,10962,446900a43d666efd4177c401e1ddba29ac6669c01f81884be15ad5714d24a63d
civora,partener-eu/validation/history/20260822T214051Z.json,10962,d1447c1a5e43bdf1393fbd11801e31dd58b040133ca382b8e34ecc7d7bc9c1c8
civora,partener-eu/validation/history/20260822T214139Z.json,10962,de8c2682eb7ed67e989cecd13230bd8955af051e5d5b6a7d3344b3c05d40292a
civora,partener-eu/validation/history/20260822T214230Z.json,10962,066ad685bdf9a74e54f977df105927819b04611b0ef9561f57f4f106ce4f306b
civora,partener-eu/validation/history/20260822T215546Z.json,10962,d1be28ea7e8c8b3c8faf501e0a229318747c4a32c056fb4171dd9e90fed26b47
civora,partener-eu/validation/history/20260822T215631Z.json,10962,e1bfd5aad6202d32425f11cebe341cb7d171e1a2b41f889a986aa5786215ff7c
civora,partener-eu/validation/history/20260822T220040Z.json,10962,23d838ff640342193d543a2f8f95ba921535ef8140650692c0b72981d72791de
civora,partener-eu/validation/history/20260822T224435Z.json,10962,12b9213e56cb050ac74105bf20ad54c5b3d560b3346b205e0a420db3d2590a00
civora,partener-eu/validation/history/20260822T224536Z.json,10962,03a735e9a7659664d3570bab285ff7f666e12a26cc130305dd8b89c16d3eb8ec
civora,partener-eu/validation/history/20260822T230006Z.json,10871,d8edb536a9eeb8dd2080a3ca437b9dccf966531acc4e9f479c5a3064341defe5
civora,partener-eu/validation/history/20260822T230253Z.json,10962,88a8d19d919c46ab09701f9006fc0a6974884944798174fe4e2f20551fdf2ce1
civora,partener-eu/validation/history/20260822T234048Z.json,10962,fb04536311c649698484ce761ec45d40483d86d69a8fdeeb19183478bc959aa1
civora,partener-eu/validation/history/20260822T234142Z.json,10962,5f93bffb7215eea6b99f87170cb87ed40f28a8b8806d8844772877ac076964f3
civora,partener-eu/validation/history/20260822T235932Z.json,10962,8481432533a4fce62ab32ca46757adca1ad9c7d3aca773b33c593412961066bb
civora,partener-eu/validation/history/20260823T000120Z.json,10962,82a7e60af1e2166ee96f9cc644f2d338a303d67cc27defa8723f037595029a38
civora,partener-eu/validation/history/20260823T032932Z.json,10962,0d785a677768bef01a86efdb8156a9014f7e50afbaa2d6f44263996ed9b95386
civora,partener-eu/validation/history/20260823T033027Z.json,10962,69e1c4f05980fffd20fe52a2b245c6869d19d4ab36c5d9438fa179cecd50d81f
civora,partener-eu/validation/history/20260823T033257Z.json,10962,ef74eb474737237a3c2389f804f6088b47ae9f1a71c6e0b3f79ae17f3ed14d65
civora,partener-eu/validation/history/20260823T033344Z.json,10962,c0ce700ede50e339981ed4a9e470fd44c6fa186f7085b29ae9adc63f6b727ce1
civora,partener-eu/validation/history/20260823T033753Z.json,10962,ea5cada9f38c379f5f85e2b7eb37e183890efef95cdf44a8c5d0d8c404facbcb
civora,partener-eu/validation/history/20260823T041351Z.json,10962,40d6dd65a62617cc0c8c88192a46f769f6adf21d897f725e37f78cb4351ffea5
civora,partener-eu/validation/history/20260823T041439Z.json,10962,16fe94b1478baeb8d07fe26c50986dad96254962e0a7514d4c724d82f182925d
civora,partener-eu/validation/history/20260823T050607Z.json,10962,6f2fe7e4172c62a4500b42b39db3bb33e95585de1e71c79d4d2f66964b71c6b8
civora,partener-eu/validation/history/20260823T050657Z.json,10962,f7103ae999ff2299717a49befbfa04ab1c5c1f18724e2c0b8fc8e5fdbad61166
civora,partener-eu/validation/history/20260823T050749Z.json,10871,c693f23033bc647093a86f9cea547eb8ce94a38020d07e0713e125f424a76278
civora,partener-eu/validation/history/20260823T055228Z.json,10962,65bfdd3e4733e49cd51a78baab5b65272ce912da9544ab51851b63cde4980723
civora,partener-eu/validation/history/20260823T055423Z.json,10962,106c4dc6f53f0e26c10b6902f1a7d763fcc440cd598bd037c0e56391451c8618
civora,partener-eu/validation/history/20260823T055518Z.json,10962,794696494c96879e79a43a55e40b3a789d822ec877a11735e30bb57b039b4dcd
civora,partener-eu/validation/history/20260823T055726Z.json,10962,e1012aec7e19e02ce3dd856f26415de36722e262bffc23f77eaf72d4e698e1bc
civora,partener-eu/validation/history/20260823T072204Z.json,10962,63dfd67449a5187e9dee47d673398b236fd4c3ba809a9b06d2760e6bc4848e24
civora,partener-eu/validation/history/20260823T072300Z.json,10962,e0c944112fe6659227b11984cfff5df73420b525049a66a280662bcdeac955a8
civora,partener-eu/validation/history/20260823T075247Z.json,10962,0f326d314bc8c6e4ce34c0ddc9b4dabd00cad9831eb98868b765c0611d88398b
civora,partener-eu/validation/history/20260823T075517Z.json,10962,c0a71c2582e0f6f3c0792375e0d7c83622b4ba2bed407af66e035dd8cb4bd8fd
civora,partener-eu/validation/history/20260823T075653Z.json,10962,6447355041391aa09d189a6d0da8694433a77386237b48d17a9ca62bbcfb92de
civora,partener-eu/validation/history/20260823T075755Z.json,10962,0316566cb1459f585c38d39c5b7e75cc8650ee29d5585571ff3c55a6904ce77b
civora,partener-eu/validation/history/20260823T075853Z.json,10962,c11b3d7b8b4e0031fb9e82cfe4a61facb4df37cec8d7900574b61023c3bf13f4
civora,partener-eu/validation/history/20260823T083929Z.json,10962,c1526b81d39953568973360cccba756b2bf73fbdc1884eb21fa6796a26e92441
civora,partener-eu/validation/history/20260823T084036Z.json,10871,2696fa5fdfee760d56a63e865eb9a7bec2f5a62bbf56270b3f449d19d102d077
civora,partener-eu/validation/history/20260823T090027Z.json,10962,89c235fe008cee5815b74f7c93ae3c42aab77cac292e694d28dfcc721ad72978
civora,partener-eu/validation/history/20260823T090126Z.json,10962,ecacc6bbb9e9edf69989c04f22f2e7b3a24e1b42d0ebd059170fc7765a6b37d6
civora,partener-eu/validation/history/20260823T090226Z.json,10962,1ce8eb5262c70fc1ad35aca957a8ffd906d19cee0d6f88a0aed7f5501e67f162
civora,partener-eu/validation/history/20260823T094923Z.json,10962,4cfd7c9622b9f0790bda52f7540d517f1e85de22030eac6f1c0054247e61989e
civora,partener-eu/validation/history/20260823T095010Z.json,10871,ab0b330eaacb666317da50d78e8782ba7b8aa900d1ad6e5c05810d53f9554e88
civora,partener-eu/validation/history/20260823T095047Z.json,10962,7c0b6f5bff69e157f5ad4986dd3c2cde89e02aa5f317d82666541f6184765110
civora,partener-eu/validation/history/20260823T100039Z.json,10962,5c81224d9a7e51d40cf42197bfbe610c0fdd361f1a7c4314b51b50efddf9d18e
civora,partener-eu/validation/history/20260823T104557Z.json,10962,59110cd9c2c7a3143273c753bfafa91fc1f173f9e584fbd177e1d012636e2b7b
civora,partener-eu/validation/history/20260823T104646Z.json,10962,8c5afa9dffed36dda9a9e90dbe0a3bab28c735284ea1abdd590b19e5af37bd7b
civora,partener-eu/validation/history/20260823T105138Z.json,10962,1bb6af5dcebc680fe39a7c6ef7b9a2083b9c2a74daba34c371163911616a612c
civora,partener-eu/validation/history/20260823T105232Z.json,10962,36fb31800c11cb019bd427a55b5f5811bd19e8961f615632c6274627698d0e68
civora,partener-eu/validation/history/20260823T110359Z.json,10962,b5a72e8821ea3d6a7b0a63b4667bfd99baae4d590141dd3b3b858d5590fd359f
civora,partener-eu/validation/history/20260823T110452Z.json,10962,bb85745cee7cd7b5a8056f56f40868de80c55ce399299c86a5f934530726dd14
civora,partener-eu/validation/history/20260823T114135Z.json,10962,5bb2fb7183d370db2c5d64f81e4306d794d87973bf5e15fd1fa8726adf5b74a7
civora,partener-eu/validation/history/20260823T114231Z.json,10962,1be4017173f81a5e90ecfbcdfdcbd3f292927343b7a2ebe8d59955c076d52c5c
civora,partener-eu/validation/history/20260823T120032Z.json,10962,b743dc947982a84a31811760ff386c5c35674c2a1b71f6abf4115739841e989a
civora,partener-eu/validation/history/20260823T120222Z.json,10962,f29782d7f3413db86cc5428d1bffea893288a9223b46b45a7b6043d1aa71a8dc
civora,partener-eu/validation/history/20260823T120312Z.json,10962,07e800bb7710f6325d7303d0dbd7b82220b9c7ed884ec56fc1289be24a842a54
civora,partener-eu/validation/history/20260823T132248Z.json,10871,6f77f7a34c7825428dc84079a5123b344777e36f27c5ca2a9dcc59d52c85912d
civora,partener-eu/validation/history/20260823T132334Z.json,10962,5942916f174887fc3982d0c468f6d8edc556733b30aa45e9160e08a5a8f92296
civora,partener-eu/validation/history/20260823T134901Z.json,10962,4ee163dc9f0c3ba816bc48455877ee18dc430eb7f2b9c373b0850f68b3d9f524
civora,partener-eu/validation/history/20260823T135049Z.json,10962,f5d567d4e502605ad99097337fae1612133d93227d66eebaef7407c37270008a
civora,partener-eu/validation/history/20260823T135214Z.json,10962,49e1bdd296970e4f5991ea82f459bac4b1dc3f2ac1c65bef46bc9f99ed03011f
civora,partener-eu/validation/history/20260823T135307Z.json,10962,ac110835605833231ca8a8d6c02437e6f19a9f42e3892ee2024b773f97aa95ee
civora,partener-eu/validation/history/20260823T135427Z.json,10962,81d45fe18ab0e693707aa24bfd712977898078cfdb423a509efb005f243eec57
civora,partener-eu/validation/history/20260823T135644Z.json,10962,65f6b08cf5e85390f388ee1b8ef39e94f655427d52138762556c06d397459274
civora,partener-eu/validation/history/20260823T145109Z.json,10962,654e6e1b182958252b9f36c82ea61921f8f16b29b84d7610944604b9704d497c
civora,partener-eu/validation/history/20260823T145157Z.json,10871,c7a06ea32f16d148136187712ac97cd496791f6721e1b2190eda42008dccca7a
civora,partener-eu/validation/history/20260823T150233Z.json,10962,e5180c7ec5b6b7998e69b251e3c92c5f669f0bd889769f26ff0b06e5124d1bf0
civora,partener-eu/validation/history/20260823T150437Z.json,10962,423ba367a62edb69c1ee11d8768359749d46a6caea487d1f557c8ea14bbb975c
civora,partener-eu/validation/history/20260823T150536Z.json,10962,e2d8ebefc43c5127ca3553b35a7d8074ac8411350dc3e451f707ffe021509428
civora,partener-eu/validation/history/20260823T154147Z.json,10962,093c98933fe341955631c9584e22a025ed672a45618894d628f49dadd4405ee3
civora,partener-eu/validation/history/20260823T154233Z.json,10962,7a95cb7723d826c3cf334029f71f451b1f74cac142b98f0feccbffb44db55e19
civora,partener-eu/validation/history/20260823T154442Z.json,10962,78ddb87fff147939ba4af817fc8f52713684362bf9d811452b7df5d17cd8e01d
civora,partener-eu/validation/history/20260823T154539Z.json,10962,8b1c7ba7504419fb06809695e3ad639e7f8cde6fc9cf9e28e91effc57b4acd88
civora,partener-eu/validation/history/20260823T155624Z.json,10962,891d3adcf021f0704a0bde904d859b4650fd365dcee89fa8dbe8f94bc2c6f2fa
civora,partener-eu/validation/history/20260823T155710Z.json,10962,e426587e25ed58d6a1ce6d7adb9aabdc4f314a3e9a077be0aebd1d81f8ff14e5
civora,partener-eu/validation/history/20260823T155811Z.json,10962,ce0daecf09b7cc2f45792e93d480d01caf88364f2e9a5f707cccf27e687ebbd0
civora,partener-eu/validation/history/20260823T160023Z.json,10962,a43ea5d30182d52f7690bb77e304093201a631aefbfae3453b6a48d427850d34
civora,partener-eu/validation/history/20260823T160222Z.json,10962,0b1871399b97bad44e728d331654e60f7b7f66bfc03ae604e57899f8c6ce67dc
civora,partener-eu/validation/history/20260823T165512Z.json,10962,68f8447153cba8c839908e6ae1c93d2b454eb4e72d8706539d01b2efc9b24531
civora,partener-eu/validation/history/20260823T165616Z.json,10962,fa4a280225c94c84cdd6bbbaed0968d2c8c1ce864fd98fa5bf5e54adb79feaf5
civora,partener-eu/validation/history/20260823T170519Z.json,10962,4a1f1d12d08032a7a35cf4202a401d96b9c74204f4a48a030a5d148687eae2ae
civora,partener-eu/validation/history/20260823T170633Z.json,10962,73e8d9fbe1373526ce5f878c955b929c7d3e290c17d06a46b8614263e4aaddec
civora,partener-eu/validation/history/20260823T170735Z.json,10962,d922dbccdff20999275a1e2f5b37119e2d93f9007c9f3b4a5998e0ccde084bfb
civora,partener-eu/validation/history/20260823T173415Z.json,10962,c7b00a2aa7700c0c4d24f752ceb15d0d483ba959883b8f6c0ad9c3f6d86e57d7
civora,partener-eu/validation/history/20260823T173510Z.json,10962,18c24e770cabdf57d2bd8e4fe929135209488b1cc2bf527186cdcce3e83373bb
civora,partener-eu/validation/history/20260823T173614Z.json,10962,56328add43dd6f383908eac5204d817b8ae58bfeb8730533c958762090559253
civora,partener-eu/validation/history/20260823T175734Z.json,10962,282adce641c3e2715816495f7748d15da0e51884074a516489cb3a0b230c2c90
civora,partener-eu/validation/history/20260823T175841Z.json,10962,43bda13879ff0b403cd2f3dc1183c02883252846602f446c6613b2640f485be9
civora,partener-eu/validation/history/20260823T180036Z.json,10962,866ab9260eb006e2e884d328201142ab46b1519690da7251e2608cef878c9e1d
civora,partener-eu/validation/history/20260823T180133Z.json,10962,ad1aa15a5988e0eea43ac38fdebc2791f718f76386e0f6d6623686a18025d973
civora,partener-eu/validation/history/20260823T190137Z.json,10962,6ce05aede05ad2e388c300dd3a43a37a7c3623cfecc5f842d434561c895ed08f
civora,partener-eu/validation/history/20260823T190225Z.json,10962,5366b17c7efee9b56c619447cbcb95deda5a4d6bd03b15d9fa469977c2a49ec7
civora,partener-eu/validation/history/20260823T191140Z.json,10962,9a1f2d869d59e28edc0ff4bc6d08867f1eab75d4a29a7c7bbe88a5839757b319
civora,partener-eu/validation/history/20260823T191234Z.json,10962,4cbae4e2d9389476c8c361e2cfaf1337acdac84452a2988c11ad4a92292305d2
civora,partener-eu/validation/history/20260823T191459Z.json,10962,587dcb86f1d2b841e7a0eab6b74731d63336c4b920e3161a47ca7214d95cd446
civora,partener-eu/validation/history/20260823T191548Z.json,10962,f4cb95da5f12268623f5c13f17cae91d76b2c641b2f082a1183c4c2fae8672fc
civora,partener-eu/validation/history/20260823T193250Z.json,10962,f5bf217436a37a119bae26e2fa6d339d2c2f8963ce4e2bda13b9ce3903ffed8a
civora,partener-eu/validation/history/20260823T193422Z.json,10962,7940d6ba92b623ff47923e9b80203a98a3a418aa57053c713863e68cab5af797
civora,partener-eu/validation/history/20260823T193519Z.json,10871,c68fe0d61f352d8a68a66f208a5ad34765619df5946cb71e613ef84f8032802b
civora,partener-eu/validation/history/20260823T193923Z.json,10962,a7b342444e20067711c358b597a5890976b303264c7b37147f78d473b930e799
civora,partener-eu/validation/history/20260823T194017Z.json,10962,6e0d0c9921406848908e67079a2611dcf466c43e159d34126c6d0ada04203263
civora,partener-eu/validation/history/20260823T195540Z.json,10831,6c0a0473dd874a8a516aa51d2f597f51e24cf8cfbdbdeff887ed9964cbc99d84
civora,partener-eu/validation/history/20260823T200010Z.json,10962,cccfb669b1f9bfd0073448d88abfb224f660757f0a8ed810a7fc371fd2a6f3d3
civora,partener-eu/validation/history/20260823T204626Z.json,10962,0686266b241e0a5d741f8dcbddcf300fab505921745af0068416e9435fed22ab
civora,partener-eu/validation/history/20260823T204719Z.json,10962,50f2f1585de2009914291548d996312cefe94906f80b7e162bcecb8333ea8dcd
civora,partener-eu/validation/history/20260823T210010Z.json,10962,bab4b7fd1246a132268b5258bfdca129bb92684028d22d0f274b94d34b567063
civora,partener-eu/validation/history/20260823T210151Z.json,10962,5a1c76220b716d233453c085273fb9c555cf3528fda8a72de79d82e1649cfc50
civora,partener-eu/validation/history/20260823T210331Z.json,10962,ed9fbbe44bbb35e8f249ffb8008391b39d1f8ede86ddf47d049966cd938e89fd
civora,partener-eu/validation/history/20260823T214124Z.json,10962,f2cad09a0da69419feaa198507538c5eeb0c43e9b23d1e8d8be72282306ebb24
civora,partener-eu/validation/history/20260823T214215Z.json,10962,34cff01d28a31efb0923f86517e4b950abba09c8f711f14f9b516a4c7cf37b4f
civora,partener-eu/validation/history/20260823T215555Z.json,10962,dd59fed10f85fdc0769575cea027dfb4ac8f243aebe7eaf093d076d2eb324095
civora,partener-eu/validation/history/20260823T215647Z.json,10962,cbd1bf88868f40e8d981792d8f266a3c5cc9b3b091d649d25d8b4098d5740531
civora,partener-eu/validation/history/20260823T215850Z.json,10962,3bf5b34f92271341b5979268568a938ee9eb58679bc609669faec0380f5c3cc7
civora,partener-eu/validation/history/20260823T215944Z.json,10962,31caede18168fbc58f5be68d13ff79651f9e4cd586a07e87ba65d13ab140f280
civora,partener-eu/validation/history/20260823T220136Z.json,10962,8cb9624c3609f9fe7ecbfab6bc21167852743eb46d54229267b8a848f8f09fb2
civora,partener-eu/validation/history/20260823T224431Z.json,10962,0160c35e249ee40e5cedb207419ec4cb4e40e96af38ae6db4697555fbd5a0cbd
civora,partener-eu/validation/history/20260823T224523Z.json,10831,dc66efa3071fc1df83350862417326015100723230a0151d1f4e72b88534467f
civora,partener-eu/validation/history/20260823T230122Z.json,10962,bc0cffd995a471c157db21b5b90ce5208a067d7f4a748d6e77cd019aef77d87c
civora,partener-eu/validation/history/20260823T230309Z.json,10962,d75a49fd2b9b247faf5719792fb018d3d1f13d2d495ac31eb9a713043ca3f75d
civora,partener-eu/validation/history/20260823T234106Z.json,10962,821b8ec36eb59acbfa8079bf1ea453a2067ba6bd87857a713d912d73cb2c2c43
civora,partener-eu/validation/history/20260823T234205Z.json,10962,52bc25d8d461e27e5d86a56495cf56cc4480323699b8cdf4ddde7df92403ca41
civora,partener-eu/validation/history/20260823T235906Z.json,10962,d40d14a78b6be3d344009dab683235fc22cb732f1aa00d53087962874e9ded7c
civora,partener-eu/validation/history/20260824T000000Z.json,10962,5f10d879366d8e831f9e79ec9be42516ec21fb850d3d113ea728d8aaf75c2ff4
civora,partener-eu/validation/history/20260824T000104Z.json,10962,4576c1599438c89a61ab0f393d05366a8bc4fe8d13bd396e51d3245da3b76fbf
civora,partener-eu/validation/history/20260824T000157Z.json,10962,931811e4ed7829891ec3dfd22ae54bd418381b1411bba7bb0374f829572a1016
civora,partener-eu/validation/history/20260824T033256Z.json,10962,bdbfb3154c52ecdae77362401c8132b721742a1b8f35668aef493d9e3529fa33
civora,partener-eu/validation/history/20260824T033350Z.json,10962,72f265af491518d72b57b40fc38383dadc1b9b4c7666bdc2d257966ac849f3b7
civora,partener-eu/validation/history/20260824T033716Z.json,10962,81ddab9884540084ef37709d72fc333d4a87171cff34e0c8c9c4c4c811d59638
civora,partener-eu/validation/history/20260824T033825Z.json,10962,7239820f0c535af7102eb3812d4c1466586fbadd0e82919fb096fd6910ebf8c8
civora,partener-eu/validation/history/20260824T034205Z.json,10962,832f6e086bc169e251f5494759ddb05e65e9c11f01c63aab4747904506783b03
civora,partener-eu/validation/history/20260824T034307Z.json,10962,fb786bd71b0a239633a00f40ab1f44fc225fccf546975eaaf8e55cb0b122c262
civora,partener-eu/validation/history/20260824T052546Z.json,10962,be2ebe63696e5645ec3be0284ec8fe578c02d07e6c3d37bc7dea33686a928d32
civora,partener-eu/validation/history/20260824T055746Z.json,10962,4803a7b0b4aebcdd3052601ac06a4eddf8334819c80acaf0bc834f372c0d47d0
civora,partener-eu/validation/history/20260824T055847Z.json,10962,b6422681cbc22be5ac9fb096937590ef7840ee2153912559e2de8ae148d265b6
civora,partener-eu/validation/history/20260824T060920Z.json,10962,e53b47c803cf2cfab5230f12b3e741421e4324621df999fbadfb6bd89e4e1e4d
civora,partener-eu/validation/history/20260824T061031Z.json,10962,40bce9090d62bab987c5b9d28a975f3b9780adc9c065e776a8a73db13244567d
civora,partener-eu/validation/history/20260824T083617Z.json,10962,3cb3d2b7917d9338c682a69e9276ff4d9234c5b371734055cf46070db5446dbc
civora,partener-eu/validation/history/20260824T091116Z.json,10962,a6d5a1682cc0b9d6d56c93223c0e6e5a921f83d20e7a7c9289d5e9b6bfc75cbb
civora,partener-eu/validation/history/20260824T091210Z.json,10962,2ccbca646cbc6dc6258814f14a3ae19f2463a30b7aca5753a85dfdd3c79d3448
civora,partener-eu/validation/history/20260824T091319Z.json,10962,497a64ccd5a085bcd45f1b546f0a11e612211c71efb60e8bf4efa6f904b03878
civora,partener-eu/validation/history/20260824T091408Z.json,10962,b5d6b61a50419cc0e279bdbacc2e9079b7c66ab8eac5b2f2fc4c003b8dd6a220
civora,partener-eu/validation/history/20260824T093043Z.json,10962,1782fa9b74314e73daccd087740573ac90267b0e6a21559be980da0c45d019be
civora,partener-eu/validation/history/20260824T093150Z.json,10962,67e44315cf969d42fc46254027d2c34cf597025a540c5690f589a0ac4be40d7f
civora,partener-eu/validation/history/20260824T110338Z.json,10962,a348a188d996686265e4fa6f430558d337cdaac4b365de84bf62c64a30a94e39
civora,partener-eu/validation/history/20260824T110540Z.json,10962,0556afd20c117ee000c77516c8b05197971cc16dfa835b7f0a460851c9a215db
civora,partener-eu/validation/history/20260824T110803Z.json,10962,874e8c3fdb729c0b11ad19e8ebff1ade50ac14a96f3925ca48dcd8686060aca4
civora,partener-eu/validation/history/20260824T114920Z.json,10962,e74c14ab1e474d9c0c2422e6fb9d3a8ad75da4d48be3b063faaf46027df6f033
civora,partener-eu/validation/history/20260824T141014Z.json,10962,a196ff50ce9bb60acc37baffc3b9f208136d765f5a062711f8e653da9a5170b6
civora,partener-eu/validation/history/20260824T141126Z.json,10962,fb7e523fa29f4f919683d9d8f1e8ee8c5adcfc94d05a5df4cc2ed95a0cf50e88
civora,partener-eu/validation/history/20260824T141228Z.json,10962,0e794271e8d26160de79fa1db1ee04c8f8febcd2733c1631ea42efa6ef4e8434
civora,partener-eu/validation/history/20260824T141338Z.json,10962,205b5e2100a49b2154da44f043a3280d1d8a1a12e30be506eab48ad31d785b77
civora,partener-eu/validation/history/20260824T142802Z.json,10962,91f3df568eba0c7bc5f9f80239a191ba73798401ea88955dd18c4c0653097ff7
civora,partener-eu/validation/history/20260824T143002Z.json,10962,36e57103cbecd659cdd15f05768c3be4cd6485ac2e6a5f0e776e07ad69bdfd12
civora,partener-eu/validation/history/20260824T161034Z.json,10962,01ffba8c6d83def4ac4cb56967e4b4e9af8f2a1666b6282a2e9cb5baf79f7423
civora,partener-eu/validation/history/20260824T161137Z.json,10962,6e5af01dc90de6ef23db54273572225c584f0ee3ebe0f71ad890b162156c06c3
civora,partener-eu/validation/history/20260824T161847Z.json,10962,ddf9a0f0c6f1164116b3345922f8fe251db67f18e2b598d05d969aada8160cf7
civora,partener-eu/validation/history/20260824T161952Z.json,10962,430fc5760260c5824c81c200de87e45c03b1d71201d9bcf149da0b67163352c3
civora,partener-eu/validation/history/20260824T170834Z.json,10962,b5a62d848dd4a011d1acd0845cbf8a649292ae07f56b2795b5049be94fa7b110
civora,partener-eu/validation/history/20260824T170943Z.json,10962,e17644f53e383722280a8dbe5a0b20a1023643babb0b201f1ab029237a4e2035
civora,partener-eu/validation/history/20260824T175628Z.json,10962,17836d756ce5e60ad9a8335705ab429286d46a7d8b9bcfdde4b8898f2ac4a4af
civora,partener-eu/validation/history/20260824T175836Z.json,10962,c91e9f0ee042a0f4d8e18866b35c62a58e296a2e15e6b4e1d79a869661320b5f
civora,partener-eu/validation/history/20260824T180234Z.json,10962,d27c38cf303b23fc241ba5ac4d25183580e38dfe7b62833b4c05504a3da3d67f
civora,partener-eu/validation/history/20260824T180354Z.json,10962,788bd235097807ebd8bcb75d2bfd57590d488d48c69c5fd36ae64ae4ecf3c02d
civora,partener-eu/validation/history/20260824T194848Z.json,10962,11156c0fb0f79fa1daf99aadf4445121e2490699e29fb4bb5445bb9989d81508
civora,partener-eu/validation/history/20260824T195058Z.json,10962,7ac0e5f872494018116eec25c1c8225837306abe7f06de3477e2c4254c8b9447
civora,partener-eu/validation/history/20260824T195314Z.json,10962,e55587172999f4d2e31641cb0e4118a181965bbd6d50170d9d99b636416f28a4
civora,partener-eu/validation/history/20260824T195659Z.json,10962,b6a7fa7c6df78d5c82de2a08ddab6209e2105f6ba7582a8371cce29e84223303
civora,partener-eu/validation/history/20260824T195752Z.json,10962,94e40b3013c255c44e72f415bc508a88a315b18e6d41af033853a2f97fa254a7
civora,partener-eu/validation/history/20260824T195910Z.json,10962,78c9d7a875d1706fca53be785c158b87fd47b4cf5ab7e6d26d0313ce51d45c62
civora,partener-eu/validation/history/20260824T200007Z.json,10962,5f684631c45bbf46fea65f0e3d8d7a868006656dc8323bc14608d46fecf6dce7
civora,partener-eu/validation/history/20260824T215207Z.json,10962,f803bf48ea83d1f32d7cab8f18678fc0f84cb1c309a05c4195708da748e0202e
civora,partener-eu/validation/history/20260824T215302Z.json,10962,e317c94de563489d54a837cfe913089c497138b5073f95f1a1e10b3bdb7c22c5
civora,partener-eu/validation/history/20260824T215438Z.json,10962,f48b3f339555e85b931cf40aabdbb20909759702a1143d522221b1299fea46b2
civora,partener-eu/validation/history/20260824T215535Z.json,10962,025c3a217b03f068aa88a353c4c2134c695189d741eb39f8df47caa94fb9ff8c
civora,partener-eu/validation/history/20260824T215648Z.json,10962,37fa53b414b37aa0557b824c63235e6bd5de41653c86e3b0eedc55e54dabafa6
civora,partener-eu/validation/history/20260824T215747Z.json,10962,4f89a757467d034ab697a0b5cbda401649ee04aad4b24cddc3c9934957254569
civora,partener-eu/validation/history/20260824T220238Z.json,10962,6226b9eff7f32a048fa82e4522733a2d53515434828381cceec29e0171914a90
civora,partener-eu/validation/history/20260824T220340Z.json,10962,9ef278b702053353d4de53645229e016097ef1420df0225a8851d71ff19ba8d4
civora,partener-eu/validation/history/20260824T230711Z.json,10962,fd028f539d07dca0c56d3a819c54f2fba0989ef53c56c456e305466192510c91
civora,partener-eu/validation/history/20260824T230811Z.json,10962,7c0edfff4993d10345130e0e85b47190e2b82b3f80c054b0be6b2c0dfa1f3f63
civora,partener-eu/validation/history/20260824T231232Z.json,10962,a959ee89840abbfcb5eed286785ce0314c9e43176126bf2ba59473d014751c3e
civora,partener-eu/validation/history/20260824T233511Z.json,10871,27905a9cc70ff689a60b21b9f1d13a97bd8bedeac8614c9ed88d2187530118ff
civora,partener-eu/validation/history/20260824T233603Z.json,10962,60953c185459e182971610c2a567ad6dead1e0e47427f0f11a0007feb3f22776
civora,partener-eu/validation/history/20260824T234118Z.json,10962,70e2559ea2805f43224bfd4c193a5d97dc162aa899e927df9b585459c929fc72
civora,partener-eu/validation/history/20260824T234217Z.json,10871,0320c8204cf1a077a0b18048797975af3c2e884615c6c33d003b7de2e9acc4fe
civora,partener-eu/validation/history/20260824T234304Z.json,10962,4ac86cb6362798c0a5a43246bda2df4078bd58ad75f84370d4606a05b4d44188
civora,partener-eu/validation/history/20260825T000040Z.json,10962,4b1d1b7e299ccf7961cf9ece8cd4c6d1cca2c2a3828ce117fdeb390a5ee491b0
civora,partener-eu/validation/history/20260825T000134Z.json,10962,1278e88fff6d6a56b9f1543d76e7865efd33f7e1df60ddeea45b585271ecad40
civora,partener-eu/validation/history/20260825T031506Z.json,10961,df49c27e24da82ddb2ffb2726a4af0fa84af3ae50fa9accc84b36368fcedf09e
civora,partener-eu/validation/history/20260825T031612Z.json,10959,4dd0a65c7086775613056369d0876e9de3605f9b0cee763acf8ec5729fdb3345
civora,partener-eu/validation/history/20260825T032753Z.json,10962,aad435a0978580f7911f4855094ec3118ea833458975c2053a07e8bc8efecc04
civora,partener-eu/validation/history/20260825T033413Z.json,10962,73f78c3c920c3d9501de3876db985a7aa149918a1a5a5d3063b4db66e6a79e01
civora,partener-eu/validation/history/20260825T050811Z.json,10962,b2ccea9e3a8268dda4871b557ce2c63eeda28101f891e78807f8fbec26383f3a
civora,partener-eu/validation/history/20260825T051939Z.json,10962,1c74d74a929962320f9d4387baf152538883e58289e9eb2cfa68f381956c918c
civora,partener-eu/validation/history/20260825T052055Z.json,10831,10ac42e1347b15eedf3c41e630bc96e4b893b002a95d35512b033d9f4503a5da
civora,partener-eu/validation/history/20260825T055717Z.json,10962,ac58388f0c6bb6084044d27684e93020fab0939d72a4fc060fa5bb1e629985ff
civora,partener-eu/validation/history/20260825T055916Z.json,10962,cbec336258d0fedd38a3bba0762edba0150ed2a2ca0247bbe72f917854868c82
civora,partener-eu/validation/history/20260825T060312Z.json,10962,cd8094d0281f417ddedb793858c527c97cc2a2b700659ddfbc95767b70dfc0e7
civora,partener-eu/validation/history/20260825T080406Z.json,10962,c4e4da28957b881cc2896b409f06e12d2eebad953e7fb85be63049881e5bd964
civora,partener-eu/validation/history/20260825T080509Z.json,10962,dd8bf15b1522328bf07b5024ef67bcbd97a9b30e1f55b0c639d91c9103c39544
civora,partener-eu/validation/history/20260825T080636Z.json,10962,318b98b345e771137f20c3efa19160a8cef35c1aba21382d5d4c2c484f5eb359
civora,partener-eu/validation/history/20260825T080734Z.json,10962,c72f4fa622366b006c0c670ebc86bf76658d4e9cc07cf0f1591c46bab401cb9f
civora,partener-eu/validation/history/20260825T082349Z.json,10962,8a41631116843f0892eab0969c404a9e5cdf9d1d8a2ff09579d24be0a9769d7f
civora,partener-eu/validation/history/20260825T083011Z.json,10962,b6a48f2fe3154cbae5652211f42af5a669b1ff5eec23779d783ae4e88cf56b9d
civora,partener-eu/validation/history/20260825T100518Z.json,10962,892b9d855e3314e98123dbe7e735b58083151e385a4f3287274fd9465d29c902
civora,partener-eu/validation/history/20260825T100619Z.json,10871,f74cf3d63391a16c3f863b4084b03f6430652a8ad4fd83499101bf463db0aaa9
civora,partener-eu/validation/history/20260825T105905Z.json,10962,a3d330438af64baf1586bee9d5656e5f0a2fb82a660460075749b87fc596418e
civora,partener-eu/validation/history/20260825T110002Z.json,10871,151861dfe50c9b886acccceaa8a101bb002fe04a14c7e1e51247aaa84ed6d6eb
civora,partener-eu/validation/history/20260825T110241Z.json,10962,ae0d94982eaacbf5224a5a00c00d75debd4b12f30da432c7ab326b5d7aa566da
civora,partener-eu/validation/history/20260825T110343Z.json,10962,9b608938789d475742b51902788a50ced82c177d479583d7573bb4444e702c5b
civora,partener-eu/validation/history/20260825T115054Z.json,10962,e0fd27570ce77095f9a74bdc96e635f78a832216eafd801f5315f36cc4cae472
civora,partener-eu/validation/history/20260825T115228Z.json,10962,8a0c72e92db703ce65cc654198a6ecc01b1678375f5bdc833292e7ea4d403828
civora,partener-eu/validation/history/20260825T115329Z.json,10962,e012cf772f9bc566201be05eeff4094743836f7b151a2695eef95273bc293e77
civora,partener-eu/validation/history/20260825T115554Z.json,10962,8284afad960541907082c0339fddd155b101ab746b148d73062ec562e5ff9e67
civora,partener-eu/validation/history/20260825T115659Z.json,10962,f23f9427ecade5f6047f555ae1e41ca2c33edd2db3ad6301bf86d172ecc57e93
civora,partener-eu/validation/history/20260825T115917Z.json,10962,b0683e0433e27ec6f4695899847ae9073f50b679b49ce2a5b7e674318025672a
civora,partener-eu/validation/history/20260825T120018Z.json,10962,f4002a8a3c6d1c42787a543527d43b83569378bc681906955e931811ead388e7
civora,partener-eu/validation/history/20260825T141242Z.json,10962,aa4289400670af7b884c8c5eb47a32188dee314dfb6f41ed7ac4e87a223aa41a
civora,partener-eu/validation/history/20260825T141343Z.json,10962,94be20b540e2feac6d7e91e41b60eed6e2b4527ed648c659decdb54cd77fea39
civora,partener-eu/validation/history/20260825T143223Z.json,10962,21c6c71115b10748a6b8f93f9aaa433f68248ad334c528f170d38c6a144e1250
civora,partener-eu/validation/history/20260825T143312Z.json,10962,ef655d67562c372e476ed93cf27b87d479c0a35cf162925d6eed5a73b68c37b3
civora,partener-eu/validation/history/20260825T151317Z.json,10962,9e64cafaabd3ed3a7f7950aad16d11c5fd0ee696f592d50758b2732c5b48facf
civora,partener-eu/validation/history/20260825T151422Z.json,10962,4d266c4c6c871435d24dd787a11f23bced76b5c9e9c89425b25ac115132b1c85
civora,partener-eu/validation/history/20260825T152558Z.json,10962,41dc8629cfa04e98a98bc484b7ba3762bf92c02a9efd1934d6ce79963e5a1720
civora,partener-eu/validation/history/20260825T152656Z.json,10962,66c5d8ab8e907a0226101441e3904126e702d572a73c31402d1d0c059d6fe58b
civora,partener-eu/validation/history/20260825T152750Z.json,10962,917645e9799f12a6e102d75bd53c69b27d84f897a66375264b4fb24cd9c9ad1a
civora,partener-eu/validation/history/20260825T162139Z.json,10962,906e33d81c742bb2d4f1efc3cc859f9455dfc573988c7c0a8df02069aad3654d
civora,partener-eu/validation/history/20260825T162300Z.json,10962,6f0f47a7ba95a12a89f51f845646885aecfcce850236d234091d37a12da78f7e
civora,partener-eu/validation/history/20260825T170814Z.json,10962,0146a70f6320b423708f1c236e93df59282c3bc21ae13d537f39da0e7a8c857c
civora,partener-eu/validation/history/20260825T170916Z.json,10962,fc693b6e1fd8339926710dcfd757b2f9958637dcd6ee9dd8c9fd9f653b9497fa
civora,partener-eu/validation/history/20260825T171800Z.json,10962,1f3da268a61683475200b9f26561d7dce39055f0c6a97e150cd18e9b38bbd4fb
civora,partener-eu/validation/history/20260825T171909Z.json,10962,d9d087092645e62dbc8ba43d4b18f8dd205ebf0dbbc65822763979d524c8cf3e
civora,partener-eu/validation/history/20260825T172000Z.json,10962,a3f7ca7e979b9db10a1ea9bb0d7994f4f653a4bfd1d9c8ea4860541b3532da06
civora,partener-eu/validation/history/20260825T175212Z.json,10962,0ac98f59d4a8e2f00a1e9267662ad7dc8282dc68fa4b4a6405456382c4c42f3c
civora,partener-eu/validation/history/20260825T192105Z.json,10962,825fd2efe6b980118446dc500e37568d8f8f2fee3e486da5390d67eb015284ac
civora,partener-eu/validation/history/20260825T192158Z.json,10871,753c17da9d4ca9a4943baa3b6fb82de454025a766753886045ba03c8a0bcbcf3
civora,partener-eu/validation/history/20260825T194938Z.json,10962,3188d27cf498d125ab61692e30eac306d5f8c0c6c901583fc3296df3a5109ac6
civora,partener-eu/validation/history/20260825T195045Z.json,10962,0d61ef8b2caf7121662c41f90a6821e8d1936a1bdf7d7e9101da893dc72a3e46
civora,partener-eu/validation/history/20260825T195221Z.json,10962,33bb74c1541adbf857472a1919050dc06d89048d88ebccc8267087dcbe3e634b
civora,partener-eu/validation/history/20260825T205737Z.json,10962,a8e5c818abb689b8add6216203f6101e35cf7667fb51a3b43b38f4c8f53179de
civora,partener-eu/validation/history/20260825T205836Z.json,10962,852be0b2192581fd67682e31ffde1672dd5b2586d35d61e1a6ddbb05f649421f
civora,partener-eu/validation/history/20260825T205939Z.json,10962,5b81409c20b634823fc35fb64d33e028f46bb0d25860fa4ee1841385c8b683be
civora,partener-eu/validation/history/20260825T210039Z.json,10962,2acd33446082b9e5ee8c3636b3b67ac5395387a3ecca80938ef7611f641b6a87
civora,partener-eu/validation/history/20260825T214939Z.json,10962,d8ef57f7e76bbe486cf08e4a472687f2ee0e27bfb0439b8056e9e5be7e613dc6
civora,partener-eu/validation/history/20260825T215116Z.json,10962,cfeb35d46bfd44f7a1b52f15348257d0e0fa154821da5b64d9b772ebdc5bab34
civora,partener-eu/validation/history/20260825T215212Z.json,10871,781aba41cc0444cf6f750f0dd9e1645d863de402b316972660b871a858b9c0b3
civora,partener-eu/validation/history/20260825T220000Z.json,10962,7a51ffdee7343484d7708617047cde5f5022d0608d7af727eb1cf5e674873aa2
civora,partener-eu/validation/history/20260825T220058Z.json,10962,bbca2bcd272cdd0efb192d5aec5089f3d6abc25c5542e6d21016045c5fd00360
civora,partener-eu/validation/history/20260825T220418Z.json,10871,d2f781726ff92a47a090a538d59d422811072ae1a88093327af97b7136765b42
civora,partener-eu/validation/history/20260825T220509Z.json,10962,5f917db47e4920d30a93b90228275578f980a10f9c3c06118752f9da0922fc13
civora,partener-eu/validation/history/20260825T225718Z.json,10962,7ec55cb1803f01e08a010de35e3cac78468ed315fe2b5a9ad95b38747c9ac4e4
civora,partener-eu/validation/history/20260825T225810Z.json,10962,9d4adebb38581d0750703a772f5f373f6972ac5059ec714208efd2440278dcc3
civora,partener-eu/validation/history/20260825T225906Z.json,10962,f039b8c6829ee873702d151c9cf56e5b39e5cbc141cd991b6d2b5ac965760072
civora,partener-eu/validation/history/20260825T230000Z.json,10962,ff98065aadb1922785b772a8ee4808b45e8874a41902ed5087bc13b47ecf7236
civora,partener-eu/validation/history/20260825T233740Z.json,10962,4856dad22e86caaba45c9d11f85fb5b51d6621c93030f3403d5e43a64558b4fc
civora,partener-eu/validation/history/20260825T233850Z.json,10962,c0a346d8c4d5b1801e11d22d42677c1ce20767231ca33a1850b744953e2842ee
civora,partener-eu/validation/history/20260825T233940Z.json,10962,4d8c3f69d7c544861483606bfad005ee8cfca28e41d47d67ae518298bd05d439
civora,partener-eu/validation/history/20260825T234238Z.json,10831,bd29119077c2612d8edd88dc87fd20ba5ee26b929da136435545909d9ca98dce
civora,partener-eu/validation/history/20260825T234701Z.json,10962,9c8654f956173594faf1d4480486b769ca9dbaedec1a8398fd196c5f242ea296
civora,partener-eu/validation/history/20260826T033248Z.json,10961,53d9a24166a4fba582f09e16c9d5988895eb929e2c30fdc1ba47704439e114f7
civora,partener-eu/validation/history/20260826T033343Z.json,10959,150d9fe4dda76e64576148fb3052a6cb314b148bd4f9312ac7ec13a35870e220
civora,partener-eu/validation/history/20260826T033445Z.json,10962,d64c07d738c049131631ec38b64b3b693231a979e81780a3286776fd23b422b2
civora,partener-eu/validation/history/20260826T033902Z.json,10962,41497b18f9e6d8544838130c91f78709ee932f03d0db07304eef6deef91851ec
civora,partener-eu/validation/history/20260826T033949Z.json,10962,1c3cfb5319832d6c6d59165ac5634517c747dcd4ecf3294b51f46c32e626ff68
civora,partener-eu/validation/history/20260826T034258Z.json,10962,a3e2e0657dc4e8b80d8cf9cd2c818c89557db42b2256f495298b64d2fdff9f05
civora,partener-eu/validation/history/20260826T034349Z.json,10962,27e8ac2012d0a21dcacf4a1ba196d81f2908cab8b8ae27741e7b8b668e4ff741
civora,partener-eu/validation/history/20260826T050753Z.json,10962,92ace10b07587f02693a406053475a031a8da83ba17215dee0d42c612e2053a8
civora,partener-eu/validation/history/20260826T051746Z.json,10962,dde8d2321fcd98837e69f69d0a4cb121a4fb2c166c96f3c6bc77f2508a819b50
civora,partener-eu/validation/history/20260826T051847Z.json,10962,852ce348b8fd6859c063728367ed32d213cce1c8e1d62d58f9de8b7f175b43f0
civora,partener-eu/validation/history/20260826T051939Z.json,10962,eb3d4989a2ab757b1866292ff40f046e7961b2851ce521b8a23cbdd6b90bec3c
civora,partener-eu/validation/history/20260826T060411Z.json,10962,19a693509c9777c5088662234d183e2929ff55eedd74165a3274b9fb7c7e09e8
civora,partener-eu/validation/history/20260826T060512Z.json,10962,aa2d78d40c6ae80d147cdd2815b41ad992989b61443daeab70bf8e2c39b65bb3
civora,partener-eu/validation/history/20260826T080459Z.json,10962,01d1a343d600c0e004e4ec5c37c7e498f94e2f5ba87d11a1e791a946a709cf4d
civora,partener-eu/validation/history/20260826T080602Z.json,10962,1651357ad89079408c4a15a5dd1e5b6350c5589b1b5ff2b0f154286864a02060
civora,partener-eu/validation/history/20260826T080700Z.json,10962,86cd502bd39624170b3bfd29a04a98f9203735a232a70621aeedcb87dbf780d9
civora,partener-eu/validation/history/20260826T080748Z.json,10962,efe0de31e12ffcb8c1e4a827395ceb966e54adba024d674f220aa2c3bf3b4900
civora,partener-eu/validation/history/20260826T082459Z.json,10962,e70be4f140592b1dd1ec6cb96443f7225388624f8c6bace306285cf4109591be
civora,partener-eu/validation/history/20260826T082805Z.json,10962,38ac84aadfec878b235c61c0dd3a146ace0a73bf0f021c6d3c4960311e6e42ee
civora,partener-eu/validation/history/20260826T082859Z.json,10962,37e761607f1715cfa9c50d5edd2cbe3a8ffbc856f4585f7691ba7c0fd22ad238
civora,partener-eu/validation/history/20260826T101948Z.json,10962,288e471aef8608d7a3683619638129f5c0053d42802d6c5dba89e59515a8f526
civora,partener-eu/validation/history/20260826T102043Z.json,10962,51749eff245c10e8c2b9015fe57678a3189658a92e7bca4eb7c70758dc228a72
civora,partener-eu/validation/history/20260826T102139Z.json,10962,50f898fa90a6450f5f17175f07eeaa7286203859b3d7133215e073d9cb2257f2
civora,partener-eu/validation/history/20260826T110308Z.json,10962,2f4697a8b0915a2f75635d3475e32f7c128a404ac84557d8e6cb9d928f1873f9
civora,partener-eu/validation/history/20260826T110411Z.json,10962,23eafa5109f02dc57d284b3671ae5b6f4d1cb1ea100ea486d38fdaa30175b60f
civora,partener-eu/validation/history/20260826T110738Z.json,10962,3ab20eb2f038244818d335e384db5ef97c276d0ac3868c1d6f2e3558caa8853c
civora,partener-eu/validation/history/20260826T110840Z.json,10962,6e8af6e2f92d79fc8b79decd1d01a2963bdb163c2473eecceab02f7a88ca0195
civora,partener-eu/validation/history/20260826T115445Z.json,10962,8abc387c5145a3beaca127807a1a8e98488429ee2c288fbeedb5327683f757ce
civora,partener-eu/validation/history/20260826T115648Z.json,10962,16920133c77baaebebbcaffd2e2cb084ef35e99ffb97f74d24b4b0a0e6f0e847
civora,partener-eu/validation/history/20260826T115748Z.json,10962,4e8a7656191d093671591fccf3f585f7f7b1850f6b04c21c8634ac916ee23117
civora,partener-eu/validation/history/20260826T115931Z.json,10962,f5c5eb3b540bdc872305ffad15cda3da3b3be8a6a236ca12c9e9dbdb84640473
civora,partener-eu/validation/history/20260826T120030Z.json,10962,96f88cc04993df40688bbc705faee910a8721339bd6d209e859c92fd6a19657e
civora,partener-eu/validation/history/20260826T120120Z.json,10962,e90aa8b2186abd0c440de6c055bc0d90e0202c6107ab7479b829f6cdd0995960
civora,partener-eu/validation/history/20260826T141226Z.json,10962,0fb9b52712455c7194833b6922e6ca239e75fc9356d9ec13bf56f2408630ea1d
civora,partener-eu/validation/history/20260826T141326Z.json,10962,5c4e750984f82cc2994b5b0abfbb0dd5e725eac0bb3748a30811b6e871621d62
civora,partener-eu/validation/history/20260826T141438Z.json,10962,5cabb82c05beb7c2b15f8c41efa84026e91bdc366cbb15e5fe0dbfabdb062769
civora,partener-eu/validation/history/20260826T143045Z.json,10962,ab9a7f892e4db0c483c377458e8ab67f64acfe6b5df85f079708af79515299bc
civora,partener-eu/validation/history/20260826T143245Z.json,10962,1ed842853088060e093b916968ea94202d72f245fa263eb8bbb6f764b7e9b59b
civora,partener-eu/validation/history/20260826T164632Z.json,10962,a80623443067ad3eac354c6f29c0a757221639579993034d71df508580510f6a
civora,partener-eu/validation/history/20260826T164925Z.json,10962,4ce56de86cbc6a91303cd0efe3f476fdbce9acc6310c1437e8b0a787d05f521a
civora,partener-eu/validation/history/20260826T165247Z.json,10962,de64011cb29af39cafaba6f18630a25a0afc4b5d83c829055e6d187d8e14b4b7
civora,partener-eu/validation/history/20260826T165340Z.json,10962,4619914b87404ed6ba23b52c0c333f0c1ee027f0dacf7c42c645054d230cd035
civora,partener-eu/validation/history/20260826T165754Z.json,10962,ad100e2ceeac540a0ea1d4e001156e684a4295f64b43295d3be4690c3acc377e
civora,partener-eu/validation/history/20260826T170416Z.json,10962,f97fef3223d31a2f9603512ca891dd4ab239032b9d4720f4b2afee064824fe20
civora,partener-eu/validation/history/20260826T170529Z.json,10962,cd418f1e6c659a842d2359042440e3694df176fce640a24ec3801a5cad2e3eb1
civora,partener-eu/validation/history/20260826T170644Z.json,10962,9a156b29352a6363cb49f3a1c9c9221e68e349d0c7646258e026ca05f0145262
civora,partener-eu/validation/history/20260826T170819Z.json,10962,44610a5a4188d75a393cfe002c9117fbfe923490937b321008dc1e0500f47cb0
civora,partener-eu/validation/history/20260826T171212Z.json,10962,ba1afafd1594c68e9de4f4af6b415eb4cd413a4f24bcc3dac215fd45ba744762
civora,partener-eu/validation/history/20260826T171415Z.json,10962,a623eef3dc86694e6309e15db01a5b15691647d47d881abda8d72cdbffc1b3b5
civora,partener-eu/validation/history/20260826T171503Z.json,10962,3973d0b3bb816edbeaea47875eb294b753508bad6febca9735d47f2cbf1286f6
civora,partener-eu/validation/history/20260826T171716Z.json,10962,4c2188feb77bf07d39355c33ef5abb3c963a05664a5c97fd2ca7d18dbb8e7ec7
civora,partener-eu/validation/history/20260826T172306Z.json,10962,5e48eed20e090062382bc53230ac209ff91454bfd891324522ab3bbc3acc9271
civora,partener-eu/validation/history/20260826T172405Z.json,10962,36f434832b832c26d2c0a7092c92980fffa3aa94b17b441c462239a309604ec5
civora,partener-eu/validation/history/20260826T174109Z.json,10962,faba38c3e3a401bcc183b3b54d1dbc2b50ea9efe3825061d2c291e406b1b4c76
civora,partener-eu/validation/history/20260826T174800Z.json,10962,62bf6717352720ed7759e0996f85a2272c18293926da0dc8bfc509da4ce331c7
civora,partener-eu/validation/history/20260826T174918Z.json,10962,52224a6d678fd22096969800fb78bbd3f6fe5a79e83a4668fe6fbf29997553fc
civora,partener-eu/validation/history/20260826T180803Z.json,10962,b2577a57bbb3dbc7bd145dbe3a5d5da939ce49a83612d63ef6e27f86c52f6616
civora,partener-eu/validation/history/20260826T181653Z.json,10962,f0174d185d4c98726bc1a45acbfad23382b3f19484aa254e9763a8d07e27e924
civora,partener-eu/validation/history/20260826T183142Z.json,10962,9b0c0afd39421eff4f427415da20aa1278c8e901cb26b3de2c5c3afa8d6b1dcb
civora,partener-eu/validation/history/20260826T183248Z.json,10962,0a6b2f8986bed6f279435547a91366ef2039b96d20c72f14d82607d0b1d041ea
civora,partener-eu/validation/history/20260826T183705Z.json,10962,892ce65110e7a85826eab2d57c64be0aa2299312a4a0148cd4e81b23851b3d2c
civora,partener-eu/validation/history/20260826T183826Z.json,10962,a83198ffe2cc4b224aa818e673bcd04c97b91b59c038a9684efe4ac46b1186d0
civora,partener-eu/validation/history/20260826T184254Z.json,10962,385bc773cab0fda8ca38ce88967645b522ced2fac2d32ca0127f69243e969103
civora,partener-eu/validation/history/20260826T184752Z.json,10962,7b5f98bb1e4306ba690567d24d9298d3f778a443c9107200d2ed0e69cfce29c8
civora,partener-eu/validation/history/20260826T185857Z.json,10962,e50438aae3084d43f893e6c14c67179e7a6654737954c3ff0fe587daae9cda89
civora,partener-eu/validation/history/20260826T190000Z.json,10962,cd110629759f69cfb31da156ca125c5b0adaa66d117e912ab9fdd86a58e39f20
civora,partener-eu/validation/history/20260826T190515Z.json,10962,bfc6db69d71757e3ce4fc7264a5e0948978dc7aec4ba9b4d33cb18c925e7823d
civora,partener-eu/validation/history/20260826T193720Z.json,10962,eb9c03b918a2453b6e320831c45ace7eda2d7214ece719bfcf10acd16acfe2ac
civora,partener-eu/validation/history/20260826T193818Z.json,10962,bda510125d68b26f7eb46deb340b1ff53c4cfaa284a43d8f86eeb2cd042488d9
civora,partener-eu/validation/history/20260826T193932Z.json,10962,d4c718c11d7c84f3985ac393f8f3f302f224a63dcf09ab6477f1ef0d3b320eb6
civora,partener-eu/validation/history/20260826T194238Z.json,10962,1cf9881313c2fc943457ef1f6f79d728a0f31cad1432e6a08bd0af14ea9c226e
civora,partener-eu/validation/history/20260826T194457Z.json,10962,7a2b79979d0540cb1408ac5590f332917910d8e3fe3f8af0d726470339fac657
civora,partener-eu/validation/history/20260826T194720Z.json,10962,086b353269dcd6f078777107cc05a1e48fbb2c113a4c7a7a7a6fb0aa481a6ee0
civora,partener-eu/validation/history/20260826T195321Z.json,10962,e5bc9fa037bc3af77873416562980932b18385196c5b7eb9ed2ed03e113c5f22
civora,partener-eu/validation/history/20260826T195511Z.json,11149,871a698fe376114d8938314b097938eae4f7599ba0c9875c074049c19897bd33
civora,partener-eu/validation/history/20260826T200115Z.json,11991,2d0d15c0fbc0ccbd5d02ef8b5bb7edd7e143b978692afe50254dd8ce3d422d85
civora,partener-eu/validation/history/20260827T013330Z.json,11994,db95fbb653a557afc4fbbcd13707ce46fae526b9784fbe0dc88f333c40f42dcf
civora,partener-eu/validation/history/20260827T033942Z.json,11902,18fbbdf695249a1d992f5346c6819155b1df399a83abb6cdc97ab462425c34ab
civora,partener-eu/validation/history/20260827T043845Z.json,11991,4fcc4e3f7c95b6e000eb03ff12667ec9264903457afd88a6206a3c81e33716b4
civora,partener-eu/validation/history/20260827T044000Z.json,11994,99e6730827e11947e0ecc416eed6ebecf9c156ec8cef40fbee7d954f357a22de
civora,partener-eu/validation/history/20260827T044157Z.json,11994,6c2616bf7dbffa39d6c7c87b5f4c4748c4825477196bcd9bfee1a9b062439cb4
civora,partener-eu/validation/history/20260827T044429Z.json,11994,4d8d236999ac4117584121e260dc499d2ce5d705f22c9556a767ddd88887a226
civora,partener-eu/validation/history/20260827T044556Z.json,11994,2d5d65d7f770f5860bff9ce7b03f3a0f678cbe3565e0a69e1e93848a12e7f0d7
civora,partener-eu/validation/history/20260827T044807Z.json,11994,877244632f4458c0e2c2a08b7595345aa213866f55652c50bb945aba2a163275
civora,partener-eu/validation/history/20260827T053515Z.json,11994,134f9795a2aeac46979e7a0f513d469cf87b61d9fea2f7da77eccaff696f1331
civora,partener-eu/validation/history/20260827T053637Z.json,11994,3bdbea48189bf906701c9b6e72f40a5aa8ed96c43314796d4700d09ca2e34865
civora,partener-eu/validation/history/20260827T053730Z.json,11994,2f40ba12f7496be3d65771c66fbb720482b3585a76d47d0201bba7b56971dd37
civora,partener-eu/validation/history/20260827T053844Z.json,11994,6a8f8701deb5bdeaab6e0a87025b5937767f6e6f2a67d668ce36797b878c1739
civora,partener-eu/validation/history/20260827T063838Z.json,11994,5b069ba572181a9f53a987069f40e36ee1925fab78e44f5a3b76848f6d4beb58
civora,partener-eu/validation/history/20260827T064001Z.json,11772,c7ab4dc2e8942a1e57e1311d08ebca8baaffe72dc3869d093aca80182b148150
civora,partener-eu/validation/history/20260827T064412Z.json,11994,6b8922c69f84ec91e5b3b1fba40eb9404a4217435b9592b85c0f4e5b5ebcf913
civora,partener-eu/validation/history/20260827T073815Z.json,11994,4c58bff04e5c2775b756658d0c57680f92d246466ae6edb2b5b16324ce8b2514
civora,partener-eu/validation/history/20260827T073920Z.json,11994,2e5cf112d6d842d7f4c5d4d471692db5298442730d1017234801352b448dab05
civora,partener-eu/validation/history/20260827T074133Z.json,11994,3e75ed87e64bd67f50390d88ea7386a08ff93164417a7aa23c8571b401d3483e
civora,partener-eu/validation/history/20260827T104236Z.json,11993,77184dac36389ad0e35dcdb9e096fdf5c08bc53a7596043344338f594f0a718d
civora,partener-eu/validation/history/20260827T104349Z.json,11991,554865bc2df5630d9d3ecfbb110060dda82a6e28a62d049b937148881e26cf21
civora,partener-eu/validation/history/20260827T104551Z.json,11994,c1e4d584b150946e4e10bf82d07d0e34ca46e508083704f5b4be27567091ca90
civora,partener-eu/validation/history/20260827T105654Z.json,11994,f73444bac3146610097fb00e99a4e370c75015aa9758ff1ecdfb6c394e8365a1
civora,partener-eu/validation/history/20260827T105745Z.json,11994,8f4e858bbfdc3b1b7b0dd6f0fbaf3b8e5a7efe403df90b219a04b54e63e3a00e
civora,partener-eu/validation/history/20260827T105829Z.json,11994,37093cdb9b3e8e25c22a06029e5ec52d272e19b768ceea6d4d69a0bf3491f685
civora,partener-eu/validation/history/20260827T110049Z.json,11994,bfc9f26d6710fc98ac916a17feb1c7ad360d8d8b8bafac4ea1a5e24153838192
civora,partener-eu/validation/history/20260827T110218Z.json,11994,61b70e2292a1d6ba22046544ccaba915c5b68a4505561d486f035613fdd0dafe
civora,partener-eu/validation/history/20260827T120150Z.json,11994,0025c0432b8392ee071ea760aa630434da0fdfb5cb9ac66fab04ad70e4427b5a
civora,partener-eu/validation/history/20260827T121848Z.json,11994,39123159e591c6456834770d997ae63780ee86581a63720a4d82f0caa78f8fa7
civora,partener-eu/validation/history/20260827T122004Z.json,11994,0c57b75e3ae36a87cb07d4b6537a577a3defd10eb0b8cc54aeb68e35077044ea
civora,partener-eu/validation/history/20260827T150040Z.json,11994,a6625b4f01b0b2f3ab717a589ff4ecc3d49bde52418b0250191e288d26c96c21
civora,partener-eu/validation/history/20260827T150239Z.json,11994,637347ff7a0003971c74e0bf3921bb4587843593b25f2e7035b70417b8a98005
civora,partener-eu/validation/history/20260827T210633Z.json,11994,25c43a5971d2f8edd8753727a12eb2e8e896de8856a501b8a6e8094eb81bb9ff
civora,partener-eu/validation/history/20260827T210849Z.json,11994,69e34b6c2a40aa280408ae4cdca081db8ff8f5fa57c8060f58a0bc0d44f3e7c8
civora,partener-eu/validation/history/20260827T212727Z.json,11994,0d1b26cce1949c3d55378d8ee27efbbcdbf965ec417e5bd37665ae34407ed781
civora,partener-eu/validation/history/20260828T000423Z.json,11903,395ad56adcb7cf0ac19affde542308e75b36b21e7be762a1ed9dc2f8a7826821
civora,partener-eu/validation/history/20260828T010512Z.json,11994,9789026d52cec841eb236796be4a2a5edeb9af8eb05257ecf83582fb9cd018fe
civora,partener-eu/validation/history/20260828T011306Z.json,11994,32a4dc798ab11163a0af1c71a12d539d0165ba5b884bf9aaa993cc7bb8dcacf7
civora,partener-eu/validation/history/20260828T013007Z.json,11994,9416364344c02bd5711165acfca3301204e4d2a5665957041e72a5e9eb1a1f0c
civora,partener-eu/validation/history/20260828T013058Z.json,11994,6e3cd0a8e528b46f695837ea79f0908f49b7ad8b1829b319a3becec44db1a9b0
civora,partener-eu/validation/history/20260828T013329Z.json,11994,3cf3559ca989eb7eda93779a33e09dc2d9f46787c48806d5530a5c0c6dd92aa8
civora,partener-eu/validation/history/20260828T013718Z.json,11994,df1742288d7a805dd857f41339c33e397be890d0aebe2630c0d3c6cb6fad76ca
civora,partener-eu/validation/history/20260828T013840Z.json,11994,12a41963dc123d3a0cf9b65943981e6402ebe0323aae334369a4aced271b4adc
civora,partener-eu/validation/history/20260828T014743Z.json,11994,73fbe947119ee009230fcb24508d7d4b5e56d75bcd03890da4c745aa98fe01fc
civora,partener-eu/validation/history/20260828T092402Z.json,11992,81f2991fa0e1ea029b9cddbbba2b822112a3e572a6fbfca06f0ff1a54c738d02
civora,partener-eu/validation/history/20260828T092558Z.json,11988,80c23fef8652b36bce006e71a74ea1e4c5818a03be6910f609251def13ba9da5
civora,partener-eu/validation/history/20260828T093559Z.json,11994,c99bcb4df07c91d10bee3e46d478ae92a279e5ee127d8d3843c8f245ce446a7c
civora,partener-eu/validation/history/20260828T093741Z.json,11994,1bc618e89b6024faa6cade5e2cd26c4cd3d1a6d17615f9f221e8889b685c0fa3
civora,partener-eu/validation/history/20260828T095414Z.json,11994,faa1f6bc360310fc53868d0a4b8d9c021d08a303179126b1fffcfb4feeaa3bb1
civora,partener-eu/validation/history/20260828T095549Z.json,11994,70266f1a59fb3a685b2d2ca1a143590603e23bb38012487c2e77613a5722a668
civora,partener-eu/validation/history/20260828T115740Z.json,11994,ffb10ac53c90baa7c895bf7fc016a306bdf07c70cbc4fd1633827445be866873
civora,partener-eu/validation/history/20260828T115954Z.json,11994,299f84408f8957a46948616602111368c5747de80faebf5c812d51963a149bcb
civora,partener-eu/validation/history/20260828T130202Z.json,11994,a87453b40af4d3a49380a807debf376e693cfe9f4ced4f2120a9df22bdc25a0b
civora,partener-eu/validation/history/20260828T142325Z.json,11994,a2ef796b221a73fc3945e37f2bda56147b51933bbb002b645280c7e3fa8d4a59
civora,partener-eu/validation/history/20260828T151132Z.json,11994,f6cb747ab9c485bdf9f4406a31a7417719221c56383c72a22c3ef6366036f67a
civora,partener-eu/validation/history/20260828T151333Z.json,11994,3468bf9e4069c63e7f03640dbf81aef95bf530beab9faf248f20f834979e1168
civora,partener-eu/validation/history/20260828T170029Z.json,11994,f47fb8399bdc3dea0b206bfe93a4bfcb046403309045ab4f275a1e9174e45e35
civora,partener-eu/validation/history/20260828T170229Z.json,11994,e817e4cbaddc6d024843253432132f8a102bbad4f2d490b6037d669ab390fed9
civora,partener-eu/validation/history/20260828T200001Z.json,11994,a5ecd8cb8d07fe428a1ae552a5e2a9a38b68519eb3030623aa35fc4ad85fa751
civora,partener-eu/validation/history/20260828T200234Z.json,11903,bb232b434a001948e3df07c1e1c0de99ae7066218282c61ecdbb225f88ad269c
civora,partener-eu/validation/history/20260828T212321Z.json,11903,cbe8f14b94b228b7ddf0718fe4a1e54c2dc891c196051d62e93d49f60002331a
civora,partener-eu/validation/history/20260828T215316Z.json,11994,69b7d07e4509d9882dd4607bd9971c60d8ee3aa2c8b15ba869d342aaaafb3f72
civora,partener-eu/validation/history/20260828T215629Z.json,11994,cea72f8eef0a65d04cf9dbf8390c1533f936a60844c9061712fabe1350f81894
civora,partener-eu/validation/history/20260828T220008Z.json,11994,0aa93bf3af73cdc35435d29b4de43c1a35dd12927d4971b642222897cb91a31e
civora,partener-eu/validation/history/20260828T222905Z.json,11994,876953624ce158e9b7a382f23d8b9c59e1d6657fd961e4ef69d15eb8afb37ba5
civora,partener-eu/validation/history/20260828T222950Z.json,11994,1aba4436bc6f7d19c10b592a96f745e2f610a103c84ecff12352b3986e0fd5b2
civora,partener-eu/validation/history/20260828T223126Z.json,11994,ef9680612dbd38c07ce4fca585c671cd85977f0b128aab499c8a8f8c556a2003
civora,partener-eu/validation/history/20260828T223611Z.json,11994,f3f19cc36f379cf4b65dc9a1a52a94cb877de4f6d4ecf12b305163bd738d8fca
civora,partener-eu/validation/history/20260828T223721Z.json,11994,3c91470a129341d4d3b8f498a6ce6c64c9bee0c051e76379b11dcb39fa062b69
civora,partener-eu/validation/history/20260828T224207Z.json,11903,67489c5784a02762e8aa7f764c6c1cf7b30573749c69f2dcf1cf8498f5fb148d
civora,partener-eu/validation/history/20260828T224256Z.json,11994,3cc848c9ca9826146171859b3d06059f7134448247f70afd4a9cacbbe138e7a0
civora,partener-eu/validation/history/20260828T225621Z.json,11994,9563d5aeb072978b27743ca1d1baf6f8af00ae3de5d5137dff87e6465e843c15
civora,partener-eu/validation/history/20260828T225845Z.json,11994,861277f5f0c4600cf398e1c9d8c88a59dd9438bb8b711dd75d0d8de581970236
civora,partener-eu/validation/history/20260828T232854Z.json,11994,d60c66fc8f7eaab02b8e4e9cc4ecacadff0244dbf90be130fa970c69dd3cd883
civora,partener-eu/validation/history/20260828T233002Z.json,11994,1688072ce10c5a0b8b387665c93f87ddd45f08e380d65ae914fec448b8db213d
civora,partener-eu/validation/history/20260828T233622Z.json,11994,eac9d3d06cb43b25ecac62da19224cf03863c6b7568a94a2cb09368d43d6e039
civora,partener-eu/validation/history/20260828T233748Z.json,11903,784be7e5dde9025439ee2ec6cda859f866af2833a90e4e9fabd4d6390548a245
civora,partener-eu/validation/history/20260828T234217Z.json,11994,44ac6204a4fe3c6e41c3f5d0ec1ea1fcbe142a64d9f36300f40141a33e2ac0dc
civora,partener-eu/validation/history/20260828T234310Z.json,11994,c7ad1ec1f705d2412444ed1a64fddfccc4ed526dcb02e9eb9ae74ba383929ab6
civora,partener-eu/validation/history/20260828T235648Z.json,11994,6d3a89778735e16ae6815513c6758bf2ef1d315fa12620407cb967135ce777e0
civora,partener-eu/validation/history/20260828T235925Z.json,11994,5044903514dc53bbf1ef27be6557b7c6a5d2460902f7f29e35bb1bb3cab3bf79
civora,partener-eu/validation/history/20260829T002153Z.json,11994,fafa115d3876303fc0008e4080f82e9e2a360e53be3527eac26b87f3eefa4359
civora,partener-eu/validation/history/20260829T002912Z.json,11994,53ca6fb06b3eea6bc67da6b7bd84a9b3f8ebf06c26f13e1c3cdba2cff024ea01
civora,partener-eu/validation/history/20260829T003007Z.json,11994,7df7e76178dec91d223a6f39d9ba756c0f2bd8152522c5a1ddeacb26f09b82c0
civora,partener-eu/validation/history/20260829T003126Z.json,11994,f181cd79bda01752535ca3bd7266c628bbf2a6651260f20daad1d49747778081
civora,partener-eu/validation/history/20260829T003624Z.json,11994,8900682493903ba92454c21266a8b4fc3fea96e8c27366ca2568de9a5e88ae2f
civora,partener-eu/validation/history/20260829T003753Z.json,11994,bf01abe05da09b8cc6f280f5cb29e952eb9ade971939ba8cc4c23562cb1f0b0b
civora,partener-eu/validation/history/20260829T004222Z.json,11994,d12eaba3d6ff64ed3c9fcea77cac4f44972ea22b72a617db18b489e43ecdf377
civora,partener-eu/validation/history/20260829T004320Z.json,11994,4152a9310fee266ce092dae2b1717832acf3803bbb0bcebfba827d2032cf9662
civora,partener-eu/validation/history/20260829T005649Z.json,11994,e4450fe380ba48a4210852265400401af9f80e590e1708a0afb42f5c9e51bc97
civora,partener-eu/validation/history/20260829T005853Z.json,11994,cd1ba8c1a010e8a84725a3e2413ba836097c133056a2671cb794761b32be8771
civora,partener-eu/validation/history/20260829T012904Z.json,11994,720b510a14f4e5ee056e54214b38ad09a390f469c0920b0f5be7ad301d9a12c9
civora,partener-eu/validation/history/20260829T012956Z.json,11994,a168b2d71a9eb83fe7838fa7b5e27e327b4d72ddc765a5a4b03a9fce63fbc5fc
civora,partener-eu/validation/history/20260829T013623Z.json,11994,b788e90772482ca7a249f33721dad634c9d97d4d2590d0ceb6bf4871f0632b52
civora,partener-eu/validation/history/20260829T013749Z.json,11994,10cdfa46bfd38b3597194ef339457d39ab47ecc874901384f8e1ceb046117e0b
civora,partener-eu/validation/history/20260829T014222Z.json,11994,450ddf203206b58c2ad05d2780c13b3bf1df60c8b8037d97ea1b22b448766288
civora,partener-eu/validation/history/20260829T014316Z.json,11994,0ad79b04614c109c7932d9dccaa4cd1a3b8689ca466042964931626d898c12e3
civora,partener-eu/validation/history/20260829T015606Z.json,11994,ea3b6c7cf9b65f8ff6a0290a51094809502720214b3e905a205acc2ea233e4d1
civora,partener-eu/validation/history/20260829T015803Z.json,11994,7a79a478a46a5800e77efdaa12a548c264f97f09d543116ed4a8c761c86f8e7d
civora,partener-eu/validation/history/20260829T022920Z.json,11994,cb99e82b2ab97540051be53382d2b1bdd99348a5fb5e1b1badbf7b77d805ba2d
civora,partener-eu/validation/history/20260829T023017Z.json,11903,fe841d807647605cb2298b84dfeaca8b322df52a05ed510961cb604509f0baae
civora,partener-eu/validation/history/20260829T023111Z.json,11994,5b661d60908820af0e225eb5d6c15e2e8d5d1266a41304bcea14dbec8895b0ef
civora,partener-eu/validation/history/20260829T023608Z.json,11994,e9b48bf59111925ca14ce60cb0da3e778344bc89395c30a26106bff222a05512
civora,partener-eu/validation/history/20260829T023744Z.json,11994,5a0abeab12fddcc7689c03299c8d08e8d9c37b3a48dacdb23289e17112338c1b
civora,partener-eu/validation/history/20260829T024234Z.json,11994,b903a26f5b116e1f7f0e420acea2840250b214d8b91e90b9e75f219f2f165799
civora,partener-eu/validation/history/20260829T024321Z.json,11994,ffd750dce45de76208a9ebe7622d9e976b0e1c08ba8383e79e9a246d64ccb13d
civora,partener-eu/validation/history/20260829T025635Z.json,11994,0c3b97abc7efeb1fceb4e3d203cd200d426308a13138a660360a84e748e02e77
civora,partener-eu/validation/history/20260829T042617Z.json,12013,d0239c3f0c8e70772f534d338dd26e0244b20c752d86d0a9cb97d12301c78531
civora,partener-eu/validation/history/20260829T043007Z.json,12011,72829ffafab009610affab3d40e64ae5fe998ff7e953eab9839770d6772d486e
civora,partener-eu/validation/history/20260829T043051Z.json,12014,8e1c3cf48f982647b286c41bea836c7423e8f4f6eb42dd3c4060acc5865462ba
civora,partener-eu/validation/history/20260829T043221Z.json,12014,60ce65a9b565a27650280f7aabd5f9efd70a1acc8fc92203f84b21a1e05da4d2
civora,partener-eu/validation/history/20260829T043636Z.json,12014,057cbfc7de72d3b80bf9f77208c17d275267fcf4d614f6a19026296451e831dc
civora,partener-eu/validation/history/20260829T043743Z.json,12014,689b14814d00e981cec7585f2d182cbc3528512caa6fc11b668331f42600919b
civora,partener-eu/validation/history/20260829T044234Z.json,12014,09039dc21c8349c4293b620b0dd5afc68465f23d9ed75eacd2bf464e31554b3f
civora,partener-eu/validation/history/20260829T044439Z.json,11922,9672d435f1f67bd9a2ec0e9453fae24362496a26717f3e0a72c3fb41fa5aa52a
civora,partener-eu/validation/history/20260829T050024Z.json,12014,a4659b1371736aee051011218f31558257c16262a4654c415a9b263def32ae01
civora,partener-eu/validation/history/20260829T052918Z.json,12014,408c415be296d4d849eaefb5f587f3b8b1e861250d80b22836b87cdb6c6d5568
civora,partener-eu/validation/history/20260829T053006Z.json,12014,3225021486aaaf2a2ad581167e296f07cf384fb98591338eb42078dbb1b00ba4
civora,partener-eu/validation/history/20260829T053624Z.json,12014,4390b04b728ddf1151fe0f4d5211201fb2fce5c62c1476af58a3202e8383d5b7
civora,partener-eu/validation/history/20260829T053758Z.json,12014,bb2913a3e8904d76aabae01a0955701477a7da54d07c37845dc9fbc149455c59
civora,partener-eu/validation/history/20260829T054225Z.json,12014,3a489c70dfdc4e833a95648f90b4fc3fb9dfe1edeb1231b7f6419c8675da1ee0
civora,partener-eu/validation/history/20260829T054434Z.json,12014,bd313c1fafc4e6d0db520aad25c74c9e7bbb47a6c4e6b824cc54eba8339b4772
civora,partener-eu/validation/history/20260829T055645Z.json,12014,ca6eec4c96bf978db559a09e3c4fe56e9d5d96220971e5dfd825fdd2dea27e8f
civora,partener-eu/validation/history/20260829T055906Z.json,12014,bbcc729c1d19759069aa9406e01057063d33386b4628782692998489788d774f
civora,partener-eu/validation/history/20260829T062159Z.json,12014,0ea5eafafe716b349d915c5fb62b465a91687fc2550e64f3b1b9741eeef10d34
civora,partener-eu/validation/history/20260829T062913Z.json,12014,de562fb867dccdde501d2a26ab142a1e624dbd68f527fedb97cf7030f9859538
civora,partener-eu/validation/history/20260829T063004Z.json,12014,31b78203744aa1eb274e7e9d9aa738f6fa60a752e0da8d27ee4695ae0e5af425
civora,partener-eu/validation/history/20260829T063639Z.json,12014,a2e9dabfbc6a4f341d8916677af00898c10010a325d663007a6b35ecb3ac2ccc
civora,partener-eu/validation/history/20260829T063746Z.json,12014,6f62067a0502c42099ac4047e6700bd73b517c11ad2524c5b3ea5b1aede92c75
civora,partener-eu/validation/history/20260829T064222Z.json,12014,c40f33152fa004777dbb57b8e8ec956cc727fb7a10664c4f3951730f4856941c
civora,partener-eu/validation/history/20260829T064317Z.json,12014,279795bf04ed7247c6a3a2f1ddc126ba27c4d8d82edaeeb11dcbedf2b49b83e5
civora,partener-eu/validation/history/20260829T065651Z.json,12014,fe5a5e696883df7d1389e50f082337c8159a72885a5d374819b7ffbe7149f84d
civora,partener-eu/validation/history/20260829T065907Z.json,12014,517ad8f66bc8283631521e05f2c8d6e552cd56c6f47b7ef7a251476075817f00
civora,partener-eu/validation/history/20260829T072908Z.json,12014,fa7db5db7568c935a0acd2fbfb56c469a7f200a7d78385ef550a9827bbdeba07
civora,partener-eu/validation/history/20260829T072956Z.json,11885,3d7fdb87a84e91479e39279d83469cacf9a8c724acc915fe51453d54bfdd6e74
civora,partener-eu/validation/history/20260829T073643Z.json,12014,746e57aaf27b8eb2feaf9dc553e6b3ca6c0c26f1f3532e567d1b0f6030638ba1
civora,partener-eu/validation/history/20260829T073811Z.json,12014,ebaba5a21523286c19966523c6d5a5be2b13f2d5e75e834cfeb2e7b731c8a363
civora,partener-eu/validation/history/20260829T074232Z.json,12014,ec265c4cd517e50246c60d79cc5bfe1c3ee1a30742a6be1398e71e4f95c5a453
civora,partener-eu/validation/history/20260829T074318Z.json,12014,4f963501c9984555960ed0bc0ae41ba967b3575ee4985fb1c8cd3f1a0a96e790
civora,partener-eu/validation/history/20260829T075639Z.json,12014,67a30f162505b8f30bb97657b151573f9bc572f01a808b713e9c7da7c356ef9f
civora,partener-eu/validation/history/20260829T075913Z.json,12014,382fbaeb8771cb0e1ec3081f48eb3b7e880509eb62fb9786ff22618acca3e329
civora,partener-eu/validation/history/20260829T082911Z.json,12014,f335b26a3697812970b18f12f7cbd38bb91f2bb756daab7587339172f955e21a
civora,partener-eu/validation/history/20260829T083010Z.json,12014,025dfa1b5f6bdf6e2608586cfd5651ce43472e6b01004b3dde524c05dc2d9e4a
civora,partener-eu/validation/history/20260829T083245Z.json,12014,4f2ea776d22d42892d0ec7c046d19d8b33f61c358f0d7c8f53aa1429ca54fa23
civora,partener-eu/validation/history/20260829T083619Z.json,12014,b0461f81c8fa2fbf993309dacd894accb6d37480eca8c664eac482832c5b9f2a
civora,partener-eu/validation/history/20260829T083750Z.json,12014,2fdbdc02e0bb7ce1bd739226d2bc8c16e98d44ce1a7bcefcc6dbe05748dce6eb
civora,partener-eu/validation/history/20260829T084237Z.json,12014,c617a85a328e4e355e7e4e0a2ded7ef5767839ab559b7ca5967d45616afedc3d
civora,partener-eu/validation/history/20260829T084330Z.json,12014,6d6de3213008afdbdbdaef0b0e3c7470e19c1a10453e91e32f3d06bd9731cbf8
civora,partener-eu/validation/history/20260829T085656Z.json,11922,5111ccd2f22b2d490599ec8af9a092d4a4c57c03c8a25bc2cec924ca868725ae
civora,partener-eu/validation/history/20260829T085850Z.json,12014,e6f97b7f7bbc8c8ad1dc1c7dcf9a1757cd6e5e3bb160372ba08a1659d301b35f
civora,partener-eu/validation/history/20260829T092332Z.json,12014,6cd2b8dd9572f9d49b29c27e49c34842961dd4080a32bebb707128637193778d
civora,partener-eu/validation/history/20260829T092857Z.json,12014,838a1b356a104f56d0a7a530121e2012da583347f8fc13769dba217bf64ce59c
civora,partener-eu/validation/history/20260829T092949Z.json,11922,13b4d7092841596eb7df8a970726b1cf70cb68149598924c10a7590527c4082c
civora,partener-eu/validation/history/20260829T093613Z.json,12014,7e2ae9e3a846caf1e572888b0457b7ca1019388f016e18adf1715dc983c33df8
civora,partener-eu/validation/history/20260829T093724Z.json,12014,3362507cb841b5f0db0aab32437a84708f5b26aec229cfe137eb7d64568eaa1e
civora,partener-eu/validation/history/20260829T094220Z.json,12014,18dbf9b441027ce268e41138a9fb5b0b029a9cfbdb6ad6a3f171b8a0586be076
civora,partener-eu/validation/history/20260829T094315Z.json,12014,b73f82181a3383456d3bf3769a137ab57cb2749f4e3a4fc045fbc834c8851e22
civora,partener-eu/validation/history/20260829T095641Z.json,12014,01069ea42b5768d21fb8e1bb68fc8c317f86caf9a7a1c806fdcfc6381bafd842
civora,partener-eu/validation/history/20260829T095856Z.json,12014,e0e3611055289f549618fd084e45053e5a8f2aacdc4212f8806ded9fb65b9211
civora,partener-eu/validation/history/20260829T102901Z.json,11922,cbb5046cc68944fdbc33266363c65d28f35504c86a9ecacac96179926b7b7509
civora,partener-eu/validation/history/20260829T102949Z.json,12014,c8503773c8b2e5434c1d1db0cc46a2224b3012889c1bae9b50e1729891bd7cd2
civora,partener-eu/validation/history/20260829T103120Z.json,12014,e2c9a6cbdf137b46b3e7f159eb1e72e93aa3a73fca3e3c4140d060fd217718c7
civora,partener-eu/validation/history/20260829T103614Z.json,12014,7e2553a1a1b3ebb9a8b37ad2ac8fe9c9e0de1886eefa1369c4e05392385126b3
civora,partener-eu/validation/history/20260829T103747Z.json,12014,89fd7d6fc4e25bb129ff976c698178f0165bc7b5852dd2c0186e11a686489735
civora,partener-eu/validation/history/20260829T104237Z.json,12014,5b4402e4fe990634e1cb3fc5d46e08d77e45a7013767b77d3a624f989a24fe3f
civora,partener-eu/validation/history/20260829T104330Z.json,12014,ca483b0db85af6ca2386f114ba896d392d8129953f155d66b332633fa403d86b
civora,partener-eu/validation/history/20260829T105644Z.json,12014,06934d191ebd002a1080af3b427e626c3af83be1e5c85d99490f0f09b0307025
civora,partener-eu/validation/history/20260829T105931Z.json,12014,a629e48a67434b92b662f36c8d6d194668c2acab14a26bd4d5b18e2bd1fe737e
civora,partener-eu/validation/history/20260829T112900Z.json,12014,c2eb73ba836956b4f8d7a29a9c186fd188087401745ae53917b830be0705a70c
civora,partener-eu/validation/history/20260829T112954Z.json,12014,ad9b52b5e4830e912d6094c5345f00246c1f115ce76369a04b531f05ee70d1fa
civora,partener-eu/validation/history/20260829T113624Z.json,12014,2c1adf5b4dad4739edb88e1800b11a74fa080d9b53c1c613aa940855295aa7b1
civora,partener-eu/validation/history/20260829T113752Z.json,11922,0a40b5632dfff27fba5bb68c2699ba0aab9d2d2d8b6afeaac511b0cb9c605f29
civora,partener-eu/validation/history/20260829T114236Z.json,12014,b022e407a6b0bf70a3879c7a191cd390c6f63b39e79e8bbfde774f31bbf8cc93
civora,partener-eu/validation/history/20260829T114327Z.json,12014,3416156855b93351ff12cd8adf50bb063ef9ec5089f3176c845bf8c78c4b4bd6
civora,partener-eu/validation/history/20260829T115638Z.json,12014,9fa3012eff9b585a85172ba4bfb48be50f0827a6444530a7a5d38c8d018bd552
civora,partener-eu/validation/history/20260829T115837Z.json,12014,6e58233a6761950040e82ee2aa5ebc2fe98b9833d0fae1182ebe928aa3217314
civora,partener-eu/validation/history/20260829T122156Z.json,12014,8e590df3758afe6643f04c0af1df6545f4a5e8d44e60f928a474f0c312a03b85
civora,partener-eu/validation/history/20260829T122906Z.json,12014,8729aebe2e7207e25b36fbfc9707939e1e2df43e37f1cdc66d75fc755af275c7
civora,partener-eu/validation/history/20260829T123004Z.json,12014,1085da58d58b884bd3cabf5f77abf4a6b4f5a59ea74fce4deb0092a77fb2e97e
civora,partener-eu/validation/history/20260829T123152Z.json,11922,d8ccf0acc78f2466808e5b0b991b9be01ae6504e8fc72febf4865789d99953d2
civora,partener-eu/validation/history/20260829T123652Z.json,12014,dbc018e0e5f19029bab49b2d75f7fe4c92b3b742c68055c3b20ca50debf8567e
civora,partener-eu/validation/history/20260829T123759Z.json,12014,3164f69bdf41006838924ceb8b128b935e5fb159bb18600e929fefc5756d7ec0
civora,partener-eu/validation/history/20260829T124249Z.json,12014,002539fec2642ed8aee1fc4893531871f23fb53ccecc51314dc53bea8da0611f
civora,partener-eu/validation/history/20260829T124347Z.json,12014,03ae0bf6606ec30637ea71fa11e1d7e8e1130b9dd896ccae4b06658a219c97d8
civora,partener-eu/validation/history/20260829T125645Z.json,12014,037c41c69f3e283dd628bc8061649b60855cbe3f4face8685897438c8ee65047
civora,partener-eu/validation/history/20260829T125838Z.json,12014,6c2303ddf85735ec4ee6bd74b24e91e8d7dfb1935d3c5ad52476e3cacdb87a56
civora,partener-eu/validation/history/20260829T132928Z.json,12014,c38ce2d630a38a271d4c1eccf8b1f5370fabd8b2465fd5a8bebd6c85c87d1ed0
civora,partener-eu/validation/history/20260829T133017Z.json,11922,7324e49faeb4c90ed9b4a6383adab656e7b164e9db17ea9cb414fb559ecd8696
civora,partener-eu/validation/history/20260829T133612Z.json,12014,535436d9b3507aecd7119333c1311689194b440fdaab71dad8c4aa3626596b4b
civora,partener-eu/validation/history/20260829T133739Z.json,12014,c1ff3a204c2da1d772f8bed19a179bff06b0dc9612bc0128f6cd5282176add4b
civora,partener-eu/validation/history/20260829T134346Z.json,12014,94826e791c0ad6f84cdd5a8718c3a54716081cf9c0f246100b5e1d5ce3a35720
civora,partener-eu/validation/history/20260829T134439Z.json,12014,213b15dcd75e9644c49aef9d68f8a120df2739172fe9ea8401839ec18b17a5b6
civora,partener-eu/validation/history/20260829T135732Z.json,12014,a61a08eefa13784f6a0c2536aa73cf029c9990dedb167a776e3a1993c63cf187
civora,partener-eu/validation/history/20260829T140243Z.json,12014,f7ec12e310248d31f4d99ae80e8e707107afede376c42e2a5fe95a1b7625c8ab
civora,partener-eu/validation/history/20260829T142907Z.json,12014,61f160dec100539ce6c6f789b65ad382b957297c5db02b8f9e8a958d68719b75
civora,partener-eu/validation/history/20260829T143006Z.json,12014,396a3547ff2e70e81eb3f5315abfa2ff43313cda85267aef9b59719bd2b873c7
civora,partener-eu/validation/history/20260829T143141Z.json,11922,c1148f370d5d24878992a6466cb04fd9394c6d9d6848fde1369fd6258b8bb8b1
civora,partener-eu/validation/history/20260829T143622Z.json,12014,52da939a5edf0b39ec8778a6acc7f9c03a54463c761cd15aad5d769079e3a085
civora,partener-eu/validation/history/20260829T143746Z.json,12014,89034ce9e69daf815adb458b14479bbb3bfb8f83399701cfecbf84b6540e3145
civora,partener-eu/validation/history/20260829T144230Z.json,12014,e017a27cc3ddc1f5c1c91708a0f3820135e207c5fafaa9057a393646e5b95014
civora,partener-eu/validation/history/20260829T144320Z.json,12014,91064d65f4e6d9c50485905c33ddb61a8266f73d8d5ec76c2311c590e0945163
civora,partener-eu/validation/history/20260829T145632Z.json,12014,d6a419219bb8ab72268e7ecf0947fe7ef9ae2e2487fa4422e1d41c6fe38c796e
civora,partener-eu/validation/history/20260829T145831Z.json,12014,017bd4c55636ac593eddf421387afd19173140a86e8a98ad8aede30751976b9e
civora,partener-eu/validation/history/20260829T152324Z.json,12014,f2e270a804e339c706180e959e3ab11cf829572cfa13f384fc4c31bf3e6d8a0a
civora,partener-eu/validation/history/20260829T152912Z.json,12014,3bcb3047dd76be1d99c2b7425040c55b82f9f38fbbd716cc05c10ca487020980
civora,partener-eu/validation/history/20260829T153002Z.json,12014,dc3d4cb66a46af8d5ada5e8fe5c63b67424afc8230029ff9e7b604d0836054c1
civora,partener-eu/validation/history/20260829T153628Z.json,11922,399a976197cbb699bd3167f0c69f3173fed02e6cdb6830e6f654f0242db7b916
civora,partener-eu/validation/history/20260829T153751Z.json,12014,bab07342fe140e27564a99149b38a58e787103a7b121063f4027949b32c17cb0
civora,partener-eu/validation/history/20260829T154241Z.json,12014,4a4c51d2cc5e5fab64ac2d5b544cd174e7edf639be997180eebd784154b48b0c
civora,partener-eu/validation/history/20260829T154331Z.json,12014,fb3e91189fcd406f4d4b29098cd4555d8a34364984d45c21681afde36daf817b
civora,partener-eu/validation/history/20260829T155648Z.json,12014,9966f3aa60664507d1de1c5cd760dcbbf94bda8cf75efd7489ffff073d1baf04
civora,partener-eu/validation/history/20260829T155846Z.json,11922,04641eb06d31067a05157d6c5f11e189a5a29df4131e3e3957d9fdaf700b115c
civora,partener-eu/validation/history/20260829T162909Z.json,12014,297c1db190cfb48c31d27e0da80f8e05c04f9a05244edba013401a2f9bb4493f
civora,partener-eu/validation/history/20260829T162954Z.json,12014,3145e26ac80599db90650d712e5f4fdcc2d8a9f107794b1f5db037796155eae9
civora,partener-eu/validation/history/20260829T163152Z.json,12014,b2d9f4a2918e9f9e3e5a4933a12d59f01b04546b14459c712497f1feadb44188
civora,partener-eu/validation/history/20260829T163629Z.json,12014,1493178edb538633bb7b504f21417dd680af17decc2daea512f94730abc3a81c
civora,partener-eu/validation/history/20260829T163750Z.json,12014,28ece5a1b6ff5d2b1530a69ad4c9ead8320dd574b84649f02788abca0f59020d
civora,partener-eu/validation/history/20260829T164231Z.json,12014,4ab2e72a6f007f920e28766403d8d534c2f0b7e2fba0f3c72219dec365ad7d36
civora,partener-eu/validation/history/20260829T164324Z.json,12014,3c879e19c2fa16b2f5b1fb439f39d354f51414172b9b06b1950a6aa9500c8bcb
civora,partener-eu/validation/history/20260829T165653Z.json,12014,d0e0532a6b3eb6d8650ed2e7c6ba7761f86b4a26215e2d086ea93b757a68747c
civora,partener-eu/validation/history/20260829T165856Z.json,12014,de07d5bae9a7f3bde1fcd0ef532512ee02005106723da4e3d0cddb781a15a4e9
civora,partener-eu/validation/history/20260829T172900Z.json,12014,c11f0b54452199171d470ffee1c0585ab7e348d0c0bc3fec0f3414aa86dcc9b2
civora,partener-eu/validation/history/20260829T173003Z.json,12014,5f39a316148c1d222f44faec2b92ae939d6a7938bebf3bbc15b29b7610f710c1
civora,partener-eu/validation/history/20260829T173624Z.json,12014,064f8a1083a8793230586151106bebe5cd8924caac776b349d60feacac59bd74
civora,partener-eu/validation/history/20260829T173754Z.json,12014,252f704aa0b47e5c7fca38998cb574a887a9266ae76dc6571c51e1a122c07c14
civora,partener-eu/validation/history/20260829T174221Z.json,12014,8bc8d886b4952876603214e1dd00be2364fa4bba31c39a3d8bc176491c793a1a
civora,partener-eu/validation/history/20260829T174316Z.json,12014,0d9a3c9f47963354607fd1a5b24c70da0778123bef5f2785917f53822f2343a2
civora,partener-eu/validation/history/20260829T175645Z.json,12014,1587b938582f15fb5668a72be1dede8cebb9efcee028dda5c36dcf77e0582007
civora,partener-eu/validation/history/20260829T175900Z.json,12014,b0b5481a082defb354afc274ee763bbaa2e12fd46d020b19d0c09b0d25452874
civora,partener-eu/validation/history/20260829T182152Z.json,12014,faac6dcd57df1fd624a2f690c35cd8854103c0b089d7fea91e6022fe36ae300f
civora,partener-eu/validation/history/20260829T182917Z.json,12014,5f67a658b9ba0a67ccdf6ab43cdafa32bcf40c95f798280fdf3d954004fafadf
civora,partener-eu/validation/history/20260829T183024Z.json,12014,873815a05fb100a8e962b5a6e6f3ceb0b4a0e78f509fb8efc5c42e1ab72168ef
civora,partener-eu/validation/history/20260829T183117Z.json,12014,bb884139ab16e62642af3ef72cf94d51e37f688402ea58f947516abd21cbb1e7
civora,partener-eu/validation/history/20260829T183628Z.json,12014,c3087187605b5d667d8b7055994f203fc099bc1b5b6d8d5c55d46db1d3db901d
civora,partener-eu/validation/history/20260829T183754Z.json,12014,5512c6cd5afe0b8ace86b7be1611a6df1849a4332d953b745fca8ada60fd9de8
civora,partener-eu/validation/history/20260829T184238Z.json,12014,250f5923d0e76e9dcc6bb74072665cf45466030b8f4cd60bc14ea2feaf73c87e
civora,partener-eu/validation/history/20260829T184332Z.json,12014,cda2107b9e6badb36e3082fb984a3f39f92e84d55726fd5fca64ca0fe02bfb58
civora,partener-eu/validation/history/20260829T185651Z.json,12014,3c2455cc7d02dae0070ed3016d80111c3311e334a73e6bb2a7bb8ec9b768f517
civora,partener-eu/validation/history/20260829T185909Z.json,12014,04194a5a9005e49af60c413bbe2a46da7884fd02f8bc8a4e9b157e437008c588
civora,partener-eu/validation/history/20260829T192851Z.json,11977,7d67e24207d3c75c6098ca5ce7f5a3f8598ab879088f844df7bfe940b35a2210
civora,partener-eu/validation/history/20260829T193335Z.json,12014,15443cdfcec254bcb79687162712e25dc36dcde7f9ade9e4d6d94298c9593103
civora,partener-eu/validation/history/20260829T193634Z.json,11922,f1a818cd4fc81a1e86027da05830ff18a40690cd7db4bc2e8e541cf808d80451
civora,partener-eu/validation/history/20260829T193800Z.json,12014,c34127135f687013b440243aa3fc297107a5c17a1d3a22b6e705ccef5bfb9521
civora,partener-eu/validation/history/20260829T194223Z.json,12014,d7f300a03b44020e21c5add6935427a492972da552e371f70f252ae260a6a368
civora,partener-eu/validation/history/20260829T194309Z.json,11922,f952cc7715493b967d28af3505ce828e95d22c71c20b8559ac7543f18a1fedbf
civora,partener-eu/validation/history/20260829T195655Z.json,12014,c9399d8bb18da9353ed9a2917402d4877cfc10f22c938ac795b9403f1c8a1662
civora,partener-eu/validation/history/20260829T195914Z.json,12014,9903d42c1ef9cfd675c54b882ac390492ce5bccd803fc58f9ef511324eefa515
civora,partener-eu/validation/history/20260829T202948Z.json,12014,816388e7119e8ade06231eb566c9f91922086bb7d60a827641adad0fba7bd06d
civora,partener-eu/validation/history/20260829T203144Z.json,12014,d0db690fadbe56330cf6136a7b6e849ee0ddd0f38fa95fe5f6eea2f18e886a49
civora,partener-eu/validation/history/20260829T203615Z.json,12014,d9c04ff9f19e03f6d2fe4edaf74d6f95034654b1289899ac6581f7d973d389fd
civora,partener-eu/validation/history/20260829T203741Z.json,12014,9a42bf675efb771b1c2ad7970cae513496d6b980531aafae031b930e735a44ed
civora,partener-eu/validation/history/20260829T204222Z.json,12014,1ab7de4a06fd481ee749107878b2acef693bb95ef58fc7d3d0b0b047b3e295c7
civora,partener-eu/validation/history/20260829T204318Z.json,12014,bfe00cc5e88ff8c393f093aa77831a0b517b0a9d2443481ef8107fc2bc2d21ae
civora,partener-eu/validation/history/20260829T205631Z.json,12014,3cb18849e5604a27c90089bdccad010201e3308ac1e6efc4b02c562689a7da39
civora,partener-eu/validation/history/20260829T205832Z.json,12014,df516673828c8a679d69088e6b24a3bb5118bcd97f8322d6c4ae9efceead4a57
civora,partener-eu/validation/history/20260829T212345Z.json,12014,f51f1316adc420ff1cd567a57de76c29c5d73ff34bd6f98bc1f656ca73624e92
civora,partener-eu/validation/history/20260829T212913Z.json,12014,e35477ac1e01cd74ed8f0e1ec5080a1acf2e530b8904ce1cc5e1bf9d1855709f
civora,partener-eu/validation/history/20260829T213008Z.json,12014,ab8ea5bfe61aa927807d6ee73a306e67e7cd778e955f40f48dccb3928aff42e6
civora,partener-eu/validation/history/20260829T213620Z.json,12014,ce983f78e740a54dcb2ee2d3e7a291a6fabe20e456a4c1a642c25ea51dbca58b
civora,partener-eu/validation/history/20260829T213747Z.json,12014,b27186ca4a5056490ad0157c5ae5736066de7e27126fc0bf0a0103239564076c
civora,partener-eu/validation/history/20260829T214233Z.json,12014,e2583281ecf8ecd2a95e2c62d200211c335fac7088db95f1f695af30f97469ab
civora,partener-eu/validation/history/20260829T215639Z.json,12014,9c605fd8f34451fb76dbcf7b75753dadca9cbbfb961a441f427d20e683e58513
civora,partener-eu/validation/history/20260829T215916Z.json,12014,a9798c04bdc09e6da6bf983768f2c5e61f0d520b2aa2d9f8625b33a68499b360
civora,partener-eu/validation/history/20260829T222913Z.json,12014,32671e87aa95ab62b3f957d77bc6284cad77b239492e6caf24364967793da8d2
civora,partener-eu/validation/history/20260829T223109Z.json,12014,67bd64c6c4331ebf516b78b71c93f4888631db07ec21a935305804ac1fd0cd22
civora,partener-eu/validation/history/20260829T223633Z.json,12014,b366f7059962aa3ccb73c7e02f9a95845a354cd23851b3e346147bb57dfbb297
civora,partener-eu/validation/history/20260829T223736Z.json,12014,6ee3f8b12d2dad30f1679d7f6138fd47ec62605510d66a244b50891f69446a7c
civora,partener-eu/validation/history/20260829T224238Z.json,12014,219c76633f91092b7118971bf14f85e4ba091df1d78974e1d63d053668d9ab42
civora,partener-eu/validation/history/20260829T224338Z.json,12014,5a3608079132ff0a867ea8a32083b06dda7f92671b809394ab44a7d1ae055480
civora,partener-eu/validation/history/20260829T225825Z.json,12014,ca8f4155f59e7e7d28ac2898b4c43303e7deba0e41c246b63643910c1eb5331c
civora,partener-eu/validation/history/20260829T232858Z.json,12014,08cfb81ac1775432cbdb98290113103ed49ca2b8053fe20f6e90214785233cef
civora,partener-eu/validation/history/20260829T232950Z.json,12014,73c8f68a2f22d63455f906ef42bba9b3ad09a6027460e93488646bfe8dfe5fcb
civora,partener-eu/validation/history/20260829T233623Z.json,12014,75567ea73f066eec1c57e6267fc62f11865ea549f4ea7934d42462723fb3976e
civora,partener-eu/validation/history/20260829T233754Z.json,12014,3642a8f5fb4157ddbb9bd7875e5915af4b3a946751dc70dae6fc52d4fd8b6350
civora,partener-eu/validation/history/20260829T234243Z.json,12014,1eae3f9780c3a1be01438c1ff699b4a260e9cae74428d9705c7612b48d484310
civora,partener-eu/validation/history/20260829T234338Z.json,12014,1e86518f5474315f8489cb8c92c76e052418e9ee94bdb8051ef14508228c870a
civora,partener-eu/validation/history/20260829T235606Z.json,12014,e66a031626e582d2ff460a31127e6f49c84e27199afc013fa47a9312325c3039
civora,partener-eu/validation/history/20260829T235805Z.json,12014,4be2e590a5051652c8afc9030f6379e969d0b46db6495fae61dc5feeb1f6834a
civora,partener-eu/validation/history/20260830T002210Z.json,12014,b504f3e8a5e61e18034e7f7b22c8393cf56aed49ebb8d899b29e09bae195d93e
civora,partener-eu/validation/history/20260830T003412Z.json,12014,2f2d7ccc025dcfcfa5ac667d42bd92c873bef62b5b39b5868b3039808e8468fb
civora,partener-eu/validation/history/20260830T003627Z.json,12014,f04a9961532a8728b43dbfbe49b33ddb3096982a7c94276f0604a491d2ea6ff7
civora,partener-eu/validation/history/20260830T003738Z.json,12014,92dc13fd352d25847d02ff1659264dad9f5b0a467e0a18c823c5a14d0a1696e1
civora,partener-eu/validation/history/20260830T004242Z.json,12014,062046eed2234e8c90f3e283a020c818e90ea7b50a2f5efccd31edf717af455f
civora,partener-eu/validation/history/20260830T004338Z.json,12014,cf72983474405e1cdd3f7b7b0bef10900a12ddbe24ee476edee1bef0438ef31e
civora,partener-eu/validation/history/20260830T005651Z.json,12014,daf4b6c57d5f7dd824d3a05400623ec0ae42653eeb97368f55239561cf22a3b3
civora,partener-eu/validation/history/20260830T005848Z.json,12014,e04cad0fa47d663cd85b05cc2d348be102877d88021a69f1a544adf4288f285c
civora,partener-eu/validation/history/20260830T012928Z.json,11978,242a6d6e0c931e721890bd8e41e24a78c861953e000e16b9a07bda5999ca1cd5
civora,partener-eu/validation/history/20260830T013353Z.json,12014,6c564553a7eacb59e0376fc605ab97ff32b09fd33363905787af86a41e309a94
civora,partener-eu/validation/history/20260830T013645Z.json,12014,75d7d69dd699b656f49e5daf7040519e81725391b5dbcf7b9c0153fb1d475ddc
civora,partener-eu/validation/history/20260830T013816Z.json,12014,3b3df1e14e5ed402a2b4aa51ae4d03c31d6f5519edaa5200043a2be4048d4095
civora,partener-eu/validation/history/20260830T014226Z.json,12014,e3ff63881315ec1788ed4149767e9ba6f0364482cb859d6a3ede0bc29ceecd28
civora,partener-eu/validation/history/20260830T014338Z.json,12014,0f3bb9324d2c04b3e4083a9f9efd036705225eadef59fc992c52f9f569846156
civora,partener-eu/validation/history/20260830T015724Z.json,12014,fd281799c5e344f4da34a2c7d310074b5105cb05f231530e9167826896319fb4
civora,partener-eu/validation/history/20260830T015938Z.json,12014,70e5069087e3b9707d4297d26bc98671b03103aa195c239c67cec305623f39a3
civora,partener-eu/validation/history/20260830T022923Z.json,12014,cbe92e576c3b690633f9aeffa2d63bf8b595fb05c4fe02920bdd4da4ab9d9e0c
civora,partener-eu/validation/history/20260830T023022Z.json,12014,a9c0926674536192eb4bea4e02d3aa9c07327d96ab29f4663a0ee1f3b5675dfd
civora,partener-eu/validation/history/20260830T023240Z.json,11998,b5dd628ebe0a2414cfa8a1cff4c108d78f5b1a4458b14e55ccae41b71af0c833
civora,partener-eu/validation/history/20260830T023634Z.json,12014,b626aa90db6f338cc1636ee20ba306ceaa25736bafc4f75c72a495694b0b2731
civora,partener-eu/validation/history/20260830T023755Z.json,12014,1561c59de330fbb031588e128a9b44626f2eb4d4f19ecfa4808c351e45857db9
civora,partener-eu/validation/history/20260830T024236Z.json,12014,6989cc901f72d5039ba5d6923e869a83c535514f9a5ca72265b6e4e50ff097d4
civora,partener-eu/validation/history/20260830T024333Z.json,12014,fe0d91950ba0ce04027d2264eaaf2331e931c17323c408c91fee76e6771d2433
civora,partener-eu/validation/history/20260830T025638Z.json,12014,a3588aa1ff21472a4b9f6f2cea0b43b65dc7537adf2c173c19cf48b4e5a79d18
civora,partener-eu/validation/history/20260830T025839Z.json,12014,c33b538d274617404412411e1a1ecec3a6717b75dd47d012d14c03acc4ccd724
civora,partener-eu/validation/history/20260830T032322Z.json,12014,05964a62f26340bd07c126a717e4242c67e6474ed7b09b322c7163560eae8014
civora,partener-eu/validation/history/20260830T032907Z.json,12014,537cba5099e7287feeb8055df29501ab9d843d022209e28d1bdac6cd80ac2378
civora,partener-eu/validation/history/20260830T032958Z.json,12014,8f500318ac40dd6ae52820096adb920a6853edc442889bca5a52c621b223af64
civora,partener-eu/validation/history/20260830T033626Z.json,12014,231c547e4abe8a8e5389b014ec94e8102163ab5fa22093c8d89f75ed5acec645
civora,partener-eu/validation/history/20260830T033746Z.json,12014,b60d51dbe7bf9c9a27e129e792f216e2af7a573a3476b79bf5bfdff1648d4369
civora,partener-eu/validation/history/20260830T034248Z.json,12014,4fc45ccc875ced77128721083283b2fd3eaa2be0fba0625e7793382b47638779
civora,partener-eu/validation/history/20260830T034338Z.json,12014,a29a11dc2bfaf55895c77b2b89111c11b3b05f7c9bb15644ebf77acf8cbfbb2f
civora,partener-eu/validation/history/20260830T035651Z.json,12014,1b33550dad5c4d4fb51592c70696a263446c016335937f4905c4a19e88783b39
civora,partener-eu/validation/history/20260830T035913Z.json,12014,391cdc0cd96c50adb381253126930607bff0dc4710e2bada7fbefbcc605cb6ea
civora,partener-eu/validation/history/20260830T043003Z.json,12014,fbdc5f56408a90328a33545f1cbb15ab7cc7f4f6876f6173bc2be1286dd4b0b9
civora,partener-eu/validation/history/20260830T043142Z.json,12014,8bbf3cd2238efebd83230d4714e03cc44ae4d2e13bc41ebfe5ed93c2981b6c29
civora,partener-eu/validation/history/20260830T043656Z.json,12014,4dac22faedc0b37be8ebcdc9a8f357bd01d34e50d712ed2427618b081dd78790
civora,partener-eu/validation/history/20260830T043814Z.json,12014,8c44ba3e3280baab27c4096b3b123b73744feef17bf40169f9a3dc3d1c83668b
civora,partener-eu/validation/history/20260830T044233Z.json,12014,485a0084eb1f6cbb7751cb7a638340d62a1bdbb20e4d153d48acdf0a23aa0d31
civora,partener-eu/validation/history/20260830T044323Z.json,12014,f0ddf3adb3b72ba271178c46041a72db1032a2054e17e9214649b6175b01d194
civora,partener-eu/validation/history/20260830T044413Z.json,12014,c160faffe0608d6dc4553699ceee4e750b41e906c17a93a6f22185c8949730d3
civora,partener-eu/validation/history/20260830T045649Z.json,12014,cac440adb640e1096e9b16a09e68eef79cf511aa6242a44748085865a25bf1b5
civora,partener-eu/validation/history/20260830T045904Z.json,11922,dd036b788c2c63998322c6a41a318654e993aabfccf1337ec0a750fbeedefa7f
civora,partener-eu/validation/history/20260830T052914Z.json,12014,e355989bb3ac3f6aee12c4fc7fc466ea7c4ac119ae21f698e159cc11b767cff6
civora,partener-eu/validation/history/20260830T053015Z.json,12014,4b97f1c8f79470249c8c8b35e9e1e2b063e093cc5519183cf78707ab14754bb6
civora,partener-eu/validation/history/20260830T053624Z.json,12014,f7ee7e70cce033e212524e74c58ea1c0afef2ea406424c5608dd1d414faf1ed7
civora,partener-eu/validation/history/20260830T053811Z.json,12014,3738c9da322622a28e1e82683c418aaf4d0df0acb3a412bf973a14b2dc241759
civora,partener-eu/validation/history/20260830T054225Z.json,12014,7d024ed8f2b57f0988687ca84ef2f5f509e65a4378fa89a2b48c242eeb3e673b
civora,partener-eu/validation/history/20260830T054318Z.json,12014,3e6369f657962d310f9c5367ac82ecef7e4a002b209e174ec0ae41382d27d3c2
civora,partener-eu/validation/history/20260830T055655Z.json,12014,dcc3a73b5a0a50fe8b2196a907197cfca48266ceb336becd5e980e443b772dca
civora,partener-eu/validation/history/20260830T055908Z.json,12014,2421d467a2efba9053a24f2968d18f66ac6f08709f14c5a7783db6a3e05194ef
civora,partener-eu/validation/history/20260830T062155Z.json,11922,7d716af8b52389b152a74c905bccd4342cb82a186518bd80f2cf03fea1bc3fce
civora,partener-eu/validation/history/20260830T063456Z.json,12014,eed2a49b285f23effc3e2c76d91ed83888610398bc2c368179ce48e06af550c1
civora,partener-eu/validation/history/20260830T063634Z.json,11922,69e4a38504fa265a6ec5a7494f35ecdb03e7efbba5b3cfa5dd51f45f9c09b94e
civora,partener-eu/validation/history/20260830T063759Z.json,12014,7a61a9bcc3898cc33e291d7a91e3e0cb05c5dd7acace881b365609f62aba36fb
civora,partener-eu/validation/history/20260830T064235Z.json,12014,47081950a7e82823d993010cee234e6c9d57673c6e1b28dc53f94679f55a3ea5
civora,partener-eu/validation/history/20260830T064333Z.json,12014,a8bb3d275ec80577316e596d2defd0e5da7189fa14ed785f4a539956bbff8588
civora,partener-eu/validation/history/20260830T065655Z.json,12014,9a976da44c2b3ce20c603573308570d1495d42f9676af85e7663212b72c04bdf
civora,partener-eu/validation/history/20260830T065908Z.json,12014,15146a9257deb4bcd7803957f14bfd4ee6a74b6c1dadf0a65abe6003faf4a135
civora,partener-eu/validation/history/20260830T072859Z.json,12014,bb645e662993c3d423de1600b3ff60383ee573d99bea3a903b5e5dbfcce1a7dc
civora,partener-eu/validation/history/20260830T072951Z.json,12014,09d569232151bd61d0d47100d1897c512afec101f2f1347f7d40f6d13fffeef2
civora,partener-eu/validation/history/20260830T073645Z.json,12014,b52040005f7139fe500e93a601a70a6e1c91b488e286d9953610a5a708730150
civora,partener-eu/validation/history/20260830T073749Z.json,12014,8d6ff06848debe854341b433993160021e7e4caf31e52d6237dde84a50d6bad1
civora,partener-eu/validation/history/20260830T074234Z.json,12014,0fe2b1f642846cdacbfcf307cbe79437bd1a6e6dc060c4cf72f9a98c8bbfc3d3
civora,partener-eu/validation/history/20260830T074332Z.json,12014,e35899bfb892fb78549a578a2cfc95eefcce9a001bd898769ec8b03f513e265e
civora,partener-eu/validation/history/20260830T075621Z.json,12014,8583eb85cdf38b98df6f531e1e2ada4e2e05d58f368090ffdf16b7c8cb559c09
civora,partener-eu/validation/history/20260830T075823Z.json,12014,8bb1cf1c2a44ea93894dface0262f7ababcd7af7d6d283b2c1c806425e8665a7
civora,partener-eu/validation/history/20260830T082915Z.json,12014,4ff2df50aa0e7f3d745bef01b101925851c80a7d640e3bbd441c1cb744bc88fd
civora,partener-eu/validation/history/20260830T083021Z.json,12014,e12e9ce8643d005b0301ef90bf18d37d49b6b3f46b21534101543a4adc39899b
civora,partener-eu/validation/history/20260830T083147Z.json,12014,a31647eae13824f26c4f94c5faa189cc75f72ffa53989b1e8611dbc04edd44ec
civora,partener-eu/validation/history/20260830T083617Z.json,12014,6b27d8120ce6632ba0e57f8631cac4c6f8f7ee51977b79d2cfbed4036c69dedf
civora,partener-eu/validation/history/20260830T083741Z.json,11922,77b7011a1b1032fb772dc1022fede2f7d2b1f8389f4eff358ef83bf2cf9addcf
civora,partener-eu/validation/history/20260830T084231Z.json,12014,e1e5d40af04e11a9eccb06a24099e6404783d7357e3797b8eab0ae80d24aaf7f
civora,partener-eu/validation/history/20260830T084330Z.json,12014,eda62e54fb13aba27c40b61a80294640d63ba6ec5b8838fa6da0e24e2be7456a
civora,partener-eu/validation/history/20260830T085649Z.json,12014,1f40d0dbf6221b731182f522437923b863b5f84e053b7399bbe147fac1de30c1
civora,partener-eu/validation/history/20260830T085855Z.json,12014,069aa52467e35eb4faa850a363494e7ede94da558d02354999e5dbede0b68506
civora,partener-eu/validation/history/20260830T092348Z.json,12014,f457faf3ff547a17c0501b903223a8cf28fe82ac0899051456713ee7ba1b9fe0
civora,partener-eu/validation/history/20260830T092925Z.json,12014,a024a7248ab57f9bf43cc0fe90957d10eeb03b07aed109e96e9f48a944eafaec
civora,partener-eu/validation/history/20260830T093016Z.json,12014,7ab88d399eeba96e771c922c36b053e5edd31c609eb3a05cc9aea7ade946247e
civora,partener-eu/validation/history/20260830T093628Z.json,12014,83e2344753c4eea5fbdedbee50bdbfb36659a84134a3edc9196ce6ecacf79eb8
civora,partener-eu/validation/history/20260830T093756Z.json,12014,0c5d6f1855a86db8f52f93c4c3d6df23ffa9698de58fc0090df40cb6612e03de
civora,partener-eu/validation/history/20260830T094221Z.json,12014,bbf3f17829108e553279bc165ab5d8e5316986207d31520970874c7f03f7e19f
civora,partener-eu/validation/history/20260830T094316Z.json,12014,bcee2c0817158aef9460711e8574679fb58baaf578c0a4fcb8f7657482b887d8
civora,partener-eu/validation/history/20260830T095636Z.json,12014,5c82c43bdac9c4de3590bb63b2951ef2c305a1790a23d0bfce69443d3317c950
civora,partener-eu/validation/history/20260830T095911Z.json,12014,a6b1ff2fc53630e9b69988888441602bf9ff17ed8d400fc647f6c2bb85fdd5d3
civora,partener-eu/validation/history/20260830T103026Z.json,12014,af9e82040f9977401c311dfc5a6cb2ccc1e5e7df91157c78737f12a765b19cc2
civora,partener-eu/validation/history/20260830T103136Z.json,12014,fad96231c7470d963cd924b9b35ac120dbc173f9e0452fec315db4301882c8d0
civora,partener-eu/validation/history/20260830T103625Z.json,11883,6ee796b9ac78e4de83ecdfb47668cfcc2529102d2c9e7ea34353070f3b3c6792
civora,partener-eu/validation/history/20260830T104056Z.json,12014,2cddc626cc2dcaf023ec1075e04a799be281860ba6edc0f53bd9dcf252648f5c
civora,partener-eu/validation/history/20260830T104228Z.json,12014,162a0bd7f0f7a36ba60622d23204f0ae6e8c976cfa5556752bf31477220622a0
civora,partener-eu/validation/history/20260830T104327Z.json,12014,7c7fbb077d7339187ba6d8641e4175c56e4b161ebc3e069a4fc3bab61a2ae73c
civora,partener-eu/validation/history/20260830T105637Z.json,12014,f5eadd1a549005ef5118d934da962496b26ffceebb5ee8527ddae81037dd06bc
civora,partener-eu/validation/history/20260830T105846Z.json,12014,909b22c47a6b0b50fbb146ad84cdfc5ca9c7161b265f34576d11a56f27935a3a
civora,partener-eu/validation/history/20260830T112920Z.json,12014,798d2d5b8ac687081576ef4a8af7f3f8512a948f31dcfa985f15e840aaf0576d
civora,partener-eu/validation/history/20260830T113010Z.json,12014,67c57686eeddb575ebd80a2c35021603deb1443def4de8d1ecbfc3e02c266fe5
civora,partener-eu/validation/history/20260830T113630Z.json,12014,0ce03ed32e265c3452844c24362358e7a09f5a54b5c28171ed4eb5620c855309
civora,partener-eu/validation/history/20260830T113756Z.json,12014,21e2cbedc80cf8fe407e500c3be0e930eb7c5d870f2417c82bb88d1a18724697
civora,partener-eu/validation/history/20260830T114214Z.json,12014,e542a15f0eaf4e9ea4d08cd99938a6baf3eb8908d8939584421fc8cb650d64f3
civora,partener-eu/validation/history/20260830T114259Z.json,12014,0aa634994294bff8f978b72875a77cdd4adb03d29e4bcd587d55b5949e8ea1da
civora,partener-eu/validation/history/20260830T115704Z.json,12014,14e78df74be5b494b3019c2b70997461547f29dffa289e6e91d767c20d4be0ba
civora,partener-eu/validation/history/20260830T115859Z.json,12014,0947773b457ae00527eb842b9bd53a170c6c449909fd51790c07d9e85fb15500
civora,partener-eu/validation/history/20260830T122207Z.json,12014,e0777a47872a7b06a33ac9d4df6bb871f109504691e1d136b9d84918bf383d5a
civora,partener-eu/validation/history/20260830T122924Z.json,12014,3b193a23a37e4003ae86e172157542081ab2d2e8aded976fc6aad3b156f2c3c6
civora,partener-eu/validation/history/20260830T123141Z.json,12014,2cbc48916d660fb680ddb940e84b6056bbbfad037d56cf44019b36ccfd1acf9a
civora,partener-eu/validation/history/20260830T123640Z.json,12014,d1c030d89764917126a14e8e429a48940440bf0dac3037572f524401e4503e52
civora,partener-eu/validation/history/20260830T123808Z.json,11922,26caab5ea721987a60aaf939e3c8cc394a2bf445cfc47226a531de136f73c38c
civora,partener-eu/validation/history/20260830T124237Z.json,12014,13c398915a04eafaa847e258ccad829dff0cd09186e7b06b6df0f160994c9d33
civora,partener-eu/validation/history/20260830T124327Z.json,11922,758a7844f1592d04fcbc0cfa9ba7be3d1b80c9fa4fec54f594aea5759d0d6eb6
civora,partener-eu/validation/history/20260830T125640Z.json,12014,645c97749bb9177cad39b82d733f9271f3573622713cc9ea5660598fd9c675f8
civora,partener-eu/validation/history/20260830T130003Z.json,12014,3b938b7367d3b80a0557443e96489d26e22164dcfed65bd895921b6439ab34e5
civora,partener-eu/validation/history/20260830T132921Z.json,12014,ac915e3aa0868233e84476ae83efdc8eae85418c95a5f727139b374588cc9fb7
civora,partener-eu/validation/history/20260830T133045Z.json,12014,62d0813aeb99a87cbbb0b365991d55cdabad57291b84ef6d5e1f6ef96371aad8
civora,partener-eu/validation/history/20260830T133621Z.json,12014,7b7fcd47687e6127d652c6a2feaeda1cd55069e90bd25746ca44ca6f71bdfa04
civora,partener-eu/validation/history/20260830T133733Z.json,12014,d3fbbae29d84f8c1aa0f717252b3a7cd7daf5c6739a89f1aa91ad3507345a50b
civora,partener-eu/validation/history/20260830T134230Z.json,12014,db954a0160e42a7f28ac4bdb7bcf41ba3ed1a76f8b15e71a14660639dd9d154e
civora,partener-eu/validation/history/20260830T134337Z.json,12014,75759b30ee9aa7ff3d4ebf06c2da8399377dc7be0d2ad9be4be6d0475d0286bf
civora,partener-eu/validation/history/20260830T135642Z.json,12014,34db1ab66d215b3b8e2eff3f3a278d341f6f42419f12a0a5f2e4072e208159f5
civora,partener-eu/validation/history/20260830T135908Z.json,12014,9f3e1dba447046c3b406be3784fd4764ca0773b5858cf59d8bc9a5e287b99fbc
civora,partener-eu/validation/history/20260830T142920Z.json,12014,a02c1269c3eac06dbb6750f925ab4cba65d2439443edf325bf75156ad2d58b95
civora,partener-eu/validation/history/20260830T143011Z.json,12014,0d937978a0b1ed1ff68e7df9130f9793e02305b4d397703d05c230305d62cf0c
civora,partener-eu/validation/history/20260830T143213Z.json,12014,74d5a564845431bf76726261cf11d033d14a3c690d3700bf5bcc25e12cf33581
civora,partener-eu/validation/history/20260830T143624Z.json,12014,d8e23f795f3252951196e888930d0aeeb4fef9335302fedacf38cde8ecf64356
civora,partener-eu/validation/history/20260830T143758Z.json,12014,c185bd0f3e8ffc13a0b7995bf2aed3fd5a4f8431ac9fa0065baf61d7946bc5a7
civora,partener-eu/validation/history/20260830T144242Z.json,12014,fd894d07cea5ee860fabe6debb56013a40cc6f014e41255c122da56a38a3d080
civora,partener-eu/validation/history/20260830T144338Z.json,12014,deb8102eafae43db7e0b26a10fbe595ac0d22780f3f768a72d58253438d79287
civora,partener-eu/validation/history/20260830T145638Z.json,12014,82872d19de991034698c79d104af2c755332d44afe0c739439417e8bafe9d2cf
civora,partener-eu/validation/history/20260830T145900Z.json,12014,db2ff5e46212986a9f7c5e628b355bee0eb5e653c7b0d0a6e3e3d3b1b113f54a
civora,partener-eu/validation/history/20260830T152319Z.json,12014,4ae0f1040b06d44ec071bb64f62597edfec81436e2b3f3e51dfbd5b82ce85947
civora,partener-eu/validation/history/20260830T153011Z.json,12014,9132eb57c62320d6b0638b48d45ead0b029352e69482f8a91d5776c56c4593df
civora,partener-eu/validation/history/20260830T153632Z.json,12014,4534e410294fe8751faa8749539f55b768ca6f9d454e6a59da70c7ce32022ab4
civora,partener-eu/validation/history/20260830T153801Z.json,12014,7d037a0ca572657228e632ba192feea7c53f4d4348af4de6122601038521bd58
civora,partener-eu/validation/history/20260830T154222Z.json,12014,4e1d310d5cbc8cf254815e69107fcb2203b7218540a42634652f881507f34a90
civora,partener-eu/validation/history/20260830T154315Z.json,12014,da7ec4e584f2af98d8e23374ed18752488e633b43c361f220e299f8ba410baa6
civora,partener-eu/validation/history/20260830T155649Z.json,12014,6f32dd255b85159162eeb5ae9d4c2334f20fccdf83223167634fc1f7d40da8ed
civora,partener-eu/validation/history/20260830T160031Z.json,12014,daa63f9f0933bdfef6b0b8efa7d0de23f91f30f01d872885adbafca092700154
civora,partener-eu/validation/history/20260830T162929Z.json,12014,32342d93e634f756451762ab822de738056e6f95cd645d4d98622b13a650dfe6
civora,partener-eu/validation/history/20260830T163021Z.json,12014,b1c8393def5cf3679ffe2e1d6bd83453f791c9d50db918577bc5c6c4d2a93a34
civora,partener-eu/validation/history/20260830T163220Z.json,12014,f8a36ee71228498a20989551a6d6821a8224f4288024022b637969f81c062739
civora,partener-eu/validation/history/20260830T163641Z.json,12014,ffe0c98f495483e9911d48ef1a08331a0fb2b5a40824a0e4e0bd2e0f7d7b6b21
civora,partener-eu/validation/history/20260830T163803Z.json,12014,6c1b50c0f8398e8ab3881ca44c0165e0135eb74537af8edffe54926c034e64e6
civora,partener-eu/validation/history/20260830T164229Z.json,12014,cd22a5aad90de47e388aaaaab34fb58557fe493c27f037de5ef635bbad05e5cb
civora,partener-eu/validation/history/20260830T164336Z.json,12014,c1b1e2fcbaec9e587a01f9fcf864831be40d0f68dc57802aece38eb04a35dbda
civora,partener-eu/validation/history/20260830T165703Z.json,12014,50e7a02a61a062c9f5ca19e062930bc2ac5b6340b7d30d4a4167ff614b123500
civora,partener-eu/validation/history/20260830T165914Z.json,12014,7704f15270f74a63ebe4f1130ebf53f85f06a6b34712b049d878e9476e6001e8
civora,partener-eu/validation/history/20260830T172919Z.json,12014,a9464abe416b868350d906f49400e952fe8339d595e1c90852ab54ff8e2753cb
civora,partener-eu/validation/history/20260830T173009Z.json,12014,1458076ea9c71ed7a55a3f5361d877353cd2e4b45d1488ae7d55831554886e0a
civora,partener-eu/validation/history/20260830T173621Z.json,12014,e80712f572470a0358e07d3c1af6a9bf8b6b9a5f00cf1b12155f1645625b8a51
civora,partener-eu/validation/history/20260830T173744Z.json,12014,b05eac78029953d1cdcdec06905fca81143d4cbaf230ee678ff355e36839b1c0
civora,partener-eu/validation/history/20260830T174237Z.json,12014,173f264e3dcf403e89db67cfc0636c984534161dd3d623abe7e4ca8a15fea3d3
civora,partener-eu/validation/history/20260830T174336Z.json,12014,6a5c83f425a8bf9246c058c2fb13245d3ea0c3233369abcf65dc48ae53432721
civora,partener-eu/validation/history/20260830T175646Z.json,12014,fe6314a33cf7ff17f8eee516c02b6fd8be80bf2f4b0ad35b47cc293bf0e7c76b
civora,partener-eu/validation/history/20260830T175855Z.json,12014,ecf2032745bf062d256315f339fc97aded1d994e1e64307ca35ca4340fc543ae
civora,partener-eu/validation/history/20260830T182146Z.json,12014,040cd1c6926387f5a3fe319bc7a1066f560c0a3cbca9c0bd83bf8423ab837534
civora,partener-eu/validation/history/20260830T182912Z.json,12014,3958e09f43d50ef8b3c3687ca6b23a7907b91eae003048b3635e12746b0f5e30
civora,partener-eu/validation/history/20260830T183008Z.json,12014,bf1ae6d2a30f76d482c3eed13c7b5845d8cca7e5d252e1a70c11583d92421339
civora,partener-eu/validation/history/20260830T183133Z.json,12014,4279d1ed16c99104bf8fc3815335dfd33daf59ec4e1226187d7841ebac0b3555
civora,partener-eu/validation/history/20260830T183619Z.json,12014,4ff463194843fc874eb23e85f0e9905abaf496705c52cc1613a8e20ad2d2da29
civora,partener-eu/validation/history/20260830T183749Z.json,12014,a2e09a8872a28a9d24432441772ecea1c1053ab32aa392c26a3f9aeb2b8dc754
civora,partener-eu/validation/history/20260830T184244Z.json,11922,f5c9d68e0dca95af10ee194dc9cefa320f550a98d172a55ed202112b04aa242d
civora,partener-eu/validation/history/20260830T184334Z.json,12014,7c13c45da18315371efc9d23881e62b7f5692b6a5af4eb2c08aa79fce36dcf17
civora,partener-eu/validation/history/20260830T185648Z.json,12014,e0bef5e3378bb28d16dff5cb99923b913998f4387676ac5ca97aa887219cbb8a
civora,partener-eu/validation/history/20260830T185908Z.json,12014,bb9cbbc0e21b23afdef169d8dc5e72c6dbddac90e196f9d420ee71e5ca79794f
civora,partener-eu/validation/history/20260830T192905Z.json,12014,7d57ee550b06efbd7073fb008f9d8940d2cb3c48504c68295022a54afa041d82
civora,partener-eu/validation/history/20260830T192952Z.json,12014,f6eefbb0063cb816f867a6e179ebda3bcdda443e914b9153dcb398b81d02b590
civora,partener-eu/validation/history/20260830T193619Z.json,12014,3f8d9e8ea03f229c8a2cb2c6542f7a364a395487a6f183d3478189e6ef9094d1
civora,partener-eu/validation/history/20260830T193723Z.json,12014,5a847a62de9fc41ed50e9e3e7b0c3c1e875f09de97c3e6c9d3a553415babbab4
civora,partener-eu/validation/history/20260830T194241Z.json,12014,0eafacc3efa08a4c0735c6748cc5b3d352ffe1b116f08ea88e180ff8322d0884
civora,partener-eu/validation/history/20260830T194337Z.json,12014,cff8c392b54360a38668cb858d4c0f395e1f3eaa67f1ae78e1689d5e6d514604
civora,partener-eu/validation/history/20260830T195644Z.json,12014,fe47b08981cd1865e6d1d19a4c7577f5f9a7f14f46a06c438d303350ede12f07
civora,partener-eu/validation/history/20260830T195917Z.json,12014,05517a7b951ec12a811144bbe192c6eb511d9ef60cd890e48d5dac85c5946d30
civora,partener-eu/validation/history/20260830T202934Z.json,12014,b54d1c779428746cf7ad168030036982edc03df658e91917d7fa33f9c6d1d9bb
civora,partener-eu/validation/history/20260830T203348Z.json,12014,d933d9a5fa914f9127190e5fea2cebe9cd7c9f7cc3f3a94e7994e5b266873cce
civora,partener-eu/validation/history/20260830T203636Z.json,12014,4637f6851116588fcf3ea2e89902796e3a91143a8115a23b2737118775183f53
civora,partener-eu/validation/history/20260830T203744Z.json,12014,877613108492f0bd41d215b4e0d22477a8e0472bb6ad0d903ec4ef660a4cc1ba
civora,partener-eu/validation/history/20260830T204317Z.json,12014,6d81ad767690c63f01cad5fbe54c44a17092b7cabea1c6ddb128cb7e92060af8
civora,partener-eu/validation/history/20260830T205638Z.json,12014,3b7ab3aed9a6d7a4d4e7b766d727c381d2edbe40159384c08b78f368f1b02bb7
civora,partener-eu/validation/history/20260830T205838Z.json,12014,ae87747d378ecb392c1f6f9a312ff29d9d0271d553da38dea5b8d960bf4bd4f0
civora,partener-eu/validation/history/20260830T212318Z.json,12014,07a972479369be0649d7f6f6f51b9b2953ef45ae57d4c92d2d686caaf8524002
civora,partener-eu/validation/history/20260830T212927Z.json,12014,f9f1467993e434931117c9c6bea63a71dee4c2e04d6969e296efe6496c2ee4fa
civora,partener-eu/validation/history/20260830T213017Z.json,12014,a15b069a7e86adc3c800b803d693709fed462524d7a1ef854d6b8bae5f83a22d
civora,partener-eu/validation/history/20260830T213649Z.json,12014,cfa877671a4dd9cf74d91e57520004204df828f0e35d6ebee210042a5c8f4d26
civora,partener-eu/validation/history/20260830T213824Z.json,12014,a454b0c72adfd103784dca4e6cdbba6956b32ca431b63bd2a8a14cd9e8b1972b
civora,partener-eu/validation/history/20260830T214242Z.json,12014,8f7704ca073eebb4fb5883d6fda5c9fb9452021ca7d73a60881c0fdf88c71530
civora,partener-eu/validation/history/20260830T214336Z.json,12014,8a551442de456301e4752d1f57c62e28cce1385c0e1b23eb0a68dbdf36592b09
civora,partener-eu/validation/history/20260830T215637Z.json,12014,3367a1e586388377b38170f51b1b8b55ca2aed83bf48c426b010dbaba9bbe7fb
civora,partener-eu/validation/history/20260830T215859Z.json,12014,174861b96ee1a123a7395728ad70a5f8c907a779d11b29dc268b45c6716fd352
civora,partener-eu/validation/history/20260830T222927Z.json,11922,c5fecc9e8d7c4676d1bbc679b3fd795b5710214d9909cbfd5c60b2031417a75d
civora,partener-eu/validation/history/20260830T223017Z.json,12014,155cb96a9287f7697c89c05f0e4a6a248e3ae442a0887e0089134fe36c890d52
civora,partener-eu/validation/history/20260830T223148Z.json,12014,f664cd91e665690d22d69f5a1a90f04c79d160532e33350f726f7659f4c7447e
civora,partener-eu/validation/history/20260830T223625Z.json,12014,1b86576f9aa5692f726abe213a5323ca269dda691804d0dc544c2f3639a3deb7
civora,partener-eu/validation/history/20260830T223743Z.json,12014,289b206e445a9b7a87c15e537641546af79f35dce086b9255c39eba9f70495b6
civora,partener-eu/validation/history/20260830T224240Z.json,12014,05911c12419c2416d0e97b6a656bc20dd1bbe138f6c08b1fc7d243422a2afe00
civora,partener-eu/validation/history/20260830T224335Z.json,12014,ede77996d1c179f28d60a52b0208148ae369c6744e236edee09ce010a3e92f78
civora,partener-eu/validation/history/20260830T225655Z.json,12014,07ba7f3713228980f5ebac1aa11c9adf96051be794259db7164a2e36c0aaabef
civora,partener-eu/validation/history/20260830T225913Z.json,12014,845860f624854420ff3ba3b544b50e6379ea1828718e280e1a283a3b058ba467
civora,partener-eu/validation/history/20260830T232907Z.json,12014,b681bf2b2211bcb6b7f9ea7d2e8257fb23ca7550a42a656e146c4a8e1faf6a75
civora,partener-eu/validation/history/20260830T232959Z.json,12014,0c8aef49791fc12152144aa1ecd9ea1d20791d0e70401fb165fa8095e7a3949f
civora,partener-eu/validation/history/20260830T233627Z.json,11922,4bc18ba408848960a6637cb52cb37348dcf89246acddf3be41782503f8ef8749
civora,partener-eu/validation/history/20260830T234243Z.json,12014,d0bc50dee8b5678717c692c5d35a64790e70eded26d20f642bf01adb20455f1c
civora,partener-eu/validation/history/20260830T234339Z.json,12014,d117aac04327d8aa8b05baf81354cae0ad7ce0380de27079de24f82a7ee29d45
civora,partener-eu/validation/history/20260830T235647Z.json,12014,fe541263ea1f44417cee2e00bb408f8afd39da967c22ecb7a4220e155c9fc18d
civora,partener-eu/validation/history/20260830T235905Z.json,12014,1b4ef44cd21885e4df2a737a0dcabcd25a165d35492be9395ebb1dd6f6760910
civora,partener-eu/validation/history/20260831T002149Z.json,12014,db62ee903b1d4af7aab50d2983ca2553734963eecba1a587ecb95c05f39714d1
civora,partener-eu/validation/history/20260831T003312Z.json,12014,ac41c1c2a69e6ed89ca7fdfb46044a51fb353bf953685b918f6c5f6ec197f696
civora,partener-eu/validation/history/20260831T003630Z.json,12014,088d6e3cd8096fd32a28acf8f5fc9295d1f07a54f6c29bb3b2537c2ffbd23f85
civora,partener-eu/validation/history/20260831T003749Z.json,12014,1f3c8698467962c53aca2184297442fee8cf400f2cfec37828ad8b65f9292800
civora,partener-eu/validation/history/20260831T004251Z.json,12014,8df0256a90e3f05727cf4c863c547405dd3fefda3d62673f888d6e9eee9e1758
civora,partener-eu/validation/history/20260831T004348Z.json,12014,6b431f2c60feb8d4bd39a9ab1ed7270740b6170c03388ee8376f28951e458d6e
civora,partener-eu/validation/history/20260831T005658Z.json,12014,3652409e02800b7acf52d1fd4f53be000e137e5344b9c10f37a7eaec1f493778
civora,partener-eu/validation/history/20260831T005912Z.json,12014,e644379020e566baae3d0c008f625f1693f93e902a405773b96eeafaba2bdd13
civora,partener-eu/validation/history/20260831T012926Z.json,12014,422ecf17eebbe53e1847dfe14d6c455576b6a956a7a39944d860b77251e0f8fe
civora,partener-eu/validation/history/20260831T013020Z.json,12014,db6ac6f9ba60ebc5acd427272b6c867fa740951460503f0fda4c376dece95228
civora,partener-eu/validation/history/20260831T013627Z.json,12014,9a0d3e74ad0cc26ea8ac7c3923d2fb687e23afce60eb991483a6da438b56dc49
civora,partener-eu/validation/history/20260831T013755Z.json,12014,a02fc238ce99baccf49fc11e1551a59b3ef0488f36af5782d785dbb6c54ff658
civora,partener-eu/validation/history/20260831T014235Z.json,12014,2baa674a6f0419cfa1d108d392f5b5fd8cbfc5506dbae2c5c2f9407125e55f01
civora,partener-eu/validation/history/20260831T014329Z.json,12014,4d79804c122bffa45f87879a3d65112c326799a60e7e7647f31f8452e1ce4302
civora,partener-eu/validation/history/20260831T015641Z.json,12014,315d987f08886e13690a7028faeaa72e8b67cf113beb1e4f9ff72a355233122d
civora,partener-eu/validation/history/20260831T015841Z.json,12014,bf4c883cbba58a5880ac4d3d4869987adb9b6f1f23240ba12963b2a39da25bc0
civora,partener-eu/validation/history/20260831T022935Z.json,12014,019bbe649ee70232cb705fc8d8599fac42970fa5b423887c8f114446c2d196d5
civora,partener-eu/validation/history/20260831T023030Z.json,12014,a305fba1fe6d13195fdb3b622d4f140fe9d7d4ae99045bdc94b2d945725103d0
civora,partener-eu/validation/history/20260831T023201Z.json,12014,b1e92d1c85ae1989a1da6c581c35d1e75ccdac3fa0591f7673367fbce48c6897
civora,partener-eu/validation/history/20260831T023626Z.json,12014,22a8690ec7ec1b2a84b3d3cd78ecab0b4f7bc2108e8a5360ff9a10699f2172bc
civora,partener-eu/validation/history/20260831T023756Z.json,12014,753f23de05d22d01b825db12130d934432c8dbc23efbc127025ec030d62406d6
civora,partener-eu/validation/history/20260831T025644Z.json,12014,ac419e359c62fc146ea5afadcf4d375aed2459c2cb26ee21fa21846c2c2561e3
civora,partener-eu/validation/history/20260831T025854Z.json,12014,83cbf7fb5c8a55c1f3e2afc06f94cfa2b9a5bbb3f56e4a8c093b7aa0fed0564e
civora,partener-eu/validation/history/20260831T032336Z.json,12013,f9d1bcc5e9ccf908d8967574e0c36a5ad1436924523b074d06db28837df65ed1
civora,partener-eu/validation/history/20260831T032926Z.json,12011,a975e9b6671a4fac497b5389103f00e0f4d090558ec8cc3ee3d833fbd8327f10
civora,partener-eu/validation/history/20260831T033015Z.json,12014,dfaa03c610a9f0f0a94b084e8b5506284d7a2b50605c51fc28927b2ea460016c
civora,partener-eu/validation/history/20260831T033638Z.json,12014,53921f4e16ce204ec041f26d5f1f3023546e1d1f0b949930dc85b5bf1d0e1aa7
civora,partener-eu/validation/history/20260831T033808Z.json,12014,b13e8455f1fc5a765cbb313eec4417ace6c54eb1abec366a10f7e88a738617e7
civora,partener-eu/validation/history/20260831T034246Z.json,12014,1cb5d92724e72fbda671fc1f07393d0ac749bf56ae9bfdcf337d3eb2d13ed701
civora,partener-eu/validation/history/20260831T034345Z.json,12014,aaa97653912eba553b152ff99b8f11d42bb1e2950f9ca3eff87f3a2098dc1619
civora,partener-eu/validation/history/20260831T035650Z.json,12014,92ff45dbe7212683317bd90b7884db00334be99b3a77dbc2595b79843f675d3f
civora,partener-eu/validation/history/20260831T035933Z.json,12014,6c8d9bc2553abbb3e7c76d2a0a709634e1779d1ea9e3e54673d2770a952d54d7
civora,partener-eu/validation/history/20260831T042921Z.json,12014,22c2eb17f17dcdf01d3db0f9fa05b987325fc2000135943aea84ad8de6ca0bb4
civora,partener-eu/validation/history/20260831T043019Z.json,12014,c1bec6bfe1653cc249d3b9822ad5a5912f9a17961be6d779792e225bf7fe376f
civora,partener-eu/validation/history/20260831T043206Z.json,12014,583d858a0c7548d8a11d51060a51bce043102a0ea2a1318c0fd1d7ae34225a91
civora,partener-eu/validation/history/20260831T043649Z.json,12014,74395cf4754c9aea4d0a7149d24fccf6b93e2b78a92086d8c1785f7235b3e56f
civora,partener-eu/validation/history/20260831T043808Z.json,12014,5ed9648f346d60b477258c64e64f1d9dc748e6b8602a6144f7ffc348566e5986
civora,partener-eu/validation/history/20260831T044254Z.json,12014,8377e202561c8e6e1d6c0989cde8a5eac6d0b24b53c0d9d09c3cb06cc2960538
civora,partener-eu/validation/history/20260831T044349Z.json,12014,16e308d159a86523c87d8682a878a198d039c45f03dac1ef5dabd6f615d91721
civora,partener-eu/validation/history/20260831T045652Z.json,12014,0195b88090954cbf94aba508cfd2ca3896d82341ef358fe4649d452f9de559ac
civora,partener-eu/validation/history/20260831T045948Z.json,12014,63edad77086d8a976dd21a78ca19108f2ad19515c21fb9d62df62b3dd90a1907
civora,partener-eu/validation/history/20260831T052932Z.json,12014,4da36a0513a5a883a35a8761b14bf39593cb37e4fca18e7527df77342926f80f
civora,partener-eu/validation/history/20260831T053051Z.json,12014,743a232a8523c5dc467e4f885993e40e59d6714c655e793b2d7b7c72073982d2
civora,partener-eu/validation/history/20260831T053657Z.json,12014,51fc4171f8440b20cef8ec3eca68f5fef1d86d8167f73eac67ff50c38b65cec2
civora,partener-eu/validation/history/20260831T053800Z.json,12014,8a4a8a14b4514bffb95f0e1a7d15fa286648cf916dd84a9fad7699c24892b560
civora,partener-eu/validation/history/20260831T054248Z.json,12014,2bac9474b5a0fa30afcb7c3d577082c2fa6258ee5bf5c9cf0c024778953f73dc
civora,partener-eu/validation/history/20260831T054349Z.json,12014,41a5935b1946ea95266f84a2e423cb73656e7df3c91a957bbde721ccc490dfa5
civora,partener-eu/validation/history/20260831T055648Z.json,12014,08110286d8926e446747f34fcfc776ff46eb752e6e5146cc8356d52212bd3c08
civora,partener-eu/validation/history/20260831T055958Z.json,12014,1ea448377295339655fe36f3bddfccab596592ad934a860fc66bf7b71096be77
civora,partener-eu/validation/history/20260831T062206Z.json,12014,6ec7125aa4cb7cad78162a4542a1f058a4ca6e7df1602fde6335365125341784
civora,partener-eu/validation/history/20260831T062933Z.json,12014,e1d26d08013d416deb795ebd5d88f855f226b05304a4da36c7e7310435405bca
civora,partener-eu/validation/history/20260831T063037Z.json,12014,56f3303d89069e4f885ec747061bbe5224fc386141ac37af30832f8051252d30
civora,partener-eu/validation/history/20260831T063247Z.json,12014,d4718452703dce3674d769ec38f433112dd9428e8f2a242298a531823ba33f54
civora,partener-eu/validation/history/20260831T063646Z.json,12014,2564c3385efb0bb9f9b11808afc50c24981f6583da38dc9b6741220bb6ff0246
civora,partener-eu/validation/history/20260831T063817Z.json,12014,7d2c6a7dcd4188d36f114e4118c40e1cbac9b59e3c2b185a904b70a35582ed22
civora,partener-eu/validation/history/20260831T064240Z.json,12014,2415657bb11e2be082d6e3a6dc9b85c6cd9855d01ae57a24ba4b9da4a044cac7
civora,partener-eu/validation/history/20260831T064338Z.json,12014,ced3cd55c7eeab925a2e69e980af415e61d76ff264db6d65693f18e4fc7150c2
civora,partener-eu/validation/history/20260831T065637Z.json,12014,513a6084918e73e9f99d83e02f9c24f00cd3e68140270df66343239d898e9481
civora,partener-eu/validation/history/20260831T065906Z.json,12014,5713cac92dcf8e1af7898add481869e4817dc865b9aae44a6cfcb5d6a680bc9b
civora,partener-eu/validation/history/20260831T073025Z.json,12014,18c3f6e00147c379d87d59a30180ccfac198d8d65ae852fae088c34c5f94023a
civora,partener-eu/validation/history/20260831T073627Z.json,12014,399080ec1236644e6790c9b0a6a7606ae463a0a8eb8ba3e3ae1ffe5f51e9a8a3
civora,partener-eu/validation/history/20260831T073756Z.json,12014,a4de230baf96d9ce1dc3d683d8df2bc4d8f37970fb0b561c0ecb9c577e80333a
civora,partener-eu/validation/history/20260831T074248Z.json,12014,7e0a2b3df9dbbbb8c12a47d0f87dbe63c7a639b3244cc26aad3f16f0f7adccb8
civora,partener-eu/validation/history/20260831T075656Z.json,12014,281509631223a9e5c000a18934cecc77565cfc3ca34fec9a456a157d1b658722
civora,partener-eu/validation/history/20260831T075919Z.json,12014,d4a68442435176bc3843080d62e8fac19f01fb183911f6ea8b32031515169ddb
civora,partener-eu/validation/history/20260831T082928Z.json,12014,828ca3d5e0f2d244bad3f3dd6b1777843b23f2a48bdd08e172b84505370b11f2
civora,partener-eu/validation/history/20260831T083022Z.json,12014,34508a3f64bf3acb2efffa9dd066fa9185b3281dfdcb3f324afaba09c60a8818
civora,partener-eu/validation/history/20260831T083227Z.json,12014,8e8dceb07602c0bd8ba3718077c301f504fee99da411b8456c2abbe2b1df12d1
civora,partener-eu/validation/history/20260831T083636Z.json,12014,8c21ad86fc23eda65bb0cc67646a29682c61b19f373310f63b4b8911392a5416
civora,partener-eu/validation/history/20260831T083811Z.json,12014,bdfba247be9cb7d4d2cee7e8378e2405368987375792a90f030688637f7916e7
civora,partener-eu/validation/history/20260831T084257Z.json,11883,fc6c72428c30158e804ab3201feb0acd9a048c04f326c85eb0086836063af526
civora,partener-eu/validation/history/20260831T085706Z.json,12014,7db9f3b10d47f315fd54f475215234e18bd1d1cfa3b34c89b5ca20a0b73eeb31
civora,partener-eu/validation/history/20260831T092346Z.json,12014,8681df3fec1ec69ce37d50116b2f1e13a188087388ef396176429badddffba61
civora,partener-eu/validation/history/20260831T092934Z.json,12014,89ff245ae3311e0eb9d666dc24e80ea894a657b8e9b46d65a89b2d2a6c240b10
civora,partener-eu/validation/history/20260831T093624Z.json,12014,161c423fc25f0b9799e9ec00b6ee6a9c0222f7ded7db35599c722069aad77749
civora,partener-eu/validation/history/20260831T093754Z.json,12014,d97d7faee55656ee72d0879b3bebe4adf8bc1ae737530c6b1f115382d0a2ebeb
civora,partener-eu/validation/history/20260831T094250Z.json,12014,241d3f6f6cc12c46febefcbf4e8320ae3dcaabb2d1b182241ffe14935dabc6d0
civora,partener-eu/validation/history/20260831T094343Z.json,12014,f9de2e1f4c59255d128fa34af9ad7e2d23759442eb6d0527e40a2451be879bb5
civora,partener-eu/validation/history/20260831T095653Z.json,12014,c500cfdedeea76555f6a796d661367861eba81e8483393a9914dfaf26847dee9
civora,partener-eu/validation/history/20260831T095916Z.json,12014,f51774fba44eba8764cdc459ad6473546c79a5178ce5fb8f86652102b5f89f14
civora,partener-eu/validation/history/20260831T102932Z.json,12014,f9d1b3d5adf2deecb17dd404cf3fc7cb3515a5a045e86c6e234d07eabf0e9680
civora,partener-eu/validation/history/20260831T103029Z.json,12014,8de44519d4e871947107c7806a23408e192b3a69cbf81be1e9cb9da25813c0b6
civora,partener-eu/validation/history/20260831T103143Z.json,12014,ed056d986c89e1ebd467bee1d873c747592eed084f6ddb660f5cdb7c7f286b5e
civora,partener-eu/validation/history/20260831T103639Z.json,12014,4b04b005bebe67276f4340d4102c4d18299e9ac7788c41d233ef7d23f258dd54
civora,partener-eu/validation/history/20260831T103812Z.json,12014,ac5f2812d85dd6237dac100a81dc261c2ff4b639090bab174f71ac3621633299
civora,partener-eu/validation/history/20260831T104331Z.json,11922,9832017d60ccdc83d0b536e6cc946fa06863f1b959fe679dee3195d4160f6c0a
civora,partener-eu/validation/history/20260831T105700Z.json,12014,031fd28a19e4a75c9ff18cde54f8b9cdb37aea2a74b2ca89993ad23d88354752
civora,partener-eu/validation/history/20260831T110206Z.json,12014,0bc6d7a7908d577f297407a40f5ac22c48e6dba324a91ed397c2696aec15232e
civora,partener-eu/validation/history/20260831T113029Z.json,12014,f80eb575c07766b14265eec1ca726207217af7e0dc33e3456f1ffcb39982a5d3
civora,partener-eu/validation/history/20260831T113123Z.json,12014,8d2a679fd2e27cda758eb6110247b720b1c4658800c7a8c133c99ecf64c668d5
civora,partener-eu/validation/history/20260831T113635Z.json,12014,b180be100a1bad030c19c14e000020ccdb4cc4124abb020a534555d2e7fde28b
civora,partener-eu/validation/history/20260831T113756Z.json,12014,7c332f0cd0144756e450842dac7f06ced5622aa4351d27584471b9384a5f40fe
civora,partener-eu/validation/history/20260831T114244Z.json,12014,c717306ef59e3e11f4941150ac439a60845bccae96cb4ae12b50be61efb66f2b
civora,partener-eu/validation/history/20260831T114405Z.json,12014,e07a41cfc0bb765685e9a51c7a4428df653c8e0a12e8292b7d6b4c33e3b06331
civora,partener-eu/validation/history/20260831T115642Z.json,12014,1d9626e7515dd3b650983c2d27530ea9cebb725c742cec5b383990f89b06fb8c
civora,partener-eu/validation/history/20260831T115857Z.json,12014,731d27715dd1a9f3c8b6c77d6190b7530bd89411118ac8d8afb3587d94ad0e33
civora,partener-eu/validation/history/20260831T122200Z.json,12014,d3187a94cb2e443ddeff6904ac46ce9534d72bb659f3559a77723cca764eea7b
civora,partener-eu/validation/history/20260831T122921Z.json,12014,98f4df24254a7005c876688a95bce476a4207bcc1817e768cb54480af23e7bd9
civora,partener-eu/validation/history/20260831T123018Z.json,12014,65f729b47f6ea385b00d6455c65ae39bea35e488d3a34b2bd422f6ffd5fd7b83
civora,partener-eu/validation/history/20260831T123241Z.json,12014,5c7852fe1e268dd85ae136576cdceb5b11470a351e41145ef79804c2824ccc0e
civora,partener-eu/validation/history/20260831T123641Z.json,11922,dc387a1efdf866345c85a594dd892941b728e68a25d23906e2b4e28220d0b9e0
civora,partener-eu/validation/history/20260831T123813Z.json,12014,f235931fd2b1847863cfa3ae4ff6133ca84aec8c024c5ea423cac8946157518f
civora,partener-eu/validation/history/20260831T124246Z.json,12014,600babfe9803b3608e87e8acaa50da98de903905ab893f0bfc64b64801fc4167
civora,partener-eu/validation/history/20260831T124349Z.json,12014,7542061709bbdd977b8cfc6733e17c9044d798dbce99ba52e7bbb9d85da2bbfd
civora,partener-eu/validation/history/20260831T125708Z.json,12014,31e968c98f0172c3dabe7a70087c9f473a93e42ff6281caff0337beb76564d9e
civora,partener-eu/validation/history/20260831T125922Z.json,12014,a2bcc344ffc29fd42478bba2243eec448d55d4f50cd7ae7bdb9a81ad1dd15965
civora,partener-eu/validation/history/20260831T133030Z.json,12014,1ba3bf520a558e9c632648a8e1f26112d4c2dcca1eb4a2c68217302124cf2d2c
civora,partener-eu/validation/history/20260831T133653Z.json,12014,9d7b26eee61b759bf692e044a90a82eeb7fd99981bbcba117fd7fad04218c2f2
civora,partener-eu/validation/history/20260831T133826Z.json,11922,c48530b0be7c5ac3bfc8c5286acb15a865d531d5be0f6814fd46132624434aaa
civora,partener-eu/validation/history/20260831T134253Z.json,12014,0dbff56d1f2d4a6f2d59a70362ae5e048a01c052c59d3eb1f79b128c764c9418
civora,partener-eu/validation/history/20260831T134352Z.json,12014,e1d3156641b8e425d82953b7b8741885e504e57d7ad846030507157dc92a6173
civora,partener-eu/validation/history/20260831T135643Z.json,11922,20e43ee5519c14a5e9b3e56922ac72f4caab518468d9f5bf9c01c76b5ed59504
civora,partener-eu/validation/history/20260831T140300Z.json,12014,a65e77d06fbc45e89baa8fb22a31b32306db5aa0eae1905ec9136094a1421914
civora,partener-eu/validation/history/20260831T142953Z.json,12014,a5ccce7fdea7a214ea75f5ec6417e842bb4aced9ef58be22aa328591e8ad762a
civora,partener-eu/validation/history/20260831T143139Z.json,12014,004bd7b357bbd386b9791dd53242a524334997611f9bc17fc98e405be7cdb5f2
civora,partener-eu/validation/history/20260831T143715Z.json,12014,0f9ad97f66737b1ba28f732368a823fd4977e7cd23571291d931f769be1c2438
civora,partener-eu/validation/history/20260831T143841Z.json,12014,a2a9412792904e14b926194b156c91f7a0f95d7cdb26d7bb344cdaadcc220a74
civora,partener-eu/validation/history/20260831T144258Z.json,12014,882e484096b42b8da2cc15e876e339fa3494f829c73201004564bf810f725233
civora,partener-eu/validation/history/20260831T144358Z.json,12014,2b80c9732debd65be0f75983d394925ac17c3abf905574017190c8f5702717e2
civora,partener-eu/validation/history/20260831T145640Z.json,12014,851be59e5bcc9a5ccc06b9d67a4b60b6e2353e4ad789c6730ec566fb5f2da2e1
civora,partener-eu/validation/history/20260831T145900Z.json,12014,27624f4523040bb32d691b867ef029ae0d6455a2a85fb24fed762c751712d013
civora,partener-eu/validation/history/20260831T152328Z.json,12014,da27c7f3e45b3d8d07297d8fccf7496c48b60214e42f25f04345660860fb017c
civora,partener-eu/validation/history/20260831T152917Z.json,12014,ed4c5f19318fde15315854c04648c886fde440b7a3c74fdb8746e455a194fc9d
civora,partener-eu/validation/history/20260831T153024Z.json,12014,881b8a569f7b510725c5fb92bd2aca2689cfa293180fd38a0bdbea5719790352
civora,partener-eu/validation/history/20260831T153624Z.json,12014,9d62fa98f9523220de05ff5f9c9ab3830d6c9697e504c8fbcfec3e7b8164a46e
civora,partener-eu/validation/history/20260831T153751Z.json,12014,7d889aebd27c699a0a4d82de9eec48344a69ff9591063dc3008424f65b95b344
civora,partener-eu/validation/history/20260831T154248Z.json,12014,5ba04582dca08571863956da1d466b6d0255b701ea23a2870d042953d6da3d16
civora,partener-eu/validation/history/20260831T154337Z.json,12014,fdad64dc45ee287ad1ac746632674f572dd4b02b68ce4bccd0e98e5e42643dfd
civora,partener-eu/validation/history/20260831T155657Z.json,12014,78f9dd98d99f0f131308d9e85d856568c8dab74105ae843b1f69297242bd69bb
civora,partener-eu/validation/history/20260831T155928Z.json,12014,50673bc57b1a2619f1ad9db95cec3d95f1320004417aa9b1a7812af815fab09d
civora,partener-eu/validation/history/20260831T163025Z.json,12014,c66c6f954aef5d0e874575fae7ae391b8e5e4c55fe1d8fb74ca38f8ac2bd622a
civora,partener-eu/validation/history/20260831T163243Z.json,12014,9d5dfad49caf47fc14c8d17180cded6983f7276cc3838792e7abe84254bbabbf
civora,partener-eu/validation/history/20260831T163628Z.json,11922,ec4e255b58a1442092c3050ef11a51bd1b57a70b77e1a89c06a8a05b43464f9b
civora,partener-eu/validation/history/20260831T163756Z.json,12014,fb9b630528cf86a70edcfc1ce8631876b115e7f7d0f378599a467550795285a8
civora,partener-eu/validation/history/20260831T164242Z.json,12014,a14a6d7a17b0fdad8b608d35eb692146c95e72d52aa01b1536753f4b7a45c07f
civora,partener-eu/validation/history/20260831T164336Z.json,11922,b7c7aa32c02ca6ee682df1e755fb6f2e25d951ffee335033b08c26e459a8ed83
civora,partener-eu/validation/history/20260831T165657Z.json,12014,0407b58c4d773bc7405f7df3cc078059b9db70841c655811cfa4480683425880
civora,partener-eu/validation/history/20260831T165951Z.json,12014,2cb76fc397297f5843981be8c1f966ef5dfcf1f1f768465f91333a0182e33c0d
civora,partener-eu/validation/history/20260831T172936Z.json,12014,b6d75dbf4145625a79b4b40903de7fa3b48097e22f36d51bac331744e918c5dd
civora,partener-eu/validation/history/20260831T173027Z.json,12014,772783e9d9565a5acbea9e01acf3f8e62afe9b2d0907fffe6bea5408a62849a6
civora,partener-eu/validation/history/20260831T173644Z.json,12014,581d5116525c4d5f0454cb6a1158bc0a734088ce26be57735c95f23dcfe8ad23
civora,partener-eu/validation/history/20260831T173801Z.json,12014,fb788b193abcdabb1021404a3d3e13258e8bd1f8f48afabe2f30f0dd097aaffd
civora,partener-eu/validation/history/20260831T174354Z.json,12014,004933d0bdec48c4f1084ccca241e68d0d832d11605fecad96acb4576ddb5405
civora,partener-eu/validation/history/20260831T175645Z.json,12014,92008699e5f18178e18c3ab4ad67f5dba03845912afb63459ea1bd3847daa90a
civora,partener-eu/validation/history/20260831T175904Z.json,12014,98a0a53bb1507c2d1261a28135c5a8b94f345766a6cb1b7f693543c5e67cad5e
civora,partener-eu/validation/history/20260831T182223Z.json,12014,1188c21263224d1d386edc0af39c1e40c1189e9d5a560e826ecd761b8128b047
civora,partener-eu/validation/history/20260831T182929Z.json,12014,7a31e39394b2477a56b6737f1f0aa80430dbe975137aa91c319831055ea2d51b
civora,partener-eu/validation/history/20260831T183033Z.json,12014,4ed1dc8a6507eb6826be82bb126a4bf0c8c0bd6cbeecf5696d4b90520b1e3cc4
civora,partener-eu/validation/history/20260831T183136Z.json,12014,d578fca9b2bc81f7c850598a03395ce256def8f484b06d583adddca7b070c242
civora,partener-eu/validation/history/20260831T183652Z.json,12014,9f8cdffb17416055c954d6c738ff10c99805577741dba85892482d2e420eb9ff
civora,partener-eu/validation/history/20260831T183800Z.json,12014,bf1379ea9d06a89a833295f15a087738b6d436c714c4bc75b6e6c223057568b4
civora,partener-eu/validation/history/20260831T184257Z.json,12014,b8d5e956fa59ba40e7892039bdeaccba43dc61e2ea746910e2cd11a5a422de7f
civora,partener-eu/validation/history/20260831T184359Z.json,12014,04aac3ca1264eb80e45bac6ecf3d37a823da120e12f8c20f518f72d2273e86a4
civora,partener-eu/validation/history/20260831T185708Z.json,12014,b1e7474adb6831a4db5aec3f7088d9105d3a7f836a3068249963ca5697746e50
civora,partener-eu/validation/history/20260831T185958Z.json,12014,0298fbb2633d5d7c05957f440214b79432f29b49191f1446ee762e49a0c3d5d3
civora,partener-eu/validation/history/20260831T192935Z.json,12014,24811ac8ed2ff86f631816c338d82ccd495a92aad057e30b1f583f729a7082b4
civora,partener-eu/validation/history/20260831T193030Z.json,12014,a96fa50a172dd773c28d11e30834aa5dbf13dd183c85ef7b17b0f592fb8c7775
civora,partener-eu/validation/history/20260831T193621Z.json,12014,d37b81ecea19c7eb0c01bb8b75c9f79c7b7f82c3667ec812da5292c70e4f97f0
civora,partener-eu/validation/history/20260831T194302Z.json,12014,675071cf3b17670779a55794b0964bcdfad30c3caf0a40e30e925f28bc9b9ff3
civora,partener-eu/validation/history/20260831T194352Z.json,12014,a3803bea6cf01f5afbaaec5d4e13ba818ad2f1b97fbf1aab0a64dacea5c2dfc8
civora,partener-eu/validation/history/20260831T195653Z.json,12014,3df125f6fdec4600bb2ee5a229aa867137c9d0303694ca8ca123f4f19ffddc8a
civora,partener-eu/validation/history/20260831T195905Z.json,12014,1029107cabefe15668a5585ea4df047bfd4098fcbbc2a9313b95e387b1a8b257
civora,partener-eu/validation/history/20260831T202924Z.json,12014,50672eb9df8504bf0e03e75fdca97abfeb4296aa4b02a4190d25dcc9b7f06369
civora,partener-eu/validation/history/20260831T203024Z.json,12014,bdb1dd681f4a087cbacad09a93da825c50836348defb66c3adf97c20159cdc63
civora,partener-eu/validation/history/20260831T203145Z.json,12014,cb1663d612ed21fae848103aeaecbc17881686303717e15f9b0db9d59bb718ac
civora,partener-eu/validation/history/20260831T203645Z.json,12014,b9eca5f0eb916a34f16825699a32674e8782d398231096f01ecfa2b3a21e4b51
civora,partener-eu/validation/history/20260831T203830Z.json,12014,39512aea64c965046a8b612deb56b87fae361381a1f864fc619d741485f2c001
civora,partener-eu/validation/history/20260831T204332Z.json,12014,ab67607de49ad1f72c705afa673710a161d226eedc78b82fe02faf60af37a6ae
civora,partener-eu/validation/history/20260831T205634Z.json,12014,28ae08a12af5a80b70b14ccfaf8955c40c61f9cef0f6ca5429e90cd6271b9439
civora,partener-eu/validation/history/20260831T210240Z.json,12014,1c03be96723ab7884519da569c1560e147654aa9aedc687418371f40bbfee84f
civora,partener-eu/validation/history/20260831T212348Z.json,12014,5a62ee33c02739a47e55d0bea787f6273b598e10c13aa6f96bd64ee055b2f1c3
civora,partener-eu/validation/history/20260831T212934Z.json,12014,81daa551dd81ac5ab8274ff721a21bb09a68e2291012cd2122929c345aead92d
civora,partener-eu/validation/history/20260831T213029Z.json,12014,f01b5f42082f7f3967a2ec3487290a10a11fab57408d58a6c24a811386681bdb
civora,partener-eu/validation/history/20260831T213630Z.json,12014,229c49148038bad49af2487ce47bae2cd73a5d5101731d11608e34dbc47e758e
civora,partener-eu/validation/history/20260831T213804Z.json,12014,62761e39862453e12c995c73f6afc6362d20e5b1550b5671d6774ee392715bd1
civora,partener-eu/validation/history/20260831T214243Z.json,12014,1f7147cd8eb396262b3d71d28601cd96df9d262dc44fcb553dec6e7a439c86a7
civora,partener-eu/validation/history/20260831T214345Z.json,12014,8237b2961ce24e95e20e6b8a055a7d45f1ff01beafbd0320840759ec9f28b1af
civora,partener-eu/validation/history/20260831T215640Z.json,12014,62770af39f0d5e591191700ac6d79871c80c9d74b6b1b75f00cc34e024e4ed17
civora,partener-eu/validation/history/20260831T215916Z.json,12014,8c85f8bfd9160d4f4d191223b408d0d28e65d86425e33271afee2273696885fc
civora,partener-eu/validation/history/20260831T222931Z.json,12014,6ca7258bbdac20f8fb6ed2a12946b5882022ea0c11f46bbafc7fb5df6e42e318
civora,partener-eu/validation/history/20260831T223030Z.json,12014,26500af955518858ff4ca2858a8b1d116499d86b14e3f0ff0c85fa6ab038fbf4
civora,partener-eu/validation/history/20260831T223155Z.json,12014,629aa64784b9938e1f3842f30725452e4567497a6cbdb40667d6f183eb1c5e01
civora,partener-eu/validation/history/20260831T223631Z.json,12014,af91235e79f989aa0b104b7ad72b1db972684c50ca80723ce0c70704e6c4940b
civora,partener-eu/validation/history/20260831T223759Z.json,12014,068e410afcb9eb96b005ff0cb7d39456949f39d54de4b250f8add757de44c51b
civora,partener-eu/validation/history/20260831T224254Z.json,12014,9443382b5f36864ceae8a5613adc4642522d47d831a43dd3dc6e3161182ec065
civora,partener-eu/validation/history/20260831T224344Z.json,12014,bc7361befa6386a92fc608fa45ab189339565314d6eee6658352da08b406070f
civora,partener-eu/validation/history/20260831T225644Z.json,12014,9f6b13c1c6fc764c037aa5fb7ce2290d239ff27fdc8a2e43ae135102a7a1f64a
civora,partener-eu/validation/history/20260831T225854Z.json,12014,c86e74987473ddf1ee422e4d5a749db03b021e9dcbd19ea1dcb2903ffc589465
civora,partener-eu/validation/history/20260831T232933Z.json,12014,2dce00126352e4443fe1503a932f8b98cb8057410eb461c22ec138343da99809
civora,partener-eu/validation/history/20260831T233030Z.json,12014,2f84c9a91951980305df0c55593d9538eab3bc2ab30e43575b52d2f78135fa9c
civora,partener-eu/validation/history/20260831T233636Z.json,12014,cac13177e20a3f3f17d3c88281aa3f2d25a911eae8afcaa2ab82b5f856e65bc1
civora,partener-eu/validation/history/20260831T233813Z.json,12014,ab10b9ed6751c266b0b138d79dd24bc01f204c69af83f384c7ce9da5b5207620
civora,partener-eu/validation/history/20260831T234256Z.json,12014,8e1916d4b0d9eb0c4f826ded42ff1f5affce9014259ea5f4fbaf5f0596fd4e90
civora,partener-eu/validation/history/20260831T234349Z.json,12014,22579cb6692a4557d1a8300fce12779f47324023cf245aa222aa1f4935472828
civora,partener-eu/validation/history/20260831T235845Z.json,12014,c94b2d72f754fec5392f8fab5e9942ddacb79ef3fa1abbfe7355631944621aba
civora,partener-eu/validation/history/20260901T003751Z.json,12014,44254281eec858d09d7863fa5e939a04e7c05c3e1a9bc8181b1d36566d2515ab
civora,partener-eu/validation/history/20260901T004546Z.json,12014,bb42f3599e36137ecb38be32ebc50d162248f5ed34afe99cba40ddc670e6e744
civora,partener-eu/validation/history/20260901T005146Z.json,12014,a974fc64f1f246544d94cedf0dae8e8556640749d457ffca18a6e6c97be6aaed
civora,partener-eu/validation/history/20260901T005248Z.json,12014,8e10577a2093d9e391ec6137982d85db43b076a1d6730bdad3c67be6a9f7cfc3
civora,partener-eu/validation/history/20260901T010127Z.json,12014,c0e62ecde7bcd0ac3d6e0c010af32cf086edce970c0fd50f8e114308db821969
civora,partener-eu/validation/history/20260901T010349Z.json,12014,729036102ee27c2d51d37a493362a1cbbf0b30eee964a844a95bf48373b34073
civora,partener-eu/validation/history/20260901T013140Z.json,12014,b6f57d49aca655068e9fc38c57924742c049e1e04f48a6c270a369f33e4f3829
civora,partener-eu/validation/history/20260901T013233Z.json,12014,da5b54ac958553bc4d612f0264e4ddfe5f4d6828061903d2bc8316ef07e27a41
civora,partener-eu/validation/history/20260901T013952Z.json,12014,a4e207df6b1dd288cd4a99693118bb8b634b69abf93526748a2488f901ba32d2
civora,partener-eu/validation/history/20260901T014121Z.json,12014,e3698cc30b574f0e6fffdf24390a8a1b3a3b01a6b16dc7aab5550db57ec18a22
civora,partener-eu/validation/history/20260901T014637Z.json,12014,18089c81f7157f144495d6931c9f36d7adaddeb91912f8ea0bd5ca0ee68f125d
civora,partener-eu/validation/history/20260901T014729Z.json,12014,7da3bbd3669784a46dcae1b01bee47e467eb24c340ec1eb2aafb02c5bca649ce
civora,partener-eu/validation/history/20260901T015727Z.json,12014,921bc40f1fe0237b6ca94fb842a904166f77c8b2aa3b8e23ac3939ade760909f
civora,partener-eu/validation/history/20260901T020013Z.json,12014,189eccc952df5a59f2f89adf6a2fd49c0fd1d18486e23ec3381227145f292dc6
civora,partener-eu/validation/history/20260901T023352Z.json,12014,7b320df5f198c981262dd96fc8ec601cdd041eac947ad8a14f8585528c7fbd14
civora,partener-eu/validation/history/20260901T023453Z.json,12014,4750a50a35af07978300b25d825dcc2c314e6a084520fa8f123dab721489bbfb
civora,partener-eu/validation/history/20260901T023607Z.json,12014,26a53cc7ca72a73cb144de63daeb46411fe8d6ed950da1114d1c6db421a9a2b8
civora,partener-eu/validation/history/20260901T024039Z.json,12014,f474b18e1b1d543efe565c8866fb14bb05eb9e3735ca6c9301b42303a2ccbebf
civora,partener-eu/validation/history/20260901T024208Z.json,12014,504f9919868752dc32a3e61cdf7ad69a693d75e2c5ccbd6fca77c826a4905455
civora,partener-eu/validation/history/20260901T024626Z.json,11922,05d97934c5d033551c54ea4b795fed79abc39afda1877642882897d97cdd52cc
civora,partener-eu/validation/history/20260901T024716Z.json,11922,2090480511badbd9e012ed937c3a734a9b5580c4ab3be1ea3560e949e9391b9c
civora,partener-eu/validation/history/20260901T025805Z.json,12014,c5ab04fd0cdc83ed4469f98278da64534fa4244fff0a3f6712d6ae7c7be03f0a
civora,partener-eu/validation/history/20260901T030044Z.json,11922,36bd6b953ac631017caa70061af72581d3601cd0e38c1455663eab7631332b40
civora,partener-eu/validation/history/20260901T032933Z.json,12013,a9a875f57141c62124aa165682c3b88e4bfc485581b1f19a0a274cab4a7c1bfd
civora,partener-eu/validation/history/20260901T033527Z.json,12011,a467b9ff232f10012f513da02beb43961da94c78728d5a304e665696fabdc1ad
civora,partener-eu/validation/history/20260901T033628Z.json,11922,16a1b493b46c363fb4cead72246f5bf1bb2e09a46d8b61fbd190fa389172a5e2
civora,partener-eu/validation/history/20260901T034133Z.json,12014,67da58ee79ca2f45e6b97a2e873f8b581fbc0dd44abb100f74df5b4b4d6eb558
civora,partener-eu/validation/history/20260901T034316Z.json,12014,91c72d89f87e4d9b3c876b40241c0d3eca15160968a2a4b4f3562f576fb369f5
civora,partener-eu/validation/history/20260901T034700Z.json,12014,0d03e0424d5d849e716cb9e2de65c7a2a08a2c4d3b66eb70f32c47669c86c13a
civora,partener-eu/validation/history/20260901T034804Z.json,12014,e2928f753b5043be87975365b4844b50305050ed4435c0cad0e8248daad360dd
civora,partener-eu/validation/history/20260901T035744Z.json,12014,269613175dd318283116dde865d962f2db1850e1b983f17dd3fbd9f59725a121
civora,partener-eu/validation/history/20260901T040016Z.json,12014,6c6b24a109af739b7df9b3c636bc9473e474dad33ac8a16638ae5252c11b6808
civora,partener-eu/validation/history/20260901T043450Z.json,12014,5acd6f48bb843f9af75ef81f83dae233718380696bd89bdd2da64af68dae3ea0
civora,partener-eu/validation/history/20260901T043637Z.json,12014,17b51f79bf928479d7bd863205aedf0da6f56f3c3ba938972a94bbbe411259e2
civora,partener-eu/validation/history/20260901T044134Z.json,12014,2d45512dcd4a216416ddc024cca036313beefbe05d3a0603a861fb81d40f77c5
civora,partener-eu/validation/history/20260901T044300Z.json,12014,17259c14256938e54cd093fb28f8a5424f2969c000e0af6ad0aeea2d28ff5a61
civora,partener-eu/validation/history/20260901T044629Z.json,12014,ea7ec7bbcbb2aac4ae80c5580c08055a5b1c1dd141758a3e542996781ba61ab3
civora,partener-eu/validation/history/20260901T045721Z.json,12014,3e9ea03dbfcdd521d5a123cc7a5f07e256470a08d80adcfa9c7cd78cd2806bd2
civora,partener-eu/validation/history/20260901T050007Z.json,12014,e65e986106793eb4b26cd4b603beea8d8ae4bffce6924b591d3c2033901b1a12
civora,partener-eu/validation/history/20260901T053406Z.json,12014,558764562cac65100e404f37d60da372c4d959ef7880704e70b1d7f7fdea9aaf
civora,partener-eu/validation/history/20260901T053507Z.json,12014,5f9f5025d0f554f4d0c2ffad19ed003f4ef7e73dc439242ae9db9b82f96412cd
civora,partener-eu/validation/history/20260901T054046Z.json,12014,82f4f6568b1eded927f627988bdcfd293d30681c8d8bf660e598fc8a6206c0af
civora,partener-eu/validation/history/20260901T054213Z.json,12014,daac0938397a8a75605b780d2c57d5263be651629f80bf99af8054390e9d9cf9
civora,partener-eu/validation/history/20260901T054602Z.json,12014,8a43ca937dd77a1c1893c5d91eed2d8f2229b0adfb5c9d8ca8264cd1ddec11d3
civora,partener-eu/validation/history/20260901T054657Z.json,12014,1f155a1aaa7689194a392feb7df3e0182ac10bef6fd0fe9f8c3dd8653177a9fe
civora,partener-eu/validation/history/20260901T055913Z.json,12014,74168f443f7851eeb8c44a9b6f65501b11554b8d0044040cb61afcda36d04652
civora,partener-eu/validation/history/20260901T063412Z.json,12014,4eec075fef88ded222461102f10ffe9f161df49acc271eae7bd83f3d77ecd4fc
civora,partener-eu/validation/history/20260901T064151Z.json,12014,796b1e2497a3de1244adf86acd11ec6ad4a57e87283723e17ab6cce4ebe6ee99
civora,partener-eu/validation/history/20260901T064252Z.json,12014,d743a2c649a5495182e0a6fa0572ba70889276af7a58387ff5b099348503bbdb
civora,partener-eu/validation/history/20260901T064501Z.json,12014,e8d4054f517de387f2c3d6788a50ce37e94a9e56b1f30818ea82a8d675000a0e
civora,partener-eu/validation/history/20260901T064611Z.json,12014,6ef37349580686c3021511d0dbf3ad9a4eb7b54e96d4293d9a1311383e58b0ed
civora,partener-eu/validation/history/20260901T065105Z.json,11922,2f8cb36e6516b7a2bc09daab60e3150cb44383266922130df7d317190e65b245
civora,partener-eu/validation/history/20260901T065155Z.json,12014,fdefcf4de1b70d52a5c4c9502ea9ca21641b115fd9056fc5919b2fe9b0957edd
civora,partener-eu/validation/history/20260901T070007Z.json,12014,ce15249c7c3df9133faf1e7957dcfda0ddcf533e268d3227629e75b74279aba1
civora,partener-eu/validation/history/20260901T070236Z.json,12014,97d12794a644adedee34cdc3fe268b01189f4f2fb530b574138d5e200574cdc8
civora,partener-eu/validation/history/20260901T073439Z.json,12014,e9af99e78e83157334ae118943f57a6c63ae189601f218ee34a673e7cb2b77d7
civora,partener-eu/validation/history/20260901T073539Z.json,12014,743c5c27e0c52a1d65156beeccfc42ea9883877ef7fc638dc2f3dafa592527f0
civora,partener-eu/validation/history/20260901T074154Z.json,12014,ddc59809e2b6f86de4fca95f5540a08335c066d237b33b00643eafcee1aa84e8
civora,partener-eu/validation/history/20260901T074326Z.json,12014,b211c6625dc6a80332e1c482263ee73da3870c24e10757ac026ea446a70e65cf
civora,partener-eu/validation/history/20260901T074716Z.json,12014,0d3c3bfcdada92b8c75466c9ee85e967d43e379712504dda83021be37e38d54d
civora,partener-eu/validation/history/20260901T074808Z.json,12014,65e54473b1eb983645791af7fe6efd4b74bf9ddb6af307daa638b87ef05a8712
civora,partener-eu/validation/history/20260901T075746Z.json,12014,3ddfc75c03bb4b68e0c3feecf7c34d2c31a3f694b134630cded35c2f1242890d
civora,partener-eu/validation/history/20260901T080021Z.json,12014,3808447e88b071ad6b440bf662b45c8fe52b26eaae7c269ae3d2b9686dd63696
civora,partener-eu/validation/history/20260901T083650Z.json,12014,4c1d01fef9a7418960128170578e9f1582fec9882d073e6dda2448196d06032c
civora,partener-eu/validation/history/20260901T083817Z.json,12014,365301d64de277715cb742215c0fa5788373def52fddb7c46cff2db005ca0b92
civora,partener-eu/validation/history/20260901T084222Z.json,12014,549ae465c2db0da812585c831d3bef1e9c3120781dc51e94b4e9d98a9a20f1e1
civora,partener-eu/validation/history/20260901T084352Z.json,12014,9136a9617ce404cb01c851840450c794eb0ba39ead76c52a48035a1f8a83a6fc
civora,partener-eu/validation/history/20260901T084814Z.json,12014,31a47bfc57f8ec49b7c15550daf7e6632cfeba704a25ea67a6b1e59c99a33c3c
civora,partener-eu/validation/history/20260901T085850Z.json,12014,8ce5e9de078291deb579b0ed6a85c4aa2bac4935f3d5c195f5bdd5f0252f066f
civora,partener-eu/validation/history/20260901T090105Z.json,12014,a66a714732f9bb39b8323bfc91517958d069b5010a0c8223a5a14d4a09044311
civora,partener-eu/validation/history/20260901T092949Z.json,12014,169deba4346fe236c6932cacd09f934783d585158b2b359a112dc9263593af92
civora,partener-eu/validation/history/20260901T094141Z.json,12014,42f2cc0a104a16bc1a18851e6b8f5418c3114f7232be5c426cccfebbb41ddb85
civora,partener-eu/validation/history/20260901T094255Z.json,12014,b9fe39d51ce01d2992c760cc7d68ab6c5fefa2c538eb0cc4a0065d728938bacd
civora,partener-eu/validation/history/20260901T094821Z.json,12014,974c0eff0f91cbfe40fccfa9199e8035632c45736d033a576d1d28c67d2a9ecd
civora,partener-eu/validation/history/20260901T094909Z.json,12014,db937b757018ea3979d26f180f7310949f4cf74a8708be785de9149038d07158
civora,partener-eu/validation/history/20260901T095825Z.json,12014,fb0c641942ca637e37912f38cde54a1910e1ed0482efe2fb3f2416eb6caef2d5
civora,partener-eu/validation/history/20260901T100056Z.json,12014,046d8d4946c44666a4b58287babb78b7b2d8ad6fe4fcd17717178cd2ca4f6439
civora,partener-eu/validation/history/20260901T103859Z.json,12014,f5d4bc1de1490de7e8940bc9cbe97814ea3b019c25f00d8d64629c4e357ea998
civora,partener-eu/validation/history/20260901T104214Z.json,12014,430a27511fde0cba6b242a70b9158b536e382b9b26c9a64891d8b6e37cc0e362
civora,partener-eu/validation/history/20260901T104355Z.json,11922,a916af484243d1c482ad591776d211bd553f56b6d192f4da39354524ea7131bf
civora,partener-eu/validation/history/20260901T104755Z.json,12014,4d9a9dc4577b4fdea5f8972a595a90309513970de056dc41610ee0c718209e5b
civora,partener-eu/validation/history/20260901T104852Z.json,12014,3320a837668125ecb2702e052ae8db4002297662f30e555620234e0d2e5187e9
civora,partener-eu/validation/history/20260901T105814Z.json,12014,e3eb0033a829a92974cd124e1b7d895ee9805256b128a845c99dffe907226a60
civora,partener-eu/validation/history/20260901T110021Z.json,12014,56a9b86d5b4b0820323c5197e87c0617b493a25aa893cfe806b48c12ad4aad1f
civora,partener-eu/validation/history/20260901T123312Z.json,12014,473100aa31e11b71038f91bc2d14bac13274f8b40dd9437eb992616031a7361c
civora,partener-eu/validation/history/20260901T141523Z.json,12014,1b032473b8103a1ff79b8a7fa3dc5472d6ce6fa55137fe29c4e78a81a7690c23
civora,partener-eu/validation/history/20260901T141618Z.json,12014,afdd25bc9b2b68e8a40bbc4d9a5afe986061d718cbdd7e2826a2c876728c5f39
civora,partener-eu/validation/history/20260901T153312Z.json,12014,15334835e724fa6c6a48aeadea4b2dd068e160c4890a2f1dd22727873f532fa1
civora,partener-eu/validation/history/20260901T153533Z.json,12014,ccdd219306be213cad3b6c5e6ea48d1726f3b8fbebf420dad3477466dc760d43
civora,partener-eu/validation/history/20260901T153756Z.json,12014,f218cf91ddda24585cf65fbbaa60a29135bbafbb4dc4c7be64ee32c098bb5c30
civora,partener-eu/validation/history/20260901T164808Z.json,12014,9e87bc92a9c8606cd14e3ee0047c167d3e7ad956ca8abc1d63c40fb1d1c831de
civora,partener-eu/validation/history/20260901T175610Z.json,12014,e9b49e38009a8a222bd37cd5b7e04ab9773a47b2ca9b4e6e22273f5da1ad4bd5
civora,partener-eu/validation/history/20260901T175748Z.json,12014,95ad66e03760b432f4f2abaf65715e767c379f35f89eaf341238f9432f61907a
civora,partener-eu/validation/history/20260901T181422Z.json,12014,b48df30b16f234cb8902cf36ff679a329feeb0d0b005aac4f221777b5bfadba2
civora,partener-eu/validation/history/20260901T181514Z.json,12014,782325dca4fa6b439bb60d5c2d2ffe4f1ccf48f4b204bc999f02519de1cbce36
civora,partener-eu/validation/history/20260901T181723Z.json,12014,5449acf25f6ad51173db19af7a80d383f1a43e77647a678b2cc82d1ed07312de
civora,partener-eu/validation/history/20260901T181843Z.json,12014,94030757e49843455336a52d119c991df2ac9043f62b9192bb1edcd89390f1a9
civora,partener-eu/validation/history/20260901T182016Z.json,11922,e7e4ac5764b53be55913a1f02d7185c7a8c80b43503aa83517a6af1af7604fd4
civora,partener-eu/validation/history/20260901T182619Z.json,12014,293edade89442551c8cce0b1d74e55bab501bcc96e45d30e7bacafa70887708f
civora,partener-eu/validation/history/20260901T182803Z.json,12014,9416cbb090b17b7fb5e179f154453194ac4b592c7ada7bca048e0132308debc2
civora,partener-eu/validation/history/20260901T183026Z.json,11922,f26c91fc003fe8910e89767b47b71ecc633fd36f0a6895cb3a86bb1d7a514932
civora,partener-eu/validation/history/20260901T183132Z.json,12014,c200b194cee3a7070aa61cddf86867e44897bbd56eb732a18e1330a16774ec10
civora,partener-eu/validation/history/20260901T183231Z.json,12014,fc072ef8455a3689bd999ca11b3f17ec95f07de55d050ff341d7c5c2aad36854
civora,partener-eu/validation/history/20260901T183451Z.json,11922,3e15d538e16ade280b3cf7129e4a2e85729c25072d283bf53f221f91be258e4d
civora,partener-eu/validation/history/20260901T184812Z.json,12014,a5b8450d4b53021efd5e37d4580fd1b4ea299a90def45179ed3233cec9e6cad4
civora,partener-eu/validation/history/20260901T184914Z.json,12014,6928e2fec53f06a209eaf7c91ba564e41c0cc271befc2f2502f8fcfda253c9bc
civora,partener-eu/validation/history/20260901T185406Z.json,12014,5d66e2e0fe94913c621d6b46c872a7a06ed68ed143b97bbed4a8ba082c74682a
civora,partener-eu/validation/history/20260901T185642Z.json,12014,31be1d2910b5fe640b335dffae2195157d1b5e58cdf488b686677782b7c98d2b
civora,partener-eu/validation/history/20260901T210337Z.json,12014,c16aaef136640c0e921fc13505104a69d11a1a63f13d94b3c8299ed7da999c62
civora,partener-eu/validation/history/20260901T211116Z.json,12014,b6fcd953b18c5c64eaa6a5fe6dfd03cb5f2e519fd9c49c7b26435421ba2bf830
civora,partener-eu/validation/history/20260901T211206Z.json,12014,7cac0cc022d6c86a47040d712f5db0b94ae58d71892aabe1192280a7321d5a85
civora,partener-eu/validation/history/20260901T211257Z.json,12014,6530fda68a83146200f1b72bf52317611c7eee14b207770a0081bc23a3e0acb6
civora,partener-eu/validation/history/20260901T212807Z.json,12014,c7e574a282f412a54cab08971b75d05f627e83b714eb620afaa65a39fc647827
civora,partener-eu/validation/history/20260901T213023Z.json,12014,d740c78ab8d6082047c44c514b5806bba6ad9009a572467138910e0752da7848
civora,partener-eu/validation/history/20260901T215548Z.json,12014,ff4bdc9ce8bd56e10bcc0bb82391e2a95964e1091e0bfe18eca29fc23a5f46f3
civora,partener-eu/validation/history/20260901T215720Z.json,12014,3d21f61e7e8a3c573f71548cc7328177ecbf6805474e263ee6b1f2aaa33ba9cc
civora,partener-eu/validation/history/20260901T215930Z.json,12014,78ecf0c00fd5cf397285565113b6a67e75b9dba97393acae60dbae2602bca300
civora,partener-eu/validation/history/20260901T220032Z.json,12014,5c4d7335c51a8c2b74659656409322009dd8d80a3975dfc82271fbd69360f23c
civora,partener-eu/validation/history/20260901T232041Z.json,12014,1007d887a412320caec13f9c8a61e05d21efa460a68cc437294e5c4ade236291
civora,partener-eu/validation/history/20260901T232554Z.json,12014,15f5d3b4cc374286d8bccb2d8cea6d1c70ab6cc87e0825a21134668aa08c555c
civora,partener-eu/validation/history/20260901T232656Z.json,12014,df2b19310d83b1c2910e07df80c81b26660e43a49716ce11ef75a7b9018b75f4
civora,partener-eu/validation/history/20260901T233649Z.json,12014,84ac770bedf3c0c9132eefe2c43c7a8685b2ac67da8dbeefc159c1ee45caa32b
civora,partener-eu/validation/history/20260901T233859Z.json,12014,2b57e3316904b8eaad475b191edb21a55a9c7c44fc7eb0d0ef3979cf56280f8b
civora,partener-eu/validation/history/20260902T002303Z.json,11922,3b58d626b00d432e5e4c91ac11af298f6fdbcb40999f4a668817edccb9281989
civora,partener-eu/validation/history/20260902T002502Z.json,12014,1d15a1a7778f9bb31889c26f0e2554ddfb26e2776c9bff43b0e2f5101e5b4b94
civora,partener-eu/validation/history/20260902T002630Z.json,12014,62102d043deec43d9b7a7726ad6a0e24395be49fdeb1c0b464e4bdb29781f3a1
civora,partener-eu/validation/history/20260902T003012Z.json,11922,d8505bd0e54fa45ce3295775eb18bc5afbb78d45e87755c4338e06cdb239ec02
civora,partener-eu/validation/history/20260902T003101Z.json,12014,32b703f6e56a6596657c860a580400c77df7b2f5621f09f66ad31c2dee982d53
civora,partener-eu/validation/history/20260902T012844Z.json,12014,db45075581ed7a274f139a92ae091fcfc5d4f8d5dc27a4cea62f983b771b7352
civora,partener-eu/validation/history/20260902T013120Z.json,12014,f3612a7a97125e781bcb5a565e25340e083acc6286dd4b17cde5e8ef4cc6e504
civora,partener-eu/validation/history/20260902T043610Z.json,12013,7e14d291382deab0a286b682545f77c940e60d08ea708edd1811f4f3c5ab9ccc
civora,partener-eu/validation/history/20260902T044815Z.json,12011,0e15eb41d8f46b7394d63e44feaa5847cfdab9e3fb6b46fe9a9a420137575247
civora,partener-eu/validation/history/20260902T045126Z.json,12014,751282be26f68bb8e359c144c7e7ec0a364ca40995e9fb6b1bb308259bf13c55
civora,partener-eu/validation/history/20260902T045444Z.json,12014,54861e87e662cb76ed05cd6800434e3fd0135681eeebc9529b43415e11d1f7a2
civora,partener-eu/validation/history/20260902T045556Z.json,12014,4bf0b0869f5200f4d061e5be7b1b00ce41e2c4c593177c3821b7b0aede76b9f7
civora,partener-eu/validation/history/20260902T062922Z.json,12014,54b24981407b32d705b782a611b577bc84313242bfa556d4516bebb6d13f8ed7
civora,partener-eu/validation/history/20260902T063124Z.json,12014,650daddf60811d06da89cf3679de746b147e75416a227c5cb978e56a555dbb2f
civora,partener-eu/validation/history/20260902T075716Z.json,12013,bc5fef9d6fc4cbbc232f2b53322221ce7ebab1791f44f86fdd57df6c7035ac3b
civora,partener-eu/validation/history/20260902T094619Z.json,12009,b34c1ec0a20f56d486c0f51b2e608356948417593a380ad3de8861b9aafc68b9
civora,partener-eu/validation/history/20260902T094708Z.json,12008,bd6757c247d72f74355b34b9aac6466668ea62da927f836194b5bb19473eb8be
civora,partener-eu/validation/history/20260902T095004Z.json,12014,bffb5db2010ef82b3b73addf4049a1691bcb3d004ac7c6aa08b37c5a0a3f8a97
civora,partener-eu/validation/history/20260902T112025Z.json,12014,a53964248ff4022b406fdfff91dbde4344a4a92bfc72beb190f5c68c7b0fc20a
civora,partener-eu/validation/history/20260902T113143Z.json,12014,3d242a2874a5b01ce6af2efe36c677fba3083f059fcb05f51ba6708ae4fea043
civora,partener-eu/validation/history/20260902T114702Z.json,12014,bc33f5c86e64789dad2815185b3e17d3363e08d5f191cdcecc7181edeb86edec
civora,partener-eu/validation/history/20260902T114923Z.json,12014,76c785420a7f1516be8a1bde0a55a56b45a959ad20c0c5113d07213a5e252b40
civora,partener-eu/validation/history/20260902T134228Z.json,12014,b9c8d3fd7290832ea55214602ee469de2c25ef5feb2dcbed3ea50e77504247ef
civora,partener-eu/validation/history/20260902T143659Z.json,12014,382fd4f77808339d8f976dacd4754bcdd9dfefc0a2188fdec7c73e780cc88db5
civora,partener-eu/validation/history/20260902T143752Z.json,12014,55d62728974e1bff262d72728dccd284c8789bdb375d13056cc9652ec78885d3
civora,partener-eu/validation/history/20260902T144132Z.json,12014,cc0ae9f6607c1b2f6d70ba85a5c6e74d4416cf116593ee3a6a0f7eb4b97dd86d
civora,partener-eu/validation/history/20260902T144231Z.json,12014,c6a4936e8c9a4dbcb223a83c7af112f8b14eb6ce0f5c6b1b7e9c12f975c83d8f
civora,partener-eu/validation/history/20260902T152358Z.json,12014,018c214fcc6c74ec6ba9019d0a8c826099b230b95ec8f2a839eea810ec79a9d6
civora,partener-eu/validation/history/20260902T152627Z.json,12014,0e88437d8d912eb09817591e87a2fcde05b7cc8a851bd15da340424e56fe4f03
civora,partener-eu/validation/history/20260902T163557Z.json,12014,2179e2d3c64ef1f4c5eedc91e10d587380e1e332f925287617888c4ee4486cf6
civora,partener-eu/validation/history/20260902T164416Z.json,12014,fc098b2da851e39b5bac887c9b79d9d5d06f305ac17d08a0e37d7243a9fe93dd
civora,partener-eu/validation/history/20260902T184539Z.json,12014,1ea548389ec2178c40aedc139022244b2c06fc7dec1668f7c80e2ff1264b5ac0
civora,partener-eu/validation/history/20260902T185038Z.json,12014,d001b931a90d75c2adea04173c7f00f093da40c31b1072ecdae08532fdb17713
civora,partener-eu/validation/history/20260902T185123Z.json,12014,d90c453b6b92e5a4ed0034a871de7e958e2dfb722e0bda200490254445b1c6de
civora,partener-eu/validation/history/20260902T185258Z.json,12014,37f1bc4aa5bd0a705e01a6d09e14d66b100b9b3bf5a2bde1974dbb9c51b37333
civora,partener-eu/validation/history/20260902T185442Z.json,12014,58bf92a605960258590e704ea50d2b2826aba5ff901f7a61c1c0e6153070f0f5
civora,partener-eu/validation/history/20260902T190008Z.json,12014,0383906c7b2b76eee0018a3119e6208daaeee5ab737970d94e2ab4338457cf55
civora,partener-eu/validation/history/20260902T190243Z.json,12014,30ee0fd635aade11c632d78831980b967012076f6077e2f3dcb43b821ed7372c
civora,partener-eu/validation/history/20260902T210529Z.json,12014,0c33e06430a78a1fcd84a5f0dfaad4f9cd1a768efc5f0257761904590905ba3a
civora,partener-eu/validation/history/20260902T211153Z.json,12014,566a791de1fc247a0b5fc1e43f45b86d50c75dbb8e38cb2fd7aa1df90d9a40c2
civora,partener-eu/validation/history/20260902T215830Z.json,12014,095b3339821d0b173196e9558f4a11794de604ee6f1a7daa0c99bdc6c300d023
civora,partener-eu/validation/history/20260902T220003Z.json,12014,1fbe48954d129bd53be8580299b130d2a3eafe5dc1405b9f4bae3f48f0bdd2ce
civora,partener-eu/validation/history/20260902T220201Z.json,12014,0148b88c734b0a85098897e3f0f1c516a8eb18be8f286d8c8717c69a2561f604
civora,partener-eu/validation/history/20260902T220440Z.json,12014,bd1ae2b1d0ed013923f16a45cd372a9c1d9ee33d8ff08a89f6f37f0f9b57a55f
civora,partener-eu/validation/history/20260902T232053Z.json,12014,956b6fe40fc2f5d4a5cd391eced095d7baf551140d86e1c3d435434709ec76a0
civora,partener-eu/validation/history/20260903T002502Z.json,12014,0892f3a1a617670852b9593622d1f90fb5908ce3eaca4fc37aa6f9099677beed
civora,partener-eu/validation/history/20260903T003109Z.json,12014,7b0b812ebf5fefde653a6b1c8597f6fbb95378cd6a6f0577f4d62f4b42cd62a6
civora,partener-eu/validation/history/20260903T003222Z.json,12014,5118866ab9944a5dc588b56d6d0d4b8efdbef9c7b64e5789c72030d04add6b47
civora,partener-eu/validation/history/20260903T003604Z.json,12014,17b26ec3d9510dd21410e1a4c91e92c535d89492d06798a5576e16ad20750320
civora,partener-eu/validation/history/20260903T003706Z.json,12014,416cddc5d4ffa863c6d4d9b351be2a964dc6b31d25e02b048e9deac5bc1055ed
civora,partener-eu/validation/history/20260903T004623Z.json,12014,f45c5ad8ea0d60b01f9089eab6d1c79abf25906770fde1b0ae9036542eef3e30
civora,partener-eu/validation/history/20260903T004845Z.json,11922,acba3460832b99fee6cc3ec799ecbac3b8cba00903063a675c534b96feae4019
civora,partener-eu/validation/history/20260903T043500Z.json,12013,7583099594f972302f89d0ff033f382f7ede4071782ecbad37b9151748473f02
civora,partener-eu/validation/history/20260903T045124Z.json,12011,af695a6cae7e74dd436d4363d584b8bf941aa5e33f2ae6f09f257ab7a6462c48
civora,partener-eu/validation/history/20260903T045814Z.json,12014,73b1206ed0b6df84e81167c759e31e228e863f414c580e072d0ad3ee45ac49b6
civora,partener-eu/validation/history/20260903T050119Z.json,12014,3c0ee33ed09587d97b09adb7d514883f92288faa2c96eb64350a826a511d0f61
civora,partener-eu/validation/history/20260903T051347Z.json,12014,12c65ba9490838d4255f9d5161c64a9848a6456605038ef58eb8aaac5bcf90b4
civora,partener-eu/validation/history/20260903T051608Z.json,12014,d42bd2c90d27ec4c00c4f03a54fa85f8fc490d2edb92b5dcb8e2b52683d00869
civora,partener-eu/validation/history/20260903T055758Z.json,12014,9e707218140d3c0fcebb713d2bffeb777523d946abeb4f70ebff77dada9b9b7b
civora,partener-eu/validation/history/20260903T055850Z.json,11977,cf6f7c77bf93612177748f2fd1dcae5d81a7dae91e1652cc237f2b9d3bae30a7
civora,partener-eu/validation/history/20260903T080638Z.json,12013,d24a8f117b77506bc8ad11ae40a76e3b1f885ca2a3bab6903d24846d269115e2
civora,partener-eu/validation/history/20260903T091032Z.json,12011,ccba745dacaa384b0e2d1ba2063273e2f379709ca64f6385c6c49bd69162895d
civora,partener-eu/validation/history/20260903T100555Z.json,12014,052af552b0f61590f1c1440faca1244b171624ef23bcc049fa6a9e5aeaeca3f2
civora,partener-eu/validation/history/20260903T100901Z.json,12014,134a83de4ed19cf8c1176fc06ecb674f1c29e00b3adafc98ab3e4070e87d18e5
civora,partener-eu/validation/history/20260903T101122Z.json,12014,0d5e85ed39ab93671b3e4155ad0bc3cf2de0428cd2b6a1dd49405c9d29982e0e
civora,partener-eu/validation/history/20260903T111627Z.json,12014,d92fa66dabd8ee0e0dafa7b21381b37318be131e39e027994fa4c3feca3712ee
civora,partener-eu/validation/history/20260903T112748Z.json,12014,0ccc4665d25bc9b12bcafe4f908cb38756e2efed4d6338f88e52f899bd729363
civora,partener-eu/validation/history/20260903T112850Z.json,11922,0bf7692dc0bc75fc79a18975484470fd69692274b2f8cde4238add64d54f8322
civora,partener-eu/validation/history/20260903T113003Z.json,11922,9a5a584ab79a354d6ebe82237985d6f19de552498cf251148f1e5a34c28a6409
civora,partener-eu/validation/history/20260903T133718Z.json,12014,05ac84563b1a2dd0134aa3c17b286b0419dcdff1798a18c4a909498b68869acb
civora,partener-eu/validation/history/20260903T144351Z.json,12014,e3c90ede576efd393f93a20f8eb539e0a2e244f2c408337c7e6cb4f1bd165cc8
civora,partener-eu/validation/history/20260903T144616Z.json,12014,2fc984058b8818bf4dcef74996d1656fac5e18665015fb86cb409c81e7fc0268
civora,partener-eu/validation/history/20260903T144851Z.json,11791,f4c5f091d81622b4f4c4516713d9548c03562c26740929fb6af6858711aa4ad2
civora,partener-eu/validation/history/20260903T162717Z.json,12014,aecd8de5ed79a80e98cd93ffa82a480bf0b46685a4a95eee87497498684bf367
civora,partener-eu/validation/history/20260903T163709Z.json,12014,41ea061a7576c28a8bae1c2ebebd84bcfae5bef2c9b596c5ad393ca2897ebe8e
civora,partener-eu/validation/history/20260903T180830Z.json,11922,8466ba78e6805c02a2997264e55abc83225c6830350b0d7a6a86e9014a83410d
civora,partener-eu/validation/history/20260903T181109Z.json,12014,3eeaee4d9499f0daeb14f4c9bdc5dc16bf51587dbd6530eda65dee7b44c511a6
civora,partener-eu/validation/history/20260903T184246Z.json,12014,dfcdc938e7e6f3028b07ca88525fc7b278752ca7e5574f91d3b623157dfa968f
civora,partener-eu/validation/history/20260903T195957Z.json,12014,7e9b3b223980e669cd938009947eaeed037fb72549144fbce6750d994e5d0c9d
civora,partener-eu/validation/history/20260903T200055Z.json,11922,35fd11689c9c6dfe8532bdfc2425dc61422aa875a42061c6f0aed360c7dca853
civora,partener-eu/validation/history/20260903T210339Z.json,12014,56446de24a97a3b485061f1753d4607b070986ed7b5de84f0c356f0e0c7190e3
civora,partener-eu/validation/history/20260903T211121Z.json,12014,736ff273fff850eacaea8f8029c07edbb4195d9a68ef2dd711f68f21cab2999e
civora,partener-eu/validation/history/20260903T212520Z.json,12014,0c8aaa0bf8a99c96c67b7ce3149723b2b5df8aef12565fd024f0095b90546b3c
civora,partener-eu/validation/history/20260903T212739Z.json,12014,c22a02c22f21b7e475056adcd5322515a0843808fbb9b0a01f831b5c773008d7
civora,partener-eu/validation/history/20260903T214929Z.json,11922,ef4dae9a13c792a2e9665705f5db1c99712743b73fe4fd24f66ede15860a0b4f
civora,partener-eu/validation/history/20260903T215108Z.json,12014,94ed664b79484772e0d3f5bb755a4b9a7768d0a155519552e2dde9bb4e9c66cb
civora,partener-eu/validation/history/20260903T215329Z.json,12014,5f35c6496a39810a28a5a8ad37752810453467ba23eea268afd716f5bf609059
civora,partener-eu/validation/history/20260903T215425Z.json,12014,c995bddc552a7e9c21602d0919f5cf3f4ec896e9581d82d7cf49a7467b1bb570
civora,partener-eu/validation/history/20260903T224316Z.json,12014,7542ff4e1c82b96d6c59a484f8bc4db1e8f78adff0e83a0444810e2a0822ade1
civora,partener-eu/validation/history/20260903T231827Z.json,12014,43ac385a2511353a43f81c449b709704c0bde46b425420e9e1fea2b8a1457ae9
civora,partener-eu/validation/history/20260903T233458Z.json,12014,c6c8a0914dfd48ab9184a4a061467d3f28dd9a2ec507b587ff4c28dfff9d1b11
civora,partener-eu/validation/history/20260904T001311Z.json,12014,63b5afea41cdaee4afaf49e7b57132fe255b0850e31795566a69c20797c32f1f
civora,partener-eu/validation/history/20260904T001650Z.json,12014,e0c07630fdb2e764c7082125ad5ab7510cc2c46c54507f25af3f611aee2234d1
civora,partener-eu/validation/history/20260904T001806Z.json,12014,0aabace8cc68f91604a93d04dc4c822e96a8777854658d5d8f4d7e87b7e09fa2
civora,partener-eu/validation/history/20260904T002134Z.json,12014,a47abd7ab619fd53984c5053bdfa588112c95b04039cf0fd76a98edce62996ff
civora,partener-eu/validation/history/20260904T010812Z.json,12014,dfc03e33004fcf9a15549029551a36e190cf4a84d8f64c454292bab5539a854a
civora,partener-eu/validation/history/20260904T012613Z.json,12014,0b91c9f1c4f192e9d309b281b3333c3d9651de15e1948ad30ee30770c240f4e5
civora,partener-eu/validation/history/20260904T043532Z.json,11921,8441245525830547b899c8a55848fbdaa343f573793fcfe6c254557101c563a7
civora,partener-eu/validation/history/20260904T044731Z.json,12011,75c4c0c20216a902d40282a3a78b98b3cece55a80306b80af05eb3cb67d37998
civora,partener-eu/validation/history/20260904T045538Z.json,12014,edc38aa65fe11d77b1fe16f32576a08c78a8b39b2cc6e49f08a927c6810d0a59
civora,partener-eu/validation/history/20260904T045711Z.json,12014,9980f83c0c0c3414fd527b662e633be4ab7b02ea16fac275187a10d78f358314
civora,partener-eu/validation/history/20260904T050346Z.json,12014,06db24a3e13c7de2bf9e40efebf604dd199e00b154a29604e9510be59d88ff0d
civora,partener-eu/validation/history/20260904T060416Z.json,12014,96e3685bfd3903a4b38ef4e6bfe805e40e661403327a8e1ba8171e6088fd1229
civora,partener-eu/validation/history/20260904T063505Z.json,12014,7a111a4f7e491e63f6ae281d3fe727d3b4c2fdff24495cefe8bcbc10f45c0620
civora,partener-eu/validation/history/20260904T080141Z.json,12014,eaaac95f53f80a6e1813a58a022225d16a51e81ab7286a5e138476325d8022bf
civora,partener-eu/validation/history/20260904T095207Z.json,11643,9edd99e75eefc7459866648dcb5bb004ffc29beb9016e1ca3e4704428cd66e74
civora,partener-eu/validation/history/20260904T095318Z.json,11643,33ae17c49cf482e9f26bf86b0cfe9d9ce178e539d115598cfe1004efc735e43f
civora,partener-eu/validation/history/20260904T095640Z.json,11633,c84b55a0aac704eb4eafd6d7e28c8c8439bd6d42d38d691b4e2eab5fce009803
civora,partener-eu/validation/history/20260904T111345Z.json,11633,d2ed4a3ee9fbe2bb0ff45ee4d993d2e1ddf61805fcbb6e2cb76a799c95b5f57d
civora,partener-eu/validation/history/20260904T111946Z.json,11633,3799c1554b94252760e306c181eed5ce3d72cec9bd10a64d5cb8d76456244a9d
civora,partener-eu/validation/history/20260904T113135Z.json,11633,575652f73559a4adb9cc4eb9e6e06b94174fdd53d1aa3c2a20aed07a86739384
civora,partener-eu/validation/history/20260904T113225Z.json,11633,85ac3573424a1de842afaa2cb148ce793f1c51dd8a8115ade33325b81d459468
civora,partener-eu/validation/history/20260904T114323Z.json,11633,dc398a8c8dd08dca9e5a360f41a7eeba84e64afce275040d3766b278ab7bb14d
civora,partener-eu/validation/history/20260904T114749Z.json,11633,3049aaba7e3b04b1b707d3322f7c50c10d3d9ce2174bb69093d366e3c0a3c9f0
civora,partener-eu/validation/history/20260904T133420Z.json,11635,352a0142070b626cfc86012e85a961b5207f4f9e43b34eb691e8ec21241fe887
civora,partener-eu/validation/history/20260904T143016Z.json,11635,8b4c916bbd9c484c1c9241362de63d7c972c75e083a78a57292b6367448a5c68
civora,partener-eu/validation/history/20260904T143152Z.json,11635,11e01a573c2e89dbf10eb02385ea28d0385b20843e47b15af02d2c83492e24d5
civora,partener-eu/validation/history/20260904T143331Z.json,11635,3c9e2f5848bc8334c16a00cc97142fb48b747a3e25c2919b145b5883093bf439
civora,partener-eu/validation/history/20260904T151113Z.json,11635,3c5676173e03ef497ba62a2bcc88da14b6c2480aa9a067cd38dc4a30035206c5
civora,partener-eu/validation/history/20260904T162255Z.json,11635,18b1c7b7d2deb33da81576cae3de00251d2ec1a81e148234a3320de81749ff4f
civora,partener-eu/validation/history/20260904T163146Z.json,11635,42b9cf5e452dc6f88817792ceb75ecb30ef9038828a35dd04ba9c1e166bcaf71
civora,partener-eu/validation/history/20260904T163245Z.json,11635,f1e65b6cca141163c6dbe19fea18640a5ac7bbc5c3184e5c96670e5025c07ad9
civora,partener-eu/validation/history/20260904T174710Z.json,11635,38fce98364d6abeb0a537ce55a2e053e894d1a79b77f002e5c9335b96f93a0b4
civora,partener-eu/validation/history/20260904T182737Z.json,11635,81516d7df3e197ce4d3e616e3aaa673f0ad42c6746e93b40d3e3df1ef6ffe52e
civora,partener-eu/validation/history/20260904T183623Z.json,11635,6143df09c147dde938789c96ead7949c20178783e32109ed467caeecea7465bb
civora,partener-eu/validation/history/20260904T194550Z.json,11635,89b46a6a31170262066f4fcf3286b252b1b07ab423b1c536d49650e906b8b3de
civora,partener-eu/validation/history/20260904T204707Z.json,11599,180b69ae9f0c5f1243b61f2e5c4ced0ac672e256451dd4db0959019241806f13
civora,partener-eu/validation/history/20260904T205422Z.json,11635,bb73adaccc7b86e1486cdb6614daff03e833bfdb53947bb50d9d1fc81e49957b
civora,partener-eu/validation/history/20260904T205813Z.json,11619,248b0b6231c4e4fa56f249e5c4660f262192bb4e3375c2d817ee2a99cbe28806
civora,partener-eu/validation/history/20260904T210205Z.json,11635,3ab7ffd9fe6950cb1ccafac1a682091d93dcedd652f319d86b6166b0464c92b7
civora,partener-eu/validation/history/20260904T210555Z.json,11619,0e913db91d99f87e7ceba293cb258222373a05fb87186ed48510d281443279ce
civora,partener-eu/validation/history/20260904T222845Z.json,11488,ff3ff3d3aa0eae59ba6599db837a16f481735c996f36950da49d8dd54c9f3122
civora,partener-eu/validation/history/20260904T230357Z.json,11635,588d9d183007e476a267390a6d420f85abff6ca1f0f69dfd9980687ab0582eca
civora,partener-eu/validation/history/20260904T231115Z.json,11635,303e4b0a539f14bce30e46a2c2632a4c93afbe878dca00ecd5812ffc40e0aa89
civora,partener-eu/validation/history/20260904T231208Z.json,11635,6a440cc2e7edac8469f897074df5c2e19e2dc9f350216c92641158fcb47c4e65
civora,partener-eu/validation/history/20260904T231626Z.json,11635,f810105b06b48f32239c8ae054a2c6ebdbb694652dd2512ee6e07ad6b58704b8
civora,partener-eu/validation/history/20260904T232540Z.json,11635,c8f506a0ac0592867bd828b303d1e0aab5f202f9bc852d3b881f45a16a3c5df0
civora,partener-eu/validation/history/20260905T001536Z.json,11635,861cc441d8e755e13ccfda9bb608d5cf83f386db1cf8ee9eca2816fa4ae83eb8
civora,partener-eu/validation/history/20260905T010812Z.json,11635,ccf07e6dbded5e84a37ed1f34f185a3f41a3b2bf3450ad165d0b95f79781cfe6
civora,partener-eu/validation/history/20260905T011620Z.json,11635,36ae22cf1f8203683da730fb8be867d20983c3cd223f9ab04c6eef2e3eca49bb
civora,partener-eu/validation/history/20260905T011750Z.json,11635,37fcaa0335de0403bed51772dcc7fbb3e228f458f5095eb37846d379a670eb4e
civora,partener-eu/validation/history/20260905T012254Z.json,11635,f93703d0e3813fd430f4d73098a40491ec8cf50125650ceffa266c27128d7467
civora,partener-eu/validation/history/20260905T012922Z.json,11635,aef2456ab77c9ebc3189683926cd9a210232527f53ee61699f56cd6e4af249b8
civora,partener-eu/validation/history/20260905T043111Z.json,11618,2150c8728277eba48a4c538c2a5c541d54c779750d80e24e5de36c5a62df64a6
civora,partener-eu/validation/history/20260905T044517Z.json,11632,236194f47b69acbe68fcdd8492c3afffead4d814f59efa4d5c0c79d5ef9ea8be
civora,partener-eu/validation/history/20260905T055506Z.json,11635,04df8b7f1eda9461b241d348d906e405a5974fd3554839500142bbc3f7e79e29
civora,partener-eu/validation/history/20260905T060632Z.json,11635,b3cb3dcff443b59fb8e5c5aae07880b4fe0f002da6827220ed1ae8d071f3efb2
civora,partener-eu/validation/history/20260905T060807Z.json,11635,064d2aa2d2faa9770f78390e3c14b978be98140286422f64dc100fbe5425b9e6
civora,partener-eu/validation/history/20260905T061849Z.json,11635,d4db6c81634ea33897d55ef8a498d6a253658a6c7befdc99ac54c1d8d357c7c1
civora,partener-eu/validation/history/20260905T062159Z.json,11635,f870a99e1fa8454aaee7ce784d18af4815a1de555b71ed4d1b43f99b6ed22681
civora,partener-eu/validation/history/20260905T074257Z.json,11635,e0354b14a84885f6e12dc68949962e637ac86b473b54c614bb3f6424fe8e2429
civora,partener-eu/validation/history/20260905T103716Z.json,11635,24566489f454062e5b8d8afd999578d193fa1d4dec486b2a8957aaab845fe992
civora,partener-eu/validation/history/20260905T105112Z.json,11635,4d993182bf3dca07b2535ca890aa1f5f90123964061c9affe97d33e7a2cc55d5
civora,partener-eu/validation/history/20260905T105254Z.json,11635,c9305d84a9e7f1f2d733575a8885fdbc3824e80fd96de0782e4c88290e858568
civora,partener-eu/validation/history/20260905T105815Z.json,11635,291749ac7f025359d5ea95336129c127f5264de539262576835bace65f11f705
civora,partener-eu/validation/history/20260905T124609Z.json,11635,59fbad3fcc85f9be8aa6bf54bdba60c5bec63219e47eae20caa5dbd89f08dede
civora,partener-eu/validation/history/20260905T135820Z.json,11635,59623594e89ccd1b7ec7b43ca11bb17d262cf2607e53824ed6d17e46a31750d3
civora,partener-eu/validation/history/20260905T140236Z.json,11635,ed0683cd63b7df0fe91d0fdad66879a990588b0dfc1b99e02bee96f214c95f5f
civora,partener-eu/validation/history/20260905T151546Z.json,11635,036c74ee22eccc68393362035dcd3b8da0884e0af8e0b38128c32d13cd9cb05d
civora,partener-eu/validation/history/20260905T152337Z.json,11635,6dbae63bec6be4184fbe8238659110f6b2177f43292a2a2b4ddd73c2af0e128d
civora,partener-eu/validation/history/20260905T165807Z.json,11635,09d9791a15f1a83079c6776e9e01d5cdfbf20cbd67e7f8cad296b8be02c95242
civora,partener-eu/validation/history/20260905T165910Z.json,11635,a0e98a2968a6ea308254185d9f4f5b9490a7971ea5d4e6fc3ff3e1692dada468
civora,partener-eu/validation/history/20260905T172229Z.json,11635,f8ce32ecf5c2dbfa3e9f4833465b1a1c4ea705e676be34255c1d6954391e72de
civora,partener-eu/validation/history/20260905T182755Z.json,11635,580d4275f9a4c6a087fcc24b1c72f762cddba3bda5949fb292a728aef95bf15b
civora,partener-eu/validation/history/20260905T191041Z.json,11635,d8e36143b6b80ab690b3ae5d84ae56419fe1080d81fe2d980e65271181d5bbb8
civora,partener-eu/validation/history/20260905T191629Z.json,11619,83bb28117ddd730404493b4bed34141ee578953caaaac97516d5e0f8f0ba27f9
civora,partener-eu/validation/history/20260905T191802Z.json,11635,5eaacbb3bbbf00523224e955aea8e093f55e99af11134a8ae2a7207e941cacdc
civora,partener-eu/validation/history/20260905T192719Z.json,11635,5f822999cc8d20b43cbefe9073f99e81c57c1357ca45804deeaac8d6b0926b8d
civora,partener-eu/validation/history/20260905T193624Z.json,11635,17604c99185c7a23c50774ea446aeef7cb2c30804fbe294b4a9ff6b626e676a8
civora,partener-eu/validation/history/20260905T202222Z.json,11635,211780e8f9cea4fea2c0ceb5f9e2a0f4bddecd37088606f921893ab8319a1c6e
civora,partener-eu/validation/history/20260905T212430Z.json,11635,de03744f71df74af0c05725d4815d8792530b6770a01661c9210aa6e7ab215ac
civora,partener-eu/validation/history/20260905T213044Z.json,11635,8e3f1c566562b14278fc8fa170002c7a6447c222e3f9e219e1bece58bc8df7ed
civora,partener-eu/validation/history/20260905T213228Z.json,11635,22d86f3e3b6d36787cbdd69487d719472d266164d46356693e17b9f4f792fdfe
civora,partener-eu/validation/history/20260905T214002Z.json,11635,a98ba088d3575f4d607e1898e5ccf67d65f51a0dbc693fdcf885f898c5b935e8
civora,partener-eu/validation/history/20260905T214545Z.json,11635,7cc71c0d2f95025e3f6b7387bca6f241a04d809a858efbf1880e4bb2055db8bd
civora,partener-eu/validation/history/20260905T220855Z.json,11635,d4cabec6658c7405063de05f95c523fc2cf72d29cdd68d0e0e4f63eb136c62e3
civora,partener-eu/validation/history/20260905T225644Z.json,11635,d203deccf847639354e0074322b96629b799bfef8f55c1cefc8a84f335677870
civora,partener-eu/validation/history/20260905T231258Z.json,11635,d2c1f04a3951330a76e4c8217faccd5d8cc5af0c1eba53ee9e70728725906138
civora,partener-eu/validation/history/20260905T231429Z.json,11635,582b1b97223cc2b06704aa141d6e35da42d2c9c4f157619db7c50157e4316c4b
civora,partener-eu/validation/history/20260905T232525Z.json,11635,c1b67340e8134acd80829aa8c7f86d347f7ba74cb328e4c7ff00fceee4c7fcb3
civora,partener-eu/validation/history/20260906T000254Z.json,11635,42cfdf31ab21d9cfab3146e0e9f5c16e3dda40d8b53ff328308a425e8c5b3f4e
civora,partener-eu/validation/history/20260906T000345Z.json,11635,f663e727101869b4b5d072bf7a4db3bd4ee4c22600a55d37b679809113178177
civora,partener-eu/validation/history/20260906T001320Z.json,11619,4c700f3d0e63716743a3fc637d71a7837d62ea4b93874c21c97e1a809e784bfc
civora,partener-eu/validation/history/20260906T011346Z.json,11635,7595e128722e1eab0fa3554bbb588db8b9cc5072177a572d0643d72be691a8cc
civora,partener-eu/validation/history/20260906T011514Z.json,11635,72518728259539476577083edf828b337062bbe0f996ed57953221a6737c0318
civora,partener-eu/validation/history/20260906T012248Z.json,11488,f434d0ce5484ce5539d93e45c17ecf1e8e703fd7419a1d4136740bfe33b8ed4e
civora,partener-eu/validation/history/20260906T044047Z.json,11635,66670af275a3178cddda4ea5715d56653bb8da9d08f1e9fa1b69ec28d8d9234b
civora,partener-eu/validation/history/20260906T045429Z.json,11635,5bbf1faa4cb3659ff1a7c398c232ab774092745bc2924dce1b6c00e896cd15a2
civora,partener-eu/validation/history/20260906T050331Z.json,11635,88a2601bd3a9bef38cd3cdbe911da03b9518c846c20b47d886967201dee7a885
civora,partener-eu/validation/history/20260906T061920Z.json,11635,5fb8aef0c46377d559da6c1b6dd4edbf16f0f846b4a67c00fa6d4c4cdd2215ad
civora,partener-eu/validation/history/20260906T062055Z.json,11635,e2b037ce6093434eb1e604ced95546950e8be126b9af64cc70f2c99115044664
civora,partener-eu/validation/history/20260906T063335Z.json,11635,007afc19adb582f3d07dd6810e7005715f4a1182483a1e7730eb03bf1f10ff65
civora,partener-eu/validation/history/20260906T075709Z.json,11635,90b948be6cb2b320957a0718173cbe2966c74fc7a48116313fa3d9c07cc0e17e
civora,partener-eu/validation/history/20260906T093502Z.json,11635,4e047572aec0c158df0b404d80c4befaa7c11f83a19e3477dbeb3d0d8a6019c5
civora,partener-eu/validation/history/20260906T105847Z.json,11504,322e2bc389e833a9c4551984cc2abf5d70574aa19091039f63d5b4bd1ba07c5b
civora,partener-eu/validation/history/20260906T110920Z.json,11635,b5cf17d413bfa07396f7690b64c320c4248f1acfceff44767b097a81e9c795f2
civora,partener-eu/validation/history/20260906T111442Z.json,11635,d98a8bb07c7968ab2b6f9909c70d8e191052ec43612247bde9dea1c3d408004e
civora,partener-eu/validation/history/20260906T111622Z.json,11635,5220b11359038b855a9ac772c4299f25ecbb4bfd237f1a8be495ad54e49a273f
civora,partener-eu/validation/history/20260906T112429Z.json,11635,d8435ac2d82d9b566b0181332013c2f40615ceff629bc44a3ef4a59cbdb7b0c3
civora,partener-eu/validation/history/20260906T125420Z.json,11619,1655fb20f21f319d4c1cff1e3bf128fb900ef6cb8c9d187a6f7d46965b4fedda
civora,partener-eu/validation/history/20260906T142106Z.json,11635,0cd2b0dff7b11ec9cf5aff51987adb0fae9654b46eaaae5edd21cbffbc44bc5b
civora,partener-eu/validation/history/20260906T142243Z.json,11635,dbc226d66608c1d770296281a958fd22ccb67ce2579dd6011d80558f369d71ed
civora,partener-eu/validation/history/20260906T142733Z.json,11635,99e13be664ca0192daca087302542c227360172b07f2846042f58ae9c8515793
civora,partener-eu/validation/history/20260906T152931Z.json,11504,f782fdacf513c7abeda70b0e904fecd3e5e2bc46eaf4bc4e819b72b09440521a
civora,partener-eu/validation/history/20260906T153632Z.json,11637,8fd15e51c8247a936f8ec66709d2e263aedb42047d7a59c03dc127bfa8e0ccfe
civora,partener-eu/validation/history/20260906T171247Z.json,11637,eb9dc03e24bb7aed44858040a4eca817f76073a7b5ef3974396299032c652479
civora,partener-eu/validation/history/20260906T171559Z.json,11637,3b141ea98bc9a267274d098ecf8cd0484e637314300586f8a42cc48c5728d1aa
civora,partener-eu/validation/history/20260906T171701Z.json,11637,680fb6a8829aad814334a416b051fafa0cabbec7fbb74379dbeecc1c104f595c
civora,partener-eu/validation/history/20260906T172103Z.json,11621,35284c84e2a8763c1ece033ec8c4094ddf690c7da21d3bbfe1adc72f83dce6ce
civora,partener-eu/validation/history/20260906T172341Z.json,11637,eb8833748efca210a48eb2235cdc25c132242028a4a9bfbe5aeaa356cf3ebe90
civora,partener-eu/validation/history/20260906T173702Z.json,11621,96f2e452bdaded94974e0f7eeaad0ffeedeb9fd42bd289dcdf99d49c49b48146
civora,partener-eu/validation/history/20260906T182720Z.json,11621,3169a2830c922781dad4e04456dc17268a847e795cdde217dd29d1cc1ff087c5
civora,partener-eu/validation/history/20260906T192045Z.json,11637,33590659bd05f3691a4b717df2cc3437ae319aaf50c20a0d62767a6334015208
civora,partener-eu/validation/history/20260906T192537Z.json,11637,e57667082fbc298021736f82c6a42fbdd67a39fa7f6e6ebbad4a66577a887d41
civora,partener-eu/validation/history/20260906T192656Z.json,11637,076cb832633e6b6569bf47f29e0de41204fe14321ba0f3c8860768e90ca10ad6
civora,partener-eu/validation/history/20260906T192957Z.json,11637,268e3f94b68c3c84c01236261752edb3cf8583421708041b6e10f5d165e13a51
civora,partener-eu/validation/history/20260906T193700Z.json,11637,e32c8d25ad06ff67c53d189c31fde9f62f679b81fc1c02c53c1c875f677dba8c
civora,partener-eu/validation/history/20260906T202552Z.json,11621,a000b393eb193919b93cc9ef35c0f7792f9102cbd6b4d1c1eaf7476b5b8041d7
civora,partener-eu/validation/history/20260906T213308Z.json,11621,540d9ca497c777f225c455bd3e7cde4ba1a60a4730657ea24fad301be9ff5794
civora,partener-eu/validation/history/20260906T213439Z.json,11637,49096d249bc14c13e9f8109747588b4d4078536b600e0d76c291f0788b48c375
civora,partener-eu/validation/history/20260906T213551Z.json,11637,7408c5d8b05bba67a32503c1db2210deba790e358e4b658c7219008348947eee
civora,partener-eu/validation/history/20260906T214147Z.json,11621,145777e3c0df5420b1989ca3f24b829a80d2cd39b139a1bf2acd4ac2e263ce14
civora,partener-eu/validation/history/20260906T214733Z.json,11637,d141bd61973dc73f205dbac75dd2750a092b927f4e62b9551a968e5cd424acda
civora,partener-eu/validation/history/20260906T221308Z.json,11621,989d7a0a81c46e88a4c57adceb5e67f75edb02c2da57cacc0cd3a3a9e4e6422a
civora,partener-eu/validation/history/20260906T225456Z.json,11637,d49ba6060a50863c838016e3aef9a4fef4980346e5269811964d23fe1ee7c4ee
civora,partener-eu/validation/history/20260906T231600Z.json,11637,024209f239493ef1b798cbba8ff5c901860fa75eeb0f5b19d1f7a6d720c240cd
civora,partener-eu/validation/history/20260907T000508Z.json,11637,e26453ea2f88ef5ec1ab63b983652df7d627d610def583ed114a7e0b0e5d1b77
civora,partener-eu/validation/history/20260907T000723Z.json,11637,d08e7578a04507bf432991b6384e60af8e46648b39797b1052a994aa50ad27ed
civora,partener-eu/validation/history/20260907T001216Z.json,11637,b83ade78400a9a75242b2c4d74ff8f77864fd7df0f6dea6c3e43fcd0686ff008
civora,partener-eu/validation/history/20260907T001355Z.json,11637,be934cc38564502c796790ef00d3653c53268f6c6365b5ccea393b9baa95c3a2
civora,partener-eu/validation/history/20260907T002019Z.json,11637,29f18e7cae232214bd1b492660677d71d4fd7c67f802d49bfc345ae988ccffe9
civora,partener-eu/validation/history/20260907T012121Z.json,11637,58cd153f8a985deb53d47a802e344bb742f2aee3cb362464c9c84f031a93b9bc
civora,partener-eu/validation/history/20260907T044353Z.json,11637,2a2c9313cf3bf11b5f89caf3e8866b6ec9f36ada4f3fffef7a88ec28652608f7
civora,partener-eu/validation/history/20260907T045645Z.json,11637,5ab51766c58672d44aabadc0067f873e2d094c0951ed838415ed957a27010afd
civora,partener-eu/validation/history/20260907T045834Z.json,11637,f31e996853ff1a57274b9833905c78c08b2892ea76da640b952428a91ef8670f
civora,partener-eu/validation/history/20260907T050406Z.json,11637,cec1172199f820c3dbfd47ecffc704f01b5ae0b68ba552443125b3a27d21b3fa
civora,partener-eu/validation/history/20260907T050523Z.json,11637,0cf22c41736192c97357dfc3afd5632682d2c5f69db3c4411d3065a915c815db
civora,partener-eu/validation/history/20260907T051134Z.json,11637,739e49ed9a235b42059b62c37870a841d8ff249b73880173b24cc01318e948a7
civora,partener-eu/validation/history/20260907T064031Z.json,11637,1100e1e5069a6f353561ca548f7f0bb7b93a9e5bb458a619931b150e6699805b
civora,partener-eu/validation/history/20260907T082310Z.json,11637,e2887e8b367492b3662b7a275a98b00a9772ba7f55be40236343d35b892dd70b
civora,partener-eu/validation/history/20260907T103455Z.json,11637,ba8d6ed54fb0d33e32f9d32661e9005df365fba0ef3a445a34bf24ed87ade07c
civora,partener-eu/validation/history/20260907T104135Z.json,11637,7a5d6700ac788e2cc6f0ce78f0e46241c9d6525c0c171fac320b878c88f059bf
civora,partener-eu/validation/history/20260907T104654Z.json,11637,1b3486b74e397b5f82af1c33f0b4c7ef4176d027938538407f3135d77240ddba
civora,partener-eu/validation/history/20260907T105110Z.json,11637,4348faefff9d9bef4ef22094b5bf952aa219f5cf496cc89e62da12174608367e
civora,partener-eu/validation/history/20260907T123443Z.json,11637,863282b6d470b51f191a6d982bf7e208a622d165f9a4592a759605426db990c5
civora,partener-eu/validation/history/20260907T124952Z.json,11637,80eccf0673d7850a25dd9233a24c02b447b5a9e0167de8a28a0a6a1d1d014696
civora,partener-eu/validation/history/20260907T130611Z.json,11637,9f91d0c166f1ac8a9ccd2ce54ac626e0bb4b6d5a64b9bf7526f6e11ec8546498
civora,partener-eu/validation/history/20260907T150509Z.json,11637,32b87ca9c97064f245a81d9f9599ce5d3321c43ff5d6ae94b60f8ed156211706
civora,partener-eu/validation/history/20260907T163555Z.json,11637,8380eb37a3ba730e56f06ba60014370ed223138e7fe19c93f2198bb6aee7ef57
civora,partener-eu/validation/history/20260907T163701Z.json,11621,115cf8335d79c7629cf29ac84ee742224d8562f6a90d707e62be3527cef043e5
civora,partener-eu/validation/history/20260907T164026Z.json,11637,a47e852712f888d437ea000e6c06fe1a0d938be0feb9aaf4957928b6c4e51b9a
civora,partener-eu/validation/history/20260907T182706Z.json,11637,7b373d0ede156b876d9cb147a05a76dec97ff1d0a695ac89ee9ea35a55cf28c2
civora,partener-eu/validation/history/20260907T184904Z.json,11637,15961fa81618181dcfb916fa8655a1027f7c2eb407c37fefbd525d79146c103a
civora,partener-eu/validation/history/20260907T191210Z.json,11621,269bf76c04639435ac6d440e4e1156c362debf691ea5fc0a2d5183c632e8a513
civora,partener-eu/validation/history/20260907T204246Z.json,11637,020b4447fd8f5a4df5fef7e929ccf459ca4be991ce9b85691e8b7e70d38db1ce
civora,partener-eu/validation/history/20260907T204817Z.json,11637,21478549c46050ad45038843b0d626767619c566c0a360b8c6fa9dae48647cf4
civora,partener-eu/validation/history/20260907T213213Z.json,11637,07fb266f34ad4e4b0af986248a2a3d60edd0d64997ca7092634aa346206e059a
civora,partener-eu/validation/history/20260907T214949Z.json,11621,ce0b35597ed9e31a1f3bb953f6354294eb91c1e3e0d30b31952607688ec210dc
civora,partener-eu/validation/history/20260907T225542Z.json,11637,c4c2801e21d556e0c7819f27130ecc9c0cd9c4451e80d9c9bb229507ddf3598b
civora,partener-eu/validation/history/20260907T233205Z.json,11637,375042fa128fd770b0620d7374b901df4cd35f83d6a78e5ce646289f08acdc4e
civora,partener-eu/validation/history/20260907T233843Z.json,11637,a56f8c0d8079dd1e66992eb4871116b8eec4ebc2fc7752974afc5292e4f6de54
civora,partener-eu/validation/history/20260907T234032Z.json,11621,3305c91d62c052587cddd02c8fc89ca5f74306d07b1f53020555c197119594d5
civora,partener-eu/validation/history/20260907T234202Z.json,11621,b37d445f4e785b2650c6e95afd45d3650325a0b16a70f6f9df8656878a4ddd1c
civora,partener-eu/validation/history/20260907T234552Z.json,11637,95c78b28eebf82a04393b3d0cad847c21bc317325c0a4f7b448423aa34af881f
civora,partener-eu/validation/history/20260907T234948Z.json,11637,69b393a2b9cb18e81575a8ca4dd0693f5d3189d21a167a75b7e22fca94774140
civora,partener-eu/validation/history/20260908T012919Z.json,11637,51afdbf405b2fb141196666309dec4703169ebb4f2fc80b8139cbf0e4120bbc9
civora,partener-eu/validation/history/20260908T043819Z.json,11636,987d51d3ff34e27fb554f5256c4ab450614e80243bcea362db1c65c555012c0e
civora,partener-eu/validation/history/20260908T045246Z.json,11634,da429b77a0b52b931a75ed50793e6ab90b7f03cf87253021875f390e230b87fc
civora,partener-eu/validation/history/20260908T045422Z.json,11637,b9f55fe878691862c1dfb16d75f358a74877b42e4f20d28f67cda42c3d29f101
civora,partener-eu/validation/history/20260908T050111Z.json,11621,1478fb433e48c7c0eb6995fa24361d90b4a7311c1323497c9388223db64e5067
civora,partener-eu/validation/history/20260908T050230Z.json,11637,a608daa015ec11e66a1a62fbcd6e06dcab0158ec337efc2a49fb693a43e706ff
civora,partener-eu/validation/history/20260908T051037Z.json,11637,1fb573aa1503fd98dde3cc687daf4fa5ad0c3524979b0948dabfc1a4b01387b8
civora,partener-eu/validation/history/20260908T063520Z.json,11637,d8fc07e87338bf6b9810411a289fbee58153eb97ad253a281fd406727356cb0e
civora,partener-eu/validation/history/20260908T080826Z.json,11637,2bb90b7143453d3a263884518ff5c786be8b4c83457954f8acdd077795ab7ed5
civora,partener-eu/validation/history/20260908T095320Z.json,11637,86406433f5c413dbe1d160b5ae42ae0873439a18330e585249c5f9638ce6d07b
civora,partener-eu/validation/history/20260908T095740Z.json,11637,4bd8b00d9cb5d649e9d49615d6b593dcdf9d2ad24c223b97f4ce23bcddfc5430
civora,partener-eu/validation/history/20260908T095919Z.json,11637,a1cddb83620ee4f75d1fc4dc05b3ff671fee30c7e3f30819b2a2ff4f8035b384
civora,partener-eu/validation/history/20260908T100508Z.json,11637,c423db74fd69f1245b869671ba102592b55a07a34729dfa28cfa35b895665a40
civora,partener-eu/validation/history/20260908T112059Z.json,11621,d3d287d4fc80bc68ccb938db201192bfaa8e3c608bc82f86fce06aa9171a930d
civora,partener-eu/validation/history/20260908T113235Z.json,11637,76c32d342ebe26774db5421b14d034f0e71a1e44fb6557ae7a6fdd5ff61fb8e4
civora,partener-eu/validation/history/20260908T114805Z.json,11637,09afac1ab60fddb9108027093d6a2f21870506ec0f707df07611a827d11baa5d
civora,partener-eu/validation/history/20260908T134017Z.json,11637,8626b786c37f65a6f90d049589787fec8c76e53fb40d73cccc5b7e628a130794
civora,partener-eu/validation/history/20260908T144213Z.json,11637,60856bc4713dd166ca661c4394728b1e095222f441f2445f4d2ad34895649b2c
civora,partener-eu/validation/history/20260908T144715Z.json,11637,2e57bddf24226919ae44bf7c663df07443d5ddff56226327906f00bdd13caaad
civora,partener-eu/validation/history/20260908T152412Z.json,11637,dced1f2a9d6bd8469f8b585b94186b63e06c4d0ede5afaf3525355bfa67d1bb6
civora,partener-eu/validation/history/20260908T164027Z.json,11637,57ac78c1be2d40e94eaf52df3b29ffb3d0c437b07b9ff3c40fbb32f9f69eab66
civora,partener-eu/validation/history/20260908T164656Z.json,11637,096a37937207b23066831ccb4d8b3b961cae4bdb173703513171cc2b44dff1f2
civora,partener-eu/validation/history/20260908T184345Z.json,11637,e31f45442aad74d90974332d3ecbd7d1986eb8e47c9f1d71dc7cd5a2e3ee3a8c
civora,partener-eu/validation/history/20260908T185133Z.json,11637,725641015f99d25b90ac051bbbb77f64e3236cb03f9b99f1f1c7a8d216c33672
civora,partener-eu/validation/history/20260908T185829Z.json,11637,8726f28ec716d9caaa526ed475a1ee68a152462e3cf79cb31b3adc0385222fec
civora,partener-eu/validation/history/20260908T185932Z.json,11637,498d073dc1cba7de9d70f5b1144ad1b1b86d15762926a05df7756e10dff41780
civora,partener-eu/validation/history/20260908T190142Z.json,11637,6ec037b174dc19f0fabced1a29d0944e93c10c97320bd97b4cdf0ee7d10b0f2b
civora,partener-eu/validation/history/20260908T211107Z.json,11621,df99767f91d6b5ca4989e0476bd7593236577c520f3eaca5bc2b239b73de2eab
civora,partener-eu/validation/history/20260908T211847Z.json,11637,c237c971d8768839c0c98495dc38ca6365a554879fcf9c21d7d0d949024630b8
civora,partener-eu/validation/history/20260908T215857Z.json,11637,90c35f83d94585cfee74d274f9d1e9af0cbf5dd4b7cab6bc4120cdbf3eb017fb
civora,partener-eu/validation/history/20260908T220157Z.json,11637,407298f2eff66c92bac8abdb69477a2dc60fc858d3df856da5ba500ea25f4144
civora,partener-eu/validation/history/20260908T220427Z.json,11637,c0f0c50a79342254e78877370ecbf37276bcdf32a08e821ad7363de005ea7ea3
civora,partener-eu/validation/history/20260908T232520Z.json,11637,33cf730f7fa6c415e83156ed61e98fc28d29f892a5ecde7187c67fe921dbfbf8
civora,partener-eu/validation/history/20260909T002551Z.json,11637,e1022c9d4ae1c8b7efdd0764b96de7471680580aaae5ff0ec19f1ee7f960f240
civora,partener-eu/validation/history/20260909T003253Z.json,11637,79fa27ea86c751aadb0a455cd0470a539aed3f4ec16abd3dbf1ad72feb49e108
civora,partener-eu/validation/history/20260909T004335Z.json,11637,646dccb2adbe67687eaff11d0afc8d963803e64381cc921759b0967fd056b3b5
civora,partener-eu/validation/history/20260909T044417Z.json,11636,de504b859027d652320f61004d49ca4999f87ce18c3c3484b5628fd475624f26
civora,partener-eu/validation/history/20260909T045910Z.json,11634,6e815f61be7a6c50ac176164e734374ca22a1ce7bfd006622faa74d6a9aadf0b
civora,partener-eu/validation/history/20260909T050022Z.json,11637,fc13e07c134c1800f7cbac5f083c8d4e4c309606fc585d1d458aa147be4907be
civora,partener-eu/validation/history/20260909T050953Z.json,11637,6ea5bef3a9838a70b3ae8160a43bc8d1c24c8b0fd60b2445e57118e83752af9d
civora,partener-eu/validation/history/20260909T052322Z.json,11637,20f1dedbacd86d5175a407032b6250885529dc64105d25c4ae27d5c89b91453a
civora,partener-eu/validation/history/20260909T060016Z.json,11621,6685c16286c412e42dc20b821a59ade3c32b2c5d3bd6db2dae8b8c997f145331
civora,partener-eu/validation/history/20260909T060853Z.json,11637,706b709bce998c5510d3017b81a20ea90a2795d1c598776f24442987bda84edd
civora,partener-eu/validation/history/20260909T081220Z.json,11637,8ec421db48b575c1288981eca0dbc07d30493d39a92f72948f57e8cbeb231c0e
civora,partener-eu/validation/history/20260909T100027Z.json,11637,7711346f347e496eaf5907a1dd63387bf495d980660f98d3482e51926fbbf048
civora,partener-eu/validation/history/20260909T100156Z.json,11621,313d49006590b30496418d68d6da1988c823d7f181a67c07aa468115654c78bc
civora,partener-eu/validation/history/20260909T100614Z.json,11637,2a4015a40466701bf54e1d0aff562c3b0613ba0adda96ada63029d8d1429b573
civora,partener-eu/validation/history/20260909T101036Z.json,11637,11544831b14947d9e4d8a85cc86a08b645977a02766354b252b9bacb6ef97d39
civora,partener-eu/validation/history/20260909T112530Z.json,11637,5d18237c021907ac4c16c6a798522e933f8214cdc65c634a760d45f931a43681
civora,partener-eu/validation/history/20260909T113714Z.json,11637,ac263d3f3698d2a143a1af14363441e5fe33de8b945c2ead03f0c6525b62048c
civora,partener-eu/validation/history/20260909T134541Z.json,11636,a27144f1f7d88978f214c2bf2cc7ef43496eed01f562aeed1f255b4155ffe84f
civora,partener-eu/validation/history/20260909T144504Z.json,11634,e2358943533ebd0728b4e7a980b2c8416238a806e52dc661ce7e17206886f137
civora,partener-eu/validation/history/20260909T144917Z.json,11637,c6aa1f501d243c87c264d67646f6a8a01391c62f909395cf369d81742a1348b0
civora,partener-eu/validation/history/20260909T145105Z.json,11637,d5b2050e36ed9e3a4c01765f59edfba11ed94b9f28e68faddcc38acdcdce5384
civora,partener-eu/validation/history/20260909T163956Z.json,11637,276368a1fa489cab0d966ecb6a181e36be49b9fb6be7b3fabfc9afb1a2980b60
civora,partener-eu/validation/history/20260909T164900Z.json,11637,cb98c0164b2945fb4b44d52f98c73d7a30e995c379c82bc1cc84cf8484a8e54d
civora,partener-eu/validation/history/20260909T165012Z.json,11637,31e3f0fb84f5d1608bb15fc81fa3c609be4fbdba461717fb381af80f000908bc
civora,partener-eu/validation/history/20260909T180352Z.json,11637,4a609a099990c79a942d8aebfa6e955cd704f7f7f029baa60a7c106ded302ee6
civora,partener-eu/validation/history/20260909T183956Z.json,11637,3edf223f7464c80f134cd069b57c10b3f8886223776bc2b4b2a727a27defcd59
civora,partener-eu/validation/history/20260909T184736Z.json,11637,7c2a9798ac1ba7ea8d791b5590fa5c5e2430bf984b25c33f8e1daab7b79a7146
civora,partener-eu/validation/history/20260909T185140Z.json,11637,670252bd033986e078f86069d1b6271e3443ca4d4cbded9ac41d60f51b98650a
civora,partener-eu/validation/history/20260909T195459Z.json,11637,a4ba1f416d04cd83ad943388d0ae9b3126817a9ed6ffe3f706c1667f9bae2982
civora,partener-eu/validation/history/20260909T205731Z.json,11637,4765c6d4a5327709ff0c928a627066f2c672f5bf83a4f51785df958488b3de0e
civora,partener-eu/validation/history/20260909T210333Z.json,11637,ad6f0f7c833e4d9a6bd4436b9641547728bd31c3f0a2cff4dac8a24adb28a894
civora,partener-eu/validation/history/20260909T211725Z.json,11637,ddd8fd317511acd71e05e467317beb7bdca0ff8585a617fb8325a793d9e24b44
civora,partener-eu/validation/history/20260909T215056Z.json,11637,760127a46d48030aa3d7189ddb5a195a83ea3d46f9e9a54379bf431351a8676f
civora,partener-eu/validation/history/20260909T215253Z.json,11637,fc9755f4fc0281147a824171b13b7bd61670b27657971b1127719f989a088039
civora,partener-eu/validation/history/20260909T215727Z.json,11637,bfcd757ab8d592138e06574336935b092ef8990c9ed8d0a2279cce657aaf34d8
civora,partener-eu/validation/history/20260909T224146Z.json,11621,2a5a580bcec48ee2b3a4b0922017f657620ab3f85f5ec6cab4b8905aeae075a7
civora,partener-eu/validation/history/20260909T231815Z.json,11637,499afb8db1b4c3872dd38f2be2bd013ff3e22c9acfed1ab04d0280cba899df0f
civora,partener-eu/validation/history/20260909T233337Z.json,11637,f1dd391fcb7381e836628f52ec7ac0831f7792df54694d8779303e5ea2d0b3d5
civora,partener-eu/validation/history/20260910T002218Z.json,11637,d28c496803e8add58e6fd0a5e05cb757f44a446d9ea3b68a2bd825fb1b3a1d4e
civora,partener-eu/validation/history/20260910T002715Z.json,11637,797fef206beb5d433d0443dfa99cad72f81dd4062d8cc29cf162ca1f09b398ab
civora,partener-eu/validation/history/20260910T002900Z.json,11637,24c30f1874a411e94867bac3dfe1f882e4514efbae5ef890c0f50cd1815f6cf6
civora,partener-eu/validation/history/20260910T003411Z.json,11637,928b689deec69142934ab92d4009f0a030c7e999b57df15f5bf035a172667f3e
civora,partener-eu/validation/history/20260910T011420Z.json,11637,a3cca76a7569c74b3001f31a3d845e1031cf71063fcf6e902509da658674bbdd
civora,partener-eu/validation/history/20260910T013202Z.json,11637,aa6aed276f35c032ac45acc18cfe4b0deb6021015d127b7e61ac701fd8385631
civora,partener-eu/validation/history/20260910T044445Z.json,11636,c19ba25bd8ec538a71e76c06c31eb157a47eef9e4b1a53813bef6125659317fd
civora,partener-eu/validation/history/20260910T045825Z.json,11634,f6b4be4cfc833591d5a92fdd580db67c9ecc5b6a90e0d5ddf94e84d9ebf38be7
civora,partener-eu/validation/history/20260910T050354Z.json,11637,0d767572ec289038cc6f2a1835c311bfe9bb3be323f97aed64aa2540b904f52f
civora,partener-eu/validation/history/20260910T050532Z.json,11637,89a2322a21900ece5b617645de9c24c18dbd480c9edf1aa8fccfcce9b026edc3
civora,partener-eu/validation/history/20260910T051154Z.json,11637,2d31fc6900f855b236c0c45a2c9476ffc922a954210851ae5d055fd1acfa7f7f
civora,partener-eu/validation/history/20260910T060855Z.json,11614,176282b7700c554226e3ad4193f870caccfa96c41dcb50f1b73122c128731a98
civora,partener-eu/validation/history/20260910T064154Z.json,11612,3d09e1f24fe1e614987780c7f911aa62d9891751cacdb202abcec6fd0d88c95d
civora,partener-eu/validation/history/20260910T081204Z.json,11578,a5a0d8e1cdd6867b849c5f9556a80cb22177f42c3d5c92c243f7eb8feedc870f
civora,partener-eu/validation/history/20260910T095845Z.json,11615,cf0397942ba9d850bae858dcfb3159991ff4b355250dca11b36265e61aefd6fb
civora,partener-eu/validation/history/20260910T100019Z.json,11615,753d42aac6e8012c356f6f62c2f659ef136b0f64ddaae180a4fde2df21a8fcef
civora,partener-eu/validation/history/20260910T100305Z.json,11615,380fda888f55e00f0562a0c0e037705ed608f87ecf4e09d223214a3bfe2fbb0e
civora,partener-eu/validation/history/20260910T112151Z.json,11615,028825eaaeb4bc1968b868ab177eedcb118f8392894816484d00d898168d8b3c
civora,partener-eu/validation/history/20260910T113515Z.json,11615,d81b4343cbd0c45de0e2614b833bcb77ba0936111d1df89ac6a2068438ba7f11
civora,partener-eu/validation/history/20260910T115347Z.json,11615,c94de852fc2ee9ccaca61ce95d789cc24b415e66714b993fe4c67b6231932129
civora,partener-eu/validation/history/20260910T133901Z.json,11615,54aeb2e64778b8a4c8e1c07c4a39425f692a3e101e67a10be041dac5e9c9b8d3
civora,partener-eu/validation/history/20260910T143506Z.json,11615,08f3f5b204ae4202648268140dba2c8989812b53c8b256832f7817feb26f1bdd
civora,partener-eu/validation/history/20260910T143923Z.json,11615,ec063c4571a8db3b9fd067071c5b1de19be776f048f9b32e48b2cb12634cc4ca
civora,partener-eu/validation/history/20260910T151610Z.json,11615,3e76695e76c8b6c859e1c69ff109633beac3bd76f6a9d639fadd1d489c7c64d8
civora,partener-eu/validation/history/20260910T162554Z.json,11615,53598dba1ad5daa768dd234392fca29bc7849186c79cdba1289583a4707392dd
civora,partener-eu/validation/history/20260910T163448Z.json,11615,3e9df9e52a6563155c57e4544f84d443263706c411040d8d48ab57d53a1aa566
civora,partener-eu/validation/history/20260910T163648Z.json,11615,978f39384c6ed51abf5898e08f909d8a7df5df26e1542e71ec844153340036ba
civora,partener-eu/validation/history/20260910T175334Z.json,11615,774d71a9e0196c687181e2053fddf013039754ec2acfb47bc9c532565c895897
civora,partener-eu/validation/history/20260910T183113Z.json,11615,1893bbb1699700f8cf915dd66639bf4ab0eef42c712de87bac6f768ebc1f8287
civora,partener-eu/validation/history/20260910T183832Z.json,11615,1c58d8636e3c262e84c25e0f7d9969fac58d33fc8bd7ae31b0c60b314f7daf0f
civora,partener-eu/validation/history/20260910T183959Z.json,11599,27d1046b68fc7d4e38edb2f8ae33dee7750f3443e0f51137ffe529ca83645630
civora,partener-eu/validation/history/20260910T184351Z.json,11615,3a44299ad88d823797ac9c3c489035dbbd432c7dea1c30da756bfaddba0884dc
civora,partener-eu/validation/history/20260910T195148Z.json,11615,beb8d0fd9ca0c330dacce78a1cf603d3d0eb772db630be540658aac87a126310
civora,partener-eu/validation/history/20260910T205405Z.json,11615,4f3e89fdec39e0b85aba455b2497219e334bd17addbd97f73ba28f01fda478ee
civora,partener-eu/validation/history/20260910T210143Z.json,11615,4078755bfce42b659750a8ae4342f34e0736bd6e161e8e237ba589df25417362
civora,partener-eu/validation/history/20260910T211123Z.json,11615,4214dfe03c3f5849bf9791e3bcb2b323b5b6d1f3426e6b35a438c1e7d9d2cf33
civora,partener-eu/validation/history/20260910T211550Z.json,11615,650fd649cab479544fcc22ba5b6fd0c72b4901ea74086a2b23631e2ad7455854
civora,partener-eu/validation/history/20260910T214615Z.json,11615,5907b0ba48921f570e2aa065a9f59ce6789e07919af86332f6741e886db1a75f
civora,partener-eu/validation/history/20260910T214800Z.json,11615,77a091241c2af84e52c0ce9663dc65c5a1d59f1b14f59905facc775d827dce38
civora,partener-eu/validation/history/20260910T224422Z.json,11615,bfeaef41f6ea933f0c1b5e016df9ee834c900e9c4070db015e9dc70610b93f57
civora,partener-eu/validation/history/20260910T231250Z.json,11615,d39904bce607b2a208f906e21d871d7ccb827bcc07c8c9d3507b520d020fb5fc
civora,partener-eu/validation/history/20260910T232416Z.json,11615,bc3b1ce2831999f93bcd3ba3335846f0ffaaff9683eb0c2dd7cfb1968144cca9
civora,partener-eu/validation/history/20260910T232734Z.json,11615,b73b6d842b898cb4f51cb00c568462aed44fa8b4751427a40241d0bba7ea6d66
civora,partener-eu/validation/history/20260911T001742Z.json,11615,3606168ca72f4b992445d802b80cd891563f8160b78c5c576e9e74755e103ffb
civora,partener-eu/validation/history/20260911T002309Z.json,11615,1f8b190ae1ed6e17804022e6aad375c33f84cddfc6db7a4724e095abbdc09552
civora,partener-eu/validation/history/20260911T002420Z.json,11599,b2ec3ffa314cf159481cf64029862ef38c16fc054b0f4399374060498db63bc1
civora,partener-eu/validation/history/20260911T011533Z.json,11615,ce2f3206b2afbe8428fc0d0f7a6466f3cf121280403e633307f0e87bb2aec007
civora,partener-eu/validation/history/20260911T012647Z.json,11615,5962a6793ee9ebf8faf7f26b62f612116cc1c42009b5ce51889d4fcd2a6e7f5d
civora,partener-eu/validation/history/20260911T013204Z.json,11615,432edaa0e6c43be6436dad98c22e1f2ebe68c417aa42c85c6b26078fad2f45c8
civora,partener-eu/validation/history/20260911T044244Z.json,11614,c594cdab203439cbb35932e9d73a24a06f4a934607e41df638188f12a1cf2231
civora,partener-eu/validation/history/20260911T045427Z.json,11612,5aa6a361af7d42ef5b1a07095f477a1919a1cfff19cde23dc7a1e8107d8ed670
civora,partener-eu/validation/history/20260911T050018Z.json,11615,75d843faa87ef5e6962e09af72934e7da03827ece6d959ff03f4a981a9aaa2c5
civora,partener-eu/validation/history/20260911T050139Z.json,11615,dd93fe02949577489258b71ac36db7ff74a4e3ac7bfbea9ca43dae35fb507bbd
civora,partener-eu/validation/history/20260911T061038Z.json,11615,4f8038ed7cd7ba9815ec6c7a31e662224c3e9dece3a45a8f008fd1c9b6315304
civora,partener-eu/validation/history/20260911T063830Z.json,11615,b716648e244814b077fd0d1949545b95f522dd367b4b72b3cc54bba8fdfd94c9
civora,partener-eu/validation/history/20260911T064059Z.json,11599,de3cb4d8d45fe7bc934c24c3f2d4d323fec1874ad0c4d35620db55118766d7b2
civora,partener-eu/validation/history/20260911T080637Z.json,11615,afd38685c34db5fd0b166fd9e8b2f0ce9b679945bf169561d668076435d64ce0
civora,partener-eu/validation/history/20260911T112311Z.json,11615,5f1bab4045b37fefd9418d837e1c7238b219e52600ac452b88ba2a1f1fecdbc3
civora,partener-eu/validation/history/20260911T113553Z.json,11599,f930673700ad4a35ae4d5c68609520e4fced48981e4e0504d9a4e40e12d5f0e7
civora,partener-eu/validation/history/20260911T113654Z.json,11615,42e66cb74ee6d5db09f95d38c4cc12c28981025e1caef89f61e768ee7f1e4aed
civora,partener-eu/validation/history/20260911T114916Z.json,11615,e2d672464928f147075f8f190eeb24ecf523c2b0fe5e596a135ba2aee71f3522
civora,partener-eu/validation/history/20260911T115205Z.json,11615,c0c8524da13dc227cbc4791af75988721facd85bbf7fc12c3ace8680d3c04b0f
civora,partener-eu/validation/history/20260911T133721Z.json,11615,36a13b6276f4307f00caa8191a722798c1bdf0215694d3c622017c7085f84165
civora,partener-eu/validation/history/20260911T151750Z.json,11615,00676437c90588d862c8f72e89b54363a59d55790f0f99d947d03f05e0ff05cb
civora,partener-eu/validation/history/20260911T163006Z.json,11615,b3be695c35775b59463c7ea4424628bba5ccfda606967c1cc6eb57ac5d9594d2
civora,partener-eu/validation/history/20260911T164004Z.json,11615,5c785bf7f94e5cb2beb68c31ee406f7367f982d5787d838892f24a6843990b62
civora,partener-eu/validation/history/20260911T164104Z.json,11615,e1dd9748036ee6d6754d86dcdd4f99a8638a3aaf5612da811c7fb6dd004af85f
civora,partener-eu/validation/history/20260911T164546Z.json,11615,24cea915418b448ef7524aee4d9a3dc17aaf9fe10f0f100ecb0877a553a0d5ac
civora,partener-eu/validation/history/20260911T183629Z.json,11615,5a1bbb10b7f9ac4464d1c537e461ef1def7d00940e0d118a0d75514544e276b9
civora,partener-eu/validation/history/20260911T184725Z.json,11597,0c49da8675a83cabacfcef003ea72b0f2a01e7c1a0c4b6225d76352873ad0752
civora,partener-eu/validation/history/20260911T195302Z.json,11615,dff1ebd579a4d02e93c83ad86aae64bcd67b7a1128aadf8fa52f498748cb0400
civora,partener-eu/validation/history/20260911T200142Z.json,11613,857e56121c55a38029751b5a890aeb680324a0d759d96d6a5cdf8d589ed68f8b
civora,partener-eu/validation/history/20260911T205916Z.json,11616,047079688472594de1898557663f1c25d09503ec3888791f4af03338884e38bd
civora,partener-eu/validation/history/20260911T210719Z.json,11616,4f61cf2ff865201605f53d57b8c51e5624bce251c9f081aa60d1934527762a81
civora,partener-eu/validation/history/20260911T212314Z.json,11616,3b0cc935e3367faf0f492b7b62c96157a691639e9a7d444896d82600c889c5b3
civora,partener-eu/validation/history/20260911T224424Z.json,11616,57d8608bfcf8798576ac2586236cdf9b3f39b4fcfa674e004c3188c8ad0537f4
civora,partener-eu/validation/history/20260911T224743Z.json,11616,cbc0712937c59f26fcc7d91e048b6853ec9c0b4f6e45642eba20abbb1367afe8
civora,partener-eu/validation/history/20260911T231807Z.json,11616,430583a4523d362dd0ed23eea83bc8d4db8e41de28de041a98f97b4c39152c2c
civora,partener-eu/validation/history/20260911T233528Z.json,11600,e6921792c78fd0b08246fce53c0ab5994bbd0b1654f75186b429d73967757811
civora,partener-eu/validation/history/20260912T002541Z.json,11616,ceae4fc7b038a9589bfe79681f80676a4b42f3f96ef55e7f9f00001f52ebac64
civora,partener-eu/validation/history/20260912T011712Z.json,11600,84a36a20e2c55957ff921527ab3756b1fe1b0246f49002746e0195e45fcb2f13
civora,partener-eu/validation/history/20260912T013130Z.json,11616,733663864550f37cd6e498d95ac9315991118f0567c00b2a02c8c5ac31057957
civora,partener-eu/validation/history/20260912T013739Z.json,11616,a2907ab7757cd300f55ccdf0897bd968ea962f0e5cb0f467d5bd2214cc14f54b
civora,partener-eu/validation/history/20260912T043641Z.json,11615,70ece36551466f0bd50571313699035e793c576ef8dd7283ef91dfed98380391
civora,partener-eu/validation/history/20260912T045233Z.json,11613,6f7fa64950b6e4261e44e0927aaccf27198dd5db99da341df8f84530abe1b476
civora,partener-eu/validation/history/20260912T055942Z.json,11616,a2e05f9e86fc2ad7923dfbe94a4fcb1b72bf89e0457c045d42891b6c0db0ca60
civora,partener-eu/validation/history/20260912T062801Z.json,11616,93ce73987c3c0bebe64b616dbc18034beb347fe7abe9e0ad5a6ff15becde8217
civora,partener-eu/validation/history/20260912T063431Z.json,11616,9c113f8c73545ec64a4da742e0d03d5f1b48bf4e35cc0315511c2d973c2280ca
civora,partener-eu/validation/history/20260912T075815Z.json,11616,c39bd9b6f91cb11f3e424ccb2b0cb7db56ef275dda38853c9c2b1aabef7af76a
civora,partener-eu/validation/history/20260912T104854Z.json,11616,2142c0652051aa6d63847b6db687bd0d6b71a02453a2acb8efe5eb902a9bc8f2
civora,partener-eu/validation/history/20260912T110106Z.json,11616,7f0302ed371dc836540ab3a335ae503ddc0ae21e5d472c5edf1dd1ff131d46c6
civora,partener-eu/validation/history/20260912T111431Z.json,11616,b26ca64cb564a1a8fd1d38fd537aaab50306b2a207727aa0ec4ba57318211f3f
civora,partener-eu/validation/history/20260912T111912Z.json,11616,743a53607700d9e6000b2792645c91421f76fe9433de212031e49b4b24d2c43a
civora,partener-eu/validation/history/20260912T125327Z.json,11616,f163465ab22ff7ae3192d89ccda60be73c58df5a21f149a3a57e2372f11357fd
civora,partener-eu/validation/history/20260912T141742Z.json,11616,65b9c1d0c6e1752112a4f3b125af1c5889a3ae38b0b9b4b8934d96eaf1229851
civora,partener-eu/validation/history/20260912T142252Z.json,11616,a629f162818ca56878e81f0917b0e4566a69e0277c9dae29b4d2839df3a8d934
civora,partener-eu/validation/history/20260912T142622Z.json,11616,263996e40d49818ec501cb8fc6b140b937f4b47c02725ca58e563586d8bf1d72
civora,partener-eu/validation/history/20260912T153324Z.json,11616,28d25a62f1168f4b98f0ebb8d9f40eb456dce69573f7fdb6c4b35115fde3d555
civora,partener-eu/validation/history/20260912T154042Z.json,11616,af72a79b1ae1fb6fda4e795c05fb29176ae98d12b5edadd6fc1dd1173359b1c9
civora,partener-eu/validation/history/20260912T172032Z.json,11616,f73e94605d92b88da5d54d2e6d97a53ceea1c61b5b795c4101197d998c9e1687
civora,partener-eu/validation/history/20260912T172717Z.json,11600,220c6b256ac315b95f571515d94dab84ace92e28e9a720379e5c0c39e7806fe0
civora,partener-eu/validation/history/20260912T172853Z.json,11600,ff1a582adcde6775ef35ee95786f87353bfb55c06995960768f6761cfc822dd6
civora,partener-eu/validation/history/20260912T174520Z.json,11616,7afa28ffaf4e57ca00381f580485a7891aef7bdcdc39ace196e1f96c92c68d8a
civora,partener-eu/validation/history/20260912T183226Z.json,11616,2782b9ced6b0855fbd86d6efa4d0ac6cbe625a959f55f9409c5d73aff15911a7
civora,partener-eu/validation/history/20260912T193304Z.json,11616,8e2c78e33f51befa99a10629872b32146ae3677d5ce9b1247aec337bbc792904
civora,partener-eu/validation/history/20260912T194058Z.json,11485,302a3480806e3f484619efe83de46607f011f69d9405f555aa6f75630a0566bf
civora,partener-eu/validation/history/20260912T203453Z.json,11616,bd68fca37563a405f9f0745b17610e2fb10ca733cd078d27bb87f47ea45eb634
civora,partener-eu/validation/history/20260912T213946Z.json,11616,378ef2f2def1e4e85805679194c19a160b9bfe8534dd63ef122ca2d8a72a3cde
civora,partener-eu/validation/history/20260912T214407Z.json,11616,98bc9ac79698ca92eceabebc5c15f65b67b7325f0c8a8b00f2f13c9ad7cd9238
civora,partener-eu/validation/history/20260912T222647Z.json,11616,ce01873a999de5a67b5bd9d8a71606848c27339b708e826182582799c072ca00
civora,partener-eu/validation/history/20260912T222755Z.json,11616,2d615fead1fdd4a7f4812a83411a73ed69a8f51b0725956f5e69366eecdc0202
civora,partener-eu/validation/history/20260912T230416Z.json,11616,8e9bdd237ed999e658113f04d36def52cdc9e1524ad419543c13edee6dd36c75
civora,partener-eu/validation/history/20260912T232829Z.json,11616,3cd5c368b37f351da9f0953f50c208f47ffb2b5500a386652fecff6390da523c
civora,partener-eu/validation/history/20260913T001513Z.json,11579,2d5373f2bb161627a174287b7eb477ff2c20301d26b6097bc55d57c4a1f02dcb
civora,partener-eu/validation/history/20260913T011118Z.json,11616,97c1249c684a81621596b27be07fa64a678e7479a02fbf76bee2199efd576939
civora,partener-eu/validation/history/20260913T012843Z.json,11616,4ef754f49ee19490114f5d9f45f8a655484422707c2a067195818c37bfbf8c46
civora,partener-eu/validation/history/20260913T044935Z.json,11615,5d82494a024f6232fe7d90004ed13ac324c6ff2cb3bf59f746f8a5014cba51b3
civora,partener-eu/validation/history/20260913T050227Z.json,11613,034c34a8e23ddb68799dd3ba4ac8af8ccc1764d84c929e8684570b69d058e0d6
civora,partener-eu/validation/history/20260913T052046Z.json,11616,c54aa66052b8b55c47e221ca0a1a16c093b994a54a7cb2ef64315f11766ba783
civora,partener-eu/validation/history/20260913T062215Z.json,11616,7b8d9e00a5acd08b88dab378949eea4261a7bbec84dfd4970dbe49c57fdaa6b5
civora,partener-eu/validation/history/20260913T065002Z.json,11616,64783e748460fdd9ba9551ed78c23880d3f5315cd93bf7698e9fa12d9ffd0ed2
civora,partener-eu/validation/history/20260913T082213Z.json,11600,74aa46dfe47c9313da115a74dd65af0d611080acf7251aa04ed58d9a28e5803f
civora,partener-eu/validation/history/20260913T103726Z.json,11616,96cd618c18f5d746a7dcdd65dbf9dfae3eb6ed251bb54ac3f08f43e3cf5ededa
civora,partener-eu/validation/history/20260913T115501Z.json,11616,7ead190569e35b2a84167ede5f1f7b51cdac69b9e1b9d9c3d1ea5fa5aa3627a3
civora,partener-eu/validation/history/20260913T120828Z.json,11616,c2cea15407df2a79713c1ae0c1d0283c9ecc003b88e04cd452899bb18f18f950
civora,partener-eu/validation/history/20260913T121144Z.json,11616,d0d6de768fa647d9e6f23d9ebb524c8fed2d33d629a8b7059f315ee9892ab8d4
civora,partener-eu/validation/history/20260913T122159Z.json,11616,8553ad10851406b0b39a6c73dbc076a918f6546a4f4e474b286cfaaa5ee88356
civora,partener-eu/validation/history/20260913T134916Z.json,11616,8d499dde902f413b93467b85bdb08cca1d003fa0ffd97eb8647b3e37bdabc645
civora,partener-eu/validation/history/20260913T144044Z.json,11616,8f3957f3e5b6c47681b43843f6c8928f92dddedf88c68b65bfa7db44030c0e23
civora,partener-eu/validation/history/20260913T161858Z.json,11616,372819c488b9c24f98ed09594cf8a970cb975d8cd517d0e5a22c6bd9c7f4d605
civora,partener-eu/validation/history/20260913T163100Z.json,11616,61e7dc5180bb38bf0562e10d55e95e7a1667b11fdac4f7d6aa67865776508d39
civora,partener-eu/validation/history/20260913T163206Z.json,11616,37c1f24998496858300cc6f8e69b699db78582510357d3f16771e7ba7cc2de66
civora,partener-eu/validation/history/20260913T164059Z.json,11616,de119545dea37f27669e94c23ef72f5fea3519e487836435b4b9d6600e1a3550
civora,partener-eu/validation/history/20260913T181353Z.json,11616,6bd29c0a6b600c8e6631a000fc535bf183da0609daeb72d2adcb3e39e44e4302
civora,partener-eu/validation/history/20260913T182140Z.json,11616,51f1a0823c7ec11ab35dae75f9ba98d2b535709b35ce8de4830b44a57f037404
civora,partener-eu/validation/history/20260913T190122Z.json,11616,8f40e8a2252496cb58cbadd9d3a54e4f1c839384a9c65e8f08de785064d7a004
civora,partener-eu/validation/history/20260913T193558Z.json,11485,3cb158278ddb5677e21be6cf163ef1283b31b58d9b21d439435db2d5a8a13320
civora,partener-eu/validation/history/20260913T205151Z.json,11616,96c55a7bcdbaa836aafeca0937d6191ec915ab713fe6bf698a77c6dfd1740948
civora,partener-eu/validation/history/20260913T205959Z.json,11616,2a2f6b880d0e199893fa2cb44d8932aff1efdfef4051d90bf0aef574cb99b9e1
civora,partener-eu/validation/history/20260913T210812Z.json,11616,df5de25ad2b7fb27da0f1131d14cf777ab9465d343ac5a7f6fdcc1ca59bff8b4
civora,partener-eu/validation/history/20260913T214748Z.json,11616,2dfa3877f4c5431ec98c0e9218ef9f0fb1aef10139606c8fb6e68316e519a80d
civora,partener-eu/validation/history/20260913T223259Z.json,11616,743ff03aead56b5e10a48bf95cd196b6025ecb713e50f9103321dfcb8dfaa098
civora,partener-eu/validation/history/20260913T231158Z.json,11616,79fa97286694cb3f246953bccb42651e98d0806bb7aa2760789c27df9c81440d
civora,partener-eu/validation/history/20260913T232836Z.json,11616,d687ae8f98ff9222f354094c3217993676a1d907c0ec2cc42875401900a1a2b3
civora,partener-eu/validation/history/20260913T233924Z.json,11600,fab9d33ca42c7ef8429cb60f90a20a846ccc5912642e369759551a4fd1ed9bc7
civora,partener-eu/validation/history/20260914T001904Z.json,11616,040b5037fa1b04d19d24885b3559beb7c3c1dd75af1b4f5bbade5ef02e2e7daf
civora,partener-eu/validation/history/20260914T011848Z.json,11616,1610647ba909c06d5d23c0c8f7eda6dce16a29bfab711bd45382cb3ea397b2f5
civora,partener-eu/validation/history/20260914T013446Z.json,11616,f4187d1981e7006d317de7011a85651f29ef8be728daba2bb94d10ccea5c342e
civora,partener-eu/validation/history/20260914T014548Z.json,11616,b9fd0d3716b6bea2c67f1ee0f483161083d37c350ab85d145fd0f439416c8f21
civora,partener-eu/validation/history/20260914T045842Z.json,11615,221b1b076ca7b4e7a385d9dcc9cbcbfb1efd9c4a31886292503b8e45274765ac
civora,partener-eu/validation/history/20260914T051052Z.json,11613,6e0d14c922ebc646b77ff124dafc151a28b801b023bce39dc082eaa2f17f9475
civora,partener-eu/validation/history/20260914T063025Z.json,11616,c8f45b078c533de1e9ac1ce433ae42eb877b1fd6bdf17d199c13f60e7553f54c
civora,partener-eu/validation/history/20260914T070045Z.json,11616,994a378b8709532df253e6395c1f608cb23a8e70ed5176b086c073cadbbce048
civora,partener-eu/validation/history/20260914T071232Z.json,11616,e4e150524896739dfb7ab7d203f4a6625d38cf400792a1c81790ae434367f465
civora,partener-eu/validation/history/20260914T085958Z.json,11616,392f4e4391a1afec395ac9e89a15751c7efda5cfdc964a4ce9254bf86bc5b76f
civora,partener-eu/validation/history/20260914T124939Z.json,11616,c928c55e60b646a7ac51881e8c1b21cae0521dc904d460920fd1a9b350e250ec
civora,partener-eu/validation/history/20260914T130558Z.json,11616,bc87f26cb529792998af130081d887ff898f11664204f26885b1e08157fb1178
civora,partener-eu/validation/history/20260914T141651Z.json,11616,a58a379c21622bb1d3d65eda04db39e9fb13d85214ac83e1691c990d48980130
civora,partener-eu/validation/history/20260914T142502Z.json,11616,26c4ba54b67bb4461971630fa0227c2f8cd2819a89c1d9a4ccf651d27a452721
civora,partener-eu/validation/history/20260914T142748Z.json,11616,5d5f631f2168357654b9de8ab0f87a703e6cb4c1905f595e8a89bb5024ecf118
civora,partener-eu/validation/history/20260914T155449Z.json,11616,3e4a2b2b50a1b2b5249825d56a60ec56fff0c0afc021dfce360df2b8489f033b
civora,partener-eu/validation/history/20260914T193143Z.json,11616,1e9943646c43570bf782d8797e6db37688992a38f8e06d105af09953fed348ca
civora,partener-eu/validation/history/20260914T193251Z.json,11600,6875f43e81f38f5030ca7c9e71a5c5f392a2f9685b633c1dc57f20ecff590905
civora,partener-eu/validation/history/20260914T193624Z.json,11616,56e195c5ddaa26b6275111023f63db0eb973b6521e9b986c64e0095285abe782
civora,partener-eu/validation/history/20260914T193845Z.json,11616,17d549c8f7ede75e72babffb4b0ceddce761f3c96b2a73f499990eae856988f7
civora,partener-eu/validation/history/20260914T215052Z.json,11616,0eaccbf7ada1a4c7a8e3c76bd0904841eed5bc46a527cafd2c508c6cc0060a30
civora,partener-eu/validation/history/20260914T224759Z.json,11643,1df07c393fd6e99102dbae6a179f278f24245c99d06d1929dad6e5c4e82c19a8
civora,partener-eu/validation/history/20260914T231622Z.json,11616,977bf879cc7c8255063d277ecdb4c59fa8eb18cd253e504d0f7d1a7c3e2faa90
civora,partener-eu/validation/history/20260914T231720Z.json,11616,ccbd2df9f6c1fb157e97a1a77e48242b03e35b38aff32e2bfa34a9d2e4a6facd
civora,partener-eu/validation/history/20260914T235322Z.json,11616,d2b58034a6997d843a4a13d0e23cb891ef1e4bf5543899eedaa3e7bd3db0f57e
civora,partener-eu/validation/history/20260915T010002Z.json,11616,d18bb5ce5ccc17d9147185f96e0ddd19f09a49f776bf5b2f34cabd7c5d338b30
civora,partener-eu/validation/history/20260915T015414Z.json,11616,963a9b418254b663083ac9de8407a498a5b7777ee69994076cb60fad6a105b30
civora,partener-eu/validation/history/20260915T045649Z.json,11615,2ff8ebe424eb09c37dbcd182564b3dd90ec342d605de03533d398ca4071536ce
civora,partener-eu/validation/history/20260915T050537Z.json,11613,a85380a740aa6ea3287b93672e1d378686a773430f8f0da1583d52eed264db1a
civora,partener-eu/validation/history/20260915T064830Z.json,11616,9a76b528aef986247df7dea70227ad99954b35b30192c0c6520093037c882d1f
civora,partener-eu/validation/history/20260915T075653Z.json,11616,546bb8cc48a4ca9a76119539510d8c0d89232fe66ffe0ade3c2e01669c3429f4
civora,partener-eu/validation/history/20260915T080145Z.json,11616,948e538ab4a43f8d97db880704029f95cb9125a31469739f78706fdb5eea1ddd
civora,partener-eu/validation/history/20260915T084428Z.json,11600,1ed8146c0069cc2e52f183a34bacee3f82574f921cb8df31708317fc47c7dbd9
civora,partener-eu/validation/history/20260915T114609Z.json,11616,81158c8504bd0eb1e7d4afb6cf9ad4928c7778af732344653c0f3e537f3b0bba
civora,partener-eu/validation/history/20260915T115623Z.json,11616,016c1504373fb53b6bce29bb4d88bfd1d35d75d315171a7d3c326c684bbb7184
civora,partener-eu/validation/history/20260915T121436Z.json,11616,e8a6dca9cc9a5dd813c98038e4067bb57945096adef4c8ad9a87358bef6729e2
civora,partener-eu/validation/history/20260915T134414Z.json,11616,f851b8baeac8bf48c7100f47ddb2b197a238535613956480a17cc80244769f07
civora,partener-eu/validation/history/20260915T135233Z.json,11616,9a8415353732b3313b3480220989fc25d505890df719913d536ce54d45c284e2
civora,partener-eu/validation/history/20260915T142100Z.json,11616,f3aac6c7bd611d5f161d66a1214ec34d32102407201f53495984c1cbfd9708b0
civora,partener-eu/validation/history/20260915T170045Z.json,11616,e3014c060c27c2d0c73b2b3086f2dff9a639ef011a6839eea7dd2b866011891f
civora,partener-eu/validation/history/20260915T171131Z.json,11616,9d4b30b27f09011a2dcd5b866db9acb0847289bf777db9e8997d72dc422d1cbc
civora,partener-eu/validation/history/20260915T172040Z.json,11616,61302bfaebf2c323ceb681714d7c5ede3ee4364a2a9e5124869fd28204fdb0ad
civora,partener-eu/validation/history/20260915T182107Z.json,11616,071a0ed95024d0bb88663c860e9401db7409c971ae83e4a16548976973b22144
civora,partener-eu/validation/history/20260915T182856Z.json,11616,9d16957f312402a7f3f35301f0bb9456b24f9edae2b1ae4677827bbee87ddc1b
civora,partener-eu/validation/history/20260915T190221Z.json,11616,fac3c95c551959e61730701c0a8f21f2703f6fa1e91fe65960d8b99e00caee13
civora,partener-eu/validation/history/20260915T203020Z.json,11616,ced98d32a91a89efae37a53e6b92edb3576f9401b4a17ac2e76d0c649129f9e2
civora,partener-eu/validation/history/20260915T213611Z.json,11616,75ea17588883b0899e5edb860c24ea5a16d67ac0e8057a7fb554d85b1f4dac7e
civora,partener-eu/validation/history/20260915T214453Z.json,11616,70ed79c43489ee4d3e8d5ea9709800997155c027c61e74503b69152cabde36ed
civora,partener-eu/validation/history/20260915T231403Z.json,11616,bc2ca038a2fbd42c658dbd7931ad643181edfab226b10aaeadff520639c67c7e
civora,partener-eu/validation/history/20260915T233240Z.json,11600,c8fdd3fad7667acd4dfc0f79b19330fe57dc6f2c9fda95da704764af122768ac
civora,partener-eu/validation/history/20260916T003213Z.json,11616,00a4d9d2b88c5b4106c3e20d753252772c24841d4382beb06c60b041751d15bd
civora,partener-eu/validation/history/20260916T003332Z.json,11616,e04b631e228b909ad08ba8becb9561ef4057eae6a2080471faf0118b7c11061e
civora,partener-eu/validation/history/20260916T004711Z.json,11616,343800987999461e28f0898f118a4674a3318e2bc9c2ffb0454d84253cbbdd71
civora,partener-eu/validation/history/20260916T014715Z.json,11616,228b4feed7ee6d5ae27e1b992e1b8f975c626ee143aaa70dbb79891b1ebfa3f6
civora,partener-eu/validation/history/20260916T045112Z.json,11615,57f26846dcadf16a598dd8c19852306c880b9bbb50dbcbefccd296fd76692d5b
civora,partener-eu/validation/history/20260916T061246Z.json,11613,15fd554696facbdc86458d2cf0e30130817a8478878c45c3d537c845f4b33f70
civora,partener-eu/validation/history/20260916T064115Z.json,11616,e6631ac08b6bb4e65316b4f37bada823c4d37d3a82d781bf5457dc84bfbd379e
civora,partener-eu/validation/history/20260916T065312Z.json,11616,cf5d35a8328c5244d25085d7637dc7db38db0d5ea1c9af1b72d0ea776471089f
civora,partener-eu/validation/history/20260916T074854Z.json,11616,ecfaf7e3b4c97fa9a99533e35147af3b3ab0a65be54e7a038e584832ac6008d6
civora,partener-eu/validation/history/20260916T083859Z.json,11600,cf5333cbf21287ecafd26ac8e2514c1d3908068feab7435915717ddd6978797c
civora,partener-eu/validation/history/20260916T113624Z.json,11616,8ec1f112fbc5b560271fe804e9463551630370cfc1f86d196a0db7098cb61ed1
civora,partener-eu/validation/history/20260916T115121Z.json,11616,547e91b4c40fed49993aa105fce016c6d38829ef5291a4eba71316499b5cb989
civora,partener-eu/validation/history/20260916T121425Z.json,11616,7c4d32a6902ad675f13574718a1ef1afd2b07cb8c749c50c618a3eff00d35006
civora,partener-eu/validation/history/20260916T125023Z.json,11616,132a9f8335bb80db554a4f737dbbdb90df1414c5f38aed7c126c51e74b561b25
civora,partener-eu/validation/history/20260916T133903Z.json,11616,bd925147ca1255547cfa46d1d2b09687e9082a4ff0b2da1ffbf89d12af0cac9d
civora,partener-eu/validation/history/20260916T141337Z.json,11616,d7a728da8a9ffd6c0d62b6714a61e575f2b20e5e859e15bf73992e6fd47dabef
civora,partener-eu/validation/history/20260916T165728Z.json,11616,79f615c118cbc88a823e34c59b6f2567229d4c8bfee1da37ab923afdb5137fb4
civora,partener-eu/validation/history/20260916T171133Z.json,11616,2e41a5bb011685d6302e21be8583acf045634fb0c57f711fa8eb018e5b74453d
civora,partener-eu/validation/history/20260916T172016Z.json,11616,97b3a04fa23482d10976720abb37fbde18b34bf9512df41a9f188e18917644ab
civora,partener-eu/validation/history/20260916T174536Z.json,11616,3d5983d093840149ab97e1bd73fd2c2dae227e2d477f1876dcc93f6afb7ed2e5
civora,partener-eu/validation/history/20260916T181707Z.json,11616,c136b757a4c76b2e3a773b5a516ce36bd0556a21c9383a0dfcb275f691d31474
civora,partener-eu/validation/history/20260916T185540Z.json,11616,a5b398e6e4ed805b4de87f2cbd0faf478a7074defe89fc1ad244f7f7faeafa7b
civora,partener-eu/validation/history/20260916T201811Z.json,11616,9b739f79bb6f0d2371a50e8534ff912988452552bd3a744618d000c62122171a
civora,partener-eu/validation/history/20260916T202937Z.json,11616,9a961c51405257fec1cfdb4c9d31430fb6793d384781d40a634052c19d27409b
civora,partener-eu/validation/history/20260916T211947Z.json,11616,220a345a09cf5d7b9e75debb3cf4ddab6baffa8cca4637006e20d75c0fbeecb4
civora,partener-eu/validation/history/20260916T212943Z.json,11600,b875d3cec36267adbbb1745691f9831ccda31dae00a095790759bce801f848d7
civora,partener-eu/validation/history/20260916T214130Z.json,11616,3692d8b816f5e0a72661ed9fb4fe8b0af602db7732a550e1c534b1a8bca24217
civora,partener-eu/validation/history/20260916T230616Z.json,11616,328c062aa5b4149f69309ac526b8a323803ecb00c25a2ee7c001d075f0c92726
civora,partener-eu/validation/history/20260916T231853Z.json,11616,de55900708e60ee21ae1a68c3625a2ac7ca2776c2fe8838c9cf71da6b29cecb5
civora,partener-eu/validation/history/20260916T233958Z.json,11616,9b4c2997fb154900177559b34b65118f31ff1c74e7ad1c4eadc7f692de97e563
civora,partener-eu/validation/history/20260917T004233Z.json,11616,fdd6c400671b4bda2d06dcf6300d6264118e23cae005db168d693e852d67ba00
civora,partener-eu/validation/history/20260917T005335Z.json,11616,280aac73333745ea6fe5ede079f8cd50b390d39e09e6f191343295f1783a489d
civora,partener-eu/validation/history/20260917T013516Z.json,11616,011b63012d35347ca206f0b18b84db823eee5bcd4b805259e238eb54aa624c9a
civora,partener-eu/validation/history/20260917T014740Z.json,11616,4d768b51d0c52abb0d81f502e9d3131159195ef1bc578648bef23d86c703f0ed
civora,partener-eu/validation/history/20260917T045503Z.json,11615,3b79b106917fcd8d9a566fe3c2790b23d315b6de1c176a2f812c1a3d5a5bf0cd
civora,partener-eu/validation/history/20260917T063857Z.json,11597,4975d61378d0611a03e2ffa1a4f17a1e53c959fec59f3dd4357527df88ffea44
civora,partener-eu/validation/history/20260917T064601Z.json,11616,85e07e02f3a5ffe007cba596a8ad0392746743d9ac67d676989c2ba8fdfd703d
civora,partener-eu/validation/history/20260917T075152Z.json,11616,04f164439b7676a56fc0d9f47430f8c9a989f80f068a13c846c081427bac133a
civora,partener-eu/validation/history/20260917T075254Z.json,11616,32aaa1fd0829a332cc300b50096b46295697f29058e1029715fa119fd1f3d757
civora,partener-eu/validation/history/20260917T084255Z.json,11616,ff1f2ea24750865913a0795e282604344123f270a18115d6246bcbb81d59a9b5
civora,partener-eu/validation/history/20260917T095240Z.json,11616,278222324869e3078edca3301822ef3a248ec15f09b2dd722de0e3ee6b1a333f
civora,partener-eu/validation/history/20260917T095704Z.json,11616,ee6b30213e829d8743384342455b9337c31bd8d29d5cbde2427955fb3d4f3140
civora,partener-eu/validation/history/20260917T114322Z.json,11616,5e2ac8151e98e39af0a2f749aeb48f13b64b40d71550cece9494e1a7e809d1c0
civora,partener-eu/validation/history/20260917T120457Z.json,11616,081a974d1fe0af6d50f405e7adc79cbf551ea12abf6ed8cc6c13d06b6fe7c850
civora,partener-eu/validation/history/20260917T121338Z.json,11616,479593a6ba19329080ec67be8a823a7ee7c495f526fec32a2d67a28cccc2f8ee
civora,partener-eu/validation/history/20260917T133913Z.json,11616,7d26ec1eaca180e9b0943c5e2faf5c3dd97d1f64789c9b2e9a51893bada9cca0
civora,partener-eu/validation/history/20260917T134012Z.json,11616,aca4ce898997db4752cd025839cfa2800d207dad30980b3c6e4f322b2eeceee7
civora,partener-eu/validation/history/20260917T141917Z.json,11616,13550de3fd9555d25231d6c0363fa4128f9cbd16550ad367c0f3168ad60ce7f0
civora,partener-eu/validation/history/20260917T155925Z.json,11616,f6d73975923a7fc469184ab53c9e6c5a7c91b40c160b99701e0c959993df7971
civora,partener-eu/validation/history/20260917T160830Z.json,11616,c88543116c91b55173da407f265312c8f5ae632d4a305a7661de97afe73ff2fd
civora,partener-eu/validation/history/20260917T161848Z.json,11616,4401fc15fcb1ba55945d08d87bb3041389a3168c77c9cd2ed85dccb7de4aebbe
civora,partener-eu/validation/history/20260917T161942Z.json,11616,0c21cc24341689b6c6d487fd7f36386d743b98c079c4f3d82b1b505c4f5c0bc5
civora,partener-eu/validation/history/20260917T170127Z.json,11485,1045d07cfeb9426f54609538eadae21f0672342630b1a85bd360c724745c8298
civora,partener-eu/validation/history/20260917T171542Z.json,11616,0a351115fcfe6edbcb5ac2cf827f937d44bff0b362b3ef74ff73a83e918afbe2
civora,partener-eu/validation/history/20260917T171640Z.json,11616,e0e97a97f36d349f4989a242a43b011362fcc9d7ac3e4aa9ed76a75214528a20
civora,partener-eu/validation/history/20260917T171933Z.json,11600,7f9ece36a5a932a51f4215d1175b4e0e396c6fc01e9b9f0d8cb2866959096ad0
civora,partener-eu/validation/history/20260917T182355Z.json,11616,34de9578b99d0efbe7ac5574086d28688cbeb53af3060ee78fc4bf391a4cb605
civora,partener-eu/validation/history/20260917T182459Z.json,11616,b5f540b7478c7488de8af815f541f9d2d00ed866bf14a715134d24a920ddf828
civora,partener-eu/validation/history/20260917T190430Z.json,11616,20904543cd7555e22f81f243230ceee3e59b457e6ce0b2b63bb12721cc6e969a
civora,partener-eu/validation/history/20260917T203309Z.json,11616,bab76813771407951b9b2a1e6df51485cf8a3e39b22cbf87904d0daa9f3105b8
civora,partener-eu/validation/history/20260917T203433Z.json,11616,0f0df3d94b35661188eed8c2efd2447673e4c9cbcfdef579ff6a9674f765a1b4
civora,partener-eu/validation/history/20260917T203708Z.json,11616,433d8e9f6966b790ef590d7fbf8eb8a0a5a3648169fc53d4f93dff1bba5ae8d8
civora,partener-eu/validation/history/20260917T212427Z.json,11616,d1aa26fb2f1029a7375320078fcd7424ef29f2bc2ad33861485c68b81c2bad2e
civora,partener-eu/validation/history/20260917T213542Z.json,11616,dbd15de9b0eb7d365784d7699c5d37022c1132abecb624810470fbed19f2e2d6
civora,partener-eu/validation/history/20260917T221957Z.json,11616,b41458f763d264424cf4da3be964677ff126fd72f5003b50c8ede091aac3b8a9
civora,partener-eu/validation/history/20260917T222058Z.json,11616,489e81208522ee0b3001deec65c7b21696568d562abb890a667c997f09a41858
civora,partener-eu/validation/history/20260917T230417Z.json,11616,5e9226388bba5b1a016c6e1c5a502603fd8cd790878d2139b36e19939c18499a
civora,partener-eu/validation/history/20260917T230514Z.json,11616,93aa5672741c2ee8de5dae4e40af95c67e2ac28bc9387710e90b00de2652d8fa
civora,partener-eu/validation/history/20260917T230954Z.json,11616,daf0a654d2c4ecf2f9f4bd8ec6ffde58026d0781b6878e28092fb698b6e7bb02
civora,partener-eu/validation/history/20260917T233405Z.json,11616,3d2b109f5a8dec5c077cb57c5af94ad62586a2d7a9a7edf552c5dcd37ca06ad1
civora,partener-eu/validation/history/20260918T003251Z.json,11616,e1c65a92dde8eb9adfe64a00c201d99b3540ad1130d14e3bfa3fe6a970ff9e46
civora,partener-eu/validation/history/20260918T003348Z.json,11616,ceed2952006a5ca06ff2f4666c8649e245c1ed40cac26f08b6f5ec0bdfc34696
civora,partener-eu/validation/history/20260918T012717Z.json,11616,9d362a6794c69d9b8174a79b9e3a3ac366a603fb31a4785a922b68daed641757
civora,partener-eu/validation/history/20260918T012809Z.json,11616,9c331cf2e9660a0a372f554cf237b92f083b6c2c0151d711e0229cf187855d4f
civora,partener-eu/validation/history/20260918T013729Z.json,11616,8fc2cc038e0e9cbd4c3d6f2a5eb67c70cdd3b60c584e13e6d75567263e2fc8ff
civora,partener-eu/validation/history/20260918T044530Z.json,11615,14d4d5a77a65f1b25e8f2d47db56adf3e10ae64c0d88f96291a4861d637e8165
civora,partener-eu/validation/history/20260918T045047Z.json,11613,6856aa7b697660f08c680261c29a5e445fe2ee29021116fabbb745b9d7559b6f
civora,partener-eu/validation/history/20260918T045152Z.json,11616,005664862de9e98c681df754509e81c4744372bf7da0f8e57b794a791e8103ca
civora,partener-eu/validation/history/20260918T045249Z.json,11616,5d0130e5bce43187b7ae8e8a97475a798554dd85f4cef2ad8776639d475ed35f
civora,partener-eu/validation/history/20260918T045345Z.json,11616,2cc20504d86c5d657164ee03b613d4782e47bb5294b103e9311aa3040e5a58dd
civora,partener-eu/validation/history/20260918T060445Z.json,11616,fc7fe6511c105f92679aeea29594003ca46707dbf69b6c21f6964787bd785773
civora,partener-eu/validation/history/20260918T060541Z.json,11616,4efcfcbd82deff2cb9800480e69ed04dd09b11712224867881b41fc09560ecba
civora,partener-eu/validation/history/20260918T063524Z.json,11616,ce34bea22e0004b8970940476dd130e9f5dc99ff9b5aced5fe129f54773b1783
civora,partener-eu/validation/history/20260918T063632Z.json,11616,fc4d63d24493f5ee3583deac22841d9e96ff53552e85e43459977ab7a53840a6
civora,partener-eu/validation/history/20260918T064520Z.json,11616,8dd2543b5d03ef37bb27677e41e567223079dd6ad42d34a6be30c15832cc2bdd
civora,partener-eu/validation/history/20260918T073113Z.json,11615,2e2af84aff046ba3ca8822b988bc152c5674b0b531f45eaa1ef381e8ea879f3e
civora,partener-eu/validation/history/20260918T081828Z.json,11613,1d7171c7ed6e05126fdb57828c999944d191fa419fc0dce58cc5b1363065eeaf
civora,partener-eu/validation/history/20260918T092539Z.json,11616,1daf929ef0d3e88a4e000c2b1a7287ed35090ca4730bbb91e88b8c3a1089b759
civora,partener-eu/validation/history/20260918T092637Z.json,11616,67f45c404c6d3b67bdbac94c379c9d1d615afa97b696ef9b01a024490a7d8abe
civora,partener-eu/validation/history/20260918T111710Z.json,11616,199b03e2592ca46dce4a1fad9009130345172f0230c70f5735759d8137a07f08
civora,partener-eu/validation/history/20260918T113031Z.json,11616,0c79e1daad3ffbe873be9487c4c1ae7b5b24c9570963c888c32b818bda96cc2d
civora,partener-eu/validation/history/20260918T113126Z.json,11616,731b11aa10a3ce909d1c3293258eb69bbebe063ce93c0b6d02d1122c74a28620
civora,partener-eu/validation/history/20260918T114706Z.json,11616,788f76b53464fb6658526c48d5aade09c4599e3c243c66e4e3de2bfbcb8099b3
civora,partener-eu/validation/history/20260918T114802Z.json,11616,c131994ff5bd12323374ccb6e1b197bb59350e0fc20f89224c6bb5470cf4e878
civora,partener-eu/validation/history/20260918T115523Z.json,11616,645690fa353a3bc5395a2f652a11ec31cadf2e66b2713b14cdf99d20fe809730
civora,partener-eu/validation/history/20260918T130351Z.json,11616,966a3b7a69d6f1571a56e353c9b54a222f5783b8486b52bc1774db9e16366fbd
civora,partener-eu/validation/history/20260918T133817Z.json,11616,37fbc472c7f2abdbadac1c3e2af485001972e1cb0b6950c662d6ac92a4b6f0e8
civora,partener-eu/validation/history/20260918T162541Z.json,11616,e9be6c95cb5a519dd7328ee7775f6df0174d72ec016749fa2bbf807e41e9bc34
civora,partener-eu/validation/history/20260918T163540Z.json,11616,d84a5d455015b7ea78961368252fa77534cf952a8db519da4481fc17bca456c8
civora,partener-eu/validation/history/20260918T163648Z.json,11616,0925c58480771ce6ae07b0613b46b50c4b065b81f56dec69df0a1b59df4fc0c5
civora,partener-eu/validation/history/20260918T164242Z.json,11616,275ab963ae0aabe06c74c11f7876d54bf527c8a26a27f9fc25d704e84a25499a
civora,partener-eu/validation/history/20260918T164340Z.json,11616,c69bec46ccf4f13dd820b8c4b1e087fc05d097d4993bd4225d0104b1848414ac
civora,partener-eu/validation/history/20260918T164654Z.json,11616,05d07ed134afaa6ffac9769748a7eb0e67d296e806ea2e26624a51a9a8e7d7f2
civora,partener-eu/validation/history/20260918T174732Z.json,11616,c1b03b34ce95df324a6b60919ae9c73a476f1daa056289977626f7277cb8cffc
civora,partener-eu/validation/history/20260918T183139Z.json,11616,f8288995d78f5aa1c71ce91bd3bafccad84926da5c85ce25c5156e0fc587d173
civora,partener-eu/validation/history/20260918T191616Z.json,11616,4e9d2ecc8c7b77581254139d91f59256b7399bc0790bdc252e0b54aa165ccc7a
civora,partener-eu/validation/history/20260918T194708Z.json,11616,517f299258a9920fe572d7432616d20a31394fe99f9f1c332214bf638b777b7e
civora,partener-eu/validation/history/20260918T194807Z.json,11616,1f03215034acc747fa649c01a923a4fb04151b260b7d78bd7f16f7ad9f494aa5
civora,partener-eu/validation/history/20260918T205555Z.json,11616,0ebd5340e9f3753b59fab5669af9f02e6d38b293cb5f051b584c1d571560ebb7
civora,partener-eu/validation/history/20260918T210339Z.json,11485,8ed8a19053a52bb3019ab7864e5e6417367bc7195a82ed9675e31dc0a5f7dfb1
civora,partener-eu/validation/history/20260918T215613Z.json,11616,f0a4fbdf1c5276d891a2dd30d236afca69315bc48e43bf7fbaf9c9954b098b01
civora,partener-eu/validation/history/20260918T224317Z.json,11616,43c6d8153b784961398362c46dc090240b160fd9fc19f502cd949a87f1ab0e61
civora,partener-eu/validation/history/20260918T224412Z.json,11616,862ac0c0bad68f967fa5de12218a75e52f1e9dfd8c8ba0670f60ba222f78f153
civora,partener-eu/validation/history/20260918T224838Z.json,11616,a1c9f027e9e2b579a8d5797907b9667da520739ca1d604169465b118dbce594f
civora,partener-eu/validation/history/20260918T224938Z.json,11616,78097e0055e037ec313ae0aa103e127e94d3da94062088ce6dd4b6851d272067
civora,partener-eu/validation/history/20260918T232020Z.json,11616,798c5dd664989ab2db0e2761135632f3c82cb49605295ffa22ddbd589a975849
civora,partener-eu/validation/history/20260919T002804Z.json,11616,62954b19f531f5400b62a09477d5b2ad821fd657373fd362292c82b5fdde89eb
civora,partener-eu/validation/history/20260919T004328Z.json,11616,237cd85c19e0cf7bae25f7bb40cfb4d9ddad2924dff462f6eff799750536227f
civora,partener-eu/validation/history/20260919T011949Z.json,11616,312533acb92868b8bcccbf7fc90718363a3f378bf7391b68fbe7fec4b7165024
civora,partener-eu/validation/history/20260919T012045Z.json,11616,661036d8a9d108bdc4a6c0c735b8d462c1aa3739f6e5fe57408b8dfa3a959be1
civora,partener-eu/validation/history/20260919T013218Z.json,11616,647915f983c92c2ed6769ee0f3359efbde1ddec3be4440c2d8eba92357ca41a7
civora,partener-eu/validation/history/20260919T013324Z.json,11616,e94533b3856ae5a940004e41d703781c3358f1a9f9db61e77289df876898c807
civora,partener-eu/validation/history/20260919T043926Z.json,11615,7fd67418b48ba8a13e4cd8a8055810f0e7ce0e74a1f610bd3693a7922673178e
civora,partener-eu/validation/history/20260919T051156Z.json,11613,2454d624cffe9e8f8473526673efde6a3fee0847aeb7fe5fb7fd95aa062a5ecf
civora,partener-eu/validation/history/20260919T060531Z.json,11616,3b70a08684dc9a7d40929ea01e36c42145d241593edba6d4097f42303ec1825c
civora,partener-eu/validation/history/20260919T063402Z.json,11616,2441f3a7829be4ca20add906f44d48f5cd06b214026b7e16de3eac89f0ec88bb
civora,partener-eu/validation/history/20260919T063501Z.json,11616,37d417525bb833000b08b702d75715c8f18e18ef52ae44db201b15a186a08d0f
civora,partener-eu/validation/history/20260919T072754Z.json,11616,0bdfc1a162928f4773dce22f1d24e36a86ade25f318ea53a3e6558e70c805b2c
civora,partener-eu/validation/history/20260919T080638Z.json,11616,b1d8745995c868cb03c783b998ed3b2bab0d010e878c3b541b20803ec196d192
civora,partener-eu/validation/history/20260919T094645Z.json,11616,3d2a23b1a97a971fab3a1d5de0cdf0fb4b6bedb2635b41966a5d234c7102f6f0
civora,partener-eu/validation/history/20260919T110100Z.json,11616,6694c5285550a5e5219c1def5f006b93dd9d11cd349c78b8cadc50640e49b5d9
civora,partener-eu/validation/history/20260919T111326Z.json,11616,823fe7f9f6c96b6fb6ec1e4c1c5d962c9058fd3e789ef6c17f65e294ae88ea9b
civora,partener-eu/validation/history/20260919T111427Z.json,11616,b1f45093526450f5cbf3bf70a8af6279523f22d6b5d81e4f4b1e23412f3a897b
civora,partener-eu/validation/history/20260919T112811Z.json,11616,19b5a0806e087561b42f8db3aab2d6f4af0befedac7778a52245050c712a114e
civora,partener-eu/validation/history/20260919T112902Z.json,11616,f7758edcc2b5457404060e9697206f3a300df6582456dca680262a7c6eba0c04
civora,partener-eu/validation/history/20260919T123734Z.json,11616,172e0f15a40fed778d32c93ecf2ba3d1234fc5e4dcbaf1fbd4ff3d13790a2322
civora,partener-eu/validation/history/20260919T131212Z.json,11616,92e61b983b05231a35268f41c1f1a5ae164d234c4921ceb888678aaba6ff5f4c
civora,partener-eu/validation/history/20260919T133054Z.json,11616,26b3557aeaae6a8aa8eb2f27995f1dd49d8c4abb1f9ed821000d11753190b0b5
civora,partener-eu/validation/history/20260919T143357Z.json,11616,66fceb1de8eba2a3a628ceaf7d16a9ea06bd28e6fc2e6e778f403594dfa3b2d8
civora,partener-eu/validation/history/20260919T143459Z.json,11616,a8f809aac7dbdcb011768309ca7459355f57b9cacfa5dc7eb278f48937c48745
civora,partener-eu/validation/history/20260919T144518Z.json,11616,43232b8f8a0d088bfddaea7408cf0f14cc06bf7b50a255f37c59445678e31309
civora,partener-eu/validation/history/20260919T144621Z.json,11616,f8f9b8b4a373ccd8d7ddb9cbeac653bc44b3b2c42dec059bdf6dc966a763b383
civora,partener-eu/validation/history/20260919T155421Z.json,11616,d58463eae4e8f0889ed778be66df8a9e2d91203af0dc43ad1a48fccd9b66a762
civora,partener-eu/validation/history/20260919T165136Z.json,11616,8405550af9823b48ef4e88a39ebece828966c67b14483a2b1d01ff94717d7162
civora,partener-eu/validation/history/20260919T172223Z.json,11616,0e56fcc79db431bd547bb747823c411365333b8b56a9853928a455cf0e4a8947
civora,partener-eu/validation/history/20260919T180406Z.json,11616,34461b33ff7763b3644d592de35410cf7ff35f52fc7941051e5a52e86af2535f
civora,partener-eu/validation/history/20260919T181002Z.json,11616,df16e015ff47fd0dae826846f7257b7bf7343c6586ae91a8b8c79a9c50cadcbe
civora,partener-eu/validation/history/20260919T181345Z.json,11616,6f7aa116a87222da34d9254d1cf7cd83aa1deb8c160f25959d2cc5b79cb0d13d
civora,partener-eu/validation/history/20260919T181443Z.json,11616,0e2ab4eaffd34b4f9bbb3c0f4ece50abd9610f4b6a31bf068b387fb7bf756067
civora,partener-eu/validation/history/20260919T190109Z.json,11616,74a4fa06ddeee81888ed0fd0f0c6cb6a070e9bcf95a42baf952b227bef1fdcc6
civora,partener-eu/validation/history/20260919T204212Z.json,11616,f0d447908be4fa4c323b1fc160f8d6be56908a2489b940e3f152ba9ca57f3f10
civora,partener-eu/validation/history/20260919T205247Z.json,11616,b22e49aedb91b081d1e63eee45ea1010d25a89e8d969748a3df0494515f12896
civora,partener-eu/validation/history/20260919T205347Z.json,11616,84d50dc202803f73da501e4816b3933a2fd18a94378eb74b6a7ba02c46f26b81
civora,partener-eu/validation/history/20260919T205838Z.json,11616,da27d67bbf08e86dfbe39ab37c3480df2b7ace06925aaae6c6bb9c8199f6d02f
civora,partener-eu/validation/history/20260919T205942Z.json,11616,b3c6a80222f555cf72de7093c3cfe387a6df64e7760feb378be48fbc5e9e4fd8
civora,partener-eu/validation/history/20260919T214931Z.json,11616,12e26c3875fd78bac6679270240eeb2e0cee2d2cb2fa0d9b919f4bc64b4fe04e
civora,partener-eu/validation/history/20260919T231003Z.json,11616,ebbb3db4ddad2bfdc05e2601940ebd1fc1c61c2a8213b959f9c15dce29768d86
civora,partener-eu/validation/history/20260919T231700Z.json,11616,269dc3ae2e47a74f1bf77a39d1c4d8d46d116fba65cb623c71416cfa510f2b98
civora,partener-eu/validation/history/20260919T231804Z.json,11616,21d5aae6d4775a15c79ca9adc4215334194c64b85ef887b73b4e5ce9b8a2c75d
civora,partener-eu/validation/history/20260919T233010Z.json,11600,8605872b24a9c3fef0e8456d248b378e5775f16ba442a4929e69e0fb1819e4e0
civora,partener-eu/validation/history/20260919T233056Z.json,11616,1c51036e970d37534e2e1d0afe411ce4803072ef4a06451dccc6856bb2c6a25c
civora,partener-eu/validation/history/20260919T233912Z.json,11616,92156192c0225dba3df18eab8507603415e6739ff83a4b2ee106f10f71d0d6a5
civora,partener-eu/validation/history/20260920T001330Z.json,11616,266229aaeaff9b7eec53ce66e21f1dfbecd452d5cd9757be7ac6668d0fc08325
civora,partener-eu/validation/history/20260920T012111Z.json,11616,e44c28d65264fec66878855c64e690e14409a71e6e2fe9c95d63b2386ffae1c3
civora,partener-eu/validation/history/20260920T012219Z.json,11616,e96f95cd59a580ceee2e7a86c4f0bca7976ee5b7664f25a5a5efdb7131512c73
civora,partener-eu/validation/history/20260920T013445Z.json,11616,c19c94cd1b84db4dd48d3d60f83622463bff368ee9105df6ecc2b4ce57b9183d
civora,partener-eu/validation/history/20260920T013545Z.json,11616,61030211e73629a79910603ea5822b533037996a7fc0aa4e5ef1f85ab34b28db
civora,partener-eu/validation/history/20260920T014453Z.json,11616,975bf7f42a059662bb2512863ddb3da7412d6cf74faf8910e77b6c24b8ded7d1
civora,partener-eu/validation/history/20260920T045547Z.json,11615,38ca5d378690b0f66709540caffe5149326f07226760c80326c3c206cec0ec55
civora,partener-eu/validation/history/20260920T050456Z.json,11613,56968520abca72f61c49d04502be5e7c96e2d8d42c8db4be1a04ea6f67795758
civora,partener-eu/validation/history/20260920T063145Z.json,11616,7794223b77cdffb6aa1ab1fe75e2bd8ad83c8fac9a2cda5b6f05aebb7a72bcbf
civora,partener-eu/validation/history/20260920T063239Z.json,11616,f846d565665cb0a9cbc12d9e0289739c085473622ef928d045ee237d9d9115b4
civora,partener-eu/validation/history/20260920T065557Z.json,11616,cdf19fedc8830c97d4f1ab87fb572240912c1a9d593c5a50eeafb8e30900c3f0
civora,partener-eu/validation/history/20260920T065658Z.json,11616,8a4eac8f712f05425420abbb6cbd950c5c2ba452220b9a968aef279450cb33a4
civora,partener-eu/validation/history/20260920T070658Z.json,11616,07ed885f9483ca696338c98674e89ad816c176c6ab8781322e8aff839ac42f5d
civora,partener-eu/validation/history/20260920T083937Z.json,11616,007c3bf173dce6cad795dd5658061ec2fac45967052ea0118efecff2a7b6bdcd
civora,partener-eu/validation/history/20260920T112617Z.json,11616,0e8c25bd932987004656b7d6ca8f7b08ab82d4967ae13dd7bd06690660958691
civora,partener-eu/validation/history/20260920T113922Z.json,11616,cdabf7ef28d398f980e96011a5bda3cd16e18df39e3b9ff3c715a7008ef70f8a
civora,partener-eu/validation/history/20260920T123159Z.json,11616,d3fa414ff727d9c0701317ebdbf2f7f8e2b39a2d49a8070ed76af67b08fd6a09
civora,partener-eu/validation/history/20260920T123259Z.json,11616,6db17f50e8ed5320d611544e033120822cc74050c7f521862c2fed8d3096242e
civora,partener-eu/validation/history/20260920T123712Z.json,11616,b27e7b67934cacf502b7dfa66729d1ab5962fb589abed4595eabf6b138d304bc
civora,partener-eu/validation/history/20260920T123808Z.json,11616,bbf929ccfe179de1a604d76089904a4d1dd01460937dd021e28d0a565497d8a2
civora,partener-eu/validation/history/20260920T123957Z.json,11616,a4918541b92119f7f1669435032fa335c5fd75b2fceecf5e50de49701bcf4a33
civora,partener-eu/validation/history/20260920T133605Z.json,11616,6d138f9a54d4bec9a32d7c72fd2e9ef2c63b1883565ab6f7f32b5b7c37060c4f
civora,partener-eu/validation/history/20260920T160756Z.json,11616,df5f2431649ed5c78a1cf7769876c0b0af34e12693a9ddc08977cbdbbf3844e3
civora,partener-eu/validation/history/20260920T162015Z.json,11616,56eae4c6aada894f30545a87c5d13f06c322c949c9e9c1974198773e0f3440e2
civora,partener-eu/validation/history/20260920T162853Z.json,11616,f0f14924da605d59416d72e473604d1ba08ebf24102a527023631007960cec84
civora,partener-eu/validation/history/20260920T162959Z.json,11616,f2af8c5d8a735e48967e28292bf1166ea3a8af8ab44b908521c574ae3950c40d
civora,partener-eu/validation/history/20260920T163304Z.json,11616,ce442f1c6a32517d89c8951f6a8dab8e430df9104d87296d8c38cae5cf7e33b4
civora,partener-eu/validation/history/20260920T165629Z.json,11616,555afbae99f2ad8aaa0b39aea45a5274921e575c10f8f6048a78261e72d86ff3
civora,partener-eu/validation/history/20260920T181317Z.json,11616,59cffeb3a7bbcfc9c8234647c7ae8a369b55bc2b1c39c4c0c85338f6731ec7eb
civora,partener-eu/validation/history/20260920T185657Z.json,11616,b39133a1dd73cd8b1f8c999dc584a616e2b18c80f5f291be5183fa918042f5d7
civora,partener-eu/validation/history/20260920T190300Z.json,11616,103eae4be109bc98854be2aedfdd6086841fabd9840c496046a93b05d05d85a7
civora,partener-eu/validation/history/20260920T190357Z.json,11616,5777a16c75a1ab65f306e513205275829c7e8378f0139cbcb268bbb6134edf7c
civora,partener-eu/validation/history/20260920T190648Z.json,11616,39cd3bce0af851fd883bc75fc97901e22033ada3b2589cb7dc842f0071a7c709
civora,partener-eu/validation/history/20260920T193523Z.json,11616,2f4264f717626a9ae2f3ca5adac0871a11d3eca313bf0a145e7be222c9966bd0
civora,partener-eu/validation/history/20260920T193621Z.json,11616,f3ffc914189dbfe797008ad2235d240a75b1cc67efadb3c25e50746488d97220
civora,partener-eu/validation/history/20260920T205054Z.json,11616,85d29ab14c23afc06c7843ae30a8be6488890165b87b44e2db38939609f30802
civora,partener-eu/validation/history/20260920T214812Z.json,11616,3d8927adffdcfee0cd13ed9b1926415b982cb15c4ac1281869f2249479d7e32b
civora,partener-eu/validation/history/20260920T214909Z.json,11616,81400a8ea508ecace7a7fbaee50bc1e13e91590a15fc6be0270d3380e8cc03ea
civora,partener-eu/validation/history/20260920T215602Z.json,11616,f237d30b9d7fac414dd46fd53a1160870ebbfd4664f2fc2dfd3c880308ac18f4
civora,partener-eu/validation/history/20260920T223530Z.json,11616,b40e81a88a61498de33c5751ebbe5c76630730c38535cf6de486c556f42c7788
civora,partener-eu/validation/history/20260920T223632Z.json,11616,62fd58f45ecb724f0e16317a61bf16400861de45ae7730aad8203070f99767cc
civora,partener-eu/validation/history/20260920T231659Z.json,11616,06e73e73b3e76a80ddac0f9e5e3517e955fede2d48475ce52489b6f016eb327e
civora,partener-eu/validation/history/20260921T002900Z.json,11600,103f644ee1d9589d62c763a63e5f91bc519ff7d0c62c95dfba8d8ce915fc0dfa
civora,partener-eu/validation/history/20260921T003000Z.json,11616,d020a550ddc0eb14cd49e4180fcbb70e713b2e42a85733f2d9d52cc89e6da075
civora,partener-eu/validation/history/20260921T003557Z.json,11616,2ea83022eeaedd87adc066c81d3ad8eea04e600018a76eb48410d1467e07d272
civora,partener-eu/validation/history/20260921T011604Z.json,11616,6ffab59484d7b97d59e73916b06de7c47e83333ac36c978408f9080bd47f6f93
civora,partener-eu/validation/history/20260921T011701Z.json,11616,3f3d92f02164811b3d53da8634d5d555b4916e66c213cf496b4523447bd520d0
civora,partener-eu/validation/history/20260921T045800Z.json,11616,d994515da7f7be6d12389b666bae8011b40b660da8d4c379c65e49e5b57f7eba
civora,partener-eu/validation/history/20260921T051121Z.json,11616,c38a100b9b98619c15314f831fca43c060748b91f9abc81ba003d47345af6806
civora,partener-eu/validation/history/20260921T052445Z.json,11616,522b6649d59233ac3530a81cc016213a1006687b6cf7e6ac1587a3204c8dbb00
civora,partener-eu/validation/history/20260921T052537Z.json,11616,7f7c2f8bc69f97b7bca95b50768fb41c5bd9a86ba909f53b956ef5ff228bf40c
civora,partener-eu/validation/history/20260921T053514Z.json,11616,86c80ada7fe3bc49134e5c1be0e2823c0ceddd535a5ebe7d002d53f263143d25
civora,partener-eu/validation/history/20260921T063252Z.json,11616,d6895d854f4768bb06f9ef6584eca426e2410fffc8189ad46695df9b22e0bdf9
civora,partener-eu/validation/history/20260921T063348Z.json,11616,941eeabccb48497760fa8d089abe1479923af51d872c88a703f4c551a59ee509
civora,partener-eu/validation/history/20260921T090122Z.json,11616,a8cd772ec94651f48ff562c01917ba43df533083119e98992674bbe990ed9e65
civora,partener-eu/validation/history/20260921T110453Z.json,11616,600fd3306f937e4f95eb27a341d228d5d835e3926815f25a2ad1bc9da5cc7e79
civora,partener-eu/validation/history/20260921T110551Z.json,11616,13747d47de512572e7d0e21764c0eb7c4afed4b97cb574ba206e520d86130961
civora,partener-eu/validation/history/20260921T111038Z.json,11616,d42125bfa82749867ce97cd997bfae541a009b4b298c2754d7a3d546fbf1b22c
civora,partener-eu/validation/history/20260921T125035Z.json,11616,bb6e7ed55c48456acf0deebb1ae1b4c10db15da66d48530db8c1313a5555e6f5
civora,partener-eu/validation/history/20260921T130444Z.json,11616,773a4628b38400b1c9a94481d53d684ad2dea176093543aa6ec0301fc73cb82e
civora,partener-eu/validation/history/20260921T142208Z.json,11616,4b988671debf427b352c9619005f76a2bbaeb013066ddd76bbfb3ca6b91723c5
civora,partener-eu/validation/history/20260921T142304Z.json,11616,9022514c85cc65f94535e0d0e89bbf3f3a4a87a66dcd54049c27f5a947d451b1
civora,partener-eu/validation/history/20260921T155529Z.json,11616,ff31293db0166107e2b6666749c59e55a49c71b58bc687dde90691cbf95c3403
civora,partener-eu/validation/history/20260921T171152Z.json,11616,dea3641d5f7fe6ba3328eda69d5de0afc79e124375af3bed4bfeeb1cc66c5c0f
civora,partener-eu/validation/history/20260921T171246Z.json,11616,a5b6e8c9e74dc396218260dc84295874a26b5a6a69da998a6464fb1c94a4ff95
civora,partener-eu/validation/history/20260921T171446Z.json,11616,c5c6fa3ec270c94fa6e5d3ad8334d46751069cf63bbf045e1e35d6431382a475
civora,partener-eu/validation/history/20260921T193803Z.json,11616,9231834ddd902efdfe6deb885f11bbbdffe6169c46facd847e81b57aae87fc70
civora,partener-eu/validation/history/20260921T200614Z.json,11616,66a2c06af70ae6949c8f1707da431aa7b47116fd0a51ae2c4d53314db0631f1b
civora,partener-eu/validation/history/20260921T200707Z.json,11616,c5d8153da098c1f69814e1bd12dbe008d6f08e5efaed4c9f09d513ee085abbff
civora,partener-eu/validation/history/20260921T211439Z.json,11616,c823c96f3f2de9ee47397880b1fa4d4625572f613b308e73874fece2f21f3051
civora,partener-eu/validation/history/20260921T211538Z.json,11616,dc08aade018711722575cbe584fd23cdb1b2609cc0ac5474f7ef6752e56b7548
civora,partener-eu/validation/history/20260921T211648Z.json,11616,c8f29a14ff2b4b30ee24de2bf63d8778dae0553b170a8a267a3326dfd09519de
civora,partener-eu/validation/history/20260921T220017Z.json,11616,b317886d0c24d573ba283454bc0b0e16ef963041dac9732238d8c7d2454c56a0
civora,partener-eu/validation/history/20260921T232547Z.json,11616,d7263354ba8a50f1c92c3139934287cb6a482e8bc7c651d6aaa435cb004a4121
civora,partener-eu/validation/history/20260921T232646Z.json,11616,aecb8281aad8d8205ca6c84f96f23ea26f8f8d43b77540af891cb0383c5ea9c6
civora,partener-eu/validation/history/20260922T000910Z.json,11616,898fa98dae97a8a9af7c443e78d8ee2091ffa40f786abb17a2362be07272bbdd
civora,partener-eu/validation/history/20260922T001658Z.json,11616,83ede3e2cca70a3fbe44df032b00130f45036adf4d0b2abbb0bacb31637ad378
civora,partener-eu/validation/history/20260922T001758Z.json,11600,4e8fc8e42dcd6c2a925b567c51128e6bc0cd13e98d759318a7e6cfbd3e4a0878
civora,partener-eu/validation/history/20260922T002037Z.json,11616,7c7b04afdd5956c302ae38b42ea0a755c46def1469fae0b306c92ff12eb1c018
civora,partener-eu/validation/history/20260922T045849Z.json,11615,0698cec9c73015c848c9b444aaeb7f79b8327eb088a1a0baeaf543116bc98908
civora,partener-eu/validation/history/20260922T051339Z.json,11613,06394b7ca8e7d89ee96d91caf93176d50438489293b483621447f57c191f125e
civora,partener-eu/validation/history/20260922T052134Z.json,11508,91604ce31e5cf4bc9a94e9396fb2766ea6e01eeeb81598174543c737d1695252
civora,partener-eu/validation/history/20260922T052229Z.json,11508,a5fda410ec05d13e00384c0b05ddc05279a1d3f96299126743c8e2734b3de2df
civora,partener-eu/validation/history/20260922T052945Z.json,11616,8d77baac9c1854fc4646f7ef70da8003e6af504081881c7160ba8cd13f67cf9c
civora,partener-eu/validation/history/20260922T083615Z.json,11616,3f81c68cd21d3878d1902d0fad8b86674f7bd2362840af82c8b7d8b9bba52028
civora,partener-eu/validation/history/20260922T100912Z.json,11616,29e67f3b1c456358c2fab1788177bc8c02af9b61c461859f582de15b71823c00
civora,partener-eu/validation/history/20260922T101000Z.json,11616,81722abe25e08871e940aef5b0fab01e7e352c3b23a545039af345342bb32967
civora,partener-eu/validation/history/20260922T101855Z.json,11616,38ff58781bad383723743ade2a4cdd0ea2db830476c287a2fa112db80d22d7e2
civora,partener-eu/validation/history/20260922T101945Z.json,11616,28fa22209274e99f7c392c4315534d2380ec828a52ae9d23e9611ec0747c6204
civora,partener-eu/validation/history/20260922T102403Z.json,11508,0eca58ae0997ab41cc9b2bf829ef71fcc16878020355a58d9b15e2d34dc9063a
civora,partener-eu/validation/history/20260922T102758Z.json,11508,6d5a17ad611130232c5e9f007a8df16477fca1f86cb1a1ab5a3dc6a2b29e3fd9
civora,partener-eu/validation/history/20260922T102952Z.json,11503,44bad8c6599a5fa2ec9b5618113e6653b493533278e093e6ff430ea5b32eb2e5
civora,partener-eu/validation/history/20260922T103453Z.json,11616,49f090a06490ed2ff7a942d9cdc62d108c25ad4596be15e2b0d1218a80b88d6f
civora,partener-eu/validation/history/20260922T103757Z.json,11600,40522413695213ad972bfe839f1b641ae97f91b2bdd7215a195a26da1d38a3c4
civora,partener-eu/validation/history/20260922T104311Z.json,11616,3ebff0ac35b56516fc4b7c1714f3df05d9fb6f5c043fd9826d1fe82b577153aa
civora,partener-eu/validation/history/20260922T104524Z.json,11616,a591d04c3f79bc01500904df6e2b830dfeec008955bc25c676eef5fa04b72593
civora,partener-eu/validation/history/20260922T114046Z.json,11616,b590ff18175aea16cda00f63574f60a3e09d1761e73170ac1690991ab43f9cde
civora,partener-eu/validation/history/20260922T115409Z.json,11616,733d22cf9d98e96793212bcdc69667eaabc71b7a0fe6f78108245591561e417e
civora,partener-eu/validation/history/20260922T123515Z.json,11616,3151dc334fe3c5ef7ec06efb94d2ce4651eb929454575c2d07e0afbef9796db5
civora,partener-eu/validation/history/20260922T123626Z.json,11616,e45bbf27d3a0b2d5f41def65836abf12f2e227718a1e965b35b2bb10944a17b5
civora,partener-eu/validation/history/20260922T123759Z.json,11616,0710b3c24df00d48e13693f97ff41f0a0373127a6140d39cc9e5c5fa4e3c3deb
civora,partener-eu/validation/history/20260922T133156Z.json,11616,466a83a8d02e022b088be644d04c02d7eb5c477e5410d2d99c8e3efad453d8ce
civora,partener-eu/validation/history/20260922T133605Z.json,11616,717d87c2813b139842c247bc425686862d4332c4d902e44337da95641647efe9
civora,partener-eu/validation/history/20260922T133825Z.json,11616,9bc407df7c474121df0dd45d19129664bf3ce642112b7c6b17c19f2436c69eb3
civora,partener-eu/validation/history/20260922T134326Z.json,11530,1796ce0bd3048a0766ef6b8089f07326cce984bde3af74eee12b738cc6e5992e
civora,partener-eu/validation/history/20260922T135124Z.json,11972,14ab043d57310a500dafd13ccdf9c75c4e2f7c9182e06aef0e40fc5a71ab394e
civora,partener-eu/validation/history/20260922T135821Z.json,12176,261f56a4342b4386ceb6b76ca6b73211b8fda782c245044559161625398307c9
civora,partener-eu/validation/history/20260922T140341Z.json,12176,adb16f2cbdb772deaf07b922e34500548e40ede05f67423c6cf3cd14cf7126d7
civora,partener-eu/validation/history/20260922T143011Z.json,12176,0081cab04b2067aa066378226bed975e0454f751da5350ed09c93732b8fbc373
civora,partener-eu/validation/history/20260922T143455Z.json,12176,f278bb10cd90bac4820ba576d76dadd4667db5fef8ebe50754ceb0db59b1860b
civora,partener-eu/validation/history/20260922T143713Z.json,12176,9720340117496f7420d62ad95c68952cdd8c344985e5c00cd8307b7595243041
civora,partener-eu/validation/history/20260922T150608Z.json,12176,eac324a467f12aaddeffa174ea8eaf64f82d79dcf81ad368005c3d3257d89acd
civora,partener-eu/validation/history/20260922T150704Z.json,12176,f59f2aebbdb317f7164aac9a67f2cbf472bebcbe40e25b1f3c2b4d95c3089389
civora,partener-eu/validation/history/20260922T151327Z.json,12176,c0c7e02bac40f814d60462f5c727824d81295d2bc0c0ac5ddd09200233e48079
civora,partener-eu/validation/history/20260922T151809Z.json,12176,7aa3b6b56249fb1a6e1b9f3719867add2f704ba8148364a4ba8120d53b5c743f
civora,partener-eu/validation/history/20260922T153321Z.json,12176,31066f218629ea048c19245f64acf7603825ed4f43ab91153cbcee43e108612f
civora,partener-eu/validation/history/20260922T153425Z.json,12176,2eb1640b1399f5353ca420037eee81abe172c81c16a14d7bf9106afc756757d0
civora,partener-eu/validation/history/20260922T154421Z.json,12176,3c17b377cd9ac93c758e80d080a65cc2112548eb31a48dbc30580c412df20abe
civora,partener-eu/validation/history/20260922T162909Z.json,12176,7ce8916b1b5838b6fa8f84ed2e6a51411cc55168adc45aff770752d62492e52c
civora,partener-eu/validation/history/20260922T163028Z.json,12176,4a256822c6c3848de136f8da5c031b680866a41273c1074fa11001f4a1bd726b
civora,partener-eu/validation/history/20260922T163221Z.json,12176,d5df68ecbe1de96a7d9b0825391ac1b0ea4d33162b88e8f2dbf986e6a88629e7
civora,partener-eu/validation/history/20260922T165859Z.json,12176,e4db8d557ae1861385bfa15f8bd1b6fa919490c3d4655864f2f1708f811d373a
civora,partener-eu/validation/history/20260922T170708Z.json,12176,8e40db4f04bf1504de4877053a968ded06ef2ccc4ca719563796f3ac1a04a3e6
civora,partener-eu/validation/history/20260922T172113Z.json,12176,6d27d44e64a57ceb40634c613f2bc8e0509364b8be93d79177b972d42898aaf5
civora,partener-eu/validation/history/20260922T173357Z.json,12176,88281060af10e0c1e727abd8634e12de1dab9f8e414c752bd19d308d6ecd340c
civora,partener-eu/validation/history/20260922T173612Z.json,12176,45f40f8a28f34988f4c37f2c84c43daeb5cc96d381458e01de5f8dec3e5b43fb
civora,partener-eu/validation/history/20260922T174301Z.json,12176,074a704fd4998413851879f7a14965d730e142a413623e6fb2abfe1d147f232c
civora,partener-eu/validation/history/20260922T180328Z.json,12176,2852728ae97ce2bdf3ab901bc50c7539194f81a4b4da76699d5f7504da94d06e
civora,partener-eu/validation/history/20260922T180450Z.json,12176,b12d785d32efb62d77d0bce587f761739984f753bd61c3367aec034958183fd0
civora,partener-eu/validation/history/20260922T180634Z.json,12176,cc9e28d99e77205e00d528dfe6bd9576edfe0605b3cd896625dbf6b85d925689
civora,partener-eu/validation/history/20260922T181349Z.json,12176,6a5a9ea20b6735f6ca6495ae7ad81610a4207950ef1cbe2e7c724257769c776c
civora,partener-eu/validation/history/20260922T181537Z.json,12176,ae7418bca8da4251385c0d5510960a77af71b0532d6dc5b199a68f95378cab3e
civora,partener-eu/validation/history/20260922T182227Z.json,12176,734300391c11e83aee5500cfd493c6582c12f4fae630b9e257c9af69b01126a8
civora,partener-eu/validation/history/20260922T184320Z.json,12176,7209c14c93b3bc9debf2e0df1c712ffb984c726fe318252ec1680a4cb8478fbd
civora,partener-eu/validation/history/20260922T185719Z.json,12176,a061df021816a06a7b378a057b288a420a344befacfc2ad8b386111b9bc1bed4
civora,partener-eu/validation/history/20260922T190339Z.json,12176,7d8adf10be26cfce8a0a23e357ed452affa77830e04a7f1d146f1f637fb5bd97
civora,partener-eu/validation/history/20260922T190619Z.json,12176,5bdd0e14d38369cd23ce7a1571135e81796e3fc6ab6a1ed1c2a7e5c4933a8522
civora,partener-eu/validation/history/20260922T190721Z.json,12176,2c718c1f78c739812e76e3a33c6bc3a2332c0e67ae601e0cf29511de8be3fb1a
civora,partener-eu/validation/history/20260922T191731Z.json,12176,f6ed9837223fbc7c82fcf4e95a12725014ed79d98818a704f865d64454de88d9
civora,partener-eu/validation/history/20260922T192026Z.json,12176,02f82f334723a149bdf37eb7e285c26d23209e4b2b2019d5c9b4e3c057ac7daf
civora,partener-eu/validation/history/20260922T193617Z.json,12176,b1561ec94b11b925c9237693082a5a18912a935c8945c1bba85942fe0d2f59d6
civora,partener-eu/validation/history/20260922T193914Z.json,12176,5c8ced32cdef1be7c75b571d87fe33888821a5181b0a094b13d5346125c794f2
civora,partener-eu/validation/history/20260922T200526Z.json,12160,3fd0ffb15b29a8b7750227e656db8a78429eb76eb3eb5fc730a14134187ef594
civora,partener-eu/validation/history/20260922T212056Z.json,12176,413211a4eaba0f32ffad002fef29d0dff5c8e9ae057f45d5c3d95a48858f6af2
civora,partener-eu/validation/history/20260922T213148Z.json,12176,004240582169f1504124429a106989a80e6c4f987c080a5f99290161c3bd8bda
civora,partener-eu/validation/history/20260922T213511Z.json,12176,35c01c2fd7fdd5701365e93694406dd74b62ea2a4256bf2d4ab28132dad42c5e
civora,partener-eu/validation/history/20260922T213651Z.json,12176,8cccae7c4f323dd2a154735930c3650bca3aaf13adc460f93b74da194baa3290
civora,partener-eu/validation/history/20260922T222104Z.json,12176,998eb07ab70fddd4ac2efc1e5277548f93f7b99f1e0abf60b01c0de72365943d
civora,partener-eu/validation/history/20260922T222216Z.json,12176,d1046c93037f215d9148a7543b54ea65ac189f5411b694d628bf38a95b118397
civora,partener-eu/validation/history/20260922T222538Z.json,12176,a77cc3aafc4bf8ccd42020c0c6a7573c07e4564c0ed925767254004198ea9bb2
civora,partener-eu/validation/history/20260922T222637Z.json,12176,302e0989ca984068dabf726a06b0e1506881f7b7115bcda657c53a2e80e14aee
civora,partener-eu/validation/history/20260922T222734Z.json,12176,289dc1663c9fe56bb704756a98310ccdbdbe71d590b0f72b34eea3ea9deae1bb
civora,partener-eu/validation/history/20260922T222919Z.json,12176,6731182ef0c1f9040883f457c4c9bd4a49a3611b635d9f1cc5b4ce9acc9cef97
civora,partener-eu/validation/history/20260922T223006Z.json,12176,dd51c3cd0943f675560c4d0af8ee94ee5c093ef580c30b5e2b04e5bf012bfcc7
civora,partener-eu/validation/history/20260922T223104Z.json,12176,78a454c88ad24600977dd4036f46e6965255ef445058d2f6ea017c3ef0c93f5d
civora,partener-eu/validation/history/20260922T233659Z.json,12176,7bcaebceafc4be7e777103d1330fefcf1bc8019b2bc7ea65aa66da6e61e2a1d5
civora,partener-eu/validation/history/20260923T004813Z.json,12176,8ca910f17662ec01163895aa56d5e1d60a212312b26374d0ce6bcc7aec3452cb
civora,partener-eu/validation/history/20260923T004907Z.json,12176,4011d23e92a4a55a23e624f0607cbf91e831963613d7a27b47f0402c8611cc1b
civora,partener-eu/validation/history/20260923T005427Z.json,12176,d98c76e78a4b93610a934e371f2f20ec95c13ef5d68122e6faa6918beabfbaec
civora,partener-eu/validation/history/20260923T005520Z.json,12176,a3dc6f471dd212ede60212d2fd49021fa84a270d75fb1d76e26e9d78c515ff09
civora,partener-eu/validation/history/20260923T005610Z.json,12176,f18dee5fd684fdf603c63aa758525f8d41f6726fd4742fb479224d33ed9664e1
civora,partener-eu/validation/history/20260923T005923Z.json,12176,07c8156435a710c3dd64f733e6fbc5512b46da496012bebbe358320b39c36881
civora,partener-eu/validation/history/20260923T010314Z.json,12176,e23de4b448b869aa1cf5c29059bb8c4de89ca077dd3da34254cccbea7de640e0
civora,partener-eu/validation/history/20260923T021236Z.json,12176,57350c52b213dc30317b609df90f37c27af1e6a42da4d6e998e347e00107b264
civora,partener-eu/validation/history/20260923T023746Z.json,12176,04348f0d88cbfc2db302f1d2496676fb6b0524343aacb924201723f26c6a5d00
civora,partener-eu/validation/history/20260923T041111Z.json,12172,bbe2cee0682db05490e29eece262b1544da2fa8a89d29c08ef5782edcd445553
civora,partener-eu/validation/history/20260923T041236Z.json,12169,e459530ad39a5cd1ba9e4776c882d63488f4faf6346aee2d917c12b9799335f7
civora,partener-eu/validation/history/20260923T042459Z.json,12173,b57dbabf1817f91405643288c3098537eb2f0ff7462746e0a92f29694712898a
civora,partener-eu/validation/history/20260923T042743Z.json,12173,0b044746e4d0a7a1054918ba6300a21d7a22f8222a467e27aa59e53f46f25e14
civora,partener-eu/validation/history/20260923T042846Z.json,12173,e84a2d352203c8d60c266bca76f394f43b6c9b05d3e12ccfd959ae2250a1102a
civora,partener-eu/validation/history/20260923T044656Z.json,12173,d1c03295884bad3fd7ab4cbd33de1b8f5ac8d44edd51f497935002bfcb82d973
civora,partener-eu/validation/history/20260923T051118Z.json,11954,dffef783aaa38c9fa3020450602981452660c1a34f38e6cdd828c15b0ce84c87
civora,partener-eu/validation/history/20260923T055717Z.json,11970,050837752c113b9c7f9f9a88c90e3a2253abdbae9bf184e380f48b612fe90fd9
civora,partener-eu/validation/history/20260923T060128Z.json,11965,bd0c01aac52db443aaf6a1f769339a440a2fee26829527254038638245a3b14d
civora,partener-eu/validation/history/20260923T060918Z.json,11965,f6246296c96e0405c9f9009182c7bb8aaa40e3ec06a631b9d3f0be3af0af25b9
civora,partener-eu/validation/history/20260923T062838Z.json,12175,3101703ffe69dfb328ad3bad0d0289894334532760e987f41f6f6c2f461659fd
civora,partener-eu/validation/history/20260923T063806Z.json,12173,f417e171cbe5b5f2a255528f6899e84a020f43dee5412a5032cbd38b1ff41b88
civora,partener-eu/validation/history/20260923T064157Z.json,12176,6af641058226b3ff4013ec2410b77e1a365a8c2be2cff64fae210581fa1b04bc
civora,partener-eu/validation/history/20260923T064246Z.json,12176,85d99ee14036a60fa5b4f849bde3b2090efe0dbc863b2c62ed597a2e32da3224
civora,partener-eu/validation/history/20260923T073735Z.json,12175,8597e34e5ecd7c354dfda9927cdda12540ef4514565fee7c107a61a592524aa2
civora,partener-eu/validation/history/20260923T073915Z.json,12173,dff209d756f05617b5b6d5436e7ba5490416c8081dd527b77f53ffa91a161941
civora,partener-eu/validation/history/20260923T075322Z.json,11878,b9a56560e63d6aa8d932e3b811c8bcab480a4c6734e4be2f1ac6ff3e10dbc5e5
civora,partener-eu/validation/history/20260923T083833Z.json,12176,963166f6b1954955d9b778c3f3bcf6534c448695aeda09b937410ab9bcf66fcb
civora,partener-eu/validation/history/20260923T093333Z.json,12176,fff920b0f13dae59f5d67077ae1fa31cd01da32f69c140a4de5c41d7453ae0a3
civora,partener-eu/validation/history/20260923T110506Z.json,12176,08364af621ee3b70b106c2e7494750d710a87b40e78e4ac650ad995e3e0228ca
civora,partener-eu/validation/history/20260923T112735Z.json,12176,d58006cb3cac17a964901d152e576e9e2718635ec1ae19c544864e6fc8f4c299
civora,partener-eu/validation/history/20260923T113945Z.json,12176,f29879672ce7b0a7015f920befa068a5174be88a593fe71243abe1ee53fb9878
civora,partener-eu/validation/history/20260923T115221Z.json,12176,9ac1ef14e1b6697903eb26224b71ce40aaace3e6e5898370fffd1e9910cacbd8
civora,partener-eu/validation/history/20260923T120726Z.json,12176,3bb7fef15262628d911563783a30b3657f0a45a93f37d9ae57280e4198e491e2
civora,partener-eu/validation/history/20260923T132548Z.json,12176,491d578548f2ef9c31021eceb0c05e0c27eae86b6ffa95610e72770d2eb2756f
civora,partener-eu/validation/history/20260923T132651Z.json,12176,c44bf7677feb206b855d33eace904039c0cbf6c0b9b958f4bbfdb9fb9c03cf39
civora,partener-eu/validation/history/20260923T134335Z.json,12176,f99cb682e8eb581aed61cbdff712cb6386d5d6eea5e4d17ff3ac7e62dfacef66
civora,partener-eu/validation/history/20260923T134614Z.json,12176,86c3b679fd809cafe8d350d7e494e586f95fd84a37c1b5ddaa9e82c6f2be0167
civora,partener-eu/validation/history/20260923T135326Z.json,12176,fe381a8814cb3f508e7eedc5226787ca16f1ddb412424fe8254cfed4cdf390d4
civora,partener-eu/validation/history/20260923T135418Z.json,12176,def229791e233cb0e1640f55f8055aa328479b88c90a4e690e3a22b90a2d1f29
civora,partener-eu/validation/history/20260923T135652Z.json,12176,6c2f4033344e9992398a882c6e293db12a98c465f44488804bd0a3d73597f24b
civora,partener-eu/validation/history/20260923T135828Z.json,12176,116f69e0083f0104f262a9bf8ac69dfa1b48f1ac33333eebb584543db63cf61f
civora,partener-eu/validation/history/20260923T140214Z.json,12176,7200363eccd9ab56151d6d149f3f6742ada7d0bacaeedfeb87f504281cd0ff05
civora,partener-eu/validation/history/20260923T140455Z.json,12176,baf31c5cc182513c6894d591a12460e0c5dc6e1fb933007a2593a55b3d83eece
civora,partener-eu/validation/history/20260923T140928Z.json,12176,bf6657f1181b9fc19ce8749bcfb75c747ae219cc978e34ab0c25728519489319
civora,partener-eu/validation/history/20260923T141027Z.json,12176,94d3b703e7df061fcc9dd9d3517fa4cca15e8edbe3b9ef8361059453acac85be
civora,partener-eu/validation/history/20260923T141654Z.json,12176,f2b8a0751dd1274ede99aad30dffdfd7d1cd5f0c90767e5dfdd5232fac78daea
civora,partener-eu/validation/history/20260923T141751Z.json,12176,832b6c8fb394edbf43049c8f5fb01b380c83c1d12bc3f83a456a2c57d96625c6
civora,partener-eu/validation/history/20260923T142052Z.json,12176,e6e413f169a418a11b39df1b9111dd24111eb9fd9e53985476d50eb016557785
civora,partener-eu/validation/history/20260923T142207Z.json,12176,660e59481341430a8d8cd5cd09ec808892f08d922cd1b5529354882e92e65b87
civora,partener-eu/validation/history/20260923T142401Z.json,12160,9d4019a35a37c18728f0165fbf02cf64ca93452cfad7c0b94723705ae64a8d08
civora,partener-eu/validation/history/20260923T142503Z.json,12176,581130fe18fa3bd162aed291c26977ce9b74f09f79a9a65456a21abe2c127f05
civora,partener-eu/validation/history/20260923T143034Z.json,12176,a9917bdf18fce9a6505bf473ed8ff33ede028abcf228bcf7096e6f397e7a4d5a
civora,partener-eu/validation/history/20260923T143128Z.json,12176,00bee33e3ef97523dad772b85cc91de183d50fb746a903c5c03b247e51b320a0
civora,partener-eu/validation/history/20260923T144445Z.json,12176,9cd17fa9237c6955ad53b72c73dc4cbf5af9a93d36496dd6eb51e48a2f7c8383
civora,partener-eu/validation/history/20260923T150517Z.json,12176,5b261becfaac42511e9ddabf006c8204c07edc234f240f5ff7b9b7322e7cb63f
civora,partener-eu/validation/history/20260923T150836Z.json,12176,ab82802d32f0950592c449d8c8fdc851c91e544b790e836ef7d01b0e2067c0b0
civora,partener-eu/validation/history/20260923T152453Z.json,12176,cbc069a557919ef18059c6857449ae5d60c3d1a3b5e139d7b81588260663bd80
civora,partener-eu/validation/history/20260923T153520Z.json,12176,58e047620fa36583d2dff2ec561eba6b76443761d61040eb314994916eb34acb
civora,partener-eu/validation/history/20260923T153613Z.json,12176,f576725847b80ee451a938da4fb42a9160285b1b9128b0114bb34b97c77871c7
civora,partener-eu/validation/history/20260923T160439Z.json,12176,8de4ebef83d7d1b5768a659b571a9c9a8b01d99b7a3befc193d07ab340187423
civora,partener-eu/validation/history/20260923T161122Z.json,12176,6f41d09a85097879ab58c003e92435e9ebd95a3b5e6bcd44b38ac631770038fa
civora,partener-eu/validation/history/20260923T163903Z.json,12176,7b38b9cc4a01ba65e172698829bff2a246f74e019718f840cd2176871ded04a4
civora,partener-eu/validation/history/20260923T164128Z.json,12176,fa50876de9aafcc0ac1974bba1126266609cda25266331331b3eabcb50fb5579
civora,partener-eu/validation/history/20260923T170118Z.json,12176,0197630845e087e42538c2c7803db08262f62e9e425afba264c8e1b9db19c38b
civora,partener-eu/validation/history/20260923T171620Z.json,12176,1e18ae093cf21d2238021cbfb6969d216d449c2e8ce7c9a1f09661561877af41
civora,partener-eu/validation/history/20260923T172709Z.json,12176,87ae1ef551ccbdd5f86016e36ff800798b8f91db5f0e45b82fd5aa7010821d5f
civora,partener-eu/validation/history/20260923T183053Z.json,12176,0ec5a45f580d4ce5ffa9fd0c6321ab4b80ee99f6d3abd293614d40ace4054a51
civora,partener-eu/validation/history/20260923T183800Z.json,12176,2634c54ca3216c9596235aec655c6d6e31c36cf6d15d558757e41f6c0a23fe3c
civora,partener-eu/validation/history/20260923T184037Z.json,12160,6586840ae7e543948a721d05a85ec4b919edf68f86f93ae46dac9b47998a6b23
civora,partener-eu/validation/history/20260923T190515Z.json,12176,16a67c4bb3024282330e950ec504d4b5206f4d1b482e422c3b6fbeb84ae82a75
civora,partener-eu/validation/history/20260923T203247Z.json,12176,7249e9bd7a525feab156cf4ae2b2167f58352815e7bab26f3d2344cde240db47
civora,partener-eu/validation/history/20260923T204129Z.json,12176,0ff5e714a5995931f0724367d1c76828b4fa60a9c16c068678393915423af6ec
civora,partener-eu/validation/history/20260923T213131Z.json,12176,407d93b44deb3d55f26f14cb520e1a96d6e29f05f117d39c1d7a4f7d7da15fd4
civora,partener-eu/validation/history/20260923T230253Z.json,12176,e5f2e2f3042f93e96e39e22d6ab0d56181cb23b6dc4ff1f974cfe72f3cba29f9
civora,partener-eu/validation/history/20260923T233349Z.json,12176,e37959b27ac95ed0f72454bf7f98fb22ba88627507aee28d821efd9856629baa
civora,partener-eu/validation/history/20260923T233710Z.json,12176,308ac328dcf9ec6707b37fa57272fe13777f8d6746d661b211c809006abf8a86
civora,partener-eu/validation/history/20260923T234443Z.json,12176,149e132272716287660a9ad3074f92cefa510ecf55597033419bf76947b929b0
civora,partener-eu/validation/history/20260923T235047Z.json,12176,ab333a4dfee78095afe0cb977c634efdb7c5c9a9ff974d8a5c56c0873e3db3c6
civora,partener-eu/validation/history/20260923T235657Z.json,12176,8c1a5db2b2ef830c038ecc5d5471763c0d58603b4aabc8a6b99770d48140ab02
civora,partener-eu/validation/history/20260924T045309Z.json,12175,a157e95953027e49808d73c5c7e0126c5ce978258a92e154b28e95b7287c1e66
civora,partener-eu/validation/history/20260924T050530Z.json,12173,c1be27a80cc4542abed696610ffeb4f24698a38b0d36045f4cdf6377b009d75c
civora,partener-eu/validation/history/20260924T050629Z.json,12176,7c227170b3df7825aa73c4be5d1111d218a0e6057d68b93ca50b21897bfb1c70
civora,partener-eu/validation/history/20260924T051907Z.json,12176,116ec68ac0204a712f1b927201f669cc34bcc57abe50c9ef8f5543c5b83d4c65
civora,partener-eu/validation/history/20260924T073739Z.json,12176,243658b63751e412643a0cffd42d89657d29771a68404bc28a51d5f1542ea6cd
civora,partener-eu/validation/history/20260924T074031Z.json,12176,89241866476757216631c15c0c1f3f8044e5a155c7979ed593ad485066684291
civora,partener-eu/validation/history/20260924T083121Z.json,12176,483ab07004ec2a65adedefe4c2c72d257ecdd832ef956a8992ecd8e0143ea68b
civora,partener-eu/validation/history/20260924T093154Z.json,12176,c3732ec77eca24a51981f189ae1326e4fc8be01dea3359cd327fedda5ad47f0d
civora,partener-eu/validation/history/20260924T101359Z.json,12176,a82a54ca856477276c55841d778ed9761e014f5e752edb75bae6d9d4db419f22
civora,partener-eu/validation/history/20260924T102300Z.json,12176,65db05759e785a7a7f1f273c48c3a9dda1ebec2822511904b023958e6afabd07
civora,partener-eu/validation/history/20260924T102422Z.json,12176,9e3e8acfe99e48cd280b0f857f7b4c482a14ef5f3eaf2a1a7d70edb5250d9a57
civora,partener-eu/validation/history/20260924T102957Z.json,12176,7c5d2eb03fbd49a346b32f1bbcc2eb003c12309b9e9c0095169a88c0deed55ed
civora,partener-eu/validation/history/20260924T103054Z.json,12176,d7f4a51d4baf7747b1cf43d8ecf5d7a9be08a8f7d8151025113d5f56c898fdfc
civora,partener-eu/validation/history/20260924T114911Z.json,12176,fdd65b6290a81642d3a3853372107934b85da3ea6c94965585a7453d8af92329
civora,partener-eu/validation/history/20260924T120156Z.json,12176,824de40f77c4e71826eb719f111ec52f8c4f327050584392ad4751ad504932cf
civora,partener-eu/validation/history/20260924T122029Z.json,12176,10bea2753aca00e5a2e86302a4d05b87eac721a0c839e3ca13bdfa23636acfd4
civora,partener-eu/validation/history/20260924T122338Z.json,12176,f1a96e9d747ce137bf2d2a7a18c62044fa36aa30ff5e5b396eca44c95a50d841
civora,partener-eu/validation/history/20260924T125723Z.json,12176,a98f6059784fa69aaf257658f78fb32824926a9a014c366fea9355be545ca297
civora,partener-eu/validation/history/20260924T134102Z.json,12176,6037ab15e404214af235d3fcb759e77c761a58d89fb170d40c72d6239b1f41f3
civora,partener-eu/validation/history/20260924T134209Z.json,12176,5b45b0d196144246e79bf38c50ed9d08cd336bdcd63325827229d3440f2a9ef3
civora,partener-eu/validation/history/20260924T140043Z.json,12176,ecf28f20c809e81db1b9bd5793c839bae1daaff7c83432d3ff827e62ed065b51
civora,partener-eu/validation/history/20260924T140150Z.json,12176,21d5a94f46de2335fb63c828edebf4ee842efed631760513eda0a3135dbc3366
civora,partener-eu/validation/history/20260924T141431Z.json,12176,d6563d04d00a9f308f1bfde178c824349953d7328ca3d89571402ac66d13b6a0
civora,partener-eu/validation/history/20260924T151846Z.json,12176,bbefe8810212c5919b987ce3a735293ddcc43773a05c021e94396ae996bd6eba
civora,partener-eu/validation/history/20260924T152528Z.json,12176,b3824be96b75c960de6ebea91e7d532079defc68b325a0793202507e7e85b181
civora,partener-eu/validation/history/20260924T153032Z.json,12176,107f7293689ca9fea1e1a63247c2908f20727fa04a47e84cea8a862fecae505a
civora,partener-eu/validation/history/20260924T163337Z.json,12176,5861d87fbfa833b51b05d5832864fb39b357074616e87028d18b46c18c7a0940
civora,partener-eu/validation/history/20260924T163442Z.json,12176,617df4a8379ae952af104615f049b7e7a607381e9a7d2c8c966d12fde66e6ea9
civora,partener-eu/validation/history/20260924T171313Z.json,12176,125cd217ac381d756734f7e268345142aa33e11dcaad0bbda65f0a8d2150ae96
civora,partener-eu/validation/history/20260924T172450Z.json,12176,a2679f111807772611c42945f44e6beaad9ac2cb494e977c7dfba0fa9ff499b9
civora,partener-eu/validation/history/20260924T173607Z.json,12176,37c548fb71189c6b747a2bfe85a211ca55a4b6690783971b5191ca66ae4282e8
civora,partener-eu/validation/history/20260924T173917Z.json,12176,4d9eae159b280d0d28adc6c5406204875eaf5956e83bc03f0522dab19c86308a
civora,partener-eu/validation/history/20260924T191329Z.json,12176,d5f148318026dc5530dce358428f53aec2cb96b4da2daae875f1486cb23123f3
civora,partener-eu/validation/history/20260924T192240Z.json,12176,9538068859220d35bd96a25befd7372138622ac3e6bcd1e7011bbfa93f60f5e2
civora,partener-eu/validation/history/20260924T192722Z.json,12176,87de343f7cf23ab3bc2337ce0ee099f68a76f6e27349843a2a9a65aee635715a
civora,partener-eu/validation/history/20260924T193106Z.json,12176,a2a767411ae86eeccde316f8534b126c163778a9619e50b65768f85dfecf33d2
civora,partener-eu/validation/history/20260924T193200Z.json,12176,b4e246fe5d524ba646ff748a2b3668ca4691dcfe78fcee3b134d4f1bd0ad8d7e
civora,partener-eu/validation/history/20260924T204949Z.json,12176,3510430fa30022bb969f9ffd47cde59f6f0baa97860b06f6e056fe7ec20032ae
civora,partener-eu/validation/history/20260924T205231Z.json,12176,721f4978a4fac2aa3b974065d7f324b61cac29000228ce25b5d782ff6a697caa
civora,partener-eu/validation/history/20260924T213250Z.json,12176,bf72df445bdbcd2eed3999b841aba4a4fea3b6796a56dc03c8f8081a8c91c2fe
civora,partener-eu/validation/history/20260924T213956Z.json,12176,ad4d8520e48a1e902a18388077cef932e0b4cdc8151873f01ffceec8a0e0340e
civora,partener-eu/validation/history/20260924T224114Z.json,12176,db0d7b19aeaeb5e6fb997cdc18a4f0f055aac0c96c1a6c9beb7bd5d957525d1d
civora,partener-eu/validation/history/20260924T224422Z.json,12176,d8938bb029c7622d47393d3b01a08a0786b98e481411519d21f709cd4dd87d33
civora,partener-eu/validation/history/20260924T233416Z.json,12176,dee690fabbb8feb453efe98cbdc2c97428f682ab71f984a7d5075ece9c5d816a
civora,partener-eu/validation/history/20260924T233641Z.json,12176,acc9e6654ea3e7ae75b444405041c52158c928ec47da2e3eb6ce4fa5827d3b44
civora,partener-eu/validation/history/20260924T235352Z.json,12176,972733383fbf8f0abf0df53047bda11a62b2ab3f3dfeb18bf55d37a390d180a9
civora,partener-eu/validation/history/20260925T004000Z.json,12176,00a190bc652fd3f1baacdf53fce411e92a117fac6c4ffa11311c6fea38081ebd
civora,partener-eu/validation/history/20260925T014149Z.json,12176,e072b716055e00630cf7ea0e203e61c94929495668a457a6c05b5e5c52d1b9ed
civora,partener-eu/validation/history/20260925T014602Z.json,12176,0ce7c86dec2d424b2040d857e8e3b4906cfc3b5ec8956779a825fa7ae8e95127
civora,partener-eu/validation/history/20260925T015249Z.json,12176,81f9708959cff56c5569e57563fff6e6cc24def2300f8013eb887309bc74923c
civora,partener-eu/validation/history/20260925T015918Z.json,12176,0bca8949f90765c22ea680c0cfb301952fc2c7af61377e9eaf49c2b5e96ba651
civora,partener-eu/validation/history/20260925T020254Z.json,12176,1c13a0e31ce28143938dd42ad92665d82de5da0a81e0e109d861172886c26dfe
civora,partener-eu/validation/history/20260925T044011Z.json,12175,1038c70c77e86192fb445ecfdf80b1556777cb38f57380c13b37217230432a8e
civora,partener-eu/validation/history/20260925T044349Z.json,12173,41bdcadbedcef022520c703d979de9f4b35a12866c0674fb5afbc0365ee1e005
civora,partener-eu/validation/history/20260925T050047Z.json,12176,b003ef8939feec01ea737ee42df151d6defca4e0ad0f0703992605c25ad735ba
civora,partener-eu/validation/history/20260925T053534Z.json,12176,92309241a65c2c3bfa0642bc1159382da089fc928c91a32865beb2b217df0a06
civora,partener-eu/validation/history/20260925T053633Z.json,12176,59b0ae514342b848d9b65d9fa7a583ebab2215a745a0098891e2f897a6936003
civora,partener-eu/validation/history/20260925T080734Z.json,12176,d430986d4b22e5fbf7f9e4f06710b0e19988bea88f2975edf24b87f3e2786c6d
civora,partener-eu/validation/history/20260925T081027Z.json,12176,9d2e93a18d12895889d2307f1651aa2cbd3fb9942182ec27c7e24fcdc084af6e
civora,partener-eu/validation/history/20260925T081109Z.json,12176,470104aaec4407180d86d1b2b07bbf254f30bb97e335bc4e881cf054c22f6949
civora,partener-eu/validation/history/20260925T081406Z.json,12176,80688e493b15f923e53974089f2f46d7d6db075fe9a1b940584e0cf13efba383
civora,partener-eu/validation/history/20260925T081730Z.json,12176,0bb8230b13277f788020b2d6a60eb11a31038529d0d78c0f265174226148cf68
civora,partener-eu/validation/history/20260925T085305Z.json,12176,d27a7d82030e39e11a5d260e4384d5e3bbd415e15f2175368465929ce0fb6eda
civora,partener-eu/validation/history/20260925T094942Z.json,12176,67b3d330542e6fd86dbbb8d193228f8291d0d70135fe7d35c57beca975df306b
civora,partener-eu/validation/history/20260925T115244Z.json,12176,d061168810f749d6b61533ced659ea607443b7d01cd98d0d65db7f41bd07f237
civora,partener-eu/validation/history/20260925T140134Z.json,12176,09c100a5c5ad3b62a269cb6ff7bc742f9adc3b4806672fe2a82407435bc5ded8
civora,partener-eu/validation/history/20260925T140632Z.json,12176,696ca75bf6c7bea5e54a5cc4ba67e9fdfb9d19e6da727e2852b370be076d3663
civora,partener-eu/validation/history/20260925T141200Z.json,12176,1c1e95527dbb8584a0e887571d51dd0937c878acd903e6fd667d47544938480c
civora,partener-eu/validation/history/20260925T141340Z.json,12176,245d9abf66c9685070d6a4b4a71c339b618f3a3d517ac868aa42dc033b1f2b0f
civora,partener-eu/validation/history/20260925T141649Z.json,12176,50837f21be4f5ae7be4dc01ec4aa174d60735398a76b27bfb088f9eb2e51f124
civora,partener-eu/validation/history/20260925T143802Z.json,12176,bd3b57f783ec15dc8ab041e0df2851c443c9f06f2f3f8e1a78e61ab589cfc77d
civora,partener-eu/validation/history/20260925T171311Z.json,12176,c50dbe8ab0b76b4c23e77663fe96c4d046017bcc24b7d8ed47cec39545058f58
civora,partener-eu/validation/history/20260925T185254Z.json,12176,06f61d4c3ad0dbcc1656b4f94b03c194591134dd056e059f29634afb16a752c9
civora,partener-eu/validation/history/20260925T185815Z.json,12176,16b5a1f18d52dde8819ec4bdea1527d524e9fe2f6428959ae1001eea90da5b07
civora,partener-eu/validation/history/20260925T190051Z.json,12176,9546ecbf0b781ee651323d1d85a165d82e265531923dc07bd12d24ecf9ec37f7
civora,partener-eu/validation/history/20260925T191713Z.json,12176,b1cf6778f81779926f31c63ea8659c4b9bd261c9524c0c252996e8aed84f6fc9
civora,partener-eu/validation/history/20260925T213700Z.json,12176,6cac71a1e125d251ffb03c12c90d7658ff4d35770c712f18bd1138fe4baa66e8
civora,partener-eu/validation/history/20260925T223309Z.json,12176,0bd1ee4e607c55dff7470e7311d58e09851784192f6de38d42aa32ad00a030f4
civora,partener-eu/validation/history/20260925T224227Z.json,12176,6a6d7daffe0c896bcaa0d999db5f8bd47d3ac48a8ba4f9147d479458532aad4a
civora,partener-eu/validation/history/20260925T224650Z.json,12176,45f12ad8f211cca9762e138a482ce0dcbfc96621e44151d3020593dfb98706eb
civora,partener-eu/validation/history/20260925T225220Z.json,12176,47ff80f5c74c44e654d715875cf96f5c686d758163060bc119ff5496f5467034
civora,partener-eu/validation/history/20260925T225508Z.json,12176,b1b7cb4e8d8b099490af6b82f8471c93c784027925b91ab36e06e126bd3ff92f
civora,partener-eu/validation/history/20260925T232420Z.json,12176,6aa62bc05c128ee3f261fb3b4ca2c7147f5dc1690f462d25451d46bed5c77ce6
civora,partener-eu/validation/history/20260925T235759Z.json,12176,3c569c10f3878355798cddfa4d039e379fcc9d38a266f222fab2c1830597ad72
civora,partener-eu/validation/history/20260926T005834Z.json,12176,08a3ac9bc2b548b4fbecbb850f3525fed3bfa6d817d06cd6ccc472d16e03450f
civora,partener-eu/validation/history/20260926T010125Z.json,12176,089be1d3a49b391d1441a0e2247f837947bb7c8ab33a94405e8b9a5c280755bb
civora,partener-eu/validation/history/20260926T014544Z.json,12176,62caf323f37bd45af29df0654d6a4e28bc6aff83857dad80fa5477151d5057fb
civora,partener-eu/validation/history/20260926T015044Z.json,12176,1b8177af54306e83febf4e1900d15a9333ea64a5b685937e7e2f85968edfa714
civora,partener-eu/validation/history/20260926T015604Z.json,12176,8ce89fb52091aded1328f0eb4406c6217e8a7e676347dc26565e45d9abf518ef
civora,partener-eu/validation/history/20260926T015657Z.json,12176,d44027a9be030835013eda8acd5479f90632337f6a33da18ac10d16773905391
civora,partener-eu/validation/history/20260926T050001Z.json,12175,2d5f82f5ca04b6706dbabe92f8145e4a7c20d51e33b364646bb0754b09f279d5
civora,partener-eu/validation/history/20260926T051331Z.json,12173,29a104a84b9e9691d65a602aac22060d7d47603a2f896051c6b65a3f975862be
civora,partener-eu/validation/history/20260926T064238Z.json,12176,3cc321b13e5aa8287e84f5ee36a37647d7f2203401370b3306e3c34b5a359671
civora,partener-eu/validation/history/20260926T064505Z.json,12176,631f1f0d2aab02e8f845d21a71891e8a463acc62a0d2747507d1489983f33d1c
civora,partener-eu/validation/history/20260926T080113Z.json,12176,7a30c556d0b4d48ee85914f928b86ed42622c9507374e571206d2b7e29e7ed0c
civora,partener-eu/validation/history/20260926T083938Z.json,12176,16025a8ba3231bda241493925926780ebc2b086a106c7eb561a8d3cfdc7dcac6
civora,partener-eu/validation/history/20260926T093240Z.json,12176,9637b75c28f880a9cba4e94701cdb57a9748b35936c795ddea473b2049c3b6f9
civora,partener-eu/validation/history/20260926T112743Z.json,12176,78b741bf26c749f094a153f5b6c4a258a76736be2f850850cf110697fcc29bd6
civora,partener-eu/validation/history/20260926T113731Z.json,12176,d8e0f396c442525f35d6d036b23e2a011e6286545ce71b8e2dfb7cecd311ec03
civora,partener-eu/validation/history/20260926T115320Z.json,12176,8a3ba516de77618d4d484c488a75297535bbe2365cc4e9e10f189e208bbbd648
civora,partener-eu/validation/history/20260926T115644Z.json,12176,421bd5294f7917f0c1449afe0bfc3481448e026df421ed02a5378bc90dd9d99a
civora,partener-eu/validation/history/20260926T132329Z.json,12176,3d1eca1e19abfa6c32b6ac4d7f1dfa4dccfd8fc1bd53d3bccb1f59b61ea9a1c0
civora,partener-eu/validation/history/20260926T133537Z.json,12176,9056ddca5a9e0591b049bf04d8392784a4dad0b08cab886be05e163f04a825f6
civora,partener-eu/validation/history/20260926T133638Z.json,12176,98f059e5d5ca2cc74235c8b65f25dc2b34c0aa3376e3e234cfa50dbcf0f1e7bd
civora,partener-eu/validation/history/20260926T134605Z.json,12176,f8eb01a2706340b2dd1c235f83286086ae16f69047ba72fa9e596a99c02f670f
civora,partener-eu/validation/history/20260926T151022Z.json,12176,e2465330994d8d7bfc9f6f38b6ea6ae3aeafb1692400dbcc899d943089fb1287
civora,partener-eu/validation/history/20260926T151312Z.json,12176,ca3d2fa36e86672392846c97f1b1a51327658cc8157b66f2243057e0ae05cdd4
civora,partener-eu/validation/history/20260926T162540Z.json,12176,b58fbbac58f4773b63f0836bbdf1a1c65c70968f38ff11ae32cc54d3a1554e9a
civora,partener-eu/validation/history/20260926T163446Z.json,12176,d2055b7c274fc949ce18226b4be6dd441ae5351ee9fe357a59361cfda559714c
civora,partener-eu/validation/history/20260926T172054Z.json,12176,52062a6300fff7110df724af095404d29537628631628b6e5290da272feba24e
civora,partener-eu/validation/history/20260926T172441Z.json,12176,a08ddf0e6245b08c5ac494879b204bfde9d884e7d1d833abedb4fd5dd95f9f20
civora,partener-eu/validation/history/20260926T183802Z.json,12176,eff5b120d55dcaf1694939637cdb1bb15009b6a55f7cea31392a744a5689967d
civora,partener-eu/validation/history/20260926T184612Z.json,12176,c86b2a6a0e5d0cddcfae953e805fc0e2d4e918272e5366a7ab29f1b04f827e84
civora,partener-eu/validation/history/20260926T184927Z.json,12176,21b7bb447e9e20b0cfc565fe19c7a782bee26b47e6aa51eb64418051f3ae09db
civora,partener-eu/validation/history/20260926T200813Z.json,12176,82aa64b4d91733a07281e7fe6081ef010ce56a858563550b631c3c79b194e7d8
civora,partener-eu/validation/history/20260926T200910Z.json,12176,828a72cdb549228cc098f799eb12fd5ce8d803c34e79ec7a7ad54dd9d5ad70e5
civora,partener-eu/validation/history/20260926T211218Z.json,12176,ae6456c2159b38d81fff4e7800ccf4cb509be521e5122baf8876246305e6adfa
civora,partener-eu/validation/history/20260926T212124Z.json,12176,eb0e4db50ec4a1238efa9672b3b2c0fa9d8024a3a915689fd6cd41fe1dc71782
civora,partener-eu/validation/history/20260926T213836Z.json,12176,e6406d5241860b1555b51d595a3cd56066ffd3939934b8a66d1f602479d06366
civora,partener-eu/validation/history/20260926T214136Z.json,12176,529c0768718dcd2fd4fee77b5bb5f11afd596a4cf78e2f010a43b164aba8761c
civora,partener-eu/validation/history/20260926T230847Z.json,12176,47dd0d274442de39f841e3ac92d6aa5a484c480d1e6a096de3077512a7150812
civora,partener-eu/validation/history/20260926T233917Z.json,12176,6669e77ee7af4835cee0118f11d11d89bfb5c092732a0078bd225614ff8da4ac
civora,partener-eu/validation/history/20260926T235751Z.json,12176,ce05d98e8afa4e015a9571c49d024ef2a19a9b934b0c23937c53fc7079abcd4f
civora,partener-eu/validation/history/20260927T000045Z.json,12176,b19c81381b827a8ab4c006010e0c2ea8afd02745ed054b5b1edb082abd6b4f76
civora,partener-eu/validation/history/20260927T004604Z.json,12176,28075daaeb7cfdb56b60c840bc3d2a63cc58a37fe53b2aa7c7ffedb1f621b4b6
civora,partener-eu/validation/history/20260927T014157Z.json,12176,68dad163eaae837833dd96dad6c61b1ac4b2e9209074f9041bbfcabbed22cf58
civora,partener-eu/validation/history/20260927T014541Z.json,12176,3669a2603007192df9ed951f1798d70ec85e6f1942c085021daf4a97cd6d26b1
civora,partener-eu/validation/history/20260927T045020Z.json,12176,d7671c619d4f2440656959bde2521f67844c07a6dbf9d89c52956ae641f9cd4b
civora,partener-eu/validation/history/20260927T045250Z.json,12160,84d01ce68dded48d78eb3eda765b66bb746d2ce54ffb8a8cb966eeaa921d3f21
civora,partener-eu/validation/history/20260927T052046Z.json,12176,dd530023806b16ede39bf6b2924615ad6feb135f3c2695dd35088d2a4fe44290
civora,partener-eu/validation/history/20260927T055326Z.json,12176,d80a8ea6db4f07830285c5835cc9aea98169d574351a170966e856260f94d7d9
civora,partener-eu/validation/history/20260927T055604Z.json,12176,9470ef3417b4d4b233b862008dd30a31ac9a3ad8fc498192e14677e730f63308
civora,partener-eu/validation/history/20260927T083022Z.json,12176,9bed49a1c4f62c88f283e146d95c281d950c62402e421f4a6e48d0eec8854ce7
civora,partener-eu/validation/history/20260927T083656Z.json,12176,7488794dca535bc55fb4d0b1c5fb144d20bc9757556f02b9ad1e585e86479bc3
civora,partener-eu/validation/history/20260927T091928Z.json,12176,fce5e88ca48762709ab0bce67ab3642fd68e69ee3a2452c832a0efa33f9e78db
civora,partener-eu/validation/history/20260927T101317Z.json,12176,b585b5e472d15f70722409c02a174c56b23ba943ccb6ffb0af396cb0575ca78a
civora,partener-eu/validation/history/20260927T105214Z.json,12176,b509e96338025df26e6d582bc27221ff0155816ff075add249adf1f1ee59d225
civora,partener-eu/validation/history/20260927T105444Z.json,12176,d7ccf3fb241a72b5712fdeb7c190c9193060b6f14f26ed59a7a8cf45f3fe9eee
civora,partener-eu/validation/history/20260927T114036Z.json,12176,b0d9fda172ae243d9e1708ba73eb48b3c6fbceaddbdefc17f0a7f5c8093a1711
civora,partener-eu/validation/history/20260927T114325Z.json,12176,549bdbce68ae9ca51c6735e471f022defc1d4aa0a564098f91b59004fd10241d
civora,partener-eu/validation/history/20260927T120454Z.json,12176,b1559f978870faa2250f747e232c87283cb3895a827c2a23a48f5bf2bbdad78b
civora,partener-eu/validation/history/20260927T141457Z.json,12176,166d90899f3b7dfaeeac98a6062c79492fc694db1eeca7754010a18d2d23643a
civora,partener-eu/validation/history/20260927T141659Z.json,12176,0adef385dcf40b26499674cedf814bb77eb9edba9a3f68a9baaecccd2e4aace7
civora,partener-eu/validation/history/20260927T152351Z.json,12160,2fe5ac0c7833436097036225f502097abdf1f2871b6fb2348052979b039a8bc4
civora,partener-eu/validation/history/20260927T152616Z.json,12176,9b058735b932a978325c2fbe584b71cc3d19ffe2211e75306deae5aee3e2a385
civora,partener-eu/validation/history/20260927T165944Z.json,12176,323964873138daf8c299437fef444da398fd6e8eb3cd14dc1134a7245dc4cbf0
civora,partener-eu/validation/history/20260927T174327Z.json,12176,c5ebc0830a23e576d4a716761479193dd70fb86908719a99debae6608e4dbff7
civora,partener-eu/validation/history/20260927T174728Z.json,12176,78b85dc8fff897397c96e31b9c4ccf7ea3a6280ec64edeb26daf35650de89e9d
civora,partener-eu/validation/history/20260927T175055Z.json,12176,daaf85de2cec701e3ce0848627253acc2267fb988a2eba6891bb88300228a516
civora,partener-eu/validation/history/20260927T175218Z.json,12176,749062febe23b0abb7fe27fdaeda1a89d187032eaa8b882c2de2bdd9f1e75740
civora,partener-eu/validation/history/20260927T175410Z.json,12176,20f5f10d9538e43650eafcb912ce7ed8dfefb5a212c33aee2ba8cc0c2f044b0a
civora,partener-eu/validation/history/20260927T183351Z.json,12176,4f56dd92e27be380e307b3a5ec2029752bc70e84fcb16da6073326ee353269df
civora,partener-eu/validation/history/20260927T183636Z.json,12176,fa0818d7552e1e04adc21022ff4ba0d732490453600e1ad96307315c6b6d4266
civora,partener-eu/validation/history/20260927T184009Z.json,12176,9a7e6746460ab55cfbe400b7dcf3d05562b11048e610a62a0e71d46dde5f2e7a
civora,partener-eu/validation/history/20260927T190022Z.json,12176,c90343352cbce656bc56348ec428f8a115429edc4c434934a5a543056a7a2682
civora,partener-eu/validation/history/20260927T192103Z.json,12176,1eaf249d1249e9393574d13acbc53c9dd4089303f949d86e35937d395eef0d27
civora,partener-eu/validation/history/20260927T192343Z.json,12176,6d99397e92540f3453c041fa8d5581088cf2b8239835f74f85593214697acbaf
civora,partener-eu/validation/history/20260927T212243Z.json,12176,8a75b28845b4f0f0fbe7405c36b5d4350963a122473ddcbc59169481d568ca84
civora,partener-eu/validation/history/20260927T222956Z.json,12176,88d2d8f30a4b13254ccec48e57c8be7c8a8134cae8fae9493271e75e9b1767b4
civora,partener-eu/validation/history/20260927T223342Z.json,12176,34025917b0d47c9fe58b1ab81ec2d39a42c8fc6039ddbc4b1bc09a5b5f64ce6a
civora,partener-eu/validation/history/20260927T223733Z.json,12176,01b1501bf8e8a6391e7f593d1d33db62d7d220747a1d12c8064233b3d2c09878
civora,partener-eu/validation/history/20260927T223945Z.json,12176,60ebb97b94fabf91123495edce0b8a5abf04fcecf224d96cf2f8494dc9f2b649
civora,partener-eu/validation/history/20260927T231221Z.json,12176,493031d07d10c574586c372769be0c498301b9c79c98ba51616000e760b7a099
civora,partener-eu/validation/history/20260927T235003Z.json,12176,d75adac195a2dfbc261fe93aee74b18e03c983ef36ac4e7a006f9a907f58ac08
civora,partener-eu/validation/history/20260928T010442Z.json,12176,655d427437e59dc8b685a6e3d30e17f3f3b33418d9e47c0637b6ab30642555ce
civora,partener-eu/validation/history/20260928T010857Z.json,12176,fae6304548a263a629649f48beaec10a581a589f00ffc77d11121adab97ebbc6
civora,partener-eu/validation/history/20260928T011559Z.json,12176,65a54f79c33a004de23e1369f3a597c3c061404277aaa7cc3985ba8eaa4f0dba
civora,partener-eu/validation/history/20260928T011835Z.json,12176,138995a4dd39e3e8ed1a0d3dbbd34146c0dfdfaf1b4be8cfbfd75b164b6c2dad
civora,partener-eu/validation/history/20260928T015003Z.json,12176,0b6075318156cf9888481db8fadd55f49e8777262e2e7ab83964ace8b850a401
civora,partener-eu/validation/history/20260928T052559Z.json,12175,785cecf0daa39da2f893325e7cb396f94b73833d7412de1a82feb18cabc4d05b
civora,partener-eu/validation/history/20260928T053920Z.json,12172,190da2935230b5b81805f169353b8397eb2513dc189224070b0655229031237a
civora,partener-eu/validation/history/20260928T072301Z.json,12173,6a902a2370587e01e701985d1df5b505dce6c250c58e211a4e37d1f4ce6dd426
civora,partener-eu/validation/history/20260928T073342Z.json,12176,20ac893b00e99af9a373b8c84b7bd3e367d7803c65a2ac9dd6622511e6e3a230
civora,partener-eu/validation/history/20260928T074529Z.json,12176,8f1b7d592b238710a65582b18cab5718bab818461dd4be226085831291b6b595
civora,partener-eu/validation/history/20260928T074800Z.json,12176,ea1aa994609fdf25ac65e06470d7257aa003bc7c369bce7a71d262c383b4ef2c
civora,partener-eu/validation/history/20260928T095215Z.json,12176,ba86cb54e869945eaaf802c05a843460aa865206df81eea6a287c86c7fc9b113
civora,partener-eu/validation/history/20260928T111346Z.json,12178,ad368b67acc9dd60461b0842f198c5e0f8210893638966d0e2682c81a5bcd9e4
civora,partener-eu/validation/history/20260928T135740Z.json,12178,c5fc029d1889a3bd7ac66437d85d3bd8bba29e373780f3251c6d1a6b8c1be557
civora,partener-eu/validation/history/20260928T141458Z.json,12178,9d7d10c42a8f276bd2d9e99c54fdda21e45e8fd47f494ed53c3045113dd5e1aa
civora,partener-eu/validation/history/20260928T154921Z.json,12178,e2804752b462581a20c8cf7f3492249e3c520c053b5dae6e3b6a0d4b4c4b28a5
civora,partener-eu/validation/history/20260928T155350Z.json,12178,4f03cc95c32f76105203200c8f23c86c30258ee79368333b57ed21a9b0d51301
civora,partener-eu/validation/history/20260928T160519Z.json,12178,feb388a837a29e7b3d0c51d6487cb15875a9a0445bd18ec6df28ce25a8d35331
civora,partener-eu/validation/history/20260928T160812Z.json,12178,b7903ab9642acb2df2a2431708110cf0274d96a07f66ea3fadedcb19233fcaec
civora,partener-eu/validation/history/20260928T203932Z.json,12178,22acf8545c927387b9be2cd974f2607f74896eb293ea0bc84a5e5e611d84de1b
civora,partener-eu/validation/history/20260928T211533Z.json,12178,915f98609852da4209633383a92ebd73bec2d787753fa96ef7c931c48a750535
civora,partener-eu/validation/history/20260928T221716Z.json,12178,bc9a39c1055ff6c52522f15f275f1863e765b551c9879c29fe5c59e29f6a55c3
civora,partener-eu/validation/history/20260928T221926Z.json,12178,d1cb70ef4c0f3551240407f4c43da7c573988e6321553619ba8d470ff1baa1ac
civora,partener-eu/validation/history/20260928T222201Z.json,12178,7d1ea631d3e840ee11e8f859af8e18547ef906844a4495a3a5cf64f36068cd81
civora,partener-eu/validation/history/20260928T231808Z.json,12162,0613bdfe11d2e99326cbc7868c7e72bdc609d595c778be53c066dcfd9a7cefee
civora,partener-eu/validation/history/20260929T010348Z.json,11919,e95befc181848812b94a48d256d9d34c6aff15a9116fa2a057ae14fa998aadb6
civora,partener-eu/validation/history/20260929T020740Z.json,12178,211d328d67b923b28f4336d0441714af30eba801637d4472029704bbd661ded4
civora,partener-eu/validation/history/20260929T021236Z.json,12178,349141248f5983e325c505ecae376c4f05b98698ba50e1b18dd55d7c22e8b7fe
civora,partener-eu/validation/history/20260929T022104Z.json,12178,d99c40eba632b394cea37b3de1a4db9067513967647e48bc86b16106129089c5
civora,partener-eu/validation/history/20260929T022202Z.json,12178,a3a9bd8d9e84bd78aa19fb0966663ca99bfc60c590bb40c073a084d7017616bf
civora,partener-eu/validation/history/20260929T022420Z.json,12178,12a1acaeb16537d70f1844fc4e82fe54326a58e77a29c553ed6abb0ab9217b05
civora,partener-eu/validation/history/20260929T054600Z.json,12177,e64f4177f753aaf40db9222ea4f437dfd301f95ee3fa9eda28a4344c070b33be
civora,partener-eu/validation/history/20260929T084605Z.json,12175,c0078c5d75594b592d0c00373a4858774f320cef60901aa40f2ab29e91b73e27
civora,partener-eu/validation/history/20260929T085442Z.json,12178,d146a7b7457d266e98a3661e4dd27a6201671fa870d24a4b2b35a06208571a9b
civora,partener-eu/validation/history/20260929T090050Z.json,12178,4e53e1ecf6db295120216f328c6d9ef30b5672899010b36b819e35fbb858b4a1
civora,partener-eu/validation/history/20260929T090740Z.json,12178,95773a3c8a37fed28544f5a8fd177d9a0b65405176fb906b82b8bc39bf4b3026
civora,partener-eu/validation/history/20260929T091024Z.json,12178,d701b0fc66e5f245440de7414c1e8004038a1a51a7b7f60c928b5220af22ac84
civora,partener-eu/validation/history/20260929T095416Z.json,12178,413aa638ca65e101772550727fecd2c5b78b86e4d886880a91aea51d6a39cdb9
civora,partener-eu/validation/history/20260929T105543Z.json,12178,8e130faaeafe6d9735532b0f99b100788658511e3eaae68326aa254fb34a20df
civora,partener-eu/validation/history/20260929T125521Z.json,12178,9667f6b0ef5ca466b81fddb69f27188c2fb72183526ef53c08268e75260e2655
civora,partener-eu/validation/history/20260929T130752Z.json,12178,006c51227fb3e197ac8f8764c44f212c4c38cca5bdefb36cdefccdec9ba41fab
civora,partener-eu/validation/history/20260929T160650Z.json,12178,71f2f19c441cfcaf3c23350233246197a1c2ca94711168a4f003dba7fb21d0ae
civora,partener-eu/validation/history/20260929T160806Z.json,12178,550ca501fa2c1b0e7fa0a5a1460ddfbbf7ed862d1ae517c30fc1a463f419fd75
civora,partener-eu/validation/history/20260929T161344Z.json,12178,2e09b54f8841e41ad0d53b9209429bf05920f69f6675896fcb9a667cdc3151a5
civora,partener-eu/validation/history/20260929T163629Z.json,12178,1533ce08f3b9153e67e89e5d34db7e5ecca11640b5bf056eb43678deb0549ef4
civora,partener-eu/validation/history/20260929T200119Z.json,12178,593716492b5873029c3a389190c618569eb72908d35b5051658017ff445ce069
civora,partener-eu/validation/history/20260929T210224Z.json,12178,1b3e1dd4ecd8bf1316026e5a128c84c2afe0c3baebfa8c483b1a9096c7c584e1
civora,partener-eu/validation/history/20260929T210635Z.json,12178,6e1faf93bbab68a5d2126f73ef970ed72af5660222bda5c188badd8bbb3ba499
civora,partener-eu/validation/history/20260929T210930Z.json,12178,0e0c8c90dafc152664a16b93fe847a5f4b21ef2093f845e95c5e438d8088b505
civora,partener-eu/validation/history/20260929T221701Z.json,12178,593b272affad74ab8578b2b31fa197451e9396da9a89e78f4702035dd60e7ecf
civora,partener-eu/validation/history/20260929T222821Z.json,12178,2ae0dd7cbef7dde063fc4707e8685be6ce7cb0ef37e1797d1077078e97a49a7e
civora,partener-eu/validation/history/20260930T003048Z.json,12178,9a271f05e0bdd99837ca9e60246ff73ac706f86891162443455453005194be0e
civora,partener-eu/validation/history/20260930T004251Z.json,12178,42008858b5d83760bc5e95e78dbc6e7b1e4c4bc65fa8b2e05f91f5220d326420
civora,partener-eu/validation/history/20260930T004710Z.json,12178,3175928d5176764ab6e071ac725dd1025d8a65fdf38ca5c5f940e93e08ec031c
civora,partener-eu/validation/history/20260930T004844Z.json,12178,fd0de2225197134638b8caac8e6ecd43d829b202fcd038757bd2edc1895eb50c
civora,partener-eu/validation/history/20260930T005213Z.json,12178,5aa854866869053184d02a825f2340a7fc40f1f8dd9c07219a69b30d5fbbe3ec
civora,partener-eu/validation/history/20260930T053500Z.json,12177,232b63fafac497f7dce86303618449e286dd47c48a1dc1dc53b5fc6a8be9519a
civora,partener-eu/validation/history/20260930T054649Z.json,12175,499ee9199dbade69edf8cda93e8a6370fff9f853be7c99f8093a99c5106e1521
civora,partener-eu/validation/history/20260930T060328Z.json,12178,d08765dc55e275f70ac77a7c699e5d6678b36f17314dec879fb375c182c199be
civora,partener-eu/validation/history/20260930T060745Z.json,12178,7c3b0a4a215321c14c754214e754805d91c48aa59676d9e6a6fa1114480feaf8
civora,partener-eu/validation/history/20260930T071058Z.json,12178,85e48d94e29a7336d31870900bd2a7f17a508f1716105c7f7d677e2b044f58e8
civora,partener-eu/validation/history/20260930T072131Z.json,12178,60bd454dfbf4b07f6995a954f334e679f467fc539747fa374c45b2eb6e9ee961
civora,partener-eu/validation/history/20260930T092006Z.json,12178,fa3c3f008fced52e146b8b64f740544773cfd215803488027e85ee3334b957d8
civora,partener-eu/validation/history/20260930T092433Z.json,12178,11ee4dcfb109c68e5d7b5ef994e0588f735601cdd958922fd7405e2cc939b5cb
civora,partener-eu/validation/history/20260930T094622Z.json,12178,bec0688c83f24e5d17dbb8c2a210ec4d2b58e1cd50a490c0b284871db81fbdfb
civora,partener-eu/validation/history/20260930T104709Z.json,12178,309d9376e7624596c798ed6d2e78fff5dad1e744c71c4429e888c01b2d3f893d
civora,partener-eu/validation/history/20260930T123900Z.json,12178,9a4c7af0b6058d12b568740064968bb684d98f571003815b97661ef205804a8b
civora,partener-eu/validation/history/20260930T125136Z.json,12178,3788592197fc280d03bf4b1a0ab07396b00b8c0f631f32cc85bf63a2bc6c5d53
civora,partener-eu/validation/history/20260930T130448Z.json,12178,21df01718810c3afe1900a106362b204add028c4492af4b4ab7344d84f5e1907
civora,partener-eu/validation/history/20260930T130755Z.json,12178,83a8c215b5d375684684a9cac7b0e870fd9d5630a561b9178e443fb9d235fadc
civora,partener-eu/validation/history/20260930T141251Z.json,12178,d0de9a8aa159f91708a4f2f05b12f821cf2497eb1d0b2f0ca9fe60e5d0cbbe7b
civora,partener-eu/validation/history/20260930T141523Z.json,12178,207e44ec408c141cf8aea21073e04261f53b3063a3e5b5ce81e0226afa5dcc11
civora,partener-eu/validation/history/20260930T160323Z.json,12178,482d20d86495969b84526df0045cfbb57a2b119be6feff0767624040d8d4ae2e
civora,partener-eu/validation/history/20260930T183800Z.json,12178,58ea52aa46f163378f04501d81299d393e1e278e41883dd7d6a55bd1b440e126
civora,partener-eu/validation/history/20260930T184118Z.json,12178,bb54e2938efe3875598860776e2b05b729866c6f8978daeb30fab39736575015
civora,partener-eu/validation/history/20260930T193413Z.json,12178,3974af4659d2bed2ac2d76f6c6daf83d1daf94575f547234a7119957df3023c6
civora,partener-eu/validation/history/20260930T193804Z.json,12178,82f141d2b0e7a1f62ea29b49b478b7c08186badcdaf2069a39617e334e1a90e8
civora,partener-eu/validation/history/20260930T193909Z.json,12178,e9186cebeb6c1701de836f2199a1363ca5e9858cdf7fa97a365f889c72985468
civora,partener-eu/validation/history/20260930T200423Z.json,12178,8a585caf187cb6a7149b8c625ab3f903c6b0cc97446f669df7b319f13988e976
civora,partener-eu/validation/history/20260930T221833Z.json,12178,10ec6dbfdbf7de450b5918f384bbdf4bfbf60c1db239666e0cc57bb1157acd2d
civora,partener-eu/validation/history/20260930T224100Z.json,12178,8a9984f5e7b948e715a1d5a9ed218b62a17aa5b1966fae76cfc3f26929ea1304
civora,partener-eu/validation/history/20260930T224357Z.json,12178,d8997977ee5cd1ddaee47b2f49604019b549b9d7976c2239712b9003f6a00840
civora,partener-eu/validation/history/20260930T231352Z.json,12178,325958567d8f7464e8725c1726f8cb03b31ef24e42e914b3e44b822d1bab0dc3
civora,partener-eu/validation/history/20261001T000306Z.json,12178,67ab0c12bac7b9cd9d1b489e948f7b3d775dc4fa631abe3a300eed7bdff13180
civora,partener-eu/validation/history/20261001T000612Z.json,12178,14d020b7531a3c21f51ddb35f600be4e24ce30e7fbef511a83eaaebed6279e07
civora,partener-eu/validation/history/20261001T003501Z.json,12178,76757da244c297326eaf2e64de93cf81f23cb92472490587e1936374305d1c7e
civora,partener-eu/validation/history/20261001T004052Z.json,12178,c2eeb7d067437f41159b98accfcd72b92cc59be6987ad0f5494d964266f74a33
civora,partener-eu/validation/history/20261001T013815Z.json,12178,b20c24bd63ddf628b6eee1e1786020cee7780470f2c7905d325f47c97e696ad2
civora,partener-eu/validation/history/20261001T014112Z.json,12178,305cff5806352a9e293589182e83545c87eef6a45a931805964e62030ed14ed1
civora,partener-eu/validation/history/20261001T022307Z.json,12178,58c52f19200c01cd5532e4ab732beae9c918559eb9749d003c4d91d7d0c1cbe7
civora,partener-eu/validation/history/20261001T055640Z.json,11880,330a38c1b65363f4d303ff377cff16986fdd6e53f178466598087b9c2366abee
civora,partener-eu/validation/history/20261001T061458Z.json,12177,9b8a1bd64167fb1e3838dab7f5e86175f78b584e17315ef1c27a055aa4d1f450
civora,partener-eu/validation/history/20261001T062341Z.json,12175,333d9a34bfcf0a2e73eaf6117d559d838e137eb70504fecaab4373ee94f0ffc2
civora,partener-eu/validation/history/20261001T071840Z.json,12178,c193e33f6dbc059e1fa221fe5715ae64bf1517f7a777564d11415b5b3cdc30e5
civora,partener-eu/validation/history/20261001T075222Z.json,12178,90c21019109e5df5eab84f412208eca3969dba11b2bee77b4d15f050ec93e1a4
civora,partener-eu/validation/history/20261001T075513Z.json,12178,4108dc9c2056e27a3a0861b1e1094e7fd1af7ff67653229c9fbc4762a5d5b646
civora,partener-eu/validation/history/20261001T092506Z.json,12178,2df165d8e32767ca2af0243f353b28c8016cb54ba61df12672a7dcad8e85eb14
civora,partener-eu/validation/history/20261001T101312Z.json,12178,857611d795895c6f01d3424daea69dbeb11f7ed3ad9e2dafcdf68027dd661886
civora,partener-eu/validation/history/20261001T111129Z.json,12178,caad29052421f979bf639a11a562c2998b8567ca71a6b0f3f22c2fcc203c75e0
civora,partener-eu/validation/history/20261001T131741Z.json,12178,d99f21d57e04d1092132fa381f68d611ec78640919af95a4c3d236021dca2b5f
civora,partener-eu/validation/history/20261001T133754Z.json,12178,4ead74b3b294ce778435f3135a600dff8a00d2bf4e6c91f5c15a9c4bceeb0ad5
civora,partener-eu/validation/history/20261001T134719Z.json,12178,360be24c735869dbf5d0f9c45f6ba5b26e30e999558cc4edcb77414890a0d708
civora,partener-eu/validation/history/20261001T143940Z.json,12178,1b7f8f3c78ce5e604c85ada30895001821c36518f809be9775285540673a88d1
civora,partener-eu/validation/history/20261001T145415Z.json,12178,eea56a115dd7cdd2c9eba431eb8d01fbbc741231ba360c51a5aac0935caba88b
civora,partener-eu/validation/history/20261001T164242Z.json,12178,a1d70c09f001da68b4ed79f84f54b1a4f5cd62850834ad28d51f742f181835cb
civora,partener-eu/validation/history/20261001T194400Z.json,12178,a00cab83e0905f436d04acd61bcb1586b9af68a7c251a244d8e413ea0de00314
civora,partener-eu/validation/history/20261001T195605Z.json,12178,d72004ded4898b836557968b071afe59ded1eb2a8bf855b5a122332c489482ca
civora,partener-eu/validation/history/20261001T195835Z.json,12178,7b843ea434ef15dd83bf106a05297bcf3c6c18b2bf8134908c21dfcb2ab8d319
civora,partener-eu/validation/history/20261001T202240Z.json,12178,89f6ac68081754208890671248b5132d6a5c6ac098a11284b4d3e8a99d42f356
civora,partener-eu/validation/history/20261001T220045Z.json,12178,89f32e26332845be4992f44bb05481845df599c3bfc2c503c15886a18d476149
civora,partener-eu/validation/history/20261001T224338Z.json,12178,6cea547598c925e00b0243ac4cb69479218975aa76a1356d0c1eb6e26cb73b57
civora,partener-eu/validation/history/20261002T000410Z.json,12178,7dd50eeff27bb90cd74e28fce9439e7ad27cfd641fbd24bae0447f9eda1511ef
civora,partener-eu/validation/history/20261002T001759Z.json,12178,1c1de3a88c8d3e68100f3e17f769d5c345af2feeeb66b0f0fcbde6c36677f605
civora,partener-eu/validation/history/20261002T002035Z.json,12178,a11f13f7df2b9c80d2a7a8484ca7d991306f1c2a9923ebe785aada8bfcf0fd38
civora,partener-eu/validation/history/20261002T005003Z.json,12178,306b7a848bb0ce668b2320c88ba60d0a0c0943be1506ca0077405206859c78a7
civora,partener-eu/validation/history/20261002T015022Z.json,12178,fbd6fa1b00672f2c30b51fed44682e62c463c08c73f1806d81ce05c0f38eb616
civora,partener-eu/validation/history/20261002T053954Z.json,12177,703865f74bb2ed7a597d147fdd38e3a3b3e49da43ff7e6b94c53b71aaff2475e
civora,partener-eu/validation/history/20261002T055821Z.json,12175,1b662f6791148d12fc1eae4ec376f9ead85050945853805f80423d479c124f0c
civora,partener-eu/validation/history/20261002T060254Z.json,12178,85c741a8a9569b1c2bf13ac90f76e7ba35b80520c70f7ae3e2fd7b591ab0c344
civora,partener-eu/validation/history/20261002T061922Z.json,12178,565a3f97feaeb9d5c6194e67846b47d35da8017c0d48f094104ccfac17219723
civora,partener-eu/validation/history/20261002T062217Z.json,12178,063fd7e6305fcebd1031fda99d0dbb40b0e496a098d433e8e6ca174eb8178547
civora,partener-eu/validation/history/20261002T070931Z.json,12178,dc1ec5aedeaadabc4c2e608fb7db4c183ba1ef6f1c2f9ac2010a0576e959a7bb
civora,partener-eu/validation/history/20261002T071322Z.json,12178,f09e45ea86df84fe89b19d998e1f2748adbad86d11a0d6d216f482d8d55c4e6a
civora,partener-eu/validation/history/20261002T095049Z.json,12178,eb02b7b8a7779980d5f8315801bcc4b27c1e38e089b9f1c0240a47dc2252398d
civora,partener-eu/validation/history/20261002T104503Z.json,12177,33183a0907284cd5095bfe1dfd11b98ce4daec9a250e66bf5bd7f43ed9a79a59
civora,partener-eu/validation/history/20261002T123719Z.json,12175,aa947b786eaced961b60fff81567cba1060abbbe120e9b49e881b5978617f06b
civora,partener-eu/validation/history/20261002T125540Z.json,12178,7e737b977514433348ed51c7c422406d7225d5c86930cf7b0d53e6fcddbf9c84
civora,partener-eu/validation/history/20261002T130232Z.json,12178,e0c42021823bf3d8fac2574171b01ea4b5947dd5e2e4b99f5e9b847e3c4073ad
civora,partener-eu/validation/history/20261002T131607Z.json,12178,4726a273ecf9ad78d314cc0bb9df82a91a49f8c762b6e623183a28b0d90a7a07
civora,partener-eu/validation/history/20261002T131916Z.json,12178,aac5bd024980ad81789398d8f23572460abdc0f2f573584ae55f81b8114e03a9
civora,partener-eu/validation/history/20261002T155915Z.json,12162,de9c861a417067436bc2a3eadd6925b5a11a4b965ca3378235fea85e3a674687
civora,partener-eu/validation/history/20261002T183903Z.json,12178,c2e036be1c137a41368cde9944d96b4ea9dcd4b6313bc7db5dfdad04ce2b654b
civora,partener-eu/validation/history/20261002T184529Z.json,12178,7a18e5c4fc8e18f5e0398ff1d6c6e3f7742f67c48d0a89d5e3c0bc21d18fa634
civora,partener-eu/validation/history/20261002T184831Z.json,12178,bf98f3857ca6941b74f174f007d441cbf436907fa5b1fa2d13d3a9c43a674b36
civora,partener-eu/validation/history/20261002T192853Z.json,12178,8231a5fa6f9fa52574e080ea75e8607320fbb06d36c35ba12f03a85e9ebe3e88
civora,partener-eu/validation/history/20261002T192959Z.json,12178,145be9f6f19816f93a614e54435c90b5fe83af5cc1d63476fa74ee023913eaff
civora,partener-eu/validation/history/20261002T195844Z.json,12178,b52df752bbbfafcb8f4f17f5981a81978e3121b585a3b4bfab3968acb3bce226
civora,partener-eu/validation/history/20261002T205749Z.json,12178,2de425019c1b8231093479d0aa299a6878fb2804e2358e2d8417d14eaffdcd00
civora,partener-eu/validation/history/20261002T221555Z.json,12178,a59ca2fcd0034483e071aff51196de5c39b390462e4f2a810bc6f3275280eb2d
civora,partener-eu/validation/history/20261002T223800Z.json,12178,7516de1814d7cb6ba5435eb6084e47561e1e86064da4abb37868b8400c993e27
civora,partener-eu/validation/history/20261002T224052Z.json,12178,c45d7fca59058e293f727f62cf090fc562ae70bce96565cbdc925da10bfea449
civora,partener-eu/validation/history/20261003T003226Z.json,12178,43da5069546c9d308d0e6c82c1fbb7ed4f2cef3e7a210093fee27217e869e146
civora,partener-eu/validation/history/20261003T004402Z.json,12178,e69a9b1a3febb1d6d0ccc6ca85b460736bcf8f7b3ee8f73bc67e3b2ef1e177e6
civora,partener-eu/validation/history/20261003T004452Z.json,12178,d9d042e1dd0dc8c24faf92fcfcd1801ace976142c29323c392e35a32919a7ade
civora,partener-eu/validation/history/20261003T013418Z.json,12178,593dcdfcb8b11479213a79fab0e862af4d34d19ee733e574b1fc8033b9ffbbc6
civora,partener-eu/validation/history/20261003T052048Z.json,12028,edc819795304378db63a8a5cc5f5fc3d4e684968526ce9239838da47ff3b00d6
civora,partener-eu/validation/history/20261003T053305Z.json,12175,0fcb91ab397fee380958f36628f9d9345657b32219e1777fcf600e475b64ab3c
civora,partener-eu/validation/history/20261003T070501Z.json,12178,0cbaedacd77016de6c2864ee1b4817f603d79fef745840bd0a8662931d31dc77
civora,partener-eu/validation/history/20261003T070909Z.json,12178,75cda012253ec1f89c60d4e1f3933ed5cc3fc8520d46f25c70d71ce6f21b4818
civora,partener-eu/validation/history/20261003T071148Z.json,12178,91b5a1ed2914e5689510deb10eb66c631510401a9385c29a2ff4a799ce060a6b
civora,partener-eu/validation/history/20261003T082943Z.json,12178,e730968d156d1d7635b430e8a5efbb2bfef0d1e1a152edfcec332182411baf03
civora,partener-eu/validation/history/20261003T091305Z.json,12178,2eba69bd76e95ec784e11004e5906a7f5e2eaf8763f7693c947c0183d73ff5a1
civora,partener-eu/validation/history/20261003T100430Z.json,12178,539d0f1de90eb7f0221675a8556d5f99b9f33bd38c6c6fe2ccfc05fac4d488e1
civora,partener-eu/validation/history/20261003T114148Z.json,12178,fe8dbf1962483241994366ab7985ccefc385f88ecae877ed43d28170c919980d
civora,partener-eu/validation/history/20261003T115449Z.json,12178,4211d3167574b1013fac92a2ce7da6909586421d5d1c1e24b52cdb53814090df
civora,partener-eu/validation/history/20261003T124348Z.json,12178,d4663cbbb94dc2306cf4be0c989011d000c8cefcd935d68d6d455154e4987cb9
civora,partener-eu/validation/history/20261003T124741Z.json,12178,fb1acae92385abaa76f392e3ea33f64b6ffe32955daeb0be6b74030d073e5d0e
civora,partener-eu/validation/history/20261003T125031Z.json,11935,a2543e45a90e32c6a58c7d2ac26b18464df59890bb89959d7768247c5adc9167
civora,partener-eu/validation/history/20261003T133918Z.json,12178,5a9ec4045e88f1704eb4c023f1162b171025110b40fb245180156eb4d3a2b55c
civora,partener-eu/validation/history/20261003T142020Z.json,12178,f882e9cddbcff02a80fb28d4b54796b812fee5bb03c87a3036a95e170a773c8b
civora,partener-eu/validation/history/20261003T161934Z.json,12178,43ecff87d7d1524eac5af15beabbe140cef2a3db2eab71bba2a49af60b1feca2
civora,partener-eu/validation/history/20261003T165147Z.json,12178,b227c8da11cff701e4376016084f100be3784cf1e065332fff4e6b2894b7f249
civora,partener-eu/validation/history/20261003T173559Z.json,12178,bc93161a14c2e0a1e237914b3e8cff40937caef093bb6891ea948859d443f0e8
civora,partener-eu/validation/history/20261003T184216Z.json,12178,e66b2b18ff0dfbd658b7644c61e7ab6629a301c7bd13dc84aee8b3bf6a829a04
civora,partener-eu/validation/history/20261003T193218Z.json,12178,ec20995d14c25dbf3a5841ed8f918de95d98f0f6837baba9cc81d413ffc7c490
civora,partener-eu/validation/history/20261003T193556Z.json,12178,ed32098642c86e1ccc4297acee11eee965e70462549ab3962232948984e7edee
civora,partener-eu/validation/history/20261003T200324Z.json,12178,95ebaa4c1c4089502097ad9a88d4ff6371c5ffb1be90ec64020c0229844de3bf
civora,partener-eu/validation/history/20261003T211614Z.json,12178,e9cb344e83f00a2110c8ce1a2ac1a25719ef1b2197f8621c0aad28a0c8dc4b13
civora,partener-eu/validation/history/20261003T213217Z.json,12178,b9963057b84a020fcbbb184b3b6705745a765728cea124de99a261c2dc4cf1ef
civora,partener-eu/validation/history/20261003T214152Z.json,12178,e1562b334ca31ce3a664c54efb5f00bfe5ee0c6d4a94d8314b570ec8b70bb77f
civora,partener-eu/validation/history/20261003T222905Z.json,12178,73204776ad66a1238fcca3d910c05d3fe343bf170f47e30c7671525b84e000f1
civora,partener-eu/validation/history/20261003T223141Z.json,12178,466ea08e6f4b43490124e7a141b91d9d4f67aee65f52cc681533469a1537623d
civora,partener-eu/validation/history/20261003T232036Z.json,12162,d98c4d5c72245eaef59f1401c105e81d99acb5ecbf1ddffafc88c2322e3b851d
civora,partener-eu/validation/history/20261003T234756Z.json,12178,ca38349126ba94d3cb81bef7f6fb45ea254ee3b82779e9d3feffa56eaf93ff9d
civora,partener-eu/validation/history/20261004T014615Z.json,12178,eeaf7c6b4ff004ce7a6edf327fc762920d90ad5d005bc93f3d565eaec119b407
civora,partener-eu/validation/history/20261004T015202Z.json,12178,56a5842d4190faf7f7d00b946f0670839ed8e55f43e5ea55b569e841492435a6
civora,partener-eu/validation/history/20261004T020223Z.json,12178,557c70dd66e93788fa7b7bcd99971f0360ae86853936dbad8f87ea0418d59474
civora,partener-eu/validation/history/20261004T020456Z.json,12178,17be800aa6773b7a88ccc8ba4efe92399598718f994f6f675a4558cb97ab36bb
civora,partener-eu/validation/history/20261004T025245Z.json,12178,fdb1d66a4da4374f314b7530c3a73c7aeed4e5885a37c80f2201d138c01c6f03
civora,partener-eu/validation/history/20261004T055524Z.json,12177,4edd2ed7ea7a5deab41cd8eaf7facc5f1ca9135a921fdec31677e778685430ff
civora,partener-eu/validation/history/20261004T083634Z.json,12175,eee8bd4f243bc2f3aee2d550e3a5ab28b5f8948243165b7fe31b863cba01471a
civora,partener-eu/validation/history/20261004T084223Z.json,12178,b366b010cf5b4b222dc46e52ce6886e2269d6a28788a6b2e8b460264aa484104
civora,partener-eu/validation/history/20261004T085230Z.json,12178,789d0d1eb3c3cc1f9430640fde0bb354e40fe2a67da4c62acfcd9fe31e23ea68
civora,partener-eu/validation/history/20261004T085459Z.json,12178,2d7bd92d5e7cccb8b0d73b91898b2b0a44bcf7aef92cfaaa80ea6b11fbf30532
civora,partener-eu/validation/history/20261004T095214Z.json,12178,83bb546da41b32e0c916ed1e7ad7ee452c274c9addf778896639329bd6f3215e
civora,partener-eu/validation/history/20261004T100531Z.json,12178,3109a008ba217da02a8011c1e7d849162fe1c4ddffc365cab01aa941976ebcfa
civora,partener-eu/validation/history/20261004T104700Z.json,12178,b0aea97e5dbbfab1176865f22b3512d169912c833de9d78ff4a06276d5eebaf0
civora,partener-eu/validation/history/20261004T122404Z.json,12178,cdec9ff891ad438feb09f7e0310c98bd62dcd1b34d7a7d695057069206560692
civora,partener-eu/validation/history/20261004T142749Z.json,12178,954f04b587bae1235285af387eaeafd3124e88b439bc6ad4263d93094425ca2d
civora,partener-eu/validation/history/20261004T143024Z.json,12178,9a880d4821cd1887280343ba24926ac3e8357de1e5df6dddafccd6dc8a53d70e
civora,partener-eu/validation/history/20261004T145028Z.json,12178,d9dfbd97c60de0d42a5416a2b1dfe699c00da00d0706b6c12333e83bd9017fd2
civora,partener-eu/validation/history/20261004T145145Z.json,12178,6c568301f3d819440e04e96690757978d68a40973b0160db049a12abba923cae
civora,partener-eu/validation/history/20261004T145428Z.json,12178,0a2f2fc2012d9944c95782a81c450387e5a9debbee26e4edc0e40de707935cab
civora,partener-eu/validation/history/20261004T145541Z.json,12178,7c5f285c4c05824ade2d29c2d67071cc3098aa3639d6987a8ae5bb0a4c48bd6e
civora,partener-eu/validation/history/20261004T145745Z.json,12178,a8914b864c102fd8bee504be1f698365b87a4bb3aa60d8b5baf9556d1af51353
civora,partener-eu/validation/history/20261004T145913Z.json,12178,aafea928428646bf92568247fb576ae3279a20344e3bfc5e9d15a7bf848383f3
civora,partener-eu/validation/history/20261004T153205Z.json,12178,3ff18b4b24f4068c561cc29aa3607d2374b76c981cd5effd5ea31284c648a4b4
civora,partener-eu/validation/history/20261004T153526Z.json,12178,948d4c33c46fb505711e97796a0d4041f46a3a2f8caa031017d9b7ea6d9ad666
civora,partener-eu/validation/history/20261004T182612Z.json,12178,3b7abd6982846e30a3aaf5ebd7aea26fae78635ac1efec6dc43bd940f4fe535e
civora,partener-eu/validation/history/20261004T182852Z.json,12178,fb0e7c3f25d80fceb94d00c55d9f30447ccb677cf32f9503cf006c30fe013882
civora,partener-eu/validation/history/20261004T183954Z.json,12178,03b4bab9a5d1f2b112fd0605ec7cd617d1baf732dab097125bbbf0aa28a66ffc
civora,partener-eu/validation/history/20261004T184835Z.json,12178,1d78c235cc1247e25900a604fb1eec805d3a71069ddccdf8e814f55fffadc818
civora,partener-eu/validation/history/20261004T194734Z.json,12178,8ddf107d6623102d449063d22e43bc95a404ffc086ba6992abef260851e6faeb
civora,partener-eu/validation/history/20261004T212709Z.json,12178,ad61b5da18e5c235341b16318ae24daf711a7f18bd843a2f1e984f3b028932d0
civora,partener-eu/validation/history/20261004T220034Z.json,12178,5cffe5d982f13636906e38652078fbbc2dda34fef8b2b11823bb3d333e8e329d
civora,partener-eu/validation/history/20261004T220333Z.json,12178,34bca1adb00781b8d8b53aa19fdd2f15bcc495c8c7f5f74f07a604880bcbf2c6
civora,partener-eu/validation/history/20261004T223007Z.json,12178,80991da44a4b95cd265ff47c3e06a363c63893c01195cd6ac29a0d989b7135b0
civora,partener-eu/validation/history/20261004T223146Z.json,12178,6795080bdb2b31898ecf2de0ee99cbaadca7c14b91881fe538f447eb18122953
civora,partener-eu/validation/history/20261004T232320Z.json,12178,f0808b9c2f5bfdf94404186f8f774be6127bf52a7f3c82e7120ac187496987e2
civora,partener-eu/validation/history/20261004T235901Z.json,12178,169dfb4857dc11fed8b3b1008d990d019fe3cb7e3a9c45701c4d1a3b61c6c273
civora,partener-eu/validation/history/20261005T011417Z.json,12178,020c71a237ca8f7cc3533512002c0348ec7887e1ae98d46ef368feab826e628a
civora,partener-eu/validation/history/20261005T012043Z.json,12178,a1141d347b4684ccc4257a8c9c29ee8b455203a96ccfb6f70f82ce5145639ed9
civora,partener-eu/validation/history/20261005T012319Z.json,12178,31c4fec3fd2815240b27e90320e6fdf6aaef99ba809287760bdd0b7f331dd69d
civora,partener-eu/validation/history/20261005T054314Z.json,12177,32279c1bafd2c0e8a57e03bd7ed85ffdb186465173217cccfdb8cd9609deaafe
civora,partener-eu/validation/history/20261005T055946Z.json,12175,a284b9bf2dcca43b307aadde3e5330b5226243e8d7e02e231731227c4772835c
civora,partener-eu/validation/history/20261005T073028Z.json,12178,eac712b9756ded723c9fe1722afd748027295341dba7141aa3d8c85e4d80fac9
civora,partener-eu/validation/history/20261005T080048Z.json,12178,7370ffd734ef585ea227c48d81209593387265135898f856e0083975b349ab3f
civora,partener-eu/validation/history/20261005T080812Z.json,12178,fe2fcf87336a7a0280e914c3e4d24cb9b207da46f09f82b34a86708d8e3a34ed
civora,partener-eu/validation/history/20261005T081103Z.json,12178,f9666095e0b994ac43cf07d8f7ae6bfc5e9bf8c217a58c34d76318828152558d
civora,partener-eu/validation/history/20261005T103237Z.json,12178,0a6c63a516c6b29f4b8ff2cbc35174c2e88b97de82037330688f92b24b99bc6a
civora,partener-eu/validation/history/20261005T115046Z.json,12178,f9c41ef94bf1ba991e38c6bea690076bd294d0707c33f0be9c5be46a8fd692e5
civora,partener-eu/validation/history/20261005T144241Z.json,12178,cf3449361825bb8229e7726760e3b29e7654cd72df91bddc3029cdb315aba368
civora,partener-eu/validation/history/20261005T150325Z.json,12178,3a2b91a9dbdb7d627c2e144629cca3ff59dce8140172c5e7f7dd7ddd7c989b22
civora,partener-eu/validation/history/20261005T162147Z.json,12178,0b06a5bbfd6c1df99f8aaa9085645f4e58b6996ecdfbb420498c43eead2ff238
civora,partener-eu/validation/history/20261005T163048Z.json,12178,10899cc138fb35bdadfc8dafa3a33ec55b313280e4a887401de08b2f453306ca
civora,partener-eu/validation/history/20261005T172354Z.json,12178,79e09746938331e769c66b3d43825054d711706cc4557270b354de8e9329c446
civora,partener-eu/validation/history/20261005T184003Z.json,12178,18c68f8d2be398481339a9d00f107fad1f31b08786c6d0bfb79d11be2ab15342
civora,partener-eu/validation/history/20261005T220302Z.json,12178,8bf29a8f6b16c4bfe11dd259b37c742ec3b7b2c3aaa97f2e182e5bcd6e8d54b5
civora,partener-eu/validation/history/20261005T225009Z.json,12178,468909eab461b00fbd520065a9acd2662fa95df428efa9107f47f0dae1435d9d
civora,partener-eu/validation/history/20261005T225427Z.json,12178,2b2a97d4f2fa8552422dac83a38af9f9d629c9257d6b4a92bb7a3085f7c97a06
civora,partener-eu/validation/history/20261005T225820Z.json,12178,8050579a5cbba638406fa10bbf42c4d17d6a0a8316301920a87dee8992e43109
civora,partener-eu/validation/history/20261005T230125Z.json,12178,703c03be3a6813a578b2dc5320ed57b3817cf28b0fecf9ab420f0f32325cac49
civora,partener-eu/validation/history/20261005T232231Z.json,12178,fe22261e07e2a22d001446e704df7fcacccc722537b9b74c6a3495d6f6d84a8c
civora,partener-eu/validation/history/20261006T000455Z.json,12178,4bb8c05ed1b721fa031089747de5fb6d6542e759968e0964d43918b8acb8d383
civora,partener-eu/validation/history/20261006T005812Z.json,12178,b0927277388e7bcb48577f29ec310e9d40fe019e3a8e367dfa28f34cf1443ea7
civora,partener-eu/validation/history/20261006T031554Z.json,12177,cef5934c13ede6c2839f893b99b649d54bb520772334d016a7ed73134ea75d43
civora,partener-eu/validation/history/20261006T031926Z.json,12175,6bca3c221e3a0332cd9abaa20c12d10ddc88b0741e5f134e4d90fcd5353dc4fc
civora,partener-eu/validation/history/20261006T032331Z.json,12178,eba33b5901078e35e4e675d5a1cf0e0a50d2637fe9e3599823369a3c93471d56
civora,partener-eu/validation/history/20261006T032606Z.json,12178,651b73a0f493d4145d5b532beccafba3cfda67a13f70807537db5394947a3f4c
civora,partener-eu/validation/history/20261006T062301Z.json,12178,d232c257970cecff2648b657bac0f6d09ab08e07fa215735377d6d72cecf2cfe
civora,partener-eu/validation/history/20261006T063709Z.json,12178,a84c9cd9598f041dc889194796796e2dc1724231598aa9d8a3eae8902ecb5736
civora,partener-eu/validation/history/20261006T074252Z.json,12178,eda8fdd9812aa612c5bdbaea1d02368346e8877c51304c9a905805a4e3d5b208
civora,partener-eu/validation/history/20261006T093817Z.json,12178,2f6b40a52ffbd84737fd5b4b28ae61cc43e8bb2a745ace59e0cd25a57b309e56
civora,partener-eu/validation/history/20261006T094210Z.json,12178,55a6175b5ab267f674ca1af1907def15792b44adb11c0f64cdf29cd787955069
civora,partener-eu/validation/history/20261006T094323Z.json,12178,98e26201b2e9e67c176631ead93c663cdbf716ccdcf38e2a125eb9175ac8d1c4
civora,partener-eu/validation/history/20261006T094601Z.json,12178,224ddcde1d5e9deb810033e21d3daf70f38403c9548d2db6d25a7975f99eb407
civora,partener-eu/validation/history/20261006T102427Z.json,12178,4e109c6427b43118e66f00313a89dd0d2b6b6d0c4c48e2048b200bae9a4dd3ba
civora,partener-eu/validation/history/20261006T104243Z.json,12178,04889fc74f4a91aa915b9378c95f0857d4ed675698e5c812df2d2ecd828de8ff
civora,partener-eu/validation/history/20261006T104614Z.json,12178,4179d40e61e2658a0ec9798f7fdef8371d38164948e1bc3eb0779d49c83f1486
civora,partener-eu/validation/history/20261006T152200Z.json,12178,313e6ecd1eced9d90e665ac85b28d87c2267f7b32fd64c2e7c1fa6e92bfac9cf
civora,partener-eu/validation/history/20261006T165842Z.json,12178,cd6be8452d68fd180193bfba7799d1586ad1e06055ea6dda56e69e8dd4d47fa4
civora,partener-eu/validation/history/20261006T172657Z.json,12178,b037163c334cf346ccf4071cf8982413c528c9e620d5f29abfe8ff9399fa819c
civora,partener-eu/validation/history/20261006T182402Z.json,12178,e814801662486fa539cb97eb909d2a83be854d4bd6d3f6fc4f3da05637d20c4d
civora,partener-eu/validation/history/20261006T202227Z.json,12178,ba8eda24153c17f3d4f6abcf32d0a9dad33e491f729ad172a699390c88f22ee6
civora,partener-eu/validation/history/20261006T210811Z.json,12178,3ce468986e26d71d1c43c754f72edfc6d07bb83d45a54242d1536776ce6b82cb
civora,partener-eu/validation/history/20261006T215151Z.json,12178,69204d311fad3327d50a973362b63c9066beed99a688d81594ebfa17a8337623
civora,partener-eu/validation/history/20261006T215401Z.json,12178,57827ae6fe6083ce716a946bf4d62c2af89fdcc665f4f54385958b6c1e053ca3
civora,partener-eu/validation/history/20261006T215558Z.json,12178,a779de1669e2b29989d5018bb58f5c8d5b184682b594da2b170103f29c4d0994
civora,partener-eu/validation/history/20261007T004556Z.json,12178,cc2cc778db91820d28432cf872b11ba4779ce893a57eb6322ccd1d4c7bb5db06
civora,partener-eu/validation/history/20261007T005300Z.json,12178,44d6143526ec761d54273eca0c4ddffb487c3cc0b127c7acbaea90ef575dfce6
civora,partener-eu/validation/history/20261007T014410Z.json,12178,d2d82446dfabe987e0f7c57e97684dfac397c10d0113f2722362f68b6843ae8b
civora,partener-eu/validation/history/20261007T014906Z.json,12178,284de6d4ae8f1a2d612a3b20944265d0b32fe2e8fbd5afed2b533aec95615b1b
civora,partener-eu/validation/history/20261007T015222Z.json,12178,a702dc36e497e35fb96aae6c8dada0ac8d0485f762c72c20fd82b346c0875074
civora,partener-eu/validation/history/20261007T060221Z.json,12161,56ddf44f25f36aaff773e8d8a587987f2f8c2861cffc94e96edb981b17e39dfa
civora,partener-eu/validation/history/20261007T072415Z.json,12175,55d96842c2a1e13ed3b531ee35767dd149b0eab1205350586f2735bcec99447e
civora,partener-eu/validation/history/20261007T074553Z.json,12178,8d4950e35c745e4bb5a8675d9da667078e7cbdc855a5633fc7d12fe0a3347577
civora,partener-eu/validation/history/20261007T085755Z.json,12178,ae6a85f2d1cc942ef2e83e9fae863904f482e31c70d0f2a4aab09530774fc17c
civora,partener-eu/validation/history/20261007T090721Z.json,12178,5c7a24e99f4a8b941e5852b8a4da4ba88bd64375d0363e49b4f891a11e9c904c
civora,partener-eu/validation/history/20261007T091333Z.json,12178,686c2a022e24b6f27d1260caa0bfa33f1bb50aeb10f0cf890b752a7540785f68
civora,partener-eu/validation/history/20261007T102028Z.json,12029,c6e0d8b8ba7090e8bbd850ea7c7688781b50b58514cbbcc9ca694459ad02cc11
civora,partener-eu/validation/history/20261007T132636Z.json,12178,81f30ba242cf550e6661bc843e1b72957e94825dd4e706dae159bcc383d83bc5
civora,partener-eu/validation/history/20261007T144755Z.json,12178,7444b2d087482357bbafeb0f9ae049d97fe9ae39c123d3f9b5ad82422eb79575
civora,partener-eu/validation/history/20261007T154240Z.json,12178,21b2e844d3975de3e1649fe2715383d274a335791cd43096f0253cbb650801db
civora,partener-eu/validation/history/20261007T165105Z.json,12162,2d5616667ca95b51a2ecf9ccf2a33ea567e4d89ceee16f4d299c8b193f431a33
civora,partener-eu/validation/history/20261007T173207Z.json,12178,9c5f8c4a942642864cd94d3389afecf21239121c38c029e3a52fb3605a634691
civora,partener-eu/validation/history/20261007T201503Z.json,12178,e08b4723d7cbf4c420b13615b3a29f5d71fc754a66f857a2f96569cdc39e4968
civora,partener-eu/validation/history/20261007T203936Z.json,12178,9669cf3b2372817a222e0a746b37145dbafe5aca2d92a341dac19d85a4697f8e
civora,partener-eu/validation/history/20261007T212653Z.json,12178,e05e1f25c55261f69e23d611680decf5219f3bbee847ee21df27b164d69a9baa
civora,partener-eu/validation/history/20261007T221320Z.json,12178,d947ca2d65d02936018b8efaad4ecc5940c6a89f887a6533353366bd7f42651e
civora,partener-eu/validation/history/20261007T221444Z.json,12178,792bcb5b0cd4801f20bfc757c4b6367f67630f21dde297d428019f6e3d1e2a7c
civora,partener-eu/validation/history/20261007T221609Z.json,12162,0de9a9729183067b90302053e835cf3355ed822e416a69c403f2fd4b5d49bd70
civora,partener-eu/validation/history/20261007T230721Z.json,12178,3b0da5f2de3377307c4a621557e3513bd3df31dfc02d61903f070455773b4e44
civora,partener-eu/validation/history/20261007T231634Z.json,12178,80388eff0c5f2b3d8be2dbc6ab853b5bc6cf1130a60c39307d1016231cfdc960
civora,partener-eu/validation/history/20261008T002916Z.json,12178,e5b8fa4811e8b7a1060503d3490390675db3486663a22aad0a4ec30f2d2df5ef
civora,partener-eu/validation/history/20261008T010239Z.json,11974,ffce9cdd7b05ee2828d3ee75f3edd4d8c3f4b469fc18f068d8606cd7d286931b
civora,partener-eu/validation/history/20261008T020747Z.json,12178,8c7f29c543048303eaf52283db103f84273cb5985f3e50f19f78d13f4587444f
civora,partener-eu/validation/history/20261008T060632Z.json,12177,05c228532d35682c1e3c4c7c79d9a930cfefd89ccb4e65552228f08ecc5d0128
civora,partener-eu/validation/history/20261008T062310Z.json,12175,2349eba1aee8fbc99fd36a011ffcaf84cf579fe7954c6f388b39282087e1d296
civora,partener-eu/validation/history/20261008T064343Z.json,12178,e6512eee67437e6d4b5b0c76e119db9d067a39567ca6425617dbeb73e975d3e4
civora,partener-eu/validation/history/20261008T091305Z.json,12178,ab789519bc207f58a37731ca9489d26e363298b5b185b5b82c365c4fb18edbc0
civora,partener-eu/validation/history/20261008T092421Z.json,12178,4c471a6d0a36de8b3a02be83ce8c88a47189bf5ed4c80a39de8e60a330957651
civora,partener-eu/validation/history/20261008T092757Z.json,12178,b0b79af9ea222d1fcd660203ea952df96292e303a1ba5d242cac5b584b7741d3
civora,partener-eu/validation/history/20261008T104012Z.json,12185,4be0ce10aa1e3cf8d1aba8786083ee37ee8ca6e547b2842ef72fc4c22751c32e
civora,partener-eu/validation/history/20261008T133214Z.json,12178,4f1fa59d5f377d87fffab534a3d88904c79122150949a092a24e27f14364f29a
civora,partener-eu/validation/history/20261008T135000Z.json,12178,64acbadd01c6bf14419986b2c8c5d63d465968b718c5bf9ed9ae3666a06b828c
civora,partener-eu/validation/history/20261008T140710Z.json,12178,45687261af6c36f0c6af6f93b6173031e528e325f0eec9e60b7e318506a7c6b4
civora,partener-eu/validation/history/20261008T164129Z.json,12178,387aaaec1a47e3b628de517a199b056477e1d76112016d8cc68c4b54538b22f4
civora,partener-eu/validation/history/20261008T165129Z.json,12178,4d118a30fc5e3f127e95889577f00cd07316065be95dd06c9fad7f22c2b53653
civora,partener-eu/validation/history/20261008T165520Z.json,12178,c4b9bfa4cadbab2bea0652a899991704730322c9cb5ea759caa31ceec5a4103a
civora,partener-eu/validation/history/20261008T200433Z.json,11935,c47f83a8753d12747677c87acccfc4884140107d30538d8e49599e71a024ce9d
civora,partener-eu/validation/history/20261008T204256Z.json,12178,94d553a08d6f7f64bba845a22ed228024fe77ed75aac225b77620ba4f6aaa7ff
civora,partener-eu/validation/history/20261008T221603Z.json,12178,7316f5c65d1fe39f1578a7b2271924bb9c2bb93ab4a8a529c3b9a0ece98753e9
civora,partener-eu/validation/history/20261008T222221Z.json,12178,7b9a38cb8469b0a85847552478885e78c823dedca0e3b05f72db62078121bfa5
civora,partener-eu/validation/history/20261008T232234Z.json,12178,dc82a7a410225122169d3f52f27780fce5de18444cf53d47fc1c18f9a97224bc
civora,partener-eu/validation/history/20261009T003421Z.json,12178,905bec7d26e6448dea3d22a14fd83e6cd939e85f08dba5ef6c9a7a94b7c834ac
civora,partener-eu/validation/history/20261009T004349Z.json,12178,5c4d9091d4bd4d224098b080227d0e39fe37bdb3791d163c56d202fd16155615
civora,partener-eu/validation/history/20261009T011516Z.json,12178,890209ac1a809d13158c19c623bd710fad49067534f891ec08adeaf33e49acbb
civora,partener-eu/validation/history/20261009T022203Z.json,12178,f802c3f2c1592593d4c0e614af0e234f78f5a8c959f95aa9408f6ea8f03a2aa2
civora,partener-eu/validation/history/20261009T022819Z.json,12178,edc981b9ce5eea9445dac7a784b15ad26e4cd97eb0fba18d92d8cead75a33177
civora,partener-eu/validation/history/20261009T023358Z.json,12178,e9e2df071aa97163ab5f7a24341dd2326d658bbaf3194094211e279224a37aa4
civora,partener-eu/validation/latest.json,12178,e9e2df071aa97163ab5f7a24341dd2326d658bbaf3194094211e279224a37aa4
civora,partener-eu/validation/mysmis_call_inventory_latest.json,36343,9c0fea66e4c2f8437cb7d426e2f8310d667d77c27b6c66ad1130eb428592e13d
civora,partener-eu/validation/resolution-tasks/SRC-ADRCENTRU-PTJ-CONSULT.json,1327,e7a4836b1a11a6bc1f14bd160be1c78e08eb8e608a39a57eaa0525ffc13a2eb1
civora,partener-eu/validation/resolution-tasks/SRC-ADRVEST-PTJ-ACTIVE.json,1461,37f608882e5570bf9d5a2a764af50bc140b27966ac00373fdf46390c86665518
civora,partener-eu/validation/resolution-tasks/SRC-AFIR-CORPUS.json,14829,d63f05951b6975ee37bab21527a99ccdae1cc436ea43684a895d07bf2fbf12ef
civora,partener-eu/validation/resolution-tasks/SRC-AFIR-ENERGY-2026.json,1244,69c387297f493ae6524c46d19a72cd7116803183767600ca1c7d15f1e8b5ae80
civora,partener-eu/validation/resolution-tasks/SRC-ANOFM-VALCEA-STATS.json,1437,c9b60dc52fc4e31465dc8c8b182051a674d43e6117e9faca5ba3cf249d01274d
civora,partener-eu/validation/resolution-tasks/SRC-ARACIP-SCHOOL-REGISTRY.json,1457,6ac5c1895ae11a9222670777293d931dc7f46b03e106ead2e7a8a8a1985dc265
civora,partener-eu/validation/resolution-tasks/SRC-INTERREG-ROHU.json,1398,77cb00160706bc0fae63f5f98454c24d756d571d641875850b096b54a1a48637
civora,partener-eu/validation/resolution-tasks/SRC-INTERREG-RORS.json,1397,52133f057d12bdbcdc55543cafec2fb89bda01864199f02373f425bda2ed4aba
civora,partener-eu/validation/resolution-tasks/SRC-MAI-FED-CALENDAR-INDEX.json,1423,c2ac6488c9902820e905d599708c8aedc81c0cb6f6e62f2d6579f25aa4a8409c
civora,partener-eu/validation/resolution-tasks/SRC-MAI-FED-CALLS.json,1400,e2601364e707f8916644c2a1c47dad3a414e1f15efc69b70ecfbdf3c77080f77
civora,partener-eu/validation/resolution-tasks/SRC-MAI-FED-GENERAL-GUIDE.json,1426,5bf2de00a1a965126ea9bbecfe8f48c155c8d6b8b9cf4c23ca6e915b4c38ce9e
civora,partener-eu/validation/resolution-tasks/SRC-MEC-CNDIPT.json,1388,4eb60bebc76cdecf0acb449a0d4371a41cd0fa6c13d018c6e810b7ad405c49bc
civora,partener-eu/validation/resolution-tasks/SRC-MYSMIS-CALLS.json,1649,b8cd3aebadf650eb598a22c46b2460ed29fb79eedb32f77e37eae6af00def402
civora,partener-eu/validation/resolution-tasks/SRC-OIRBI-PEO.json,1386,6b61318b83e90962fc15c469a34da861d31cfdb7793b94d50e795c8605416a4b
civora,partener-eu/validation/resolution-tasks/SRC-OIRBI-PIDS.json,1381,17244e059417e369ebd8175a39f9b50b9fb398a0517b1978c6833237bf4d81b6
civora,partener-eu/validation/resolution-tasks/SRC-OIRCENTRU-PEO.json,1390,e51d674608accc7530aae2ea7e4b5413ecf60863f9b45b741b37ac80de5e68ad
civora,partener-eu/validation/resolution-tasks/SRC-OIRNE-PEO.json,1397,941fba96e3bcf29a7fd53bf7cbee9c9e4417cefe96b9c9fbbb53908278f0bf97
civora,partener-eu/validation/resolution-tasks/SRC-OIRVEST-PEO-GUIDES.json,1405,66b79688ba09faea64252ae9fc9e846f40a8aebc216ead0f49ae43c73e9e22a4
civora,partener-eu/validation/resolution-tasks/SRC-OIRVEST-PEO-MANUALS.json,1451,6d58e62e9c986c720f04f6def10b9194dc65c6567029d3e743a83a7958107c6e
civora,partener-eu/validation/resolution-tasks/SRC-OIRVEST-PEO.json,1590,8c1f9119e3fb588c0454915bee8a39f137d32ca66a884de07c9631e2551df62f
civora,partener-eu/validation/resolution-tasks/SRC-PEO-CALENDAR.json,3602,bb9a07fce2d42af84e48977f3993353cb2e54ae5de33f01807e376e22d7fd8c2
civora,partener-eu/validation/resolution-tasks/SRC-PR-CENTRU-ACTIUNI.json,1206,103d13e0320f1a9bf78abc5aede7e39cd244a7b96529a8321cdf9ca9499e5843
civora,partener-eu/validation/resolution-tasks/SRC-PR-CENTRU-DIGITAL-2.json,1289,83a765cb2bd9bd3766853d24acca41294d4c470b54246c83781d2e8e4050b3a7
civora,partener-eu/validation/source_state.checkpoint.json,4544,007c098162c23946e99f723b72c087eabf3ee3863c73fc78c315b238c68fe6df
civora,partener-eu/validation/source_state.json,4544,007c098162c23946e99f723b72c087eabf3ee3863c73fc78c315b238c68fe6df
civora,partener-eu/web/.gitignore,79,30a75d8086c0af17e8c8b41b565710cde10782697bce9796a11e51ea021af37e
civora,partener-eu/web/CNAME,13,2b5cf359a58b87b99b47d09abae48a033338a40e4a587a1dc46705dd92af7613
civora,partener-eu/web/alma-story.css,2495,9b3ee014d842f3316b2b02d59d81a8aa0579f6480133faf7195667a7a3493e5c
civora,partener-eu/web/alma-story.js,11243,d9f667d68be029e50cead30e09de1c372ccbf21001ab93153f8556423369d059
civora,partener-eu/web/app.js,18481,d856c35b6c46ba5346d47550fca15d05b9a1f543f34109eed4c757e9e3688b99
civora,partener-eu/web/ask-partener-v2.css,2349,d61dc1861b76ee2641214c36049ef0e97a30619136a4a0ae2dfd12eae2766eff
civora,partener-eu/web/ask-partener-v2.js,19079,1d2506062337c602445d205852865e3d12167fa60ee9f743832b22f054c6376c
civora,partener-eu/web/brand-civic-intelligence-v1.css,6236,0ea79e3ee72e643a063acfbf9807fe56a23360e373e3cc77e602457a6e9ca2d0
civora,partener-eu/web/brand-horizontal-v1.svg,607,3520ebe11c5912f2e0018d865d3fd0eac4c9d00602537d0693a634476cf46424
civora,partener-eu/web/brand-mark-v1.svg,357,a1e67df8ad3f9ae798d9e92483f8dd530e259cfbd634ce6c92a3fe0c2027930b
civora,partener-eu/web/call-lifecycle-ui.css,2940,a9865ceb4b00f0a0176a6dec04684a65310acb2ce7e6c0fa465c711553d40ea0
civora,partener-eu/web/call-lifecycle-ui.js,3326,124dbeb821bb6d02e78c02337fb1c26f2ffc4e9e32584da0688572d05ff9922a
civora,partener-eu/web/call-lifecycle.js,350292,717713f0550c0b9ed2020f2cab1a71956e122895421f0837b98c2ac9e876209c
civora,partener-eu/web/call-specific-eligibility-v1.js,3214,8e01e4c77de2912adf3c36cab735db788a861126732782c98d1e3aa94a6312a8
civora,partener-eu/web/consultant-loader-v1.js,2288,5d17e3b34052f156ca06729d64069a9c147bfacca92f9afac632099f914bcf98
civora,partener-eu/web/consultant-mysmis-v1.css,1909,a2b4fa9892025355d6e7f6012565038cbd65773f774ee2664ad050a41d2e8c2d
civora,partener-eu/web/consultant-mysmis-v1.js,4694,e3aba6176c825482b55de94b59033dba9f42dd8591e0e85c8843bdcf97662a01
civora,partener-eu/web/consultant-onboarding-v3.css,2252,e9cc16fb7147d8f24a4917babdd9cf312fce02b54af6000ce0db2af61ffbbaf2
civora,partener-eu/web/consultant-onboarding-v3.js,4478,854d8764d70e626da59cb980b85d3e51bef0f6c12f96746d1ec2b376d97da6fa
civora,partener-eu/web/consultant-workspace-v3.css,16313,450b35c3a4abeb0b50977a5bce373cc8621451f78a7b96b831bac598d4a7932f
civora,partener-eu/web/consultant-workspace-v3.js,58403,0a66725ea72fe29f08a54c64c49fa9c5e4ef99e2e3e026ad487fc4e8e3c47db8
civora,partener-eu/web/corpus-alma.js,3257,5eb924b96cdf02e6c745370a1ab2c488e2c5333a7a6e0e7e79c1fef635fd0179
civora,partener-eu/web/corpus-batch-01.js,11289,73716e68fcd30cf3c21e90b6e2357582e4ecee10f1e4493393d17d8d514f843d
civora,partener-eu/web/corpus-batch-02.js,15617,73e52a8813439987c0416d51fb9a426c03c3d0023e168e2dcafc205a88e0d79a
civora,partener-eu/web/corpus-radar-sv-oltenia.js,10129,34d1ce150180d055aa852d9ae0dc7a660cb7b2284a7cde4b2cddb1a09315f213
civora,partener-eu/web/corpus-regional-radars-batch-01.js,3591,e7adff605dd15d9d1ba6a428f1801fe2a8f5b854e056cc86fc84bf85192f5cc8
civora,partener-eu/web/daily-brief-data.js,3337,1bf596191dc19e33cd1fe9631544f55905e1aa4c584b9b5429d2730ccd5a89a6
civora,partener-eu/web/daily-brief.css,6139,d7a1457a8a841324a27db82ed95ffe10503cd012a874ba9e8ff8bd96739912ab
civora,partener-eu/web/daily-brief.js,10962,f3a19d0489d477f24a774631f4705f9df73bdb050febd2255954267dfa2de6f6
civora,partener-eu/web/data.js,10907,1a53e8f697933fab9c038f3653a7806ac6ef527cde8c621d32bfa1c2622c90a2
civora,partener-eu/web/decision-intelligence-v2.css,12663,fb2938552683a9372d942266866ebf74dfb653a4eae87264bdc0cb85317e0402
civora,partener-eu/web/decision-intelligence-v2.js,21663,f285be7aff9dcca6fd091a23fc8a33b33199e814766329c342efcf78f1a6e287
civora,partener-eu/web/decision-products.js,2831249,574f3ef761a26a0f59363699cc98c164e30814130e58bcd0a9275453ba9ef105
civora,partener-eu/web/dr14-story.css,3214,6b428dfcd1846f27f48158af1de3e0d0b6a42648a435bbca88b06cdc2d03b3f2
civora,partener-eu/web/dr14-story.js,9223,8e72cd46b75edc8ddd3695065ae2fc623159dcd4b9e191c62cb6e9f1bbfbe37a
civora,partener-eu/web/home-concierge-vnext.css,9222,311276a9f58d815c6afeb9bc12be0c6d82266bdb341b9403565d7eaea42cb74a
civora,partener-eu/web/home-concierge-vnext.js,13323,88ea5a1c0ea7ec733bcbdd92b32f45553f772bbb96ec9e5fca1c86ebc9c19f22
civora,partener-eu/web/home-freshness-guard-v1.js,5807,ef07e23f6199041a8e3478067b620151aee9341f2fef6c2ddd391f0c3f3f8d0d
civora,partener-eu/web/home-go-to-v2.css,4567,5e49e40f38332d5a48d1aea8846d29f9c567b53d941c3350966e7edc15dc9a7d
civora,partener-eu/web/home-go-to-v2.js,7231,325b9055f3fdda729bae184baf2a53cc0c0275bfd96dee139446efadbd32f215
civora,partener-eu/web/home-novice-v1.css,4233,8b199e480eb392611d7aae40620a38055fe084535fa88cff27362ebaa98f1557
civora,partener-eu/web/home-novice-v1.js,8417,3a4cf7b13308888754b15121d8c7c8137c9e62a26930fcbcb0a046a3cf02dc9a
civora,partener-eu/web/index.html,7636,ea4e37cdc3ef20da84d7f5e61e040109db732222a985d7341bb08b55fc3ac656
civora,partener-eu/web/mff-2028-2034.js,5202,2386c45162c95248766101a1647b79802bec78264f8e58ca99889dfc21164017
civora,partener-eu/web/mipe-canonical-calls.js,2607006,5e38ebe69257df7c14c8d10bd168a23b8de38cf4092012674804b810a33a5afd
civora,partener-eu/web/mipe-delivery-health.json,1625,9e1a4dabc1bac6eafad2fbe0488439327614d699cc0880af35c7c4ffced61b79
civora,partener-eu/web/mipe-news-adapter.js,1888,aad43806f7303bdcf3753c775a2bd0ac73fadbd57a544ab5b3816b1d981141da
civora,partener-eu/web/mipe-news-cleanup.js,212,89d22f3214ddad52341f752d82051290fcafa136b62da215f5d99b821080c05c
civora,partener-eu/web/mipe-news-quality-gate.js,993,72d61221e21a516c35c3ba6dc16f507937a0303fa195f4545c61bd5f45c15b14
civora,partener-eu/web/mipe-news.js,1791062,3f13870bf765ea966e7f7db60569a4f3591b9e3a85eddbdaf0979a34b784ad25
civora,partener-eu/web/mysmis-registry.js,15533,c1dd8caffc5103101d9f88c45ba9d8cbb54eeac4017ce3ec58ec745fff23dcb2
civora,partener-eu/web/news-v1-ui.js,8318,9d3c38aee45a70b8415d470b367b8e2224878ab2dc3e7de2496072bf8b85c2eb
civora,partener-eu/web/news-v1.css,2785,85fc20e3e5d06a37c56902542217c9e5789f7f689028dbf971b1d1b628ab94fe
civora,partener-eu/web/p11-public-adapter.js,5560,c15a4ab6c50ede266eb291743ee82497f2cee5c3fa9b59206d2e189b1ebf473f
civora,partener-eu/web/p11-public-data.js,59710,b16665c748927ec337ab741d393f07509b8b918692e2776ee6e8671b27b0f8c4
civora,partener-eu/web/peo-calendar-ui.js,3933,46b0a2039b84dfa3cbe53dd15838a99ac15154bcd779e0bf509ae51d5927e081
civora,partener-eu/web/peo-calendar.css,1752,e21ff23c696bb946f5b17aeb2cd67cf2c094f08dc507d988f48440cb53ce5662
civora,partener-eu/web/peo-calendar.js,29573,5a1f9185776f8c894beadefd9e97e45ec0e81950df9e0e54344e59107e45a469
civora,partener-eu/web/people-policy-data.js,109781,382dff3d57a4baae4015b2355afd4b592f7f65d4205fbf4fe6452d4828f9be69
civora,partener-eu/web/people-policy-v1.css,4561,038d2e4098d74998a5125d7dfa152b39e8aa286e2c3f7c2a38030115280772cd
civora,partener-eu/web/people-policy-v1.js,6553,381915b51af5c522f2838c8cbc83fc2e3cad7e7b90a8867dc6331ea5e0342c99
civora,partener-eu/web/public-heavy-loader-v1.js,5280,6a6d7493dc1f374394a5cfaa955e2c36665eac733a9c935d7713ccaa7b6240ab
civora,partener-eu/web/public-product-copy-v1.js,3117,d6982a5c70e52c57bea4b923b8ffe6a8ab03cd35af81f1e75eb560cb37e69959
civora,partener-eu/web/public-product-v3.css,1970,5474c0f352ad544c4aeb667b9f75b554571130a48d863d15b6fec4ba98365535
civora,partener-eu/web/public-product-v3.js,1306,c49f6891e9d111d393bc4c56e0ab9731482a06a7953a761614e1910192ac15cd
civora,partener-eu/web/public-static-v1.css,10044,8f62af10123efcb9ff36d97f5239c6c169381f7bb7f89f4743b0e0996e904997
civora,partener-eu/web/public-ux-optimization-v1.css,1949,665409694e95c48d1d090c535efb602425bec80f75a98cc94461411cde9a0591
civora,partener-eu/web/public-ux-optimization-v1.js,3800,36d72e315378f60b56c4649c1a034eea1f6c754da6496e739736decd059f408e
civora,partener-eu/web/radar-sv-oltenia-ui.js,289,7564ae4574babfbe3f326f20ec53cf4f30373bc4c46a006b016cba8f5b967757
civora,partener-eu/web/radar-sv-oltenia.css,2814,013542c4f0dbfa885bad5e43fd37878a2e83061cab2395da7cb43ebebbc593f1
civora,partener-eu/web/regional-radars.css,3371,a650e9f4ac6d7ac69f7fd2dd405a2f77d32accc6c07e9290212006b7b619e4db
civora,partener-eu/web/regional-radars.js,8893,1dff4e38c1eb012bad24f4e9265e50b52196dd378eb9e856688771edb30a6aa2
civora,partener-eu/web/robots.txt,69,af69b25309e9f4afb5815ae41dc8ef559f6236372f5663b342b590955c686d76
civora,partener-eu/web/romana-pentru-munca-promo.js,1343,ddbf44f8af1dbbe2bde3e8bd67922c87659eca49ee77f7737d79ee482b96bf48
civora,partener-eu/web/romana-pentru-munca.css,11212,eb7e564c47ebfba4c7557556451090eb50c4444ae5ba9adaa12679f3dd77b176
civora,partener-eu/web/romana-pentru-munca/brosura/index.html,14757,2134f06e9f52640fd59d08057e28ea84e24fe22c273d56ff2c0c33ac6360267e
civora,partener-eu/web/romana-pentru-munca/index.html,17362,e074fc9d12ac281faf6f61c7ded6139ff08028fb0cbd832458ca5eea9d123566
civora,partener-eu/web/sitemap.xml,448,91a05486576051e6360f7f7704f71d9779a99871c78dbc4c78023aa0a3847c59
civora,partener-eu/web/step-lll-dossier-bridge-v2.js,18448,052be970f4c21e18f804f1df3c2b173004c6aa60e8d7d93600385b68c65a43b7
civora,partener-eu/web/step-lll-dossier.html,6697,a605461e742fbeae10c739a87441e2b9ce4e1e8d541d2c279fcc72113e059cd9
civora,partener-eu/web/step-lll-qa-story.js,12559,f2372d3b292a4bbc7f814c6241f83cfc0ae4075d23e3a747eb5f3052de88e075
civora,partener-eu/web/step-lll-story.css,2997,419c645ee60a12d9ca13dcc3785c3343753f4377b68e052eeaf6ed9b444b5048
civora,partener-eu/web/step-lll-story.js,6615,25429e81399bdb292862ba7e1f9300a082dfc5e39a4715cf9b00c5e9ef215a19
civora,partener-eu/web/step-lll.js,5061,b3b936e43e94ad4d1126160f0a01b3884aff1e77447e4e00771a34a9dbad2d78
civora,partener-eu/web/styles.css,11572,3d8aca580cf03fe79d1795a96205283909f6b09f7787e462d33af581fe9f0aa5
civora,partener-eu/web/universal-applicant-resolver-v1.js,3534,50a4c99f84d8e9753fe81ffdfa8db54c799ee12aabc461f56a2f1902b6a958bc
civora,partener-eu/web/ux-card-scannability-v4.css,658,d41ac7f1ae666375edc1703056ce2d2f485898df7f7316331729e49f21b6e486
civora,partener-eu/web/ux-mobile-density-v3.css,620,0dca68b94bbab62b8b6c8f1eb0c395095525d5655448130728b2518041f08f84
civora,partener-eu/web/ux-mobile-density-v3.js,3352,2958cac9e6c18b4824f3a84fb939817d10beadf0419dc58554972865a5f7504c
civora,partener-eu/web/ux-optimization-v1.css,4669,611ffc1e9733be5ffa736064cd2f4aa3e766fb3bdc6eadca8e61000843f0d5f3
civora,partener-eu/web/ux-optimization-v1.js,4378,1de720ca91c32f6f5d7d7a14f6950094ff49d084ffc18402e8e8d5c40c369b2a
civora,partener-eu/web/ux-orientation-v2.css,2218,ae59d8f3b4698fc6077ab21414bb67222a83e5cd79e66a026343049154b5a89c
civora,partener-eu/web/ux-orientation-v2.js,5423,ccdcb8b3c735793ca154216ebfd057e0f0258a1b4f9b357c8d352df684b24019
civora,public-presence-os/.env.example,544,62cb657ca752793087d96dc0aea8af36fb82e8223c63ad79fb96cb83c9e3885f
civora,public-presence-os/.github/workflows/public-presence-os-ci.yml,1366,d64e49a2b6a9bb4a6002bcc12af91ab9e6098fcfec298c661c759c860dabcdc3
civora,public-presence-os/README.md,1834,cf441da1227a753e5788ac681318d133e4c3c85df6a06a863c8cd4a26a988361
civora,public-presence-os/config/amplification_engine_policy.json,2781,8793adc5455ced8865f2282c14d49257b3e75c9113963c35ab723bf6447dba86
civora,public-presence-os/config/analytics_policy.json,2840,7a3c2ebb5032c71898ee23955e8e6601ec1640bc9ede74a3121f59b5f9ab5fba
civora,public-presence-os/config/approval_policy.json,1843,8f21383a2a4e5b0565056aade06d1af8906a1088510ba660eb705eeb4ffef016
civora,public-presence-os/config/authorization_receipt_validator_policy.json,2957,bf3711810e2d98bdbfbcd3c4d8b3d9d89243c289794dcff17e7dd704f61f22e1
civora,public-presence-os/config/checkpoint_source_registry.json,7885,a64496f766122a0a3a238310e0fcd407a6da8f42dd7563fbe3cfaa7f91d5527e
civora,public-presence-os/config/control_plane_authorization_intake_policy.json,4467,212ed15cf04d80af46e6b58bc46035de8f9c32d3389d458557ca8b5918823a8e
civora,public-presence-os/config/engagement_radar_policy.json,5236,e20c4cd18037a9f9f19f93e1c82643551922c143678b53f8826bcef0dd2d517f
civora,public-presence-os/config/engagement_scheduler_rate_quality_budget_policy.json,2582,86ff39d3172e9de7cb442a84506f19a9f849b8d4cf053b7ed393c1b5503c3df9
civora,public-presence-os/config/experiment_policy.json,2606,71d78cf739a29e69775048adb14164f7e271443ed5c04644701e4ef1c3410a23
civora,public-presence-os/config/font_license_manifest.json,3038,e1ddf76350383fb36421792a8af37b81dd35986b5847a07f75195f7152f7cf92
civora,public-presence-os/config/growth_analytics_virality_learning_policy.json,4051,f7fb1813512e9c8836fe2ca264c5999945ed9d48454d4b0900b070beeb52a57d
civora,public-presence-os/config/growth_capability_matrix_policy.json,15151,4c4005037bcb8ff15f4e427ee817ffe4242fbc96e26eac4440548222bcaf0200
civora,public-presence-os/config/growth_dry_run_acceptance_policy.json,2270,8e2017964f57317351305fed473d7737d72486a7a6d53b2b82962792d9fac67d
civora,public-presence-os/config/identity_runtime_policy.json,2827,dc6e8beab5a26d1872be68fa84c8afff64c5eee26108c6a5c76c31190752af54
civora,public-presence-os/config/inbound_reply_policy.json,6921,e90b78f09231236f941a75a17a78d10b1092f39e97416fb2d2d712b3f1be4c85
civora,public-presence-os/config/learning_policy.json,2342,d2463eb6eb69da9ccc0f4ea59a697a3d967f55eb330ebee5779c44c0a28170f5
civora,public-presence-os/config/live_read_only_probe_authority_activation_precondition_policy.json,3653,9b88b4a20bae629ebc7e53c6ca4fad329dd24c2ba485ac60a039bcd42a4bc4ed
civora,public-presence-os/config/live_read_only_probe_authority_activation_transaction_policy.json,3326,a010ca0ebb6c29a803888aebe7322b219321304f905cec8cf4f6c3e2e9917425
civora,public-presence-os/config/live_read_only_probe_authority_lease_expiry_revocation_policy.json,3685,2fcf9f4900575751312deebc08cbe02263c505eff56ea4734cd1b94dad8e23af
civora,public-presence-os/config/live_read_only_probe_authority_lease_replay_stale_receipt_policy.json,3729,7f79671f11fa2c1a67d37c2b7a2f4f28d5622d71558e9699de486e71b31e0337
civora,public-presence-os/config/live_read_only_probe_authority_lease_terminal_tombstone_rebuild_recovery_policy.json,3994,3409e22990ccfe4c203a2d7e3a382040e8b5cf453a1e8b2a157903242a4685d9
civora,public-presence-os/config/live_read_only_probe_authority_lease_terminal_tombstone_reconciliation_policy.json,3913,605b293a5df03d1ce5b4429062236dab5ab7d1dc8511a293bd58fa8ad8836eb5
civora,public-presence-os/config/live_read_only_probe_authority_lease_terminal_tombstone_recovery_crash_consistency_policy.json,5476,1912fdc59edce999488e95d4c4349237c91683527ed45e74d8ae193d8941df6c
civora,public-presence-os/config/live_read_only_probe_authority_lease_terminal_tombstone_recovery_idempotency_rollback_policy.json,4073,1ed452e2bb6e6277453c8c39f3fe6b01fbf5e8985ee332e18c5f014ad601bd23
civora,public-presence-os/config/live_read_only_probe_authority_lease_terminal_tombstone_recovery_journal_atomic_replace_crash_window_policy.json,4800,167d253c5f1a1e4b9ddec1808ffe626ce140348fa01cf0335a88fc78f24038bd
civora,public-presence-os/config/live_read_only_probe_authority_lease_terminal_tombstone_recovery_journal_atomic_replace_retry_exhaustion_fail_closed_policy.json,4757,1848d1a00e62e0b7f06b21151fa7e54a302416b3add8c95cc92be0ffd1c7c7ad
civora,public-presence-os/config/live_read_only_probe_authority_lease_terminal_tombstone_recovery_journal_atomic_replace_retry_idempotency_policy.json,4942,aca1e1de6f6904845b35960c2ea134aa97f96c7fd3d32decff1876b45a35e86b
civora,public-presence-os/config/live_read_only_probe_authority_lease_terminal_tombstone_recovery_journal_complete_write_atomic_visibility_policy.json,4730,2a978526a20491946142ef8135f2cd11c016ef3219c7bb312dcfc06189ebfcfd
civora,public-presence-os/config/live_read_only_probe_authority_lease_terminal_tombstone_recovery_journal_corruption_rejection_policy.json,4956,d91ec35f79bf3f6e908212f34eb8dab11f5f46cc017cfc2d3428fc5cde05356a
civora,public-presence-os/config/live_read_only_probe_authority_lease_terminal_tombstone_recovery_journal_partial_write_truncation_rejection_policy.json,4630,afdb9da04b89f907cbc405dccfe4f325b2556434a8da4b2641dca708aac88c3d
civora,public-presence-os/config/live_read_only_probe_authorized_session_request_policy.json,3439,6503f7701edfca3968fc30e2e73b309ec10d0ad07c7ff78ac81922ef1cffa3b0
civora,public-presence-os/config/live_read_only_probe_evidence_import_policy.json,3095,0726b60ebbcfdb5dbf4319e0abf7cceef28760509300d5fc87257378f00ce9c9
civora,public-presence-os/config/live_read_only_probe_execution_admission_policy.json,3601,97efcc22065851378dc28a06aee1285e6dc3233e60efd12ce57c236de6e70740
civora,public-presence-os/config/live_read_only_probe_session_authorization_receipt_policy.json,4201,81c4ce2d7c52d00de6a06ee1af9f6ab9255e7189c87760b0c9a9d3ef81be2e6e
civora,public-presence-os/config/live_read_only_probe_session_policy.json,3276,651a258716b81adc97cdc18670dd3e0962939ec338aa68b0992f5a6ac2f209f1
civora,public-presence-os/config/live_read_only_probe_single_session_harness_policy.json,3894,ae0668fd588605b17963656f7fc6686c96e4a8338721add3abec1097248dbbde
civora,public-presence-os/config/master_draft_policy.json,1565,c9fec6eb5a654f51f5ab52778b5d184ceee472c223877244721dda38dfb0c460
civora,public-presence-os/config/meta_action_risk_policy.json,750,5a73409fc94624b3d49752c82458576a2386ecc200ee47163ee6adcf0c0d9f9c
civora,public-presence-os/config/meta_adapter_policy.json,2787,3ae9d1619199c6fb7dcd0dd6040dd2f7456cf8ee93620dc6c44c6799118ae709
civora,public-presence-os/config/meta_capability_matrix_live.json,8604,78cfe718f619544e8672fd11cca5d22154577301f665371f059f4aaabda14aee
civora,public-presence-os/config/meta_connection_policy.json,2168,8aa4931de9e31ab90dad21c5836987d2c6d19bd39a538148c9988e254918e8b9
civora,public-presence-os/config/meta_live_acceptance_evidence.json,1401,6a4cfefd765ae2e8d693cffbcd15f3626fc2b1a1ba832c822a961888bf0ed810
civora,public-presence-os/config/meta_live_read_only_probe_policy.json,3538,fbbc98135c81636ed62f5725f961b7e0f0b8dea75ebf9c4da24c55cf6ee925ea
civora,public-presence-os/config/meta_live_runtime_policy.json,1267,39c1444026ad283b177b39b56cee3375bbaf704c7471ab3ecb45ef618af7bf2d
civora,public-presence-os/config/meta_offline_evidence_validator_policy.json,2445,391e53f48ed66023562937d94d4df2ff9dbed63c3d1cc51744d44d9855033aa0
civora,public-presence-os/config/meta_operator_provisioning_policy.json,2167,120c147fc6d25772e4cb5d4f582ecaaf4a469dc41b172676517bd44ed9fdd14e
civora,public-presence-os/config/meta_pilot_readiness_policy.json,2318,bfec95cfc8451356261e5ea9c872237e280fba8fd6c48203cb0bddfa918f021b
civora,public-presence-os/config/meta_preflight_policy.json,2107,d4f3d4989a75a8502a37e128cafbbc3d3a17b102e304ec4fa088712789ea8891
civora,public-presence-os/config/meta_read_event_log_policy.json,966,fd2c85d299da55b9e6492ef60e3bec0728dc7dcf677f5ce6f94519ec79c711a5
civora,public-presence-os/config/meta_read_observability_policy.json,1414,8b90ec0b6813b6f64f8e917541ad931958979777429f8584b43e97c651a482db
civora,public-presence-os/config/meta_read_only_gate_policy.json,2060,56d82ad696e8103f8116a0b7aacc01750bc588eb5da0d02c8890d70ea5782c2c
civora,public-presence-os/config/meta_read_only_runtime_contract_policy.json,1660,be9b27e99112ff67b13ad55d894e0f6047a6ad182b6c0559c9f4dfc47a85d4c0
civora,public-presence-os/config/meta_read_only_transport_policy.json,1505,4d27836978afa23221fde70e8c51f237b5066ce139d3fa638da5dadfd7a64481
civora,public-presence-os/config/meta_transport_twin_policy.json,2494,d0e2bce7db830a017a8b2908c1fdaaa9ddc980d7c416da4a001571d472927584
civora,public-presence-os/config/module_registry.json,17268,66dccc2c197989c4cb2774999e07f5a9c6fb66774d102eee06452b20fcfa8b99
civora,public-presence-os/config/native_adaptation_policy.json,1954,79e1a9b03aa6a537f393fd4af6acc59c36b419e2094e266cd96930d53a6bbcb6
civora,public-presence-os/config/operator_pilot_handoff_policy.json,4889,e2ccab42fc89e71852ea6bd4e056b1a6ef4ba6aa8ddfe972f63b2e16a9e3d55a
civora,public-presence-os/config/operator_profile.example.json,725,d20d759082dd3fbcb5d6f63c5d361018d6bac1f326b4f78aaef334874a601a26
civora,public-presence-os/config/outbound_value_add_engagement_policy.json,3849,55ba3824424f1687a66008de7b9a729ec974adcb4f224e7bb05c0e5a29b2c600
civora,public-presence-os/config/pilot_growth_operations_shadow_plan_policy.json,3031,bdd60ef14a31540dfe42457360e26b4ba9b13a1ffd18440d8e9221699c43f756
civora,public-presence-os/config/pilot_package_acceptance_policy.json,5712,27ce3ad7a89bda8a9e59e57967b2add2311fd455d2044ba0cafe1bdef7e42f03
civora,public-presence-os/config/publisher_policy.json,2098,9a105c74c2bda760fa6ed66d7be58c5c3efedbf1a7db9349e40315201f3f49b4
civora,public-presence-os/config/qa_policy.json,1908,d1612ae2ebf3f6c304eccdbf0ba1e6ff497b7db443e690e51d0aeda5e880b011
civora,public-presence-os/config/queue_policy.json,1709,dd093224aa1b5740cb40e06a205731668b9b2b06bc5d496bb294dd481a7efdee
civora,public-presence-os/config/reimplementation_priority.json,4150,e3bfa2cb8849b733b9241398985451d54961445929ee05df35d9d2023df43bdb
civora,public-presence-os/config/relationship_graph_policy.json,1870,9281729a0e5358b3220ce05fd75af4785f8fa1fcae58a8636ff95cf1b3947f12
civora,public-presence-os/config/runtime_policy.json,837,07bc90db6cf37a9c52c74b74d93b8aed633e8aecefe0cc382c0c6c8733cc55ea
civora,public-presence-os/config/scoring_policy.json,1072,e90ff6c590c8139000faff7bc3400b0086e05287adde42e1ef48bc0cd71b189d
civora,public-presence-os/config/visual_identity_policy.json,2734,4e3ed926f254023191ff40eaa5e87dd32fe2b97d218db3a1e21e9989923948d1
civora,public-presence-os/config/visual_identity_v2_policy.json,3853,60eebcbc64aef14743d91d9b27aa9dd540fb29b3a5b568174c11b26b632881bc
civora,public-presence-os/docs/CP30_PRODUCTIZATION.md,1934,48cfe02bf5a60755e7da75419a780e21433d30261cdc0026f6677c2db40e887c
civora,public-presence-os/docs/CP31_SOURCE_INGEST.md,1132,1b0b2572be924c9bc057dd358ff2d4167dbf377fc147d38535ea9b5836b0de49
civora,public-presence-os/docs/CP33_SYNTHETIC_GOLDEN_PATH_REHEARSAL.md,1810,c133ce77715da2d2da6d11fb001eb009051d0b575fd64c053de6a5a0a1733af5
civora,public-presence-os/docs/CP34_RADAR_MINIMAL_EXECUTABLE_SLICE.md,2286,0d73af6d114b629719f363c6bedcd94ac07217f6fea2f6ba1500f0451bd31cdf
civora,public-presence-os/docs/CP35_RESEARCH.md,3707,ebbe36d3bac0daabff65e86e358654cab952a106657028b73975cf2a5e586536
civora,public-presence-os/docs/CP36_SCORING.md,2858,5322803656fb12e98f84de48d0b391cec4b920d3c77cc96b8a9ecb17c57cd46a
civora,public-presence-os/docs/CP38_NATIVE_ADAPTATIONS.md,2461,baeddc6b14a7b5ffa8c52e6b6a2b9aad922587df9740545ea7094ac40a6cc0c5
civora,public-presence-os/docs/CP39_IMAGE_RIGHTS_ASSET_PROVENANCE.md,2184,3b29c070bd39a83211b072bf6199868a419d0cce4b783639943662117ea12c61
civora,public-presence-os/docs/CP40_VISUAL_RENDERER.md,3946,05acaa575d104afd43a741ea62d796feae254bc927b254b264f5fd27e8ab5d37
civora,public-presence-os/docs/CP41_VISUAL_QA.md,3318,cbd4d82b455ccd2e316b25aee892477d94e9025890ff07845dfead3e5d9b1952
civora,public-presence-os/docs/CP42_APPROVAL_DASHBOARD.md,2375,d5b99cedd9f05bb059603db5a58ff774cebba9bcf1ac57f14667fcab0866babc
civora,public-presence-os/docs/CP43_QUEUE.md,2478,e24005f317c51a47e84095380ddf1b3cdca742248358a18f9a1ee008bd2d2b97
civora,public-presence-os/docs/CP44_PUBLISHER.md,3084,9be8499af44dcd17952107a77f11540de5a96eb22486943c5c74bb623056e5e1
civora,public-presence-os/docs/CP45_ANALYTICS.md,5010,855d8a4199527aecf640a45a84ccbb52a32a84b7bd6241990d8c12e5da1fda41
civora,public-presence-os/docs/CP46_LEARNING.md,2793,ac7a9733d352ca31c20ace6873b6260da29d4862991d372b18f1f2d2abe1e9c0
civora,public-presence-os/docs/CP47_EXPERIMENTS.md,3526,e2ea905a301c0f76bbcca054d4f5e1e5bf98eedd962780db9518439fecc691bb
civora,public-presence-os/docs/CP48_VISUAL_IDENTITY_V2.md,5557,020900cb002a60e78e3af9217eb7f6e9b6097c12cf79e8feea51025ea75d315b
civora,public-presence-os/docs/CP49_IDENTITY_RUNTIME_ACTIVATION.md,4549,ca60d212895349a34b65f4efe43122f4cb8e58323c10f235f231e7b3f0292f7b
civora,public-presence-os/docs/CP50_META_ADAPTER_OFFLINE_COMPILER.md,9357,da4fb479d5aec1dba29c433836fa523ae2360b5e57784fe1f718bd984b9160a6
civora,public-presence-os/docs/CP51_META_CONNECTION_PROFILE_VAULT.md,2966,7f92f5e5ad93de7e9142223260a80cfa71488bcf2b69b366149fbca790042cc3
civora,public-presence-os/docs/CP52_META_CONNECTION_SYNTHETIC_PREFLIGHT.md,3251,6f0a6cf9f5f95f3dd17041820232e978d2e829746302338777205744881c13ac
civora,public-presence-os/docs/CP53_META_OPERATOR_PROVISIONING_PACKET.md,5923,c4ea7235cdebdbab25299205e8cc62fa5dc9d0a7ddd69be834209d45bc055531
civora,public-presence-os/docs/CP54_META_TRANSPORT_TEST_TWIN.md,5154,e74ec1567a3d60d1adcc68ee9fa265b4d2d675175f7c759f571308b7576861f0
civora,public-presence-os/docs/CP55_META_READ_ONLY_CONNECTION_GATE.md,3044,0456139707f8d37dfd76901ba72d39dd3cd3bd42ac891973a9d2338c6570186f
civora,public-presence-os/docs/CP56_META_LIVE_READ_ONLY_PROBE_RUNBOOK.md,6433,76f1caabe84f0c5ea47c22cd09d4dcb608f989bb6bdc46bea2599d84dbe5cc64
civora,public-presence-os/docs/CP57_META_OFFLINE_EVIDENCE_VALIDATOR_DRY_RUN.md,6189,aa8b540a2eceb1017d4b865198eb1d95be0a1a37ab7af5f2b7ea58bb4d0fdca5
civora,public-presence-os/docs/CP58_META_PILOT_READINESS_AGGREGATOR.md,5532,242173531a2a310bb4aa6552188815ee2d475ac88229ae80cfca9cfb3ce94fce
civora,public-presence-os/docs/CP59_PILOT_PACKAGE_COMPLETENESS_ACCEPTANCE.md,3605,0292339d3530101b44a70a688f75dd7fa51a606297834784cc17e06c65905733
civora,public-presence-os/docs/CP60_OPERATOR_PILOT_HANDOFF.md,3924,89fb6a77f19f2e2b499b623200c94e3417924a5dfec03f4e76987e465e1a2871
civora,public-presence-os/docs/CP61_CONTROL_PLANE_AUTHORIZATION_INTAKE.md,4517,e4d310eb930590a8c3e9f1a8a9fdc9332dc9970acd46bacdacc2cc24b039cf8d
civora,public-presence-os/docs/CP62_AUTHORIZATION_RECEIPT_VALIDATOR.md,4089,b782ee6d60d1cdc5252f525b4f80a8eff60d41a6ac5d880a6cf5cdae10427f54
civora,public-presence-os/docs/CP63_LIVE_READ_ONLY_PROBE_SESSION.md,4922,805baf3bbbc5ea2d7a82aed7bb205bedfb9bfc6ed2c564643fa611b86efe9d12
civora,public-presence-os/docs/CP64_LIVE_READ_ONLY_PROBE_EVIDENCE_IMPORT.md,4282,b4272270293238b0e6f93fe00cd90df246914f3c70484264af9b4050270aa664
civora,public-presence-os/docs/CP65_LIVE_READ_ONLY_PROBE_EXECUTION_ADMISSION.md,4508,29bd62162e67a1f176c2c8bae26ca5432ef6533707f4a4207179cce623b92c82
civora,public-presence-os/docs/CP66_LIVE_READ_ONLY_PROBE_SINGLE_SESSION_HARNESS.md,3881,6d96b02591781cb1b47bc3fa0b341d4d2dcf93e74f01002e46b6572b4092efae
civora,public-presence-os/docs/CP67_LIVE_READ_ONLY_PROBE_AUTHORIZED_SESSION_REQUEST.md,3932,ee6dfc49afd1d0e3eff56f1006f69196262e70c93bf053b0f9781ef307c13555
civora,public-presence-os/docs/CP68_LIVE_READ_ONLY_PROBE_SESSION_AUTHORIZATION_RECEIPT.md,3814,166a81367329bbe7fb20f952d7f9727ea954974bdfdeae13cebb2f79bdf3063c
civora,public-presence-os/docs/CP69_LIVE_READ_ONLY_PROBE_AUTHORITY_ACTIVATION_PRECONDITION_MATRIX.md,3467,2d8e1fa9bc22725456bb98e304a9f08423903b8e09990c8ba5b2444ccc997d3e
civora,public-presence-os/docs/CP70_LIVE_READ_ONLY_PROBE_AUTHORITY_ACTIVATION_TRANSACTION_DRY_RUN.md,4150,41621f0d4772f93f41b04b7ec9bb117f39402fc2d0bed1f0e950435b1e3ea699
civora,public-presence-os/docs/CP71_LIVE_READ_ONLY_PROBE_AUTHORITY_LEASE_EXPIRY_REVOCATION_DRY_RUN.md,4594,a4b9ecc0ae03f354321e508dec30f75df602c10e04c1cf06383db86d6b62fa67
civora,public-presence-os/docs/CP72_LIVE_READ_ONLY_PROBE_AUTHORITY_LEASE_REPLAY_STALE_RECEIPT_REJECTION_DRY_RUN.md,4149,d90de0f50af652cbb6868c1960bcde17f2169da33d7bdd6cbad48b9232dd90b1
civora,public-presence-os/docs/CP73_LIVE_READ_ONLY_PROBE_AUTHORITY_LEASE_TERMINAL_TOMBSTONE_RECONCILIATION_DRY_RUN.md,4585,32a6784f2fbc04dc40edad3ff5991eb4127d2c4f2922a2a3fba56cee0d2a81eb
civora,public-presence-os/docs/CP74_LIVE_READ_ONLY_PROBE_AUTHORITY_LEASE_TERMINAL_TOMBSTONE_REBUILD_RECOVERY_DRY_RUN.md,2595,1d798917faf63ce5b6eaafed653945d8b30871861a2cd2dda402bec38eb47aae
civora,public-presence-os/docs/CP75_LIVE_READ_ONLY_PROBE_AUTHORITY_LEASE_TERMINAL_TOMBSTONE_RECOVERY_IDEMPOTENCY_ROLLBACK_DRY_RUN.md,3081,e3e4fcbb8e8dc7abdf6669b39a4ea441316ca778d542851aca4f85c8445274ac
civora,public-presence-os/docs/CP76_LIVE_READ_ONLY_PROBE_AUTHORITY_LEASE_TERMINAL_TOMBSTONE_RECOVERY_CRASH_CONSISTENCY_DRY_RUN.md,3464,627d40d9dff3c416db4a068c58715e721a0f6fd3bb8999b9e12ed78e53acf8f9
civora,public-presence-os/docs/CP77_LIVE_READ_ONLY_PROBE_AUTHORITY_LEASE_TERMINAL_TOMBSTONE_RECOVERY_JOURNAL_CORRUPTION_REJECTION_DRY_RUN.md,4423,fc58f7de2e68469200226473203fd045d69da6a6e8e409495674bebebb1c828a
civora,public-presence-os/docs/CP78_LIVE_READ_ONLY_PROBE_AUTHORITY_LEASE_TERMINAL_TOMBSTONE_RECOVERY_JOURNAL_PARTIAL_WRITE_TRUNCATION_REJECTION_DRY_RUN.md,2501,36474fc0cc56a5d415e392248bc428471907ae250fc9672e6d8fd30d79572f5d
civora,public-presence-os/docs/CP79_LIVE_READ_ONLY_PROBE_AUTHORITY_LEASE_TERMINAL_TOMBSTONE_RECOVERY_JOURNAL_COMPLETE_WRITE_ATOMIC_VISIBILITY_DRY_RUN.md,3339,b50bb37127ea6636f3db2bcc9fa959ef2651eb25711a63ead8cd763f15c6449e
civora,public-presence-os/docs/CP80_LIVE_READ_ONLY_PROBE_AUTHORITY_LEASE_TERMINAL_TOMBSTONE_RECOVERY_JOURNAL_ATOMIC_REPLACE_CRASH_WINDOW_DRY_RUN.md,4100,8d1496c621294d80814721d80c157ef56056434f0f4abd48bd824df1aa20a317
civora,public-presence-os/docs/CP81_LIVE_READ_ONLY_PROBE_AUTHORITY_LEASE_TERMINAL_TOMBSTONE_RECOVERY_JOURNAL_ATOMIC_REPLACE_RETRY_IDEMPOTENCY_DRY_RUN.md,4003,6c6aacd109776d5b4f707f953792090b701d7adc62a7650062347ebdb8a2368e
civora,public-presence-os/docs/CP82_LIVE_READ_ONLY_PROBE_AUTHORITY_LEASE_TERMINAL_TOMBSTONE_RECOVERY_JOURNAL_ATOMIC_REPLACE_RETRY_EXHAUSTION_FAIL_CLOSED_DRY_RUN.md,4326,0cd926b2112273e0d50e119bde4096957046a331b284ff4d05004607f5397fd9
civora,public-presence-os/docs/CP83_GROWTH_CAPABILITY_MATRIX_ENGAGEMENT_API_GATE.md,4651,1b8dfaeeff7c0dc7fb6a4033dde199d26f62853f618db34834100af915d0298f
civora,public-presence-os/docs/CP84_ENGAGEMENT_RADAR.md,3917,c76b59968fbd98fc462c2487d04e2f02d2bc82fad2d99e0194f469290353ad9d
civora,public-presence-os/docs/CP85_INBOUND_REPLY_ENGINE.md,4329,abdcedfb64c02dd8084fc551133b9830aa40ffcbba1aaaceb963a70dd4124469
civora,public-presence-os/docs/CP86_OUTBOUND_VALUE_ADD_ENGAGEMENT_ENGINE.md,4250,c97ad010deb6e3f53d613d34d57f50809cf29e0929582108d67b0a0a1c6bb36b
civora,public-presence-os/docs/CP87_RELATIONSHIP_GRAPH.md,2438,f5f123428f9f113f7f75b65e28789b98eda531c05d4661650a2717a5547f60e7
civora,public-presence-os/docs/CP88_AMPLIFICATION_ENGINE.md,3496,f6d00ad8c5edac55e53c8bbc9b2d0ec498ba36846908dc1e7208d5b0d56c2e3d
civora,public-presence-os/docs/CP89_GROWTH_ANALYTICS_VIRALITY_LEARNING.md,6042,cd87cd7e5afa36acd01909dc95c96b51ed0b7220466df4c4ac8236343f6293d0
civora,public-presence-os/docs/CP90_ENGAGEMENT_SCHEDULER_RATE_QUALITY_BUDGET.md,7764,97256edf1cb8f9e1212f51755372b44c19f43c76e835ddb857a2e643bccc5750
civora,public-presence-os/docs/CP91_GROWTH_DRY_RUN_ACCEPTANCE_SUITE.md,4385,44cc66ce83d4e22ab153608f698d88d24d8c330ef4a8676675854d5a96e45e31
civora,public-presence-os/docs/CP92_PILOT_GROWTH_OPERATIONS_MANUAL_SHADOW_PILOT_PLAN.md,7204,000d508ce17feb0cbce5253e46ad16b77814f42aa3c24a5f6a9a2ab6230b63b8
civora,public-presence-os/docs/META_LIVE_AUTONOMY_CHECKPOINT_2026-10-03.md,6423,6e50ced6a76f2d696a53b069384807d00ee774a7b6db874eba7216219eb31e28
civora,public-presence-os/docs/META_LIVE_AUTONOMY_CHECKPOINT_2026-10-06.md,6693,a9b1333eaf73ab8a5b6cbfd37bc8aaada43d347d65099802f23fa2710b49358d
civora,public-presence-os/docs/OPERATOR_INSTALLATION_CONFIGURATION_RECOVERY.md,11381,6dd7d3ed172f85f8a905a1a7abd0bf1761a52982f532e7ae0df4ec650f0310b6
civora,public-presence-os/docs/SA1_META_REAL_WORLD_ACCESS_CLOSURE_2026-09-30.md,3590,e7866feebd0f1a496c60141a2723f13674a42df5886fa4f22e2691c02c022535
civora,public-presence-os/docs/SA2_1_META_READ_ONLY_RUNTIME_CREDENTIAL_ENV_CONTRACT.md,3329,59f0034881599e05cccca1d33ddc8921fc3e64752de23c5951d7a7b0369b2735
civora,public-presence-os/docs/SA2_2_NORMALIZED_META_READ_ONLY_TRANSPORT_ADAPTER.md,2688,019854e5ba6bf6cdad5180252b270951f6e632ae4b0759374817313ae1c329c4
civora,public-presence-os/docs/SA2_3_READ_CURSOR_EVENT_LOG_CONTRACT.md,1983,b315fdfa8712d977a9d27b6fb75504017a45b135ea207cd70349188db8f42c43
civora,public-presence-os/docs/SA2_4_READ_OBSERVABILITY_SNAPSHOT_COMPILER.md,1865,ec8262c6c37fa8fcfd0253d7d4276951e89cc7c99cd5c6a2d1ecd2563f32dae4
civora,public-presence-os/docs/SA2_5_CROSS_LANE_READ_COVERAGE_REPLAY_IDEMPOTENCY.md,2405,a65d7cb4fb4154847c1dd902de856926802d3d6613edd28b75c8fc56493c47ae
civora,public-presence-os/docs/SA2_6_DETERMINISTIC_SNAPSHOT_PERSISTENCE_RELOAD.md,2352,7c2a07e9f9ae09e72db66c17628f13c389d08e4c72dce87b63f8b90edcca5fbb
civora,public-presence-os/docs/SA2_7_GENERATION_ORDERING_STALE_STATE.md,2239,ae6fe07644f0357dbcbfdcc5c990e8ea833c7185db1f3ca353c8f3e3e6d21a30
civora,public-presence-os/docs/SA2_8_META_SHADOW_PREFLIGHT_WORKFLOW.md,2013,f9d152032c24ae0c997faccc4f014bcd10f1976ef09cb904bef67b3b07681890
civora,public-presence-os/pyproject.toml,569,73037072bdf25439a4e4ecfbf87fb129551b6fd1f781836d5767b2d09098a012
civora,public-presence-os/scripts/build_release.py,1305,942973c0a5be85f758f54f5e69a7dd7f062abd58544279dbed2ba88c371c17c3
civora,public-presence-os/scripts/preflight.py,403,18e1b11b0b5c4788e29df4e2d497a5330e0f87ffe57f71e8dd39257d9e1bf514
civora,public-presence-os/scripts/rehearse_cp33.py,770,7e428e8f2624c7e7d727acafb3becf192c5c56208361a061e9ef0b841e0687d9
civora,public-presence-os/scripts/verify_identity_v2.py,1078,03d45a226fd2fa43b2ebfcbfbb7bec3b36d376c713b45f39756360ba1c8419d9
civora,public-presence-os/src/public_presence_os/__init__.py,24,c39deefe6dc2bb54585d327b72e67affa0ede2601e6e497529171b6d2a9b237b
civora,public-presence-os/src/public_presence_os/amplification_engine.py,28506,14690f348a6e9364691272ea00f887f1a6c74e7b961e7f4ddab366b8057b97a9
civora,public-presence-os/src/public_presence_os/analytics.py,22527,4c57910ef4268903743215c70519584beb67af308bacca46d1ca349d33537f38
civora,public-presence-os/src/public_presence_os/approval.py,23972,4c52d605fa9c4667427f628f8ae71e27fd2acc650ea1b20dde13abfa429fd04b
civora,public-presence-os/src/public_presence_os/authorization_receipt_validator.py,29398,38451971a6b1458e19ca188cdcbef7f2c14f07c9ac800f3fbabb7a3ef54435b7
civora,public-presence-os/src/public_presence_os/cli.py,4601,611c750605f7f3ae1e0c06da7530566973304261ccfd70a9c19e25361fff0733
civora,public-presence-os/src/public_presence_os/connection_preflight.py,17034,d55effcb7d2aa91dbe2d3b11f6ba59912b7a0f9b13c5ba7f15bf86a67235826e
civora,public-presence-os/src/public_presence_os/connection_profiles.py,17333,2a31534741ee505011950956efac95d1d1451820c6ac8466fc1321ae6f467b0d
civora,public-presence-os/src/public_presence_os/control.py,14733,4c6f7ee4ec76b4faf2ef08f21b399dc27cbb65a32f2556fe878ad3d60a156240
civora,public-presence-os/src/public_presence_os/control_plane_authorization_intake.py,26979,77695d799a1918fd80cd6ece6555ea387cdd64cf2eae34de1ec283a361dabe9d
civora,public-presence-os/src/public_presence_os/engagement_radar.py,25588,307dd5c310ae053eb05bbc026cd0d7734ffbab48c9b3f6ac24dd00ac87bc30f9
civora,public-presence-os/src/public_presence_os/engagement_scheduler.py,24869,645a61aeec0787b9c828773f604e452fdc5111f0d7b3935faa5a39b8d2b1c51c
civora,public-presence-os/src/public_presence_os/experiments.py,22568,682ac234b48427a317f7b26d7ec5af54e84e95338ea66dfb24c672ed003b0639
civora,public-presence-os/src/public_presence_os/growth_analytics.py,41938,c7d0b9101b59cb6de2d3a12b82ed37c0862b861a7861a099caec244698905047
civora,public-presence-os/src/public_presence_os/growth_capability_matrix.py,13761,95d01344521dfc462826cdafc956fcd57c5ee6634c4b32f70446e61ea9c69913
civora,public-presence-os/src/public_presence_os/growth_dry_run_acceptance.py,12861,e2a74895ee85ee46a64cfaf2c489e5c2b9bd8a0ef3195fce2ceea164d32b32a6
civora,public-presence-os/src/public_presence_os/identity_runtime.py,9349,91555e5299bf860ddf7b1d1044de15cb1ba85d470fe2e1e0f6e950a5b58f4c19
civora,public-presence-os/src/public_presence_os/identity_v2.py,8272,fe9303e593e7db9ec5e086c85bea5237d802c148f331bb648b3009b8b4efe131
civora,public-presence-os/src/public_presence_os/import_registry.py,3762,e2766c87ac74a599f16ae8a85ac1303568e0387fbd6a766254f2ee943be50fe9
civora,public-presence-os/src/public_presence_os/inbound_reply.py,30042,2d183d2c0f3e10816c35cc39a345b7b3d3a88200434e30ce9dbdccbb33746807
civora,public-presence-os/src/public_presence_os/learning.py,19901,406faecf2636fd4162e166940b5cb331a20e27ab79c0abfcc8caff02c0c0b51a
civora,public-presence-os/src/public_presence_os/live_read_only_probe_authority_activation_precondition.py,28509,51f624f482b0b8469ec742baa830adf2021c906ce40582a0195273b1ff998540
civora,public-presence-os/src/public_presence_os/live_read_only_probe_authority_activation_transaction.py,27232,a0c952279e1bfee6c1a9f5b5c4b9cb37878fdedc8c480b328db3adaba10b02f8
civora,public-presence-os/src/public_presence_os/live_read_only_probe_authority_lease_expiry_revocation.py,26654,0b5669c29cf7efd8981a3a258545d6f3c291e615bebb89fa94b7096a3c4aad3f
civora,public-presence-os/src/public_presence_os/live_read_only_probe_authority_lease_replay_stale_receipt.py,33318,6c664836aab101018533825f337229b655d6a8a205d4695ec86170c4cfc8212d
civora,public-presence-os/src/public_presence_os/live_read_only_probe_authority_lease_terminal_tombstone_rebuild_recovery.py,28214,e2e7ed9df0643c40c1ca7dbe5e88acae9acf727fabe5f04ad7b94458a4792ffb
civora,public-presence-os/src/public_presence_os/live_read_only_probe_authority_lease_terminal_tombstone_reconciliation.py,26266,170faece9951237326f6a28a55b66ece971f13b169ba345d7cdd5da7c6ce13f1
civora,public-presence-os/src/public_presence_os/live_read_only_probe_authority_lease_terminal_tombstone_recovery_crash_consistency.py,32690,94bf69fe9b45fdd84f160c8e983e23d7aeca6b98d64b796596cbb852c3188fcc
civora,public-presence-os/src/public_presence_os/live_read_only_probe_authority_lease_terminal_tombstone_recovery_idempotency_rollback.py,28662,4e7231329682cc06b2a5f9adcab080719c6c0b87e14617a8091da117eaba6e1c
civora,public-presence-os/src/public_presence_os/live_read_only_probe_authority_lease_terminal_tombstone_recovery_journal_atomic_replace_crash_window.py,27572,5b1ad55df624a4dfe56a38f6a28dc13eb7564baea7903824a380f67391146d6b
civora,public-presence-os/src/public_presence_os/live_read_only_probe_authority_lease_terminal_tombstone_recovery_journal_atomic_replace_retry_exhaustion_fail_closed.py,31357,72839e1732175d5ee8fd5a3eae2a653d2ab8402343e74334c1bb28ca73784c74
civora,public-presence-os/src/public_presence_os/live_read_only_probe_authority_lease_terminal_tombstone_recovery_journal_atomic_replace_retry_idempotency.py,29132,bd69f7cec92c832ff40e4230685a2bae1425831758bab310728e8bb5a2a01928
civora,public-presence-os/src/public_presence_os/live_read_only_probe_authority_lease_terminal_tombstone_recovery_journal_complete_write_atomic_visibility.py,30054,e58e3153ecc4c2162f3f26e9689193136b083693eeddad0c7766cc795b252b98
civora,public-presence-os/src/public_presence_os/live_read_only_probe_authority_lease_terminal_tombstone_recovery_journal_corruption_rejection.py,40270,d57f72d6f3e42cf203b407037d6879536c09a16cc96a6b702f5db7e2b4b9e661
civora,public-presence-os/src/public_presence_os/live_read_only_probe_authority_lease_terminal_tombstone_recovery_journal_partial_write_truncation_rejection.py,30251,9fa5e1eeaa967e0f406eec0362f8bddc3f5a9db4a14019e038853fa7931caab8
civora,public-presence-os/src/public_presence_os/live_read_only_probe_authorized_session_request.py,35780,2fd6f299d3c6b2317c43b7cc6888c3fa5350a566a04e83134dc58bc82b2641c6
civora,public-presence-os/src/public_presence_os/live_read_only_probe_evidence_import.py,35673,b1dd091f30d447c667453e8f6ae1157296979c034d6ae6cc8f5052568129ddea
civora,public-presence-os/src/public_presence_os/live_read_only_probe_execution_admission.py,35409,f943f5b3dd09c7eb2fbb7b3598e2123f697b761e111e7bbd0eeb4eff75e6b429
civora,public-presence-os/src/public_presence_os/live_read_only_probe_session.py,31767,e98c8d552c60ba90185fbcad6b212dae92d5c1e40b2d411f82cc49568d0375e5
civora,public-presence-os/src/public_presence_os/live_read_only_probe_session_authorization_receipt.py,26482,4532956f97ed03ee7aa221431429cecbeb00b3b12c42d38d771298a586556067
civora,public-presence-os/src/public_presence_os/live_read_only_probe_single_session_harness.py,40450,fdc048d0fd5e027c72d41ada3346252a863a4eefc14fbfd56dc2c68c889c027b
civora,public-presence-os/src/public_presence_os/master_draft.py,8948,2e7a92ca57d57ab820d3c3cb03ba6e36e7fdb7528355da8f8b7de4419cb41dfa
civora,public-presence-os/src/public_presence_os/meta_adapters.py,15911,2852ca6aee0d8aafc0e5450eeb863486938d260c3e25b067af501bcb953699c5
civora,public-presence-os/src/public_presence_os/meta_cross_lane_read_coverage.py,11154,ba07cce835ea1db86037ec08388fc0732f73800dee4031d141b0c0b4c05893c5
civora,public-presence-os/src/public_presence_os/meta_live_read_only_probe.py,16295,b7eff0469bb83fa3ed5cd00a1475ee1ddc1e683336ee53c027418aa828d39127
civora,public-presence-os/src/public_presence_os/meta_live_runtime.py,36447,6d53c7a5c5b32f8714d331a8bf2d73f6aa6b820080e724413021bf2b3480b722
civora,public-presence-os/src/public_presence_os/meta_offline_evidence.py,21604,a3a992a598211e03877c4371380811fd739f12c54e5d3a89d86a7e619ccc076f
civora,public-presence-os/src/public_presence_os/meta_pilot_readiness.py,19457,1bd72f682efab5e39ac0cec728c50a9da04d32388c6477ba2c688f70aa233982
civora,public-presence-os/src/public_presence_os/meta_read_event_log.py,9661,f6f86ae570a89aee3ee6af30147bc180a69bd72e5f9e1409a9cd78dbd64d1602
civora,public-presence-os/src/public_presence_os/meta_read_observability.py,9282,b06d4288f6c421203926177a744a745575f4ae39163c9dc634d47c54fc4b7825
civora,public-presence-os/src/public_presence_os/meta_read_only_gate.py,10537,f4fe48e87f28b1ddd83bbef49f02915fb04a8e648d9c23cc4bda1fe1f9be2be1
civora,public-presence-os/src/public_presence_os/meta_read_only_runtime_contract.py,6204,0b3c023a8d5e42d336afe74c8bf7c929f039dfe639fc5259f674e017aa33e087
civora,public-presence-os/src/public_presence_os/meta_read_only_transport.py,10531,db7229638ee9fc64d50c38a200e9613ac3c80809f31ba1b2780db8b68d706698
civora,public-presence-os/src/public_presence_os/meta_shadow_runtime.py,10267,69b1ca6013c520ac07f8e89f19a2f852c99c340295551b8f9899cbf949205b7e
civora,public-presence-os/src/public_presence_os/meta_snapshot_generation.py,7410,3847a70e1526e019d011b180d7ac9b6a8cfdca480d9a8b6adafce5612ba3f45a
civora,public-presence-os/src/public_presence_os/meta_snapshot_persistence.py,9114,d0b69f864330ec98cda1f00133b25ae5e60548971491f833f35643ed6720007d
civora,public-presence-os/src/public_presence_os/meta_transport_twin.py,19709,5aa141f35d7b95e561bb2f4379ae317bf19f55147b4be47dcbacf2d679ee8dc0
civora,public-presence-os/src/public_presence_os/meta_write_control.py,11674,4ab6ff50d3ff1f4a5e0aa98766fd7da1a202ad14b0597ba54e2182b87447ab1f
civora,public-presence-os/src/public_presence_os/native_adapt.py,14660,2756982f2c688cf8bb3db69cc445cdd6f7b47e544c5a8c3cf632a1e5340e43e3
civora,public-presence-os/src/public_presence_os/operator_pilot_handoff.py,18637,4f729ff8a32f76d4847aff8046e40421810fa67f2e8f4240609f695bdddab035
civora,public-presence-os/src/public_presence_os/operator_provisioning.py,16840,24fdcde582a01d14b5dcd162ab143734ea395dcdac6b4f126e28b8c846addf76
civora,public-presence-os/src/public_presence_os/outbound_engagement.py,25328,ca0215855418ce369202df30cb460c26483f59396454a1fa7da2eca9673b9fb0
civora,public-presence-os/src/public_presence_os/pilot_growth_operations.py,16567,d9bb22a2f58b0af842abc34e9328983dd1e3a002581133c1655ee0cf9eb2167a
civora,public-presence-os/src/public_presence_os/pilot_package_acceptance.py,19542,9adcc38772318472eeeede8f19e6c6af4288bca2248ff34800c7ce6437757699
civora,public-presence-os/src/public_presence_os/preflight.py,5671,255e3bec3cb3ef0117d75fe5e2b75e0e5fd26cf7c205a684cec13ddfb2d4cb01
civora,public-presence-os/src/public_presence_os/publisher.py,18041,afae7fad728c0063de0cf98c07aa66bf5e6796393aca07aa38d0165fe3a13838
civora,public-presence-os/src/public_presence_os/qa.py,21581,b11674b4be425cfb29a6ede80233e02dbbe03791cb450808cd1fcc92bb6794cf
civora,public-presence-os/src/public_presence_os/queue.py,16238,ad45efd880c2ff6d474a24a30991fda16ade9ecbe5a2a38265b9fddeff85e352
civora,public-presence-os/src/public_presence_os/radar.py,5938,e2b55163b977330157c80f51820cd2ec4a648e5e7534cb913085f982ad8e985d
civora,public-presence-os/src/public_presence_os/rehearsal.py,8001,bdb83b5aafd151bd8f624e9c162b5fa4bd21672df0a16ff2e551731044d371a3
civora,public-presence-os/src/public_presence_os/relationship_graph.py,24908,b54fce6d7e5a89b28334d3c97e11fa63b24ed16582fd87ddd1f5a8c08767b968
civora,public-presence-os/src/public_presence_os/research.py,11593,b7a8739dd60f256910a0d8e188a14b9146d6c17d1659dac260037853b5ae53f0
civora,public-presence-os/src/public_presence_os/rights.py,35725,501b46f174ad9bf2511798db01ba7202afd572f47079171d3f6cf18395f6e6dc
civora,public-presence-os/src/public_presence_os/scoring.py,13301,fa55f8086409507f26e797a89c8127bd7613c66af8d3d81b9e7a1e93fe9d91ba
civora,public-presence-os/src/public_presence_os/visual.py,29717,4ceac0b1ca808a63dd2767dc6b065877ce3993997e3cdc5f7dd2211940a2be00
civora,public-presence-os/tests/test_cp31_source_ingest.py,3557,61172094c2eee57bc4e3bc1613572dc732881f5f1abe17779b6e15b790606f28
civora,public-presence-os/tests/test_cp33_rehearsal.py,1824,4274ddf7de29991604df43eee125245807b1d6a3083103e1fa0bb42ad0b97c0e
civora,public-presence-os/tests/test_cp34_radar.py,5655,4da7ff3922852d1f8b86212e092bfb227d20a508196cf98ed18b7fe19e3d4d69
civora,public-presence-os/tests/test_cp35_research.py,7762,829dc385143df0e9dc0d6d14054cb0e29e75f56c75c050b79e90f1dced52bbd5
civora,public-presence-os/tests/test_cp36_scoring.py,9384,942e6833d80c70dad569f47b32685a4ab26ecc807fc3b108071c7e8cbe60a61b
civora,public-presence-os/tests/test_cp37_master_draft.py,6873,8d84d2d7e48c1029b28025f3767d93a969fd08e36f8558df254aea9e9098ff9c
civora,public-presence-os/tests/test_cp38_native_adapt.py,9027,b42824e9d0b37d84e877ab687a61f90a496dd2e6245e5002a78b903bc15c1e42
civora,public-presence-os/tests/test_cp39_rights.py,12239,9af3084dcf9210fdde17ff7af8c2e4c075c0cf9d3f81693f1dbe1f66c17ebdf9
civora,public-presence-os/tests/test_cp40_visual.py,12283,aa9a6197c6d6c2541d9d9507095e69732ec4740ae3934830716a2f32b8f6682c
civora,public-presence-os/tests/test_cp41_qa.py,13535,6002d2947eaa4cf6314414ed10258ef62e2e325fedecb77276060c9fb7215e5d
civora,public-presence-os/tests/test_cp42_approval.py,9816,ee3aaa558210feb7e95e3b8a05c1dbca867f4385c240fc7c7ce034604a168152
civora,public-presence-os/tests/test_cp43_queue.py,7592,e51f9c1cf013e4a675a31494f044ca6186bdbac7681271e330c8aa207f4c34b2
civora,public-presence-os/tests/test_cp44_publisher.py,9037,f0afd1a0167f8619d3d48914accbc52c4ce2cb994349af2fc8c93b6cd56ab312
civora,public-presence-os/tests/test_cp45_analytics.py,11767,9c56ea10f267a6a730450ee385c5cbe8cff6edf0268525f602656f9656740e81
civora,public-presence-os/tests/test_cp46_learning.py,10160,3561738cfacd2954b270c8257ef6e0267bec0b58878ab9ee12a7cb6f5c93668c
civora,public-presence-os/tests/test_cp47_experiments.py,11204,9ae06ae44bf457e3ae8fbb3c9b5f52d6c79d19e5b8151c5272d5df9eca714ae5
civora,public-presence-os/tests/test_cp48_identity_v2.py,3641,79519639f9330f4e3cc25a95e022c3c84d85ec16434313ffacfe7d3657776c90
civora,public-presence-os/tests/test_cp49_identity_runtime.py,9329,1af8b831265dc74fc0be0c63408cf7683a8fdb1bba61b45b1d88258be173a6b9
civora,public-presence-os/tests/test_cp50_meta_adapters.py,10044,5d2a1869483270d84c87c2e47e97ba3259d05f871ed2cc528b05c9ee4328b1ba
civora,public-presence-os/tests/test_cp51_connection_profiles.py,12842,f0973b79fb57dc6afb6a32dbc7dbf45b745a0b4008c8c4d682fe5a1f51f304f4
civora,public-presence-os/tests/test_cp52_connection_preflight.py,14213,41abd9691fe8e6c929b6dd261eafffdcbac9f868d527f60e62f8d6f1eebfe33a
civora,public-presence-os/tests/test_cp53_operator_provisioning.py,11488,e1848f581902fbd51a983918cd4b75c8813e95e0ec0794c88ec1fee113b78aac
civora,public-presence-os/tests/test_cp54_meta_transport_twin.py,15054,73ebd92b2284577d22a9c595cc8aa54b9200b7c631f086dd2667dfae9b420869
civora,public-presence-os/tests/test_cp55_meta_read_only_gate.py,11145,fe74829a9661b98e7ee3e976f0a2ba46d1be522ed71424292ce616d6a29868cd
civora,public-presence-os/tests/test_cp56_meta_live_read_only_probe.py,12876,2fb2cd37b5d06c3fe367eae592e71ca306af85def89f0260f89c6bac5c314064
civora,public-presence-os/tests/test_cp57_meta_offline_evidence.py,12111,b45d2331db4ae7a7da1daee91dd6f27254f78370ef373b8f938d058425d295a1
civora,public-presence-os/tests/test_cp58_meta_pilot_readiness.py,12371,faba45c8cb195e40af7a94b9f47477c7f42856a86e025b9e6196381c70ea7179
civora,public-presence-os/tests/test_cp59_pilot_package_acceptance.py,7751,4b5587e2166011415f7202acc4397d0f8abbab76b34466af9c67eaa083e7f5a8
civora,public-presence-os/tests/test_cp60_operator_pilot_handoff.py,7346,f6b0d7f6139a2c0ce790b40a3df735ddda02b94432f06ba6f9f86c4d7085496b
civora,public-presence-os/tests/test_cp61_control_plane_authorization_intake.py,9043,ca3b1763a7f2d68160ca6f9b3d41c0afd896e2b86dfe47b871ca12d9377d7e24
civora,public-presence-os/tests/test_cp62_authorization_receipt_validator.py,8687,139ca840e7372908d26342ff0ad768cdb4fdc4902ef2610efaaac87ba6c47cc3
civora,public-presence-os/tests/test_cp63_live_read_only_probe_session.py,8252,d7ccadf111fd96c2c987b0ea22bb3880caeb8d5c4507c4a7ff4342a460d619e8
civora,public-presence-os/tests/test_cp64_live_read_only_probe_evidence_import.py,10784,240cc35939d96395e4659ba908fb8312b6563ba976083d69fd86113165eb92f0
civora,public-presence-os/tests/test_cp65_live_read_only_probe_execution_admission.py,9716,c4dab58fa593aa81e7b4faf992510f6c0b9fa90ec46b3bbab48487582b3f6a74
civora,public-presence-os/tests/test_cp66_live_read_only_probe_single_session_harness.py,11861,6f7c7bf78e3a5852f17a52391dde90d66ce834a30cef601efba97ed48758d2aa
civora,public-presence-os/tests/test_cp67_live_read_only_probe_authorized_session_request.py,9939,cc000baed0634738dc66aa98818c9fc50d4453146328c8f1fc0f9bfd3e3391f1
civora,public-presence-os/tests/test_cp68_live_read_only_probe_session_authorization_receipt.py,11757,321c4c55ffb731e754c517874843eb447e4d1be83eb5f4a08a19089200ed8366
civora,public-presence-os/tests/test_cp69_live_read_only_probe_authority_activation_precondition.py,8877,adcff831661677272518e00442faa35118e34364fb9afef590edfb7e2960750e
civora,public-presence-os/tests/test_cp70_live_read_only_probe_authority_activation_transaction.py,10802,98cb5c41f53ce078f7ca38b742959c0ae19f196aec5ad4b598a1618914cc44ca
civora,public-presence-os/tests/test_cp71_live_read_only_probe_authority_lease_expiry_revocation.py,8692,0a189f64c210524086e5ba9b453c84d1433c09620e92e937845ef54349b91350
civora,public-presence-os/tests/test_cp72_live_read_only_probe_authority_lease_replay_stale_receipt.py,10112,12f96498fc0b23961a84ff611a5134e2a36fbf5abd37dc145ef9a41502242b7f
civora,public-presence-os/tests/test_cp73_live_read_only_probe_authority_lease_terminal_tombstone_reconciliation.py,8219,480ac937e82314bc41f6ba60f191ab83bf24b363b4d3933029074ae4f953d6f6
civora,public-presence-os/tests/test_cp74_live_read_only_probe_authority_lease_terminal_tombstone_rebuild_recovery.py,8499,49b86bb71ef1acbb6890a313cde658c943fc1b2fae30c28a21e78a0b55037b0f
civora,public-presence-os/tests/test_cp75_live_read_only_probe_authority_lease_terminal_tombstone_recovery_idempotency_rollback.py,9107,5391b406b7f9c8e702ea63fd84c4b663fe358d83ec819d36bb9c158779ed1096
civora,public-presence-os/tests/test_cp76_live_read_only_probe_authority_lease_terminal_tombstone_recovery_crash_consistency.py,8546,60224d81ec37167ae9c2bbecc5cfdb6f3a24ff72d121ec45932731e9d80c25c7
civora,public-presence-os/tests/test_cp77_live_read_only_probe_authority_lease_terminal_tombstone_recovery_journal_corruption_rejection.py,7400,d047a30948228f11606b6a71a58b6ddf495fd7749a44c3d226f527f6f7323749
civora,public-presence-os/tests/test_cp78_live_read_only_probe_authority_lease_terminal_tombstone_recovery_journal_partial_write_truncation_rejection.py,8217,66eb523b2eef0c5951126b8ede5c2c361087f52ee428cd67a4568d65c8fc7a2e
civora,public-presence-os/tests/test_cp79_live_read_only_probe_authority_lease_terminal_tombstone_recovery_journal_complete_write_atomic_visibility.py,8320,4d5498bbfa4db1eee78ed7933169b13f49ac5080942b18e996cfdcc12a1aa43e
civora,public-presence-os/tests/test_cp80_live_read_only_probe_authority_lease_terminal_tombstone_recovery_journal_atomic_replace_crash_window.py,6955,ce2f64d43b3e12dac06635e87b49c1c4879013b5a857cb173904a392ba1ed99d
civora,public-presence-os/tests/test_cp81_live_read_only_probe_authority_lease_terminal_tombstone_recovery_journal_atomic_replace_retry_idempotency.py,8841,69bc32f5c0d582e2629b3b39911132f58eb6b1ca7380a5f2c076a1c359c94a45
civora,public-presence-os/tests/test_cp82_live_read_only_probe_authority_lease_terminal_tombstone_recovery_journal_atomic_replace_retry_exhaustion_fail_closed.py,9290,abb08c5feecfd8f48b1ee1bb4959d743f422c312b9e291e82e2d0f7b428ae91c
civora,public-presence-os/tests/test_cp83_growth_capability_matrix.py,5136,1676baf95d7fc46f23b25b0ad783dc4392fc12734eba98a62299914f77a8ae29
civora,public-presence-os/tests/test_cp84_engagement_radar.py,11736,d628c89285b69ea78a7b01893aecf19e773883df360e88bda48ee2b49630dc95
civora,public-presence-os/tests/test_cp85_inbound_reply.py,14900,ed18e5dff4b3a65ee5d5f68fa533851895ff3e94375c24ae6db68bec6d0c8376
civora,public-presence-os/tests/test_cp86_outbound_engagement.py,11225,9bc2453ab435b106215235756ff5f921f57c1ef340873928a7e635c7caa90eb0
civora,public-presence-os/tests/test_cp87_relationship_graph.py,8754,6b52521dac6f910687c2cc21739389c48653d7a6111e86b7264780394e232555
civora,public-presence-os/tests/test_cp88_amplification_engine.py,13423,8554214db4b93f69f332efdb74276cf175fefa8ab9e6a9abe85b19ae956fb2f0
civora,public-presence-os/tests/test_cp89_growth_analytics_virality_learning.py,15131,0e7ec296f7e9af53fc0c0122e3fb220b8dec7e44dbaeb9a72d01020ef8acf47a
civora,public-presence-os/tests/test_cp90_engagement_scheduler_rate_quality_budget.py,13156,d19645df0e23da0b0df0c89467c95961461d749de6a479194e4b92432b95aaf0
civora,public-presence-os/tests/test_cp91_growth_dry_run_acceptance.py,21071,95d547bf1b79138b435a9d6de55fbbf6b00df5e2c6dd9769ec99f747eb305d78
civora,public-presence-os/tests/test_cp92_pilot_growth_operations.py,7676,e6f6a574c4668088ff31949d667221ba4cf3a99a8b02c280bc4ab2c8006046ff
civora,public-presence-os/tests/test_meta_authority_hardening.py,4192,3ed09ee7becc81ff35a44c3c2684cbcc7296b78d4f179ba86685b6e346db5a02
civora,public-presence-os/tests/test_meta_live_runtime.py,13951,e33ecbfdc26d2c15453e61f72f6c0a949feb29192d9604d8ab2b9c589f034c75
civora,public-presence-os/tests/test_meta_shadow_runtime.py,4340,412de6c099f281e8877363d019b76b08e1f2c55321e07299c8ea8ac123cb4a8c
civora,public-presence-os/tests/test_meta_snapshot_generation.py,3723,f988b3ee17f1b9d3edf620a2a80fcaa221157673146dafbd59f0c045fcd90dde
civora,public-presence-os/tests/test_meta_snapshot_persistence.py,3938,85b0ec577b0ba009d4438f93e54a35d6dcec8c445735ac581ecdd78588a15318
civora,public-presence-os/tests/test_meta_write_control.py,8550,f8742d22d08aa58eac0f639f49064177abc0a4f2e2c9b15deaccc2bd049ca21b
civora,public-presence-os/tests/test_preflight.py,3953,a22afc5c214b9a2f51ddfa11fcfc1bc5a1732e616934abe8923430ae3a41123b
civora,public-presence-os/tests/test_productization.py,9637,994c527a9a463d97ab662b2a6905c6157845e52e184e9d4a834413e2d8cea6fc
civora,public-presence-os/tests/test_sa2_1_meta_read_only_runtime_contract.py,4101,e35dfe134e5d3f1c28bc74d6ca5494573ddfe34dc533230b7917123902799d4d
civora,public-presence-os/tests/test_sa2_2_meta_read_only_transport.py,6723,979c42e6f9a1d54292ecd2b55d7fc7b0f67f3fde0abde5f660d69ce0e7e9429e
civora,public-presence-os/tests/test_sa2_3_meta_read_event_log.py,1825,86d2c67386f08f1575f451f0de14fdb7aa5b686d1cbe043b2687c5ee90a11d82
civora,public-presence-os/tests/test_sa2_4_meta_read_observability.py,2535,b6f70ccbd577d8877ddf36926cf80c7c7bab11d742e6145fc3338a776c2f6b66
civora,public-presence-os/tests/test_sa2_5_meta_cross_lane_read_coverage.py,3737,1888a72ee81c6a4d874610272e7bb1814515dee6cc1515a6e8fae74b94d7f046
civora,tools/repo_weight_audit.py,8427,e7de7f5fa9d0d5e5d5eca79b0b8563452749e134c0738bbd88280c08d2996842
civora,valcea-clar/README.md,8934,b691c3de2a2c9e80880bf4e42e810b0b9cfe91bad49ba0343deb65129b5448d9
civora,valcea-clar/ROADMAP.md,2326,8039f2a0628278308c83e574eff025348f9dda20ba1c889962193dbead4afa12
civora,valcea-clar/data/creators.json,475,eec24c9ad845fc1ae2c4244cb536845125203243e9e78e3eae4a08ec0dcfe336
civora,valcea-clar/data/places.json,49662,30ee7afb973941ea0dc664a0e71db072e670e1eb1cc7f99f829e530bf3a5dcc6
civora,valcea-clar/data/sources.json,17521,c3e4c5b5996b478cb56dda7fad4872eef885413524b7447240869589ca5c441d
civora,valcea-clar/delivery/README.md,2095,640765c68bfaae52e73c67eee1020fbb0a3cf462c69c45d19a9845fb78a73147
civora,valcea-clar/delivery/edition_delivery.py,23881,973b0d2a464f83f5694ca552f5230b3c4ef4f735d23f8a2dc60659fe76a89902
civora,valcea-clar/delivery/manifest.json,1671,92852b8b7ffca744c4ae3936ea47d6e6e679bad141e727bbadb848392b62487d
civora,valcea-clar/delivery/queue.json,1064876,8d9ce768630c63195fd8763e508912721c17f2081b24a0bcfde1e41e194929f2
civora,valcea-clar/delivery/report.json,1809,819b442eb1771272f8a600e58b678b89a38150a590721e6fc50c843b984b49c5
civora,valcea-clar/docs/CHATGPT_SITES_INTEGRATION.md,5299,7a402a28feff2eac2a99c63377c9f6141128b84c6c76840535c846a5ada6b21d
civora,valcea-clar/docs/EDITORIAL_STANDARD.md,2133,502ca5b2efb3200fc119fd4095d3df655c7b9b66d3b8955e833e85673e6e3811
civora,valcea-clar/docs/EDITORIAL_WRITER_V1.md,1816,4fcbc4cebd527d949c1a8839e04b7a8cc1e15c8c5e8d8bca18b7625c7cff8d98
civora,valcea-clar/docs/EVENT_DISCOVERY_UX_MARKET_RESEARCH_V1.md,5542,be8916667acb73989c28fa396b27d8ce876ffe8e5ba7dc803b745e7c9d572b6c
civora,valcea-clar/docs/EXTERNAL_COST_POLICY.md,3175,36256cebbab68ee80db46d93750b34ee4986a10e6e203db36e17b0c0e294b5c8
civora,valcea-clar/docs/INTEGRATION_ARCHITECTURE.md,2974,d911dd81f2aaf669c0197263be996509cdd9aab5fdc7c4b0727623f4ee7b48cf
civora,valcea-clar/docs/INTERNATIONAL_NEWSROOM_BENCHMARKS_V1.md,7876,fdafa108191570737e300974601a64338f066425b126bb77851f34c763dd9fe1
civora,valcea-clar/docs/LOCAL_LIFE_UX_MARKET_INTELLIGENCE_V1.md,5788,cb3a829ac446bcb679b79a029d159631ce44eb1a65344b4a0327983eb165ea90
civora,valcea-clar/docs/OWNED_PHOTO_DRIVE_INGEST_V1.md,7388,9504b09a711a75981ad151836c57004358632c9c6fe029da670e6723954a84ac
civora,valcea-clar/docs/S4_PUBLICATION_EXPERIENCE.md,1299,5fdab8bb9d24ae546309e676df14cf730565d31bd0c8b24a4adbe4e06d29e377
civora,valcea-clar/docs/S5_DISTINCTIVE_PRODUCTS.md,1444,c178dd8a1e2a669af7642d9e588261506468011b271337983d24f520ed09975c
civora,valcea-clar/docs/S6_OPERATIONS_GOVERNANCE.md,2426,e0cb9f787ce19f7fcf05cb7b5ce4d4c0d3f380745da6a9a63823788178bfd10e
civora,valcea-clar/docs/SIGNAL_ROUTING_FIX_2026-08-18.md,1075,b3f8be00860353488c399df2992d2691d93150aa15f84e907de0d4fd1f11020b
civora,valcea-clar/docs/SIGNAL_SOURCE_POLICY.md,14635,406735f87c1db3be879d154c55dc81fb7aad6783d5a994c33b4f3451791121dd
civora,valcea-clar/docs/SOCIAL_PUBLICATION_ENGINE_CANON_V1.md,10357,5ee38956f6f65f2a39659a283737a67865ee590c7beec81c8899ae275e4446ef
civora,valcea-clar/docs/SOURCE_INTELLIGENCE_CANON_V1.md,9738,677bc0e5897aa9bccd912204f2134a8c06a764f03373605e1e195b7f823117b9
civora,valcea-clar/docs/SYSTEM_AUDIT_2026-08-22.md,3335,249a397c40495bbc3ab43b1f7cb9e1ae42f3e333bb8a35ab8a95b60a0e0373bf
civora,valcea-clar/docs/VISUAL_FACTORY_CANON_V1.md,8019,7a0f9eb0761ad871b682b5199dd776637b9ed67a42f82b079a7bad9d5260ac19
civora,valcea-clar/docs/VISUAL_NEWS_UX_RESEARCH_2026.md,4590,4f27ab1588559f4dc7e4d34ce401a81df6f8a8aa0e82f3cc4e6f347143b15ebd
civora,valcea-clar/editions/2026-08-14-evening.json,3284,ad6ea1dc03c7cb547c3b69e113e8ee6a586b800c5c3a231b8059a2b5596b9be2
civora,valcea-clar/editions/2026-08-14-evening.md,4593,011e646d8cf46d6e28cc848bbe7dce26235951ae76ab532e61e9727484246ae7
civora,valcea-clar/editions/2026-08-15-evening.json,8785,389d7e9e147b25e887ffe9a0c771248b386d5732ee1bc5f228418a64bb7cb87f
civora,valcea-clar/editions/2026-08-15-evening.md,5168,0fc092cb5738b260b10924e104f7ce198b2be4d5874d9caddd499f274e9319d4
civora,valcea-clar/editions/2026-08-15-morning.json,19418,45bdc5978f5e4420b7f4398e26bf8a77ee699346924a6fc33ee96acd8b571385
civora,valcea-clar/editions/2026-08-15-morning.md,9897,a38ef2924c10d51c9f67107329b5b49a832b0c61db43dde9309a858b9b9eecbc
civora,valcea-clar/editions/2026-08-16-evening.json,5900,6b9d2ad6a1fdf70371592f605b6e7c322da2ae09d74fe009c799b747c32413b8
civora,valcea-clar/editions/2026-08-16-evening.md,3543,e82946abbab58ca1afb84a07bf2067cc3b81fabbcee9ee3cbeeeddfc36045438
civora,valcea-clar/editions/2026-08-16-morning.json,5905,fb73d372a24f22aa888ac8302dd351fdac3899d994e0b3e82e79694223c3893c
civora,valcea-clar/editions/2026-08-16-morning.md,3548,d6b6b160ca76ac8895d143546db549115ec22c4c522423ccb7eec5703d688718
civora,valcea-clar/editions/2026-08-17-morning.json,2388,335f0c40f9ffe3bda83cd9c1e8092ca99f11312db93eee7869678a5317414e57
civora,valcea-clar/editions/2026-08-17-morning.md,1726,76f86606c78e2a8334f0e67c203e1834263b511c53d77415cfcbdd430370214f
civora,valcea-clar/editions/2026-08-18-evening.json,208138,8c47456513601714d43a98fdaa645c03526157769b754bbaaabcec3652292b64
civora,valcea-clar/editions/2026-08-18-evening.md,86589,1a27bcb2c125f3a8d68d71919921ed02ba992833715c0c60a5de22c521ccc1e3
civora,valcea-clar/editions/2026-08-18-morning.json,9050,434a05bb19655eef78206175b85eb98b0bd5fe5669969b6f5e5055fa469ad745
civora,valcea-clar/editions/2026-08-18-morning.md,3400,0d11e2ab33f5ae306246979dd6198df0dbac0bfe400839b267f8c87726bc28b9
civora,valcea-clar/editions/2026-08-19-morning.json,204920,98074ff89cb4e8a8d5d9a6cbfb6b8b006f4aab30e4cbfdc88905ab5c4003cef3
civora,valcea-clar/editions/2026-08-19-morning.md,85749,8dd9894bc1af9d8665aa96d0010a75f34564bba5f61ffbbdeb0ca3f03209141d
civora,valcea-clar/editions/2026-08-20-evening.json,214009,d09a142d7350fba68bb947fe70164579c30cdf4cad8869dc7d43a85f06a6053b
civora,valcea-clar/editions/2026-08-20-evening.md,93334,a0310e52936041f57be49c4a0c445984827957c39717d29342750e578f8f455a
civora,valcea-clar/editions/2026-08-20-morning.json,203809,1a0bf4a2e6fc191d389b48f31fb033e4487b2a939feb532378e829cf040e5784
civora,valcea-clar/editions/2026-08-20-morning.md,85027,0d9234be21e2cf0765bc12b93223d02e1756e3d2a9aa908774143dabd34b0d0e
civora,valcea-clar/editions/2026-08-21-evening.json,227830,42b3eed105d56ddef52650ee39db8ba2c84005e1a20276a92553c784c9f2f6e1
civora,valcea-clar/editions/2026-08-21-evening.md,100973,996c32008585b50ae6826b94514af1aedde67579ec8369729833ee852281a5f4
civora,valcea-clar/editions/2026-08-21-morning.json,215730,8ee10f3f6a69d4e22fa2e6d1128c225311f262042756c5bed7909146702d9063
civora,valcea-clar/editions/2026-08-21-morning.md,94156,860f67b619f4a949239071b7365d9e41c40e7ce9bde9003792eee0deaeac65ed
civora,valcea-clar/editions/2026-08-22-evening.json,227628,c4705916bfbd7d670b2936ad773ffa51771230258dd9e3dd5c4ba774afb1c5df
civora,valcea-clar/editions/2026-08-22-evening.md,103777,99f453669c77c6c604dba0c485fa0c70aa8a310a7fdc0060047a7d86b3d46b75
civora,valcea-clar/editions/2026-08-22-morning.json,232613,e70655e45595b29a97ecdb7f2db7872b312de672ddee8ac96a95c6247dfdbff8
civora,valcea-clar/editions/2026-08-22-morning.md,104800,158cd4e8e2c5823a350914eaecc3589a5c9470f2264a0146d8fab9c50ff00b71
civora,valcea-clar/editions/2026-08-23-evening.json,223966,3b3e25e635fdac812214ae50f2c96007a84bf6687acf9d36d47788bfbe31d2fa
civora,valcea-clar/editions/2026-08-23-evening.md,101055,7970cb4da15849c4e1fe2183511c91a273dd2689eb0fad5b3d7111c40bc7e26f
civora,valcea-clar/editions/2026-08-23-morning.json,227460,521711cccc4f8719cdd97cc3fe2ead5f3d3710b914743410bb37a1e9ec8f3d5e
civora,valcea-clar/editions/2026-08-23-morning.md,103609,8d53d561408b159847cb62fdca93f5f91c64f577dc565d837caf7df77eb65911
civora,valcea-clar/editions/2026-08-24-morning.json,228763,355e5d5ed442e67c9cbf9186196100b1a28de1e6223de8d2dc29671439c9fd2a
civora,valcea-clar/editions/2026-08-24-morning.md,104154,b7874532f6d3d42bcaa115c82f626824584a300e201a77c18a7c8c063fd6aa89
civora,valcea-clar/editions/2026-08-25-morning.json,225705,26a62299632570998e762b08901a35492bd892494c8547e85c48b664d7202e5a
civora,valcea-clar/editions/2026-08-25-morning.md,102017,7e7597bab895052e3745fe9f7f9d67b4f8e3c869e6e2c0cc759d2f935cb3d4de
civora,valcea-clar/editions/2026-08-26-evening.json,225118,04c3da472cd376556d3e54ac7d483c121803634d8dd5c3c0a76db084dc2582fe
civora,valcea-clar/editions/2026-08-26-evening.md,101653,c39e94dda0fac3cdde6ea67e13c5bdf1b339b42302883c9ca1dbf8acae051413
civora,valcea-clar/editions/2026-08-26-morning.json,223375,6bf4e45edddaa8ceac169a8e77a4ade2d67d8369856b95fab1235192554d1600
civora,valcea-clar/editions/2026-08-26-morning.md,100541,ce0b0db390d131863c1f6663eff19f3f528a24353c89c007d772fcef9df45105
civora,valcea-clar/editions/2026-08-27-evening.json,229801,ab6bf7670852563880819542643d35f626f2830daeaa4343346e7509c8b0dfdf
civora,valcea-clar/editions/2026-08-27-evening.md,104895,ed8642c18d569d8643b7c76c6ff6c26e001a76b81c26bfa4fefa4e8c4194d6d1
civora,valcea-clar/editions/2026-08-27-morning.json,231274,cb3d3bc22c5959388d8997a13be7ab85d50c1d5bf3f5a42d5856e11934c75c06
civora,valcea-clar/editions/2026-08-27-morning.md,105861,29bee81c23cff7ba68a83858cbbf8a4fb98a8e4fcb0e7125ffc403e3c97d1c65
civora,valcea-clar/editions/2026-08-29-evening.json,230772,b532188e8fb0d247e1c73cd395d13c21832060996ebf6e7f7cce87f3d01237a5
civora,valcea-clar/editions/2026-08-29-evening.md,104362,67f8ddb5fd638e4cd2ae7127e6f0e6d4fbb7215352e6b3bff2212853ea88f6de
civora,valcea-clar/editions/2026-08-29-morning.json,233907,e38475657359c57ad112594dd785f03da6e4bcbc2c4b9b79c88aa02d494d4187
civora,valcea-clar/editions/2026-08-29-morning.md,106494,5273d3cdaadc7a7f7d46392cc981389b2db4e01d8cbecd75b0281015fabe9b32
civora,valcea-clar/editions/2026-08-30-evening.json,231028,19eb0e9ce60aca39d5b9de9a5a8d9330b304181fce5c15f777d8d62cb50b1ee0
civora,valcea-clar/editions/2026-08-30-evening.md,105612,ded2258fb51956b43ca3d01623183f67e66b62bd67901db6d0cbb28c723dd15e
civora,valcea-clar/editions/2026-08-30-morning.json,228142,3836ba223fed2a0c370731e7ebcb9b1375ae8a0d6cb228d5d1bdf55e5be074db
civora,valcea-clar/editions/2026-08-30-morning.md,103743,d21bde320793cb01e202834c8ee7634d1f19b34a219591fd774ff97cacfd24dc
civora,valcea-clar/editions/2026-08-31-evening.json,232450,828b90107229bd7a03d8627a1390e7564c0ffd8949d895f446d8ae02cb4da61e
civora,valcea-clar/editions/2026-08-31-evening.md,106524,ac60da2f34910a843f0b79ecfae35818d6a294247fbadb2d52357697d7d89af3
civora,valcea-clar/editions/2026-08-31-morning.json,231033,75644e21b79ef9fd62903f17d97c6b550667dec92b2c2055552d775ea20259c1
civora,valcea-clar/editions/2026-08-31-morning.md,105617,04ffaf4a6fdd6cef4e3b4984b5a91d4607d73a3d00da94ead89d9c7b25f89c83
civora,valcea-clar/editions/2026-09-01-evening.json,233440,1b16fb58c0515215438bec8752ec82d9004efa8063ee3e4431633f5667bfc897
civora,valcea-clar/editions/2026-09-01-evening.md,104010,f846af41fc4b6040197a3fccda267dcfed75522b0ca605986782c9a0d7ee37dc
civora,valcea-clar/editions/2026-09-01-morning.json,231374,f68edd55f5e9e51b8a9c72162e0121bef9b9b257946d9d1b0b9ffe422653fd9a
civora,valcea-clar/editions/2026-09-01-morning.md,105782,7f5e21da538f4c93a240ab0b17c84bf1ca575561ca3a1f546d91dd6d50cbb66b
civora,valcea-clar/editions/2026-09-02-evening.json,244792,69e36718c4ac4d0174bded64ac1ddc485ac06321122ae27d9fbc97c9abf2faa5
civora,valcea-clar/editions/2026-09-02-evening.md,109029,d19f202d8a7051d1fce8d63eb6962fed42ddc54e608aaf6c275fab7aa47b42ad
civora,valcea-clar/editions/2026-09-03-evening.json,263486,71b8aa642c79ab3463d7c2df910eca7ab7aca2d177a9f425a93bae4847b9d6fc
civora,valcea-clar/editions/2026-09-03-evening.md,119791,2764a84357ae02de7c42b714f8dca8dbdb98fc5188d1eaac7a0d440227fff750
civora,valcea-clar/editions/2026-09-03-morning.json,261557,62ec3ac11428337eef21ac27a0e8c8205551333f9615c604222eeb090af93781
civora,valcea-clar/editions/2026-09-03-morning.md,118448,49b4d6a1d75532e0fa89c9e4f09ca3f4c59e79e088201a9eb8d3359d27406826
civora,valcea-clar/editions/2026-09-04-evening.json,516002,cb01a25f785ef0d30ba2112fd39b5d92f691fe88a01ba6145524f8e7f1e2c279
civora,valcea-clar/editions/2026-09-04-evening.md,176763,72bcbe914aa634f6e293af28f01fe55078d0bb39e7f45c4fa012456b4f989afb
civora,valcea-clar/editions/2026-09-04-morning.json,505831,469c3e8044f08b5bdec8fab5cf403eeff222ea14f0a481dfb966c4572f3723da
civora,valcea-clar/editions/2026-09-04-morning.md,173388,085ec96cfb44a7f2f527cb01fb43aabd5e2aa32c2afb18a33d007c13aeb4ea81
civora,valcea-clar/editions/2026-09-05-evening.json,533115,d77c4191ee2d3e61f747c1096fa3e7f3f243c6d1753bdfe9bcccccb25b66d786
civora,valcea-clar/editions/2026-09-05-evening.md,178478,2dd419e7619273a531e53dc7ace17dd13d8e75546be20e3f2d6f83c21ecef090
civora,valcea-clar/editions/2026-09-05-morning.json,514190,0d94ebea9602685f025f57d5664c7a8158a6c9edf8b81ab81ca4192b8823dc6d
civora,valcea-clar/editions/2026-09-05-morning.md,173535,3236bd51b6af8aff843b4457be53b40b92efde0b03dbaf8b6f470b5d6f352a06
civora,valcea-clar/editions/2026-09-06-evening.json,560008,9725d1c4b3b5ac3745a5ba0c0d3d8f19e29db9d9576aa114f50880deedcdd8b3
civora,valcea-clar/editions/2026-09-06-evening.md,183145,868f81e84b15477cf2f281967e3cf9a2df62fc4b283fb2472d87625de4900389
civora,valcea-clar/editions/2026-09-06-morning.json,573604,d947b711ebdae302885e9c22b580995a80f6d5bd99bde337dde9c5a47a78f1ed
civora,valcea-clar/editions/2026-09-06-morning.md,186652,463825d9e353b663ef1013267f776b35c385c80b519ecefbac1c778526103a27
civora,valcea-clar/editions/2026-09-07-evening.json,547092,1f17df4e2783963429fc141047bbd967010ec19d32a0ddbc939a515349466069
civora,valcea-clar/editions/2026-09-07-evening.md,177842,4f44a5c1a025c693f0b7cedd6e524398a508643b1eb230618e5f74e0ffc6a537
civora,valcea-clar/editions/2026-09-07-morning.json,548420,19db261db6963f59185d35c6cd5fbfda6239d853390aa965463fce03862ad96f
civora,valcea-clar/editions/2026-09-07-morning.md,178495,bd44119dcd8e3c7574de1881286a3446c62fc47b53db60d757edcc94d160a7a9
civora,valcea-clar/editions/2026-09-08-evening.json,549211,bdd845e1e19c393943fc661114410238f06f56f8d017aef152a5087d98fe79b1
civora,valcea-clar/editions/2026-09-08-evening.md,178567,32de7e984eb11e076256f2e163dc40128e8d3ce0491b77bc40247b8d8c72e9a8
civora,valcea-clar/editions/2026-09-08-morning.json,553339,f28a17de50e6477b12827879c4898ea7e955e7ddd9cfa913e899fc6de5d3f317
civora,valcea-clar/editions/2026-09-08-morning.md,179087,3dca1866f9ee75bd75edf78c978fc389b3a9c850f46c7ac15fec2a9d9e4cdc36
civora,valcea-clar/editions/2026-09-09-evening.json,548617,74d81cce43d123762c9699eef5e9354c819baf5a3ec519f1d95a467f22ccfa15
civora,valcea-clar/editions/2026-09-09-evening.md,177114,e3c4cf914107d1f538a7fd10baac956b8cf4d861cc9c8bc94d59a8e4866b99c0
civora,valcea-clar/editions/2026-09-09-morning.json,540647,8fd1c382a608f55a7145cf36863b313910314c486b061c0882b6a0aff891b1e4
civora,valcea-clar/editions/2026-09-09-morning.md,175365,7c595dd6ef8dab07ac0f5bf401eb91baba48016cf4dbd173eda2763e4042bd59
civora,valcea-clar/editions/2026-09-10-evening.json,544447,a6b909f47fca6b1a2902c48ad84311fecff2a6ba7d6722450e9155cfcd937464
civora,valcea-clar/editions/2026-09-10-evening.md,176555,18413e05a53ae368b53c3705857de486cc5d2d2db4896f74c513b7448379d27f
civora,valcea-clar/editions/2026-09-10-morning.json,548622,d07c35752e6f7148e181850d44b3e5a89d5209975a67ceec65af2ccac869d9d7
civora,valcea-clar/editions/2026-09-10-morning.md,177119,e9acbcd24e6b748dfc6f3170b9a9b28d2fa1c52cd2b66288e49e5ef027d662da
civora,valcea-clar/editions/2026-09-11-evening.json,544520,159e4e3113fc1731e0742d058feafbdc67712ef277819da8df7994853629583a
civora,valcea-clar/editions/2026-09-11-evening.md,174755,c134822ed3f8abcb83724094ba4ae0bd9248f218dbad6155da44474613bbd3db
civora,valcea-clar/editions/2026-09-11-morning.json,544525,72ad587d23648d39acf913a68e05bd39db4848902e47f200880be5c0a49d3384
civora,valcea-clar/editions/2026-09-11-morning.md,174760,0f7bd9f120a6b6e2408b677987536a4b770dbffc5dfd1ad721989ae072fd5b7c
civora,valcea-clar/editions/2026-09-12-evening.json,534399,fcd144066a48223caa50a6f11df861defaac97e3d12e2fcc2f7e629a146e31d1
civora,valcea-clar/editions/2026-09-12-evening.md,172863,a7c8cad94024fb430937255ca032099504ba576e385d0e6f6c8745b5f72ec8ce
civora,valcea-clar/editions/2026-09-12-morning.json,538486,b43c71222a6b48d75f7124f6b8a2830a492e7cba9f70963a7ccbe1b9d50b8e52
civora,valcea-clar/editions/2026-09-12-morning.md,173345,f86a52207028888fe2387a0a55092fd4ad5fab6ea6f515d5025512f08ce30a5e
civora,valcea-clar/editions/2026-09-13-evening.json,518036,8e8cdbcf4645aa5c75f764ab23d3c65e3a9161e8f83211385ca75943a6a7b52f
civora,valcea-clar/editions/2026-09-13-evening.md,168644,8e4f72e24a2b4ba6c433314b6c2a26475482a6a728ee7b9535f8e62a67ff9607
civora,valcea-clar/editions/2026-09-13-morning.json,522122,f587c881ef1a3bd3cd4150f3d054b342450ba48e1cda64659be897fc5b2e5c75
civora,valcea-clar/editions/2026-09-13-morning.md,169537,5b6d492509e5f421b31f06c8c31a3f99566e572cbd3112adbb7c4dc32706118a
civora,valcea-clar/editions/2026-09-14-evening.json,829425,10dc63a98734d21ce3e478a8225bb1033d782d0d251648dd7449ee1ee7fd3dcb
civora,valcea-clar/editions/2026-09-14-evening.md,173460,6f5f731ff49c8f466f5c8e7acdf1496b45f10afca6b51da71e6c390c1076e1be
civora,valcea-clar/editions/2026-09-14-morning.json,518041,33f73e3182e0dcd12896a2b659682d1ab992ff48c29e7a6c7abda55d91c03464
civora,valcea-clar/editions/2026-09-14-morning.md,168649,dbc2cc3981a6258e3c8bc4a51c19278c8c8ab049cc07716dd04fc95a86da01ac
civora,valcea-clar/editions/2026-09-15-evening.json,836216,8e5cc07ffa58c982c5059523d93205e53f6d8631e506ec491874fdca02c14a99
civora,valcea-clar/editions/2026-09-15-evening.md,174778,f084c445b4c01affc7d67dc9d838f568f83a107c67a41ce368cc51bd95d7054e
civora,valcea-clar/editions/2026-09-15-morning.json,829430,046b56e0a6963c9c1b410bcefd22d87ceb3e9c95374597ff7b020de631a35f0c
civora,valcea-clar/editions/2026-09-15-morning.md,173465,6a94ce97f7d785d39e603eede4983cabdf52127eca64fde2f2e447114e16dc18
civora,valcea-clar/editions/2026-09-16-evening.json,836216,f488e0f1fda3c68092920e5bf0d692952c915eb07186ab991d3da128dbfafd18
civora,valcea-clar/editions/2026-09-16-evening.md,174778,90cd062f15819f6be7bc170bcaafa33a6f0ae3a297ad12bcac1d2845d5cdd88e
civora,valcea-clar/editions/2026-09-16-morning.json,836221,a08bcee55a388348808176dec888520809583f69cbd7a800545556f46420f6cb
civora,valcea-clar/editions/2026-09-16-morning.md,174783,5de63efece200c395ccea0b9dbb4d3626e0447b14369459027655a0aaee200f0
civora,valcea-clar/editions/2026-09-17-evening.json,836216,01fc15047e845252fd34d34ec9f538eb578d757d322d676ebbaf93a27f18547b
civora,valcea-clar/editions/2026-09-17-evening.md,174778,d4cfd8208a142c29a1170a2920dedf6b7a6a6db6ff30747c544321250011f3ea
civora,valcea-clar/editions/2026-09-17-morning.json,836221,9600f3019b7aef273448f410aa5a20594a8573b54cc69ca7abc491a02b79d1d6
civora,valcea-clar/editions/2026-09-17-morning.md,174783,2ff27bc71fd331be3a4fb8a96606b1abe800d50d9e7d6a4d7535da580f86bb5d
civora,valcea-clar/editions/2026-09-18-evening.json,875865,38ea83ebd624386cfa0fb41e3db64810027cc47178a0d072c11e75627852c8d1
civora,valcea-clar/editions/2026-09-18-evening.md,180813,5ac3f93c0650c9a862b0f154f844b47d37be5b4606a6971a7cd80de4298092bb
civora,valcea-clar/editions/2026-09-18-morning.json,880972,2286ff06982219b2d40378abcbbaad894ad7aa86dff7f312cb6c1f0715d09afa
civora,valcea-clar/editions/2026-09-18-morning.md,181742,5e00342ada5c882d819cb282794e099df38983f5426747231b090ab1f1f71a3e
civora,valcea-clar/editions/2026-09-19-evening.json,870699,9d7c519390793702efb0413507605eccb19d4b95f14984f8fd618a6839be815b
civora,valcea-clar/editions/2026-09-19-evening.md,179901,b0ca40143eaf33da8d8b804f14fe49eb0e06cc27049be0264bff45c45f9b1e49
civora,valcea-clar/editions/2026-09-20-evening.json,859752,72f9b42f6b839fe68d67f4fcc77be80d108b81cd7fe3bd1a6316c6e928199bc8
civora,valcea-clar/editions/2026-09-20-evening.md,178081,640a333044120a68679e865faeb6ea231955bfb3d3eb926dcbaac3f771b14ed2
civora,valcea-clar/editions/2026-09-20-morning.json,863633,6956885008c6e047d9dbd628db8dee4edcd36563a7d14644e1e7c265b19c862b
civora,valcea-clar/editions/2026-09-20-morning.md,178656,ca577f7a1637474f85e4d6ee36e15a3d2189169fd912f00303227495fcb6df5d
civora,valcea-clar/editions/2026-09-21-evening.json,823868,2607d0f07910bab72992869fdb3a323a5e79bbbe3490cad64d0a7859e2b0e5c4
civora,valcea-clar/editions/2026-09-21-evening.md,169732,56273ceb8eb4a036a8b00beb76328d811545f1c1f8f08e444b9eac53c87a0c0f
civora,valcea-clar/editions/2026-09-21-morning.json,844118,c32a0cd0ea964534b40188837772a82b53bb7329ba8679e0a264beeb5626733e
civora,valcea-clar/editions/2026-09-21-morning.md,172323,999443082c3239e2c1d1790462cc7c07d4e090755ede3a2064ddc80853d90cd8
civora,valcea-clar/editions/2026-09-22-evening.json,849342,6194a573925d751105c03f346043354806769f248dad2658cdcef3bb2f7e5a50
civora,valcea-clar/editions/2026-09-22-evening.md,170363,34f80d5fa0ea84f5c41fdb29ab91c79a47ea3d8950bcb9ea8b4c2743838ba2af
civora,valcea-clar/editions/2026-09-22-morning.json,853854,d1b00f4d52a7b43b8000650274b86b4d5829a0504258ba4d64b865dcf8b3d4fb
civora,valcea-clar/editions/2026-09-22-morning.md,170267,27e4e48b4644db52473aa45bbe2a5f6bb58be929b1636d60cfabfbe9f5beaff8
civora,valcea-clar/editions/2026-09-23-evening.json,108133,7cf732756ec478d9209854bc983bfd0d71cfa31342948d62d9c4252e532203f8
civora,valcea-clar/editions/2026-09-23-evening.md,19137,7c7e94b3e82f078c89c16f34e97a37106a638f2d163010925f9bf2a3dbcf8d15
civora,valcea-clar/editions/2026-09-23-morning.json,820764,364c8a494b11bd8fa3a941fed48d49cc3c01bd595223e86b25dd55694c86ac56
civora,valcea-clar/editions/2026-09-23-morning.md,165760,846f23f2336fcce4494da9642643004315206be89d8f67cb0d6bd7f91117c1ee
civora,valcea-clar/editions/2026-09-24-evening.json,119446,9856f41a1534bb8e3e0f2789c486273a310e6e22401ecedeea6bcf542878c912
civora,valcea-clar/editions/2026-09-24-evening.md,21836,07cddb1ce9bf8a088a529d07854ba0f88a50749850455b6687d7b7c268f06e48
civora,valcea-clar/editions/2026-09-24-morning.json,126255,18eb2eef153258ab510c30cf33de3d1ecf3c942fab3cecdf2518b524b6af9645
civora,valcea-clar/editions/2026-09-24-morning.md,22372,50eccff9c95cab454fab28d1872090c1b4ebf2d6c815c8ffe5e6d19b926ce1ff
civora,valcea-clar/editions/2026-09-25-evening.json,112721,abb20b66ec0078df770283b62785b9f4eef86151769700bbe2e65a2af2853356
civora,valcea-clar/editions/2026-09-25-evening.md,21347,7b6234873dd986b638bef400c81a4ec64317316448f720e14541e4513e52d23d
civora,valcea-clar/editions/2026-09-25-morning.json,119451,870d38029d6b6fb102fe98284f06538300680ca2731ae4ac83dba3806d0b283d
civora,valcea-clar/editions/2026-09-25-morning.md,21841,10cf3d3e182873562c6b5ad6749ebc21a6371e08c4348e819b1b11e23401628d
civora,valcea-clar/editions/2026-09-26-evening.json,104967,0fc8f28749df18c48f1cb1b53f17cd71e64acc0db566f074cee35c5d6d65c813
civora,valcea-clar/editions/2026-09-26-evening.md,19753,fe1b45f2bbe38cfd66ec2b7b04ed9faffbbca8a34243f4a73743a832fd869f89
civora,valcea-clar/editions/2026-09-26-morning.json,116863,4fe92bec8f7f8dc693fe6ed1828a227f573bfd56c3c2eaae015235abd76eb4bf
civora,valcea-clar/editions/2026-09-26-morning.md,21243,21d44267c5260db9c18badb07605c6b7594bb49e4f699c0c72a46bc2ac608da6
civora,valcea-clar/editions/2026-09-27-evening.json,97570,24b85c7dad15626cb5dc3effac0cbf6cd88d85f6db43a7f26af5a444967e8274
civora,valcea-clar/editions/2026-09-27-evening.md,17923,f1d2114d1bc1ce817eaa677d4e4746a62a41439be3203fa84d6976b5830d969b
civora,valcea-clar/editions/2026-09-27-morning.json,91561,d9a9cc52d5dabdc12f1ea5713bb19d681e702bfb1c59e22f74cef9c0ef5b1f41
civora,valcea-clar/editions/2026-09-27-morning.md,17054,434d1e20d271d675df240aead0b865073f9542d93c4924b14e0f7f0111751777
civora,valcea-clar/editions/2026-09-28-morning.json,123134,1517519661a9008deaab950cbae83763b189f493cd57f240b6c90d1fcbab4ada
civora,valcea-clar/editions/2026-09-28-morning.md,22198,40e068f0d76e79b4dd3135f667eb45555faa0181aa4cc69029b422c273a1d3dd
civora,valcea-clar/editions/2026-09-29-evening.json,135225,13d6d0ad4666a2981c10b1c60316074eed8d8bb973d06a9da1d7c05258cba743
civora,valcea-clar/editions/2026-09-29-evening.md,24395,f4eba2a450dfea408640ed4f6196652a852e44c89891ea5a7e3bd3323fc5be28
civora,valcea-clar/editions/2026-09-29-morning.json,123134,03a4ee615fc1bcc4d850aec996aa6b749e3542295dff0701c1bb431a61c81add
civora,valcea-clar/editions/2026-09-29-morning.md,22198,cc4b9ba6b68815376303a3c8efa43f126fb9f2ac44daac3e58d033f49e733d7b
civora,valcea-clar/editions/2026-09-30-evening.json,110262,b12c32ff25ba3fe6bbc475521fa0ef13673b89614f1d740c1163f70cfeb687a4
civora,valcea-clar/editions/2026-09-30-evening.md,19917,d381e32946d8dbdaf7091bc9a66594ea6df4b41ed6873621a25286a7def3c7c9
civora,valcea-clar/editions/2026-09-30-morning.json,121306,7956abf2762022d5d572a08c0866205fb4fa8455419b4b26c4618ca64382f04b
civora,valcea-clar/editions/2026-09-30-morning.md,21708,424e2e63c936108f425fbc577aa1ed903cf3ee4618170194ab81285366643d18
civora,valcea-clar/editions/2026-10-01-morning.json,104107,c673770902b5875360b831008a8ce3b662a4c97e6feca573fc1da4ba07354443
civora,valcea-clar/editions/2026-10-01-morning.md,18905,25dcd747ac1c959dae623e329e6cac9cfca7ceed49f8921a89a8586c6a3ed790
civora,valcea-clar/editions/2026-10-02-morning.json,85302,0a4dd789870f244126875ef3094dad0f53534898dd120229f7bf40c38a779a63
civora,valcea-clar/editions/2026-10-02-morning.md,15423,a7dbdcc9f8263a1076fa3ea8a497ed8c41b365bc76304e0b22cc3007fb71f837
civora,valcea-clar/editions/2026-10-03-morning.json,72157,48948cc2579fd7fd438c39f2546b7bb5e2e15b9694d5b99d139be0f2d49f650f
civora,valcea-clar/editions/2026-10-03-morning.md,12716,d68bbf1550dcf9b8b244e89a08d082f5ea89f6c99f795228d283afcfcd071cdf
civora,valcea-clar/editions/2026-10-04-morning.json,62143,4013db27188e7c06974d7c2d9b9647327759db8296af4a8389a39341eb248068
civora,valcea-clar/editions/2026-10-04-morning.md,11037,3e52ccc63bca1ea3438a0122fc5c8c35da4005dd816895c69f55b41f1dbe3752
civora,valcea-clar/editions/2026-10-05-morning.json,54963,e28c7dc869c52d09cdc2acdfee6e44ff6fa8bafd5dced21a0fa9b471dd99d906
civora,valcea-clar/editions/2026-10-05-morning.md,9795,c170106e5775dce06689432cea6c5128856c7e1d20a2e774cd049924af43ed71
civora,valcea-clar/editions/2026-10-06-morning.json,34322,72432dbbe144117a712c72c3a8e2fa5362109884da7a832ece8ecb0452be5575
civora,valcea-clar/editions/2026-10-06-morning.md,6252,032e8e45a2bd66f92348afdb010849539ec13956a40102379bb1ea173987362d
civora,valcea-clar/editions/2026-10-07-evening.json,13268,a91a1aba64e851e1422960ebfc1d52ed9ac7fdddc036f04d932ddabb484a8c15
civora,valcea-clar/editions/2026-10-07-evening.md,3126,a7a3afd09182205a8fd258ab7225b42505c1f7d81522fb122c3961b0e6cb9ed3
civora,valcea-clar/editorial/auto_facts.json,17887,92079a39f3fe43c3d9a362b5c49a0e2ed9d53795520fbeeb9f7b56495377d51c
civora,valcea-clar/editorial/corrections.json,590,5541b62aad7cfbc91898a0d799de228ade22f4aad4696291096f42f4704f05c6
civora,valcea-clar/editorial/council_decision_document_corpus.json,783403,4ce0d58fffc0faa1d3fe10de291e7e037fdfd13fd840d83eabb070b330a387cd
civora,valcea-clar/editorial/council_decision_graph.json,16128,ca53cb7b5bb57c3502ed957176775f2322dacd7e4f922bfa7fe6f08774e4db54
civora,valcea-clar/editorial/council_docmanager_document_structure.json,835,3480b6d9ba7a67a0c71285251b032f5a37dde44e8ab3fbc0fb6ae031907a6c6b
civora,valcea-clar/editorial/council_docmanager_structure.json,290821,3119b59759c0a6d272c130a7cc9a03f4d8b4b52ecaa5b386e1b00cd4775c4bff
civora,valcea-clar/editorial/council_investigation_leads.json,407,b130daa84da426d6bf4c949e0282cf47e3505f35701f4dadca9c07948253a692
civora,valcea-clar/editorial/council_watch_rm_valcea_state.json,16290,1595beed63de85d53ca50b2cc666bed33038a76dcfdf75a6a4271cfd3ee4da40
civora,valcea-clar/editorial/currentness_overrides.json,2330,a13bb58f631b15e9eaf7e80308af8e0e4b8d23eae2c5f67103c36a3b6f438d57
civora,valcea-clar/editorial/distinctive_products.json,3037,7e341d4f2b85c8ad22e421651d357a827ed1912ec2d9fb5378437dfddbb68d2a
civora,valcea-clar/editorial/editorial_manual.json,4127,75ffbedfef831adf21fe29ddabc3343b004e87651f6554a307633d45d0dfdfa5
civora,valcea-clar/editorial/editorial_opportunity_queue.json,1298040,65bc8357eb9feadbd81c4557dff71d0ec6941ec1a0f2c16191d6a8c3a1ec8fd7
civora,valcea-clar/editorial/editorial_product_policy.json,8500,aeead4c8d92d89ecedcea5fc63041cdf9526a6a0fe03d9eee0f68f57c1348205
civora,valcea-clar/editorial/editorial_products.json,2076083,d13220c0084497a62312afd6552472182a950a19d231eaa20c75f39985ead889
civora,valcea-clar/editorial/editorial_writing_quality.py,23062,9209a95d8dbe45ff531120ee85ab0f57865ccef2fc61fc4b1c07d956e6bcc448
civora,valcea-clar/editorial/fact_kernel_registry.json,22791,f702209e7d4921ca507df1a422896fa70aaaac4e26492c9ff4398b0184998b39
civora,valcea-clar/editorial/facts_registry.json,1526436,820ef7dac781895054fc1c124cc37497a263fb33efccab6f1ec6bd093964432f
civora,valcea-clar/editorial/festival_dossiers_2026.json,20101,e7df5988b9ec3751e880d9b790bd5b9b27b5b528143383326b39a4bd32b5b1b4
civora,valcea-clar/editorial/festival_dossiers_traditional_2026.json,9594,73b6580ed6162f4823e21ba6829a211bb02d3c7826af93bf3ac94e875ffae1b6
civora,valcea-clar/editorial/festival_lineups_2026.json,4760,fc8e08123baf9a06a912ce343201b8b54c582e32370c7619cc6031fed9e9cf75
civora,valcea-clar/editorial/festival_source_registry.json,6760,ddc8fa4a7bb53dc1715299f452b2cf38884f3579060625f3285ef41ee9319347
civora,valcea-clar/editorial/festival_update_candidates.json,902195,16f62196d5d1e036780b841f5104efac1d059b677bf9d8566c17f41ed6f036a9
civora,valcea-clar/editorial/gambling_ramnicu_2026_dossier.json,9450,6b974ac21b676db694f532f0a0a4d9e6d25ca6ee1e5d3f904bda629e94b8a760
civora,valcea-clar/editorial/infrastructure_monitor_registry.json,5005,12b12fc416f9033ea0acf160f9060c34827bf557e54b2c8567d2dd6e2796f165
civora,valcea-clar/editorial/infrastructure_monitor_state.json,2938,ab6d8bcd29711dc07376a6aba759fa79e15478fe496041e240e0be887b969285
civora,valcea-clar/editorial/local_life_entity_corrections.json,1835,5c0001f8dd21edb6dc82eb4993015e4ba67a2bf56672b71d11551b4fce24816c
civora,valcea-clar/editorial/local_life_events.json,30670,823f37a3a8e34fdb327de1307928c2839b5d0654fa89d0e933101ee79be11406
civora,valcea-clar/editorial/local_life_surface_registry.json,3785,c1c0ff7929ef9eef566d2a3bf7bbf81e4a8cd27268a0662429f2f7519215332f
civora,valcea-clar/editorial/manual_publish_queue.json,84398,040d41dd1b8b7b75ed5934a758a1f8b95b317a1d5bfcc7f693736942ca5e3939
civora,valcea-clar/editorial/manual_watch_sources.json,25392,a24d16b5d9981ab5b28141ee7ac631927e3d26f6006a959dd9a3db423fe7560b
civora,valcea-clar/editorial/market_intelligence_registry.json,14332,ceb6a8da5e339ea38ea08c9553bb8984de1c60bbc39ed8412aa6697f5def9b16
civora,valcea-clar/editorial/market_intelligence_state.json,20083,ba492ff234c37a4e30289faa4345442aa9604ecf5e2bd5efeb35ee68f6be27ea
civora,valcea-clar/editorial/monitor_registry.json,611375,59488114e1280af96c0b1be78479ba0a0c8b6233b49d13ce97c2c5c957b13cc9
civora,valcea-clar/editorial/monitor_state.json,213127,4543511b898177f9d0fac52e37d46855b7c2eeda96541f4032c85208215f5e32
civora,valcea-clar/editorial/news_discovery_state.json,4544,58c955853bcbc732e605b540920ac4cea9f5eb8a62a895709d0d82fa31514b4c
civora,valcea-clar/editorial/news_sources.json,26727,dc54073d56f041221da28bd3157e9051a875de919870894faa1338482f6ce5ba
civora,valcea-clar/editorial/news_sources_expansion_v1.json,11743,91cb0b1bd3fe27512da4749f03e25d3ad51f947af20c08e80c51e0c9faf7ac42
civora,valcea-clar/editorial/newsroom_transaction_diagnostic.json,8403,8f2a8d8b27ded78f3dc9f5adef8619f44b1933a03423be0f49bf7574ff887901
civora,valcea-clar/editorial/nou-deschis-spartan-ramnicu-valcea.md,1714,b9f073566b0b163ca62be49ef151c3bdf103c32e20975c941d0629eda8e45aee
civora,valcea-clar/editorial/operator_runs/2026-09-22T2201+0300.json,8526,177e2436a5406ce4ec09ef42253d454a1f09d58e9fa2caab03a49e424d86fd70
civora,valcea-clar/editorial/operator_runs/2026-09-22T2258+0300.json,5661,a505f9ebcea3b50b698f8ca3e9cd3ea15eb4959a5fea3e3c483728372552ed13
civora,valcea-clar/editorial/operator_runs/2026-09-22T2358+0300.json,5008,2afb167ead9f6b006c5bb02f299388b97ac161add7466c30e2193d4e928dd61a
civora,valcea-clar/editorial/operator_runs/2026-09-23T0058+0300.json,7300,ba44c9ac5a008613142efa2186e405fdbf6a14a8a48b1021064030ac8418d9ca
civora,valcea-clar/editorial/operator_runs/2026-09-23T0203+0300.json,3567,90c2b5f3dfec501a987e1fa4bbc80edc0820868c6f6e35222e4e1ee9cc9e0e7a
civora,valcea-clar/editorial/operator_runs/2026-09-23T0302+0300.json,4581,81836796da336f269240aacf31900539fd2014492a0d8ef6dae4375acb775872
civora,valcea-clar/editorial/operator_runs/2026-09-23T0358+0300.json,4287,204ba4f75701dcd3cebb7a159511557d43d7a2733c10e80a30d59f10afffca58
civora,valcea-clar/editorial/operator_runs/2026-09-23T1200+0300.json,3838,1f48506a4d109adccc1a08689f353d9af0fe37d8133c19ca7074c5538a4732f5
civora,valcea-clar/editorial/operator_runs/2026-09-24T0102+0300.json,2525,0a5318325644f3a3c3ac0b7ebace4b9f04584e1230c3d960a5b5520e42faa143
civora,valcea-clar/editorial/operator_runs/2026-09-24T0206+0300.json,4070,714554ac93eb33053a49ef5ac5394755e2fdce964ac07fed89328b3a274fcff1
civora,valcea-clar/editorial/operator_runs/2026-09-24T0304+0300.json,3061,f078d5a4e3305b0a3a5b2dc9463d05e8cb8236bdfecfc0e642631057c9b2b9af
civora,valcea-clar/editorial/operator_runs/2026-09-24T1529+0300.json,3656,1a400ec27e4ec95575ce5435e2019c5774145a1c312d03e733a9fb9d989710a4
civora,valcea-clar/editorial/operators/automation-run-20260924t1658.md,4607,d5b38253e1b7d5d888f3b8cb53147e99b0f00d4be3c4f958a0966904d5e99ed1
civora,valcea-clar/editorial/performing_arts_dossiers_2026.json,10871,91603e1587aa57af080b45eadadc2a93d4fc80a10923f66d3c3de9d7f0f82077
civora,valcea-clar/editorial/performing_arts_monitor_registry.json,5068,2172bcfd80b7190d5f1c27b07cf74ccc46cab7af72ca2ba4396a561fce73976e
civora,valcea-clar/editorial/performing_arts_people_2026.json,5584,3c6c847b7c61378cc173873518f9dab3135221d40ac7c30c98983c2de487b113
civora,valcea-clar/editorial/performing_arts_source_registry.json,5664,0e97cc04267f29994f9cb1b4e49aa821050030f6e22ac917bfd63e6edd5ebb25
civora,valcea-clar/editorial/performing_arts_update_candidates.json,440420,f20984c143066cde271e7e7c1f93560281086effc1baeba48a0d87ab37e082c2
civora,valcea-clar/editorial/person_profile_candidate_queue.json,21449,519d7b2583c1d98dd5e04335c623bbd2c5102bf3e534d22413367652a9f38b00
civora,valcea-clar/editorial/person_profile_overrides.json,339,9a09d0dd29a05ca719d8f81ae834162663d619591e93ce3b85c27f052c408772
civora,valcea-clar/editorial/person_profile_policy.json,6189,a4bf1a84fd9cc92fae388cf03f451a2520fc3491ee23cdddb6df8975967dea7d
civora,valcea-clar/editorial/person_profile_seeds.json,11101,a39b5dcf652dfe66aa22a01d86eaca655b9241f401a0477b57c613ff721550d7
civora,valcea-clar/editorial/person_source_discovery_queue.json,14106,7bb9e1a73e0b13d31336a3830dc696f16f7fd684206a891413dc7c663a23559a
civora,valcea-clar/editorial/person_source_discovery_state.json,77310,2adcb01aa10cfca9c5bb2972eb6df4593494513bc24470efa109347508542104
civora,valcea-clar/editorial/primary_signal_targets.json,5848,c5dff61d3f5314bf2bde68f3375f204a5b73fef5bb53f57ee2c61588ca5876d8
civora,valcea-clar/editorial/publication_holds.json,30385,0310a36b8cab181bedce15ca10d5cb9cfc7a83192abde4e0461fcccb22fbd65f
civora,valcea-clar/editorial/runs/2026-09-24T17-57-11+03-00.json,2894,00f5bb645e628b3bcadb67288747ee3d7dff47664dfb7dbdfdee3a01b90fddb4
civora,valcea-clar/editorial/s2_format_examples.json,7673,7a5c940e50191efd8b7a7d9625ca7e95016fb5db67313028c1487d61a92fe960
civora,valcea-clar/editorial/scm_newsroom_candidate_diagnostic.json,748,e04ae1453fce688a4e3b08ae9eb946f31522019cbe084dea4f545a6283e4737b
civora,valcea-clar/editorial/scm_program_structure.json,540,88e4ac391f65b92baad1651792f56fa9c42bd77c6ae82a45dccd96749bc7d025
civora,valcea-clar/editorial/signal_primary_verification_state.json,100309,9db79712dd38b93666a7813c878e46b1e0647a26a698553954fbc49267413e46
civora,valcea-clar/editorial/signal_radar_config.json,11116,3096ae96a3eccf97dba9d5a4c3e806c96bc451eed8a2b3331db4ae62aa986ebb
civora,valcea-clar/editorial/signal_radar_state.json,48034,89892eb9d9ac70ef19483a9b60d2c4c9b73127437f417d49fd9691777b4503d7
civora,valcea-clar/editorial/signal_routing_regressions.json,7214,97740416dd318e58e199f5d7f96b4d3834f8ca94805d1991a49b31a0239e379d
civora,valcea-clar/editorial/signal_verification_queue.json,105972,b2163f3ef71fb09c91dad4d247bd682699b6d6dd8c287e1e055671c092ae38b9
civora,valcea-clar/editorial/source_control_map.json,6524,2acc2cdc60ec8bbd148b0946b65aa68211376af8f6464480bc4175d3cf3a6067
civora,valcea-clar/editorial/source_intelligence_discovery_state.json,1846750,b0a835fed78a82f36d4cb67f42e01bf70cbffbe94b75a4ebe2f52a0bf3c6a2c0
civora,valcea-clar/editorial/source_intelligence_seed_registry.json,10526,443c76b7fe0d0339666500a474234925ca5d7bba510375b965ce15387d439602
civora,valcea-clar/editorial/source_intelligence_seed_supplement_v1.json,9561,6f63f1374b4a1626ab00e95ad7bc962ce15db8479069a8b7272b5cdcfbea8040
civora,valcea-clar/editorial/special_sections.json,4088,71e110df1caf02fe85da3f2c8c45272e983f210ed49b703c7407abe6d39a1bb8
civora,valcea-clar/editorial/story_enrichment.json,6437,57bb218ec329baa79d586e993970f1bb30d181da471ac37567b9e1d6695876a3
civora,valcea-clar/editorial/structured_alert_events.json,1326,6e15ba7b325bf17d8e575e221f15d32514a38845a67e4e3b15807c6094717780
civora,valcea-clar/editorial/supplemental_facts_registry.json,18400,89e65fc99defd953fcba14211b5bb13a56d438bb13b3c4f89cbfb800ef4c0ba0
civora,valcea-clar/engine/automation_registry.json,21507,d8926e9f11fe3b6d59583a021a9478352d46b1537a374a298de165abbfed45b8
civora,valcea-clar/governance/s6_governance_policy.json,4683,f020061a757ce42153687bffcb0e755d877f618acc44ea4aadade90838a99a4e
civora,valcea-clar/history/backfills/2020.json,1098,2b91909f206e316e8648e2d04aec5a4abcabb38f0fa01c832725e7da14d593ac
civora,valcea-clar/history/editions/2020-01-01.json,6449,5e9f2048616023ed47322608eebea16f5953d7116d9551373c0ac9a954cd5f7c
civora,valcea-clar/history/editions/2020-01-02.json,5686,1ebef162d8cbcc6f8f213d56caffcfb03eec5a29cbf5b207aa0ec7046db7973a
civora,valcea-clar/history/editions/2020-01-03.json,7743,fb88460e282247c09caaac5ac4c3bec5876c1d03cdf10b8507c60174907202c5
civora,valcea-clar/history/editions/2020-01-04.json,7135,0fd80f96a429003c47261ed5a2c6bd17ba0cd060194b17226f673373805af8cc
civora,valcea-clar/history/editions/2020-01-05.json,6805,b6310d26ef56c4e5177b6e94ee522bce82bbab1ca795fc55e0c710143c3e8552
civora,valcea-clar/history/editions/2020-01-06.json,7570,af500173c4e1e2c3b6546bb89aafabb62bfeb7e2981e7578e87af677fe9e6b05
civora,valcea-clar/history/editions/2020-01-07.json,7522,8e04ff0f04cef49173e3b8d828b35ded16d0fce7651adc00240d6dd7f03919b9
civora,valcea-clar/history/editions/2020-01-08.json,7736,b3d7d0a186af4ae89553cf8864c84895aedc8eb07a491b984b0d253edafe3a32
civora,valcea-clar/history/editions/2020-01-09.json,7738,57811bbe10d99e8fd985ffd9df2f79757b5abf202d1bc902254b293174359286
civora,valcea-clar/history/editions/2020-01-10.json,7899,570d005448571e77cce7241a141cd24fef0c14e72b7ad7c3141025e337bd0c4a
civora,valcea-clar/history/editions/2020-01-11.json,7908,3f591ca912a834bc1e2739025f2325bd7369d3a823801c4487b3af4108b4d83a
civora,valcea-clar/history/editions/2020-01-12.json,5609,a4b82ac185d4fcb1ab0e95324a4d56eda401bf0dc8108ea8cb97ed6153dd33e9
civora,valcea-clar/history/editions/2020-01-13.json,8049,b387e51bc3a70c22c9ec54599837e01c32812dafdc704ee6504ee979dda0be23
civora,valcea-clar/history/editions/2020-01-14.json,8081,911c31da6c1b27bb8baf8c02620f24af55b2a9ea86c4cdbb872da64361161f18
civora,valcea-clar/history/editions/2020-01-15.json,7191,f3942e47260e150837c46e2ae5ed28db8c5b8ceb1467913b1d7873004bebc04d
civora,valcea-clar/history/editions/2020-01-16.json,7437,909e8a2ee2f16334e7e83fd2aacbf425d01d743587d452fbe4b960c82314e444
civora,valcea-clar/history/editions/2020-01-17.json,7496,7c8d3790b1b3e01569ae8a25652092d9077db90fbcd11672d0e3b835fa2ca40b
civora,valcea-clar/history/editions/2020-01-18.json,7463,512ad13201353d57be2d7a2aa3502c23590724765a1938802a71df22828797a6
civora,valcea-clar/history/editions/2020-01-19.json,6782,b6303d25cc9c564c176108dc0f654adcb606b344899ccd88b44d3099f78eb789
civora,valcea-clar/history/editions/2020-01-20.json,7221,194f0affb57939e830ebc96f855d1dfbbc4945a6a79642211e1d49eb486e209d
civora,valcea-clar/history/editions/2020-01-21.json,6939,560c0c2233367dd65c5c47911b08ce17112b856458be941e9ce0aed922126eba
civora,valcea-clar/history/editions/2020-01-22.json,7603,a50ed6d686f07569b9781156b600074f87b8c8062bfe8d01493d34233bd97c00
civora,valcea-clar/history/editions/2020-01-23.json,7735,d39dd8e9088bf65384acf6d26ca70a039a2c1c6d01fb827d66b468e8e3e59ce2
civora,valcea-clar/history/editions/2020-01-24.json,7553,a9ab2eea5acf6ea0f3317f90649d338a0f1749c12fcb179dc1802f71226307b4
civora,valcea-clar/history/editions/2020-01-25.json,7853,069510f0f222df3ec8587f7682d7d6a2478ecb2f68233d4eb8d1e0c8b4682294
civora,valcea-clar/history/editions/2020-01-26.json,7011,a0ec628e8883f73f61af207392ed89d391fbb7361bc2f3160ba709c33e0021e8
civora,valcea-clar/history/editions/2020-01-27.json,7436,f88b97a7a43e62cb6f27154bb3b3b6952f4febc4e7f5ecad797c61125a47adff
civora,valcea-clar/history/editions/2020-01-28.json,6494,fa5fec894ea107af85c9d3505dbddabdf9daed6622af704814fa7240606072d7
civora,valcea-clar/history/editions/2020-01-29.json,6880,a8edcc46f94c34682cbf7c3979df487ce50c8c99aa7d59122dfc468549a85d8d
civora,valcea-clar/history/editions/2020-01-30.json,6441,3281c8d6cc16607fd1c8e739046e29096e7481aba737e3e7721f3bb76c8a238e
civora,valcea-clar/history/editions/2020-01-31.json,6751,65357c0f190cb16f524e298fbff70e9fac48507968b9e5c97f4f0b6020b541ca
civora,valcea-clar/history/editions/2020-02-01.json,6808,bff06129473981a49bba31109dca2064a3e5008f80bab3596f69c9bc654c5bae
civora,valcea-clar/history/editions/2020-02-02.json,7157,3cf9fb17f2f673847fdf85958e26d6c3f9d22df0949220df9ac1724bd157f6f5
civora,valcea-clar/history/editions/2020-02-03.json,6797,1100a586651a74c91783563613e9ea43648ee615007de3c95b6a54e9e842321c
civora,valcea-clar/history/editions/2020-02-04.json,6292,2bd4df8df99b06f04c6eb743510a0aa11ef1eab5a9487de638d252a3945b2787
civora,valcea-clar/history/editions/2020-02-05.json,6372,c8dba31c2414231f32c27df9dd6c7656c6f14513063f4bccb907568c6d76914d
civora,valcea-clar/history/editions/2020-02-06.json,6567,71f7d6c1a58641fdd8244b5ba59e0627533d3d4a3e089014075edfff87f048d9
civora,valcea-clar/history/editions/2020-02-07.json,6762,4d414c7c35844413c72cf40a5103f04da76da2e1a8161422f237c44309d0b6d2
civora,valcea-clar/history/editions/2020-02-08.json,7235,46b851744d5901d5d068cdee9ff02574a0c56db3b258560d189cdb9f81c5c376
civora,valcea-clar/history/editions/2020-02-09.json,7065,9c5e2d7bddf55a3d244b061dee77a51bc6b54fc5e265412d220bb1493603f461
civora,valcea-clar/history/editions/2020-02-10.json,7042,f4c9b3969adb3a44bda8d4d19bfc9ba779f1c6befe9be80d0a0c9864dd023915
civora,valcea-clar/history/editions/2020-02-11.json,6684,4348505a9e64037f5e5394bd61daaa4d18a472bc41d38c39520ec9c6b3585e36
civora,valcea-clar/history/editions/2020-02-12.json,6798,5421d7047cd67e283d87dc36583241c6f489b72c06e7e873db025bdb63b77fa4
civora,valcea-clar/history/editions/2020-02-13.json,7392,d2da822f6364de63c78e43b64971585a4f0f21fc96e2e4b10b07cbcd17c5c47b
civora,valcea-clar/history/editions/2020-02-14.json,8021,90e28f6cec90241549aa294760495ee471dc4ad36fcc145c0bae0d80959b5497
civora,valcea-clar/history/editions/2020-02-15.json,7231,d9ac863fadc95f5d50e26692b9ee50d58e197f0dbbd3489d93fca36dc5841535
civora,valcea-clar/history/editions/2020-02-16.json,6706,2c3e24dda68a1f9e28f6f9b7f13c530abe880f20f41bb2d9ef319bcfc7596801
civora,valcea-clar/history/research/2020-01-01.json,4102,4b5d448a48310313dc01187b2552e38aa940ecf2711fd7a309c2a220f24155e2
civora,valcea-clar/history/research/2020-01-02.json,3823,4dd9960e4c7ce335f2286a1e73d489d7f9860f89392f0b4de1737358c507822d
civora,valcea-clar/history/research/2020-01-03.json,4988,ed5dedaa9eea65206ba97939074660d23a0429b4ff393cd696e2537f5cfb44f6
civora,valcea-clar/history/research/2020-01-04.json,4262,0b20e3e2682a10d1188a8bdeb13fa20f82e1d30c2577b706529611a039253566
civora,valcea-clar/history/research/2020-01-05.json,4215,987dc5e90aa9926d8dc58e88e2eb8da93f0f02e4a1ca1e9847beb2271b08f384
civora,valcea-clar/history/research/2020-01-06.json,5024,4b27089505af47cf1c9b294f20f94075b4efd2afcc50aab7a90259c2793b73a3
civora,valcea-clar/history/research/2020-01-07.json,5329,6fc2fd570590fb726dc2dc3a64f15926da0aca19be0af6f23e98c2686c3b63dd
civora,valcea-clar/history/research/2020-01-08.json,5614,ccdfd2ff8fe6d8f228d50172b1bee9d6c937478ee93e8b588c4bc84cad6be884
civora,valcea-clar/history/research/2020-01-09.json,5942,eab1bca28d8cdf0673aa76bb3d01815e73bd7b30e9222386b6531b4bd12889b8
civora,valcea-clar/history/research/2020-01-10.json,5848,4f19750f5597d1614ca2f3c0ee92fe85881f7850dd486f03b78a266c7309edcc
civora,valcea-clar/history/research/2020-01-11.json,5689,3e9576e364b8b3e72ed9678307b883f3a8be10ae5b6fb935d7f1e703ca116164
civora,valcea-clar/history/research/2020-01-12.json,4333,d4a650c466a60a98ea2f4e6abb61064190fe67669a3cd856913946bde683dc2e
civora,valcea-clar/history/research/2020-01-13.json,6495,58495b5c63187de41dcbbcd0b5f7250c4f325e28ee83a9e9063108e32b0c5a3e
civora,valcea-clar/history/research/2020-01-14.json,6706,589e4ae5abad33068bed67611564cfa62f87294db4dda82a9f1ac87b50fcd622
civora,valcea-clar/history/research/2020-01-15.json,6218,2dbe0eac03b1dbf3666d6c447286d311e5e4148569b15df6c45ab6feffb61ba8
civora,valcea-clar/history/research/2020-01-16.json,6466,4279832e7f07478b825bb95b608a22939ae5ca01b19a610b7280700b0b899d87
civora,valcea-clar/history/research/2020-01-17.json,6379,778ba11aeb52b527ec5afe7bc6946be51fd8c32290e6df8fd7012142e0a8e58a
civora,valcea-clar/history/research/2020-01-18.json,6648,c28442dd686de6121599365cdcd3dc62c03b1869e2c6c8e55f798ba0da531649
civora,valcea-clar/history/research/2020-01-19.json,6042,7275232f16a333f838cd447933f2ff7828191dddcea0de6f1015303cb71c365e
civora,valcea-clar/history/research/2020-01-20.json,6461,977482aa35956c9355f9e2648b858c15eb1293a3367d783f6007edae912d1841
civora,valcea-clar/history/research/2020-01-21.json,6462,5b874ac91b639f6c6d47d4042fb521be9523bfd43492d3e39c9da86c019be50f
civora,valcea-clar/history/research/2020-01-22.json,6550,c19242d557b01653aee56cfe946bbbfffc5333c864ac0084da153c8f809c02d0
civora,valcea-clar/history/research/2020-01-23.json,6126,f4440d2e706fdc1104242e23219c08d01dee057ae448bdbc5e6490149ae85988
civora,valcea-clar/history/research/2020-01-24.json,6451,e82b08dd6dd6a6c25095c4157d9268ccc6538183cba0b0f9b782232da402db95
civora,valcea-clar/history/research/2020-01-25.json,6334,579135e037d0911b4ff1ef7b1ff3c1e3d201a3e14099498bb32b97a561ad3b20
civora,valcea-clar/history/research/2020-01-26.json,6285,f983211ce4a3c1159787dafb5980c1fc0a011e635e103f07b1b393bb7d27dc94
civora,valcea-clar/history/research/2020-01-27.json,6582,752a36f8abdbc533c3b8adc48028d36ba819d5ea62a7c1a5bc6480f846c92c54
civora,valcea-clar/history/research/2020-01-28.json,5910,0b0262fba4556d42b1143e0932200d68ea74ffc83c892f92e1d124e4c2930005
civora,valcea-clar/history/research/2020-01-29.json,6546,00e40042ee47a3dadab9840cd78b123bda75b62af37d28ba508adb291604f940
civora,valcea-clar/history/research/2020-01-30.json,6349,b298fa151e9353a895561a23d77157bf375c8f90dde826c49f89c86194ec6d60
civora,valcea-clar/history/research/2020-01-31.json,6582,e248788935c59d4756b7b41cd38a16fb8b6e861391e8e35dcec9939d7263197d
civora,valcea-clar/history/research/2020-02-01.json,6698,d968b01e6d598c69cc82e2300b516a3e17270f254a940161520d831a842862fd
civora,valcea-clar/history/research/2020-02-02.json,6858,635b5a589e7e56ef7d99b183bcc4cdaccd56be6616a68371badb77fe322b4249
civora,valcea-clar/history/research/2020-02-03.json,6921,d83d96001e284d492da5db38f0b7be56a47244da418f89b036c0b4d2c7535432
civora,valcea-clar/history/research/2020-02-04.json,6102,96bf7336628234dcaf7e7fe06893bedc32c3014b0f64d8d12fa7e744dc16a097
civora,valcea-clar/history/research/2020-02-05.json,5995,3984a57872d17a1b7c5a2192c8fde53c0e5d68087c0eb108ce3243be86b8197f
civora,valcea-clar/history/research/2020-02-06.json,5614,54627758aa90e258684bd072d4723d0a2ec398b68c2ee064eaed88211afb00ba
civora,valcea-clar/history/research/2020-02-07.json,5971,f895cca72641d439d0b89d139400211718ed9d395e7cbf00f33ad2f3959143b5
civora,valcea-clar/history/research/2020-02-08.json,6220,c9b0827447c9b238ccd31a1b83c543f8a591d82d983e2a538185cde91b13c7f0
civora,valcea-clar/history/research/2020-02-09.json,6167,b60b463de02f687b2a19aac79188f830ef11ba65dd7f89d9e56e376f84b049db
civora,valcea-clar/history/research/2020-02-10.json,6213,2bb5958f5cfc5e826c6d5a76e37265922bc4b849695c80b4083e7eaa18a1c5c3
civora,valcea-clar/history/research/2020-02-11.json,6202,0cff7ac8dc878932450feb9036b90f9f750f38a110c816f1aceac9d04b14a4f3
civora,valcea-clar/history/research/2020-02-12.json,6114,90fa4514d1c612cbe081769d4c8193ef68d8caaf1784e21d0c0a382da5b80495
civora,valcea-clar/history/research/2020-02-13.json,6550,7b183f5820b2e803712884c13bc38f8b767f84d44f762895799bcdea7c79defe
civora,valcea-clar/history/research/2020-02-14.json,6977,45b3bcbf7fa8b535a6fdf33546d1ca4cda21bca535842a5e704b0d75a7f0df55
civora,valcea-clar/history/research/2020-02-15.json,5880,d3d62a702d5a17e3d4c36de1e6d84c58b188349873b2d09d4d3a3f52582a4282
civora,valcea-clar/history/research/2020-02-16.json,5608,ed70588df0a0a1ea70d51978c455fb0918111cef34f602450b1f2d259fb6af14
civora,valcea-clar/ingest/discovery_overlay_guard.py,12265,f3a5eaf74ebf657e3d850f58b8a1a4152f0062653c26b62af8273eb9292a1834
civora,valcea-clar/ingest/seed_catalog.json.part-000,6257,c3b862d1fc6c111788621ba320ecc490a9808ba739badf5886db32dea8e434c0
civora,valcea-clar/ingest/seed_catalog.json.part-001,6251,01ff41642f2587e3d849297e25d8dd215214b00d959c32880f302f058aa47046
civora,valcea-clar/ingest/seed_catalog.json.part-002,6269,91d2d42177ca60c5efc523871e1661311ec16752776e4f93659da85ed2cf20f1
civora,valcea-clar/ingest/seed_catalog.json.part-003,3036,6adff23dd16976703d4005c3e771b5dd6b0b5085cba18baba01b0a45131e68a9
civora,valcea-clar/ingest/seed_catalog.json.part-003a,3219,28019bd32d19ab6788d07ae757b9cc0b7fdc5c0f7f0f8dcfcd660a9768182e1a
civora,valcea-clar/ingest/seed_catalog.json.part-003b,1,8a331fdde7032f33a71e1b2e257d80166e348e00fcb17914f48bdb57a1c63007
civora,valcea-clar/ingest/seed_catalog.json.part-004,93,d1a08314bcf44f6f6de755124fc7a1b12e3ae6394c23d160ed4fdd932c65c733
civora,valcea-clar/ingest/source_registry.json,8273,d76a9d6eceedffb76326b89fc3f34b2967e33fcc11dd96eb6743bfa7aa7de337
civora,valcea-clar/ingest/state/discovered_sources.json,2418,9172ff731176b5e63f59ccd00a59e0d36b4f6ebb2df4867955e334ed02f45064
civora,valcea-clar/ingest/state/discovered_venues.json,6836,578afeb2d41bd11986e7e62e9781624c633e19d7fa4ab8b252068922b3980f55
civora,valcea-clar/ingest/state/source_health.json,23073,5277b4000a5f92f02ba159217ffd30b8d70f63ebad6149e3c179aae807620777
civora,valcea-clar/ingest/state/venue_discovery_frontier.json,55823,d9d9bab1285941bfd30cadf98415d809d73458d9e2943e013c92fd0aa3077886
civora,valcea-clar/ingest/state/venue_discovery_state.json,323,79f81508d858aec8d389286cc86105c48c8a7b776f7d07ae236895a282aafaff
civora,valcea-clar/ingest/state/venues.json,55689,9d3fdbf3203d6c41c79742097f534149c5b3fb347bdf6360a072559d96edac15
civora,valcea-clar/ingest/venue_discovery.py,28467,a11819c14ce6704fc48fefc64a00b666bd1f59b02bced7c3c1f030eaca02775c
civora,valcea-clar/ingest/venue_ingest.py,13038,ffcb6c42a6c629693efb78d6febdc516105025f78d21e752dd4de725fe4eca62
civora,valcea-clar/investigations/olanesti-bridge-monitor.md,596,ce132b8c604c1958f4fa8a48b708d1d196252c7a41c9e4655c3186af13707032
civora,valcea-clar/investigations/olanesti-omniasig/README.md,2066,72c40e143bc31dacc7a6e6f69ff3dd021febaacf01f00638dc0d44c215ebccc3
civora,valcea-clar/investigations/olanesti-omniasig/common.py,6350,4d151d13839871093e22c0c7720f1c4f2218ae3314f505bdc198bd2841711479
civora,valcea-clar/investigations/olanesti-omniasig/engine.py,7679,fce0b5bf4ba20cfc809a263b254e5c87cf96eb842083243724c9a55a2e59ed67
civora,valcea-clar/investigations/olanesti-omniasig/monitor.py,6253,278d533dba19ef0e0ad69243611bec62a19fecb86cb7463f955e0c43b0a02cc2
civora,valcea-clar/investigations/olanesti-omniasig/state/latest_report.json,843,7d0b47c8233f5e96aeba61f6748118acf245718bba613c22370abe8e51f13d74
civora,valcea-clar/investigations/olanesti-omniasig/state/source_state.json,22699,7515bccc38e99f86ac6d7c334df1afaf9e6798badbd71914deae0706d839562b
civora,valcea-clar/investigations/olanesti-omniasig/watchlist.json,5830,7b3a38fa0c1cac7233648f6f7947749f459ed29486a68082497fe28902882a22
civora,valcea-clar/ops/audit_log.jsonl,14633,58c2c449a421f6946a27efd3a2cac219ab0f6cae11dde7f6cdcb3dda26b0200c
civora,valcea-clar/ops/autonomous-edition-trigger.json,2392,40d01b370aacea9a64728645d420acda561360324d628e0936ff5a77ebba95e4
civora,valcea-clar/ops/edition-recovery-trigger.json,604,c91f84c4f8c633aa6834976b586046425bc12c48604f1b6ab1b5c4089f18e501
civora,valcea-clar/ops/governance_state.json,2764,0a93e1f1e14cdd74fcae87ce35c17b82710b31603a73b9e1658a0c6467b71bd7
civora,valcea-clar/ops/incidents.json,281,1f9c3b5d86816db77d8c407ddde68c1479eb15bf8601aa760081dfbe9dc0784f
civora,valcea-clar/ops/ingest_aliases.json,593,cd80f323a1cc29399dbdec69a4bca577f223bced0983a9587b6f6d21bc2ba1c4
civora,valcea-clar/ops/ingest_reconciliation.json,10118,87a05dd8f79f13de5b8d8bb2634fb491b6440a9403b2ef397d6870a07c4475b9
civora,valcea-clar/ops/ingest_review_queue.json,6095,69314e3c28ed80d7ea188bf9cffc742c2559aedf8552151f46f5a1ced991971b
civora,valcea-clar/ops/live-newsroom-trigger.README.md,494,6e1ce1eef2195bf0d28e91ed5cc67bb491051ef7f999559973f741f29acfa97d
civora,valcea-clar/ops/live-newsroom-trigger.example.json,253,1a25edb859c4494a0794b5f1be5954e23285857a3b95b9f6945ecf4aa8f67227
civora,valcea-clar/ops/live-newsroom-trigger.json,3143,f408bf44b1feca054cd61b29e45e249c6e3464978294bc718086f057bceddaf2
civora,valcea-clar/ops/live-newsroom-trigger.schema.json,506,8b20b24b6d5c9d0c86e92c09fd69dd3e830f0e2c5ae6b941e67c29ac8eaba84d
civora,valcea-clar/ops/resolution_tasks/AUTO-T1-3347442259a0.json,819,f227405639d266bcbcda2e3d87ac25d0a1a9479ded949504297d7defbac6fb49
civora,valcea-clar/ops/resolution_tasks/AUTO-T1-4246bbdb078d.json,820,4d524bf46cfd6554bb183c7645451915a542ecbd3e459aec7704a2d16a1e3ae0
civora,valcea-clar/ops/resolution_tasks/README.md,180,9ed398ed7668d3f30bb24dfe2569a6936e1479227d627324e72402701246b38a
civora,valcea-clar/ops/resolution_tasks/SRC-AUTENTIC.json,874,fe17ae41da63678748e9d4f2b6271787406ecdb1425cb1084ddee05a6cb88b47
civora,valcea-clar/ops/resolution_tasks/damici-official-contact.json,885,15015882af1557a01888104974096ea18a2f34806dedc087946910cf3081ff2a
civora,valcea-clar/ops/resolution_tasks/damici-ristorante-menu.json,861,b15fe0046d5cce70d886b0b5808ce05e0506aa2ec82d496f041b0e6f5a673f6a
civora,valcea-clar/ops/resolution_tasks/damici-ristorante-official.json,874,5bac020a7a41c6de9d7d810c55706eccf8440655c5139188da10171a3a2b38b9
civora,valcea-clar/ops/resolution_tasks/damici-taverna-menu.json,835,0b2abb81879215643a2f612f351080f5e59804f16c67ca7642c75c76914c1872
civora,valcea-clar/ops/resolution_tasks/damici-taverna-official.json,879,14e9c20068838da2cb23b758c1080ad17856f737f63e246a8fb3f542d7b719ff
civora,valcea-clar/ops/resolution_tasks/forbes-spartan-valcea-2026.json,968,4f71a0ec65a06442e6a694f5eae3aa0cbe4c9fb028fb72987cda881fa7460fea
civora,valcea-clar/ops/resolution_tasks/petros-home-prices.json,811,3428a575f6e4cafdf038b266d86c8d3eb87cd170448f097df66c9219fa732021
civora,valcea-clar/ops/resolution_tasks/petros-official-contact.json,881,3a560b10962aca72bfc010c760513a353af069bd3b08b103fa683d02310c00dd
civora,valcea-clar/ops/resolution_tasks/ramada-official-contact.json,841,682dc7497e8b3e9dc4ff99c2f09b788dbc9e174e959e722d92b1545c6faab06e
civora,valcea-clar/ops/resolution_tasks/spartan-official-contact.json,861,2c1e4259e7c84e9d4a68e22e55b76e286c1289dccdaf3454b52b44dc914d04e2
civora,valcea-clar/ops/resolution_tasks/spartan-official-menu.json,825,176731faf29527af38f1f708719fcb0b5a0669176547aa7dcf054f09cb4f6534
civora,valcea-clar/ops/resolution_tasks/street-pub-official.json,918,8286c6f69ade542c3592fcc5f6f0545ac2cf02f3b30c2bd30ffb11df2102acd4
civora,valcea-clar/ops/rollback_baselines.json,1508,fe43f678307be45d535abaefb8fb9f4e195d348e7e9009b8b40a596baaaeec08
civora,valcea-clar/ops/sunday-edition-checkpoint.json,9657,f01540820ed875f4e4270564d2aac25168d3e9bf91f1b4917a24d17545fb3492
civora,valcea-clar/ops/venue_auto_promotion.json,1780,f84c13239a478549e333c8d12b8f91af1d47d9128335a777ede9e5a90371fc0d
civora,valcea-clar/ops/venue_discovery_overlay_guard.json,663,ca6fcfbf6f7e18dc7e31edf2c30f6a9243d2d6bac9982b70a2cb6ae278e77abe
civora,valcea-clar/ops/venue_discovery_receipt.json,2562,567744772040f56de0f95681a518b4dfa35021d3c87768dd2cb33059b6e0d0e2
civora,valcea-clar/ops/venue_identity_collision_holds.json,259,d4cc8afc137bf1558c6a212dabcd938845ffbec4abb1a911b38128308102032b
civora,valcea-clar/ops/verification_queue.json,2183,16b4782c5539ce4a280f294ff7cdf5077eac7e5ec53743b3a4914f81a23a36d7
civora,valcea-clar/private-evidence/.gitignore,16,4bb38be6d6d9ef0d2f9bcc339850ff48d821eccfa739369402b354c9ba946ea2
civora,valcea-clar/research/S2_RESEARCH_WRITING.md,2040,01562b911f3db3dc3e91a4bee7ae7e3813fc573bf6c4132d953e0e1c9b15c779
civora,valcea-clar/research/s2_editorial_agenda_2026-09-22.json,5342,3ff05aae52af9feebf020897c5669c9d53b833c100a4bfbf60e4b2b54648fd1a
civora,valcea-clar/research/s2_priority_sources.json,11556,585afa853cc918847e1e3fa69882b4651980f6d9cbc450f2b41a8e5cf4af1692
civora,valcea-clar/schemas/creator.schema.json,771,5a338939e7367ec29186d4e7720a45f09b61bdce8f6f9619c7308be12288c0d9
civora,valcea-clar/schemas/place.schema.json,1476,6677dbcf041914913b8cdd65c5dfb8904b59a202d045c10fb197401c0bf63b8e
civora,valcea-clar/scripts/ajofm_valcea_labour_market_reference_adapter.py,16278,56f0608a0427943f10bd25bbc73b1cd1f35d30de8cc920bb8cd1370ee84ce69c
civora,valcea-clar/scripts/apavil_scheduled_water_interruption_reference_adapter.py,13020,c02aafd2673dc072b98876641519f5b1de17eada681caa22faf47e9a6d428d3d
civora,valcea-clar/scripts/apavil_valcea_service_thread_state.py,24590,2f6f2360bab0cfceaaceca27ecc0f7043b9f9f6c6cb41f5e23608e742782a9fa
civora,valcea-clar/scripts/apavil_valcea_signal_adapter.py,16328,4c3bb9fd88aaae9562ad16c3d7a18adbc351c410c9c376f5e7654da78559d0df
civora,valcea-clar/scripts/audit_automation_surface.py,10329,6e1a1f45ea41e36fb94710f2eeab136adb918097ce9ac9427ac986b13cd82306
civora,valcea-clar/scripts/babeni_municipal_announcement_document_reference_adapter.py,13683,8a530104dc469f29b6639e20c1fea04d8a271d714dedb25f85fb4456dcc922cc
civora,valcea-clar/scripts/bjai_valcea_event_reference_adapter.py,26541,7ef04119868379faae0619c2554fe8269e9d885c61b6c0395b1f994df125609d
civora,valcea-clar/scripts/bjai_valcea_events_desk_normalizer.py,19261,0133c4f74192b974bcce76b1adc3f7b209895c2b8a25a41b7fa143be12f0f02d
civora,valcea-clar/scripts/bjai_valcea_events_signal_adapter.py,32176,2002191a1b65c6c374c9e0337dd2b56f0f4f8654502ad92040e88458026a1061
civora,valcea-clar/scripts/build_legal_pages.py,9302,c99660e4fed7ffc459ed1f0351077803db0e9ea538a9972bb2956956d8fd8c7f
civora,valcea-clar/scripts/build_live_feed.py,15972,187531a74e6e75dc59c39850af815d29061a02730eff1607bbf3e06813aa7f0e
civora,valcea-clar/scripts/build_person_profiles.py,15702,501054cdd61a3cdc50f009d1ac6fb36504b1ca712a810e12a3ca38fa0d0ebd46
civora,valcea-clar/scripts/build_public_data.py,2363,5cd140a893f0ee2cd4640744d39a5911f91e594ac2ecd70b731181c96da54246
civora,valcea-clar/scripts/cas_valcea_provider_directory_recency_state.py,21461,4b6274085062cba0561788a4f555450622142677d119031def8cf775396b093f
civora,valcea-clar/scripts/cas_valcea_provider_directory_reference_change_state.py,18453,045cfe8778d1bff6f3328a69c1eda580cc1ec01920631ed86201c4020837edee
civora,valcea-clar/scripts/cas_valcea_provider_document_metadata_state.py,15193,4a57af4f5073616ed02b1de1652353fa47fe2bddcefa11f9fc55ccf5200121eb
civora,valcea-clar/scripts/cas_valcea_service_access_signal_adapter.py,14914,4656a7e5b07b5f0fb2f98a405fc3f6101297e4c7b3bf03569b3123fed9cb539f
civora,valcea-clar/scripts/ccd_valcea_professional_development_signal_adapter.py,21162,55b4a94da313d1f07254a0e16b9bf049eb493b234ed139e44f168787b5ea8f6c
civora,valcea-clar/scripts/cci_valcea_signal_adapter.py,23233,15de88bb345964d8a43425e18dcd12e5bde9b79d58b458c5a3582cfa172813ea
civora,valcea-clar/scripts/cfr_craiova_speed_restriction_reference_adapter.py,17401,c1fed4bb07c25ba1ef91c986a3f88c1d427818a18552bd6f8787674ef5754e30
civora,valcea-clar/scripts/cfr_craiova_valcea_reference_change_state.py,23140,310a01406569ed628d04193909d1ae687b5b44e7ad598c3e1bdf877eadc8f30a
civora,valcea-clar/scripts/cfr_craiova_valcea_scope_validator.py,24664,6a8a99fcbfbbdc6d0b24fc96478fa9a58c21244587eea29d348d5dc3d72a1e61
civora,valcea-clar/scripts/cj_valcea_adopted_decision_reference_adapter.py,19384,3c86f8d3a9a369e6e670d0d96db6681c651ca90846a296e92ffa41ab98a31022
civora,valcea-clar/scripts/cj_valcea_executive_disposition_register_reference_adapter.py,17009,dda6f4d6c8e07cabcd74849f66871c1e2998ec2a58b27a65f10afb500a65b3e6
civora,valcea-clar/scripts/cj_valcea_roadworks_signal_adapter.py,20823,247f79849527aa6aabfa4810db024ead5e9f39208bdf87be979f13372b0a0450
civora,valcea-clar/scripts/cj_valcea_session_announcement_reference_adapter.py,16471,a7f3e1ea419da99953de86a935dc45fc3e970ff1df41543840925ccee3a005d8
civora,valcea-clar/scripts/cjrae_valcea_education_support_signal_adapter.py,19230,5974efa6e1a928ec91c37f7364bcbb14dbef717ec3da1c0fc128ea0ff965057b
civora,valcea-clar/scripts/compose_structured_alerts.py,15106,ae7826c93221a2c8feb16df4d696b51d6e37f27ea5f2b455d6e8be09eef7d0a3
civora,valcea-clar/scripts/council_claim_attribution_normalizer.py,2863,7ec20d2e96308c5490e26f9fa66386d8429070cdc2a8c8484c862a4d50887f9c
civora,valcea-clar/scripts/council_decision_article_engine.py,21696,238c13b3234b276ff72e9565697b10f99d2e0ece871dd21363a42160d26baed5
civora,valcea-clar/scripts/council_decision_document_resolver.py,11808,1741e6ff2ee7296c64057edb79fb3a16c956bf36ad691413f2a362868e8cd63d
civora,valcea-clar/scripts/council_decision_fulltext_enricher.py,23428,78e042fd8feb963478eb3fb051b3f82784f6f60998511a537c09952ccaec4c8e
civora,valcea-clar/scripts/council_decision_fulltext_enricher_v2.py,27076,27382ba274e955c1177fe000b73e7098993e23285bc2eedf7b35d9a288b1985d
civora,valcea-clar/scripts/council_docmanager_diagnostic.py,12089,b81a9b8c8b0d5a4a5cbbe49173662c0da16f99574409c09dd58faa4f61b3f6d2
civora,valcea-clar/scripts/council_docmanager_document_diagnostic.py,14148,77f9f585b028db3366e13a350400ebc54cfd71ed191ff8ea2abe9dbbc3c52bf8
civora,valcea-clar/scripts/council_docmanager_embedded_resolver.py,9914,564f5b24fbcba6e5e6c2ba739acd322c7c522abc95e136d570a93d600580f4f2
civora,valcea-clar/scripts/council_docmanager_row_resolver.py,12532,3b6ddd4ccb1e322b1d926bb143a49703f9f296994d01d756014aa37e8e8ef0ce
civora,valcea-clar/scripts/council_fact_kernel.py,20530,9d0f152874da7492d2331bba97f94987417b628d666be42f22b98c0e1114fc13
civora,valcea-clar/scripts/council_watch_rm_valcea.py,16656,e1e25cdea0254bd9216ad8bea1609e872a291a35fb1869d0015c28885116587b
civora,valcea-clar/scripts/council_watch_rm_valcea_v2.py,4929,8fdb674c6406882a539ec14569ac2e29ccf2233c5d545c2f675f379515545e55
civora,valcea-clar/scripts/discover_news_facts.py,15285,a6dc41332d1bbfc0c00bf86773ca095c52fdde57727d314b36693467d61a0222
civora,valcea-clar/scripts/discover_person_candidates.py,5660,066f6445b61de0c1f7aac69dda699e18e6fcfa859ffd92a36bc6242141b01dfd
civora,valcea-clar/scripts/discover_person_sources.py,9638,593112a5c11caadffd596b86641c3e05648ddebc6eb3f3f401ea2cb9afc2e4c3
civora,valcea-clar/scripts/discovery_snapshot_material.py,3732,4a80faae7de780e258a3c2899a861baaadcb5a0eeb623411a0f386796a4a0f65
civora,valcea-clar/scripts/djm_valcea_environment_permit_register_reference_adapter.py,18230,ea14cdce43cf16f6f5bd1058c9f4aa755b91a11b6fda82483f280908ff934ae7
civora,valcea-clar/scripts/dragasani_public_service_directory_reference_adapter.py,10464,84e050e9d7fa0265d8360b0f5fcee977691d3095da9ff6bba2cdaa4d2bb7f078
civora,valcea-clar/scripts/dsp_health_signal_adapter.py,13656,aa6f440f1df94d7c57ba9232e97811708f4f64949b5fdcf37422b109adadb1e5
civora,valcea-clar/scripts/dsp_valcea_health_signal_adapter.py,17453,aca64303d4b1eaf27867668d1e3e17db7fd9ee4edbc82cbf594d372b85b8d325
civora,valcea-clar/scripts/dsp_valcea_public_health_signal_adapter.py,19603,f7534fedfce26050dea070ebde1ee9e06554dccaf9f87c478e52d05bcbff3f67
civora,valcea-clar/scripts/editorial_integrity.py,14360,73481185cb602ed09aef2d7c67473ca5652b364668284d0909f4a16ed0e8a7a1
civora,valcea-clar/scripts/editorial_lifecycle_normalizer.py,3802,b5083a11e6b844fffb5c3a13d0d46255bab90157bb693756cbb05f218f20dede
civora,valcea-clar/scripts/editorial_opportunity_engine.py,22896,72b63dc1f3ce59590542c1a114da8c8ba158eea161aa276bf7daa07b975d3dd3
civora,valcea-clar/scripts/editorial_quality_corpus_audit.py,13106,794f17e694ac478bdf57350f0a4f8cbbf6da46db20b81abe6609829b63833f5e
civora,valcea-clar/scripts/editorial_writer.py,18277,99459a7b622f0244571f2615a0cd1a3aef9002dd38d8720477c0697273f893c2
civora,valcea-clar/scripts/editorial_writer_quality_gate.py,19649,1719312a956177a5fad01ca10128cdce398283fc15c769c8cd878fd96561eeea
civora,valcea-clar/scripts/enrich_festival_artists.py,13305,6866716dd4e72ab2498ac09b3a5979f2f53d91f7df1e4ad34cb68e222d9fe6fe
civora,valcea-clar/scripts/eta_bus_route_directory_reference_adapter.py,13132,ae1e2929cb0635a5c17ab629b94db5d86b3f23fcc1b685a51f18038bb74a159e
civora,valcea-clar/scripts/eta_bus_service_announcement_reference_adapter.py,13441,aa64862ef93bc50e7f241200c1a25aa668d400e22a1421d915928b91a2e8aa0b
civora,valcea-clar/scripts/eta_valcea_event_transport_detail_evidence.py,18983,242fe6ea10fb8cbd7222b3dc0a66ecb0dc3d7a6df13c0f101d963d925e9f7103
civora,valcea-clar/scripts/eta_valcea_service_news_temporal_gate.py,15081,e3490f79664dca4a584a0f433bf3fde4f55775c0ecd9756a1856a9ecaff40df1
civora,valcea-clar/scripts/eta_valcea_service_thread_state.py,22207,1c4de63055a1a96e3c63f5416decf4f2e23ed21e328dc999504065c44eeb52f4
civora,valcea-clar/scripts/eta_valcea_signal_adapter.py,23541,f65070e65b2af7c9e2dfeb85a6a38041c504132e424369b24b5a689d1fb4bdd7
civora,valcea-clar/scripts/eta_valcea_transport_archive_reference_adapter.py,11876,f167cb83f5d4fdffc56dd4548dc85f2daae50d3413d933ed431bab16022699d3
civora,valcea-clar/scripts/eta_valcea_transport_detail_evidence.py,28357,6f93176d0bfb1fcde638177de7cc87f7b07c2be7c575bc4f562f40f06ef32fcc
civora,valcea-clar/scripts/eta_valcea_transport_historical_detail_reconciliation.py,16865,762256174d24a5a17750b38e074f18b02e8f9586318084cce2586c9ba0af4d11
civora,valcea-clar/scripts/eta_valcea_transport_reference_adapter.py,17260,5ff303f72dc03a51e5f0af6ab0096fa0911bf4fb67904363436d39164ec8d89e
civora,valcea-clar/scripts/fact_kernel_orchestrator.py,10195,fd2adfbee66ed8d5ce501bb67a73c73ca00c17b1acb5a2abdfb94452e1d16f94
civora,valcea-clar/scripts/filarmonica_valcea_upcoming_event_reference_adapter.py,26461,573f9ba8a5e9b344aa2864ee5fdbce5a85101ad06935963e639803f2d81e5319
civora,valcea-clar/scripts/gambling_dossier_enricher.py,12575,03b495ef94a6316316ace551464c1c6f7aeb7f1f0d72b63a54857d5fd8b8ab7a
civora,valcea-clar/scripts/gambling_dossier_enricher_v2.py,4586,c1dbef87351d45d49241998e392b322b510f3399b64807003546a1983b67b66c
civora,valcea-clar/scripts/gambling_story_presentation.py,7386,5909bcdc0988705f2d0a4925f9d81cdb6f29b54be315bbfcdd9f032d19a9f085
civora,valcea-clar/scripts/generate_edition.py,35683,2a10c55d9efb75a503dd4413b3fb99aac2caaf66adb0657a55dab19241994293
civora,valcea-clar/scripts/health_service_valcea_crossref_state.py,19207,83d6012e2fb9776aaacbb9f92967f4f68a89facbf8296d80ed3f9909ff12dd05
civora,valcea-clar/scripts/health_workforce_detail_reconciliation.py,18362,0a32267f3755b0db18e595bf366c4cedd91bffab4f9b66678d2147aa4b915581
civora,valcea-clar/scripts/health_workforce_reference_context_engine.py,23440,dc4585ad48c5c92d9ddc58bc07cc96d08fe5a356cac23c76ca254564d8ceeb0c
civora,valcea-clar/scripts/horezu_municipal_announcement_reference_adapter.py,14435,9296886011ff287763dc90470834cc2a54ec31914fcd4655cca5771438caa5ab
civora,valcea-clar/scripts/infotrafic_valcea_breaking_candidates.py,22627,6d89705d53639809144161fb19f1f9c91bac0cbcf74d8c487d2e3e269a1baa77
civora,valcea-clar/scripts/infotrafic_valcea_event_normalizer.py,18150,1f8788bbd9bb1aa926a07bd322d2c0da40da23dce29cf1daa649b1781f694193
civora,valcea-clar/scripts/infotrafic_valcea_newsroom_review_envelope.py,20145,6ae978db1d68588c8646b54936ace2018e0e792145eead63276ecfe750035599
civora,valcea-clar/scripts/infotrafic_valcea_recent_reference_adapter.py,16074,db643eb4e2c657f388f52375b666af5264567cf3e50eca1182f411d193c73f74
civora,valcea-clar/scripts/infotrafic_valcea_signal_adapter.py,19189,eb406405dddd4ebd8f84d6a0b3abea82cf2e83aaece66bc2bf533b7f5d71ce69
civora,valcea-clar/scripts/infotrafic_valcea_thread_state.py,14429,3bd1e136ee1443ee99368dfc710da4953e10c00630b2098aa19d0404d6ea15f6
civora,valcea-clar/scripts/infrastructure_watch.py,8011,861fc4c9dc7312d43cbdf3c9575938507b400193304da16e7825832c836f3ad4
civora,valcea-clar/scripts/ipj_valcea_news_signal_adapter.py,18671,6d7ef80aed39943a19518b308cfe0398275959c23b37c8b6d29123128bdde046
civora,valcea-clar/scripts/ipj_valcea_public_safety_detail_evidence.py,31481,19e52426c3c7155b453a9e6a63e299fbb2ee5d573e2a3f98c697b5f43fa0aa1d
civora,valcea-clar/scripts/ipj_valcea_public_safety_reference_adapter.py,15024,2ed9e5fd8ec90bc760de1b5681b9df38e2fcbe55611fe39229ced6523ea2d5ae
civora,valcea-clar/scripts/ipj_valcea_road_traffic_news_reference_adapter.py,14308,2f2660692f73f311b42ba43646edc9182c13f23b9a0d3e350bded382fda6d218
civora,valcea-clar/scripts/isj_valcea_education_deadline_state.py,18989,173cbf8529291872fed9483ce5585251f567a2bfb8a1734a1202bf9581ca2d54
civora,valcea-clar/scripts/isj_valcea_education_detail_evidence.py,12211,4c598a167ccb9ad609a6a7b2c9d3c6a4c87a33fc0c112beb61298010a9fbc0d1
civora,valcea-clar/scripts/isj_valcea_education_home_reference_adapter.py,21981,d57fb773c9884223c8c0ec8378a486d4ea095c5fdc4d0022b4a3f687c67ce7a3
civora,valcea-clar/scripts/isj_valcea_education_reference_adapter.py,12573,91a64f33ea5e4514d3813e28cfee93eb2c29dc1ff0e920477cbc84ff8623e28f
civora,valcea-clar/scripts/isj_valcea_education_reference_change_state.py,23683,551567b0c04163370226e39299df2c878df460ee466bf30b702c9ffe6d9b4080
civora,valcea-clar/scripts/isj_valcea_education_signal_adapter.py,19818,3725736fc11755c707b1d3bf9faf2c8fda9f77f2e68ac233a0e08832d845f254
civora,valcea-clar/scripts/isj_valcea_signal_adapter.py,16752,3294c8d59e81147dd5f217ea472259bf2a9dba639f075612cc61ca8b1bc7d576
civora,valcea-clar/scripts/isu_valcea_avizare_autorizare_reference_adapter.py,20495,b58daeaaee4ce47630ff6a2535b18a448a5ce3180a227dc253d63aba27451b7e
civora,valcea-clar/scripts/isu_valcea_cjsu_decision_reference_adapter.py,25299,9f0c7ba66e29e5c29110cfe56602cab4ae9bf8f0690aeddf6868b4bb10cbaa3f
civora,valcea-clar/scripts/isu_valcea_emergency_detail_evidence.py,23302,25d907245941b8e0e765369d76c2b6f940423f27756a2c0fafaf2abbdc8437a7
civora,valcea-clar/scripts/isu_valcea_emergency_reference_adapter.py,15913,a252538fd32d93f6258564f354a8bd91210603a9309a7f256178e46445eae612
civora,valcea-clar/scripts/isu_valcea_homepage_summary_kernel.py,16101,f18343a0717fea32df803925d6c83729bb7b54bc5714208fffeffad80d998bc7
civora,valcea-clar/scripts/isu_valcea_incident_thread_state.py,25997,5e9c509cf3cda1e35d5417f0a0a2a6c919f9f8d513b65f3849e7e247ac463b23
civora,valcea-clar/scripts/isu_valcea_local_news_signal_adapter.py,17266,282adec549a5d4be783f820236e845fd1cc687f130bd7fc0613d8b552382c8e8
civora,valcea-clar/scripts/isu_valcea_press_release_reference_adapter.py,13413,a6331317fb11dc93935bd5450e03f66cfad26726965d75083bb15af906a0d5f0
civora,valcea-clar/scripts/isu_valcea_preventive_info_signal_adapter.py,16634,32293220dbe8a6239c9ce71ae5bc03c49b0a9c135151d37f4f544fef43884751
civora,valcea-clar/scripts/isu_valcea_public_safety_signal_adapter.py,17778,0bb30090576e254fabc197e0d6a2c4de9362349c0cef8b297b270f878e371ce4
civora,valcea-clar/scripts/itm_valcea_public_information_reference_adapter.py,14655,7481e5de2a068409f9ec8470d1a2e1b3dbc70dd81dbbca6fe9ff09dad66a3c33
civora,valcea-clar/scripts/link_artist_profiles.py,12537,48590cff093d105d241a9f383b2d3ca780d7798b7eb76e895a720d34513de7b2
civora,valcea-clar/scripts/link_person_profiles.py,5555,539f4eced139af03d6fbf7b991f0f63cf33ef9e24ce3f5215f42da8e29f6f6f5
civora,valcea-clar/scripts/market_intelligence_watch.py,13633,b418d9f4aecd997bd7d177381ebdcae37458895dd4aff9879b7b7a4682210434
civora,valcea-clar/scripts/merge_supplemental_facts.py,4838,37b01e44d38a69cbc0c75e3c0bb8bce46d42495089f712690e51ee6690be9545
civora,valcea-clar/scripts/monitor_festival_sources.py,10156,a26d4eeb02e5d11a0287c23e9147701ae942d1a6fa1d70a6ce7e63a592b1fb47
civora,valcea-clar/scripts/monitor_ledger.py,11769,22f499748ca580b2362f10dfe1ba5d610283f94f6d40ab85869443963664d251
civora,valcea-clar/scripts/monitor_performing_arts_sources.py,11589,c9bd3087481ce1ed3e58b8561dff2f1e561f6a2f71e9e3843ffd9527f0010a70
civora,valcea-clar/scripts/ms_sju_valcea_career_signal_adapter.py,15996,05ef6c11f9c872dabc8daa0147a18187afa74660884b51027520e727657e9050
civora,valcea-clar/scripts/ms_sju_valcea_service_reference_adapter.py,12586,3d1ed2e9377320c491df82b0175905feb45dbd64f9d6b5b61308d807d4d922be
civora,valcea-clar/scripts/ms_valcea_health_workforce_reference_adapter.py,28272,005863e872bb7b36d99c04df0cda0510c289a9caa719fe1d5d3c29acb00f3294
civora,valcea-clar/scripts/ms_valcea_hospital_network_reference_adapter.py,21690,f9009b94f4e7ec3099053458ba007e2f32939a9caecdc7a634dac79fa7d18867
civora,valcea-clar/scripts/muzee_valcea_public_information_reference_adapter.py,16862,967b26ff034bdc7694a1b7a5eb859b3f7af2782e2f56a6f0f05d44326a44522d
civora,valcea-clar/scripts/newsroom_candidate_diagnostic.py,5346,ed7157ba54eb2c9afe78a69e196b8b383c15e424b9be8b7f10211b2f1406ec89
civora,valcea-clar/scripts/newsroom_decide.py,22159,c9c0bc52204eafe232cac3f34c997d2afeebd58773040579b1b4f1d913c00cdc
civora,valcea-clar/scripts/newsroom_transaction_diagnostic.py,5456,6fb1ac023c6672b0fdbb6603ded6b6593f147346db5ff0e6ebd64cd77f232cc4
civora,valcea-clar/scripts/overlay_runtime_export.py,9839,5a3274f85ff192e54b262462a922bfb51555a2dd6ebc3923ef1e419a625a3d7b
civora,valcea-clar/scripts/performing_arts_opportunity_adapter.py,8468,4bb083bed099ce022dc02040f7aa932dd016f1a0fe3ece546ecd4b7c43ecff51
civora,valcea-clar/scripts/persistence_profiles.json,1233,20f0c694242db279ab09d965d0eaa307ec37602ec00090b9c9ad5075ee801723
civora,valcea-clar/scripts/posturi_gov_valcea_reference_adapter.py,22010,411ca795747fb33ae6308c03cf06f7961567c321bd4b1fb18357cdffad20c98d
civora,valcea-clar/scripts/prefectura_valcea_signal_adapter.py,16518,a1446e5b43df2c1bddf20eef8d76e43682aa29514ccf8a9dcdc561a90b668875
civora,valcea-clar/scripts/premium_presentation.py,32191,1487b32506d9519a8989d0a3496e82766f384853119f1558447a2632de68c04f
civora,valcea-clar/scripts/premium_story_integrity.py,7780,2a7e8c265f29df94e38ee3843328891afb9442b6ec28c7c8bead05f6d60922cf
civora,valcea-clar/scripts/primary_source_admin_kernels.py,7864,ad37688120a654a0ba8cb355d3a49a9dd8601a8eb542aca46cdcb3dbbeb75158
civora,valcea-clar/scripts/primary_source_service_kernels.py,12800,2b4907f4c9a934cc5c6a0cdc65f251642ff5452c32a7127b1db7a8a8394f8631
civora,valcea-clar/scripts/probe_public_site.py,22389,65ed292bb1527e56f2f68473d067b88eb8902f9d454b5c4ddd44d403f73e164d
civora,valcea-clar/scripts/probe_public_story_media.py,14144,74d8ed92fc16a91b114ff441a38a10f97f4d04aa199b028577e103e004580e97
civora,valcea-clar/scripts/probe_sources.py,12545,374f0b25d2bc756eb42b39875d549126cd23be153f0598084bedb0efc3fde9a3
civora,valcea-clar/scripts/promote_fact_kernels.py,5465,48a518702e300f0e8ddd8d4cbdcdc724a9ff3a07fadf1b0c210b50b248a6cac8
civora,valcea-clar/scripts/promote_manual_publish_queue.py,8506,a88daab7450787bcf7a06e7222ab96667add34577addba9564ac4acc52d4187d
civora,valcea-clar/scripts/promote_performing_arts_monitors.py,6642,5fc09c3abf31e1a400e5f6e4b93080d9096d098cce94a5bbf2b334bcfa28724e
civora,valcea-clar/scripts/promote_verified_venues.py,20638,853e0d1c3caf8ffd880dd6f767d7115f66d166270582b67a4786786299034727
civora,valcea-clar/scripts/prune_volatile_json_changes.py,6705,e155f32eb7a2339ff4c695072cd3d81a35772c041d0a1f0c737f85961f944cf0
civora,valcea-clar/scripts/public_safety_valcea_crosslink_state.py,29231,2600dd0209ea1bb3a4e6c0e99bced4fb598148cfa955920de0609dbb1e759ed1
civora,valcea-clar/scripts/public_ux_currentness.py,16519,dc3b5655e52dc172ddc2a86793d390970756113c3565e9f76c47ba82815e94d4
civora,valcea-clar/scripts/public_ux_fresh_rank.py,6357,6216af5d5ca3e6a17dd3d4dd0f284b805d6d4a22432e0111e9ba791cac90b005
civora,valcea-clar/scripts/public_ux_legal.py,2372,8520c3f91298d40a18b95ca1393faeae92f44aa3b8c9532e6d84705d133f3f3a
civora,valcea-clar/scripts/public_ux_manifest.py,7872,d8603ac4ccccf75919d2bd8e1c93dfc6462d63f7c5f3448196c97499a4e1f334
civora,valcea-clar/scripts/public_ux_media.py,14781,437b25457bb98b058f3f918b896ba00679a444722850c937a1c0e92981fb6cfe
civora,valcea-clar/scripts/public_ux_media_integrity.py,4716,8ee386a8a789503c6c69f5326ff67f95add82cbb3a92da28c41047356a02d947
civora,valcea-clar/scripts/public_ux_reset.py,29133,efdc6fdd00a2fcf685b8d74eb82fbce1df7e0f67309ce817bf5041f82d4d1557
civora,valcea-clar/scripts/public_ux_story_integrity.py,17545,b80a60ca29571fe329b9a08e5c11e780ab7f8c096da6fdc6258742e2930c3622
civora,valcea-clar/scripts/quarantine_venue_identity_collisions.py,7291,faf142deff82013556737d27a95a074a57703f90e5c930ab4db4852f88642c4b
civora,valcea-clar/scripts/rajdp_valcea_network_reference_adapter.py,19258,20d4031abfb7433810cd83ee147b372c0c2af1cc201d600495613200b50743fd
civora,valcea-clar/scripts/ramnicu_valcea_local_council_decision_reference_adapter.py,19138,6b897074b925916d1835640aed02893a47dc314a707a18091ba8962efe259d1e
civora,valcea-clar/scripts/reconcile_ingest.py,11645,60c583196ee6b8df0aa438a1ea67e50abd06222a3e1d2635bbc7633d7c6c882c
civora,valcea-clar/scripts/render_artist_pages.py,9029,9cb22fdc1debf61a8832e05a2db24cf8d9c83a8eeafbcb443ed2bc81361bf0d3
civora,valcea-clar/scripts/render_editions_archive.py,15275,16698715146367073f88357cfda3befb59cc913e66c3b46212dc8fe7c509c268
civora,valcea-clar/scripts/render_frontpage.py,14226,bf5206b57dbbdc9dc91157d07c0a33dc7e6bcf8a052dbd4ad07c644570a6f3d0
civora,valcea-clar/scripts/render_news_index.py,8086,07c12c339db2b31ab852bee85468c17791a6f2798dee3e37a56ee7f76e3ad08d
civora,valcea-clar/scripts/render_person_pages.py,8254,c5b476957873a83a1d5ce8bd76282f9a4ce09149ebaf0e3295e1df2dd14c3783
civora,valcea-clar/scripts/render_rich_story_sections.py,6151,46551a03f56afce971483c33d9e9c62048a57bfcfec20294c52a5d78ae3da67d
civora,valcea-clar/scripts/render_story_pages.py,18835,41b92be565ae339fbc3f5a9360999f594927af5352ec629b968f728e94b2e1ad
civora,valcea-clar/scripts/repair_continuous_frontpage.py,5435,2196d8f87b0fbe71f66fd8b87eb0d3bf6b3a317deea6c9dd8041143c25335334
civora,valcea-clar/scripts/repair_continuous_frontpage_legacy.py,20441,c944beefd192dee87e56212882641cf7102111aaa98eb664b6ae70eb13c9d20b
civora,valcea-clar/scripts/repair_local_life_event_projection.py,5193,cc4ddf8ba5e5e2326ded317cd94e119eb0dd077eb29ab626d662328e79fc4fe9
civora,valcea-clar/scripts/s4_publication_experience.py,23168,5494ee514e525baf27fb8d339cc9180949707cc9c65e6107b71afc81e1286ba9
civora,valcea-clar/scripts/s5_distinctive_products.py,16676,241981485aa619541470f65ca4812acde165601257428c0d7ec665303c32e3c5
civora,valcea-clar/scripts/s6_governance.py,14493,0d1026a6171fda93c6e551a300a64d1c9120b5e3455049c9463eabd40ac15095
civora,valcea-clar/scripts/s6_runtime_rollback.py,1441,f9d4d12f5660644ad2d6d87d3083d7deddf77d4e0f8e46c8bb43378ac2375c2a
civora,valcea-clar/scripts/saj_valcea_workforce_signal_adapter.py,16686,cf3964ad8f6cb2d094e395f720c3d7fc9306cfb4cfec823272c407de22c05afd
civora,valcea-clar/scripts/scm_program_fact_kernel.py,19095,5fdadf51c148d2191fe11edd4ea0bf3f55ed7242c9bb7454e21cffcbf9815feb
civora,valcea-clar/scripts/scm_program_structure_diagnostic.py,5429,a5903e01e0821395dfead8a179aa2f7a0374107b7acafa20f74fbca23bc27954
civora,valcea-clar/scripts/sga_valcea_water_permit_register_reference_adapter.py,16293,7cc637e5e1b3eb6a6f87b29bd05a5384b97fc56b4db640d97616fc1d903817d6
civora,valcea-clar/scripts/sju_valcea_hospital_reference_adapter.py,18352,fc620e70d46eb4b162b1f27e8378e0570490be1860b28ad0f2708d7111956844
civora,valcea-clar/scripts/smoke_web.py,9896,90cc3b426cfac76d4e04014ea776166e42d93be295401037dfd29da462a22a3c
civora,valcea-clar/scripts/source_intelligence_discover.py,12885,1be621e4b2e7c7aacc8139fe0f6c077fb3c1011ae015a53333c6169c261b1265
civora,valcea-clar/scripts/sync_local_life_events.py,11205,bc8d98d7b44a49912c1f13d19a8f90a21361930d2274ff15f71e2a34390f54fc
civora,valcea-clar/scripts/sync_local_life_surfaces.py,7198,a6e86cbc5e008be8d319dd2b03a15788d0e72881d9bd4bfe5a7471f95377f07a
civora,valcea-clar/scripts/teatrul_anton_pann_journal_reference_adapter.py,22564,14ab559f56bb0c64ab3e492509daf3fb1bf0843387c8ec1610fa74d8b7d14737
civora,valcea-clar/scripts/test_infotrafic_valcea_breaking_candidates.py,11520,52a689351edc42da8f14bb5adab0f3f82faf8212d37b3852093afd99edf11761
civora,valcea-clar/scripts/test_infotrafic_valcea_event_normalizer.py,7159,30583493c8c42510ddf3d4ca42a7b2c0ea0cfab35c4767dc453761f9e8daa677
civora,valcea-clar/scripts/test_infotrafic_valcea_newsroom_review_envelope.py,9920,a2138a66f729f6e65764ea3cf274e072a6972651bd05d937a6bd819e3f76c432
civora,valcea-clar/scripts/test_infotrafic_valcea_thread_state.py,7525,bc9b65b6d5c5fc8dec23f268fcee5319a328a418fbd8bee6bb36719967b7d9a0
civora,valcea-clar/scripts/test_probe_public_story_media.py,7202,b72ac40888a787d27c574c5f55b0fca205feea6cb0be60a6f4f07923d354b574
civora,valcea-clar/scripts/traffic_dossier_thread_candidate_engine.py,20576,4b6ebfa9280435ee193ba1d354d1c18057aeba14799c49d2d678238283e0d317
civora,valcea-clar/scripts/traffic_explicit_temporal_evidence_adapter.py,19567,bfc739c08ea5a134c62aa98542a301496294e82cd6b4508c7b41349a02941b04
civora,valcea-clar/scripts/traffic_reference_correlator.py,15484,e2c579758b013957cd2087fb6f523d4b7deedece06006d694de74a271baf3a79
civora,valcea-clar/scripts/traffic_temporal_evidence_flow.py,19907,2939bc2c4fbd2b9c87f372ae4855829f3ecf8ffdcfa8b6885e8a254c805a7254
civora,valcea-clar/scripts/validate_data.py,8368,61d03a91fe4abfe5da7c9068436615d0a35df7964d2446d3e54d476aaf15752a
civora,valcea-clar/scripts/validate_monitor_registry.py,7845,d003db5144fada85ab4056c1d4ca8d32415e47d457a3792af15f2da97af78f88
civora,valcea-clar/scripts/validate_persistence_scope_runtime_outputs.py,2652,c21d990dbaa4036f41df046589a633df11af68b9741466fe80d4eaf594983c08
civora,valcea-clar/scripts/validate_public_legal_bridge.py,2751,0aac3444a983c0a2e6d45b68068dbefda2a190d42a012bf179276e8eabf32de0
civora,valcea-clar/scripts/validate_public_ux_freshness.py,3822,28abd77acb2eec049abcdbf7e063e31c4ad6e9d18aaea24058c2c11455ae020e
civora,valcea-clar/scripts/validate_s2_research_writing.py,3150,e20e16701eec8288dc26bd9f0df2fe2c3f7153a01bd96a8c97344b25c8aa0691
civora,valcea-clar/scripts/validate_s3_visuals_channels.py,799,a663d7532c33c9194c23c64d713c5366e5c96138c8781469c2db4c0b96df2cc5
civora,valcea-clar/scripts/validate_signal_routing_regressions.py,1350,27f1225ef45b386cb107b8272a7e23c15fd8a3a7fc0fcc24477fa83f4917ce16
civora,valcea-clar/scripts/validate_site_engine_ownership.py,13026,e7a677baf77ab8df9aae9b5ccb9a6914cb7c483fa1838fd9b074bed9ad37af0c
civora,valcea-clar/scripts/validate_source_intelligence_seed_registry.py,6486,48085eaf265102795071fafb4468cbd69a944ef77646862c1f694399774392dd
civora,valcea-clar/scripts/verified_primary_fast_kernels.py,22307,387ac653f1d36d4fbec6be23addc2328fe3ae1fd87bff6f20e7b5e58b50af988
civora,valcea-clar/site/current_edition.json,451,c4d3225844a76b2ce349f546572d872d5440938cb384c55557e7415484c61bab
civora,valcea-clar/site/http-revalidation/today-20260822-morning.json,185,87c91be92f85e1a90ff7676f496fdd43a3b96dacb7bfcd2b5d04ce57efae06bc
civora,valcea-clar/site/http_revalidation_trigger.json,707,ea3ba1425a435efa050177c53004d3f1a32c7faa15cffec87c6aed5b76e54d78
civora,valcea-clar/site/indexing_routes.json,6652,2a5cff98fab20931b072bcf09312bc662d6211a7ba9718acd07d81f8ba3aa24d
civora,valcea-clar/site/integration.json,4215,d1b65eb4f05509aa7b19513dd504bd76530abc9775656e4e0d529d5aa4b497d6
civora,valcea-clar/site/last_edition_attempt.json,386,f597728f98692efc586f2d0e0673d3886ca04c0010babe2c06546a40cc84761d
civora,valcea-clar/site/legal/legal_pages.json,14560,6204c8ba7668558aba7843e8440352b42b55f14a2f9192bb175d0acff317622b
civora,valcea-clar/site/live_deployment.json,1933,37a97ea289ba9d2e71a50a986121ce9b408173e6fa3a0722e7d79a1ea6d96259
civora,valcea-clar/site/navigation.json,1866,c107b82bbe60e15de34e295fbc497427e4eed2d70e81b0586706b54f5fdbd561
civora,valcea-clar/site/newsroom_decision.json,3590,80601f7ae75bd4ccb6c72c2cc915717bc3a90ead93be3bbea1ead739c8b5d8f8
civora,valcea-clar/site/newsroom_state.json,2748,b644ec5e5e0ab105b9771dc0d1fc5a63790712dc1443072bf8d51c5056830780
civora,valcea-clar/site/ops/cet-govora-http-revalidate-20260821.json,200,80f8109713748cb2ded5223c671cda0bd3662df94d786bf3da16fd44e47100d3
civora,valcea-clar/site/presentation_state.json,1093,7b388ebf61f61ae6458a206b356387cd3d847cee2d35a6316bb66d52cada0c95
civora,valcea-clar/site/public-health-revalidation-request.json,296,0f704b3456d69b96cdbcbdd91d9ba0c66944e430d25c50590c5755f0c40b7f93
civora,valcea-clar/site/public_ux_state.json,12471,54be02bdccfa10e7b5e7f9ee6a6ce57763657a2dee2fb53670158589ab9a9204
civora,valcea-clar/site/runtime/artisti/a-c-leonte/index.html,4312,caa4b4dc5da6c6967df3253a60af9c0b4dc36cd94ef75f164183804fadff2068
civora,valcea-clar/site/runtime/artisti/adrian-nour-band/index.html,4221,631aed5d3834308784abcfb7c062b6122ebfcb4043d498f35b8aad1c297f06fc
civora,valcea-clar/site/runtime/artisti/advantage-project/index.html,4225,d5095a254e594150c786d58be4cdf65325f2a0e07e599f2e94bef6599fff61b5
civora,valcea-clar/site/runtime/artisti/ag-swifty/index.html,3788,eb542ae084044584103f14f422f7fae4e63f019dafa1b28a04ee440174140428
civora,valcea-clar/site/runtime/artisti/alex-tomaselli-blues-band/index.html,4329,fe7783372f74e945451294a681c2fbf7da74107b95d6ec4cf4186a4a4cb0cf25
civora,valcea-clar/site/runtime/artisti/alexandra-capitanescu/index.html,5189,e81ea4a8e524fd0372cb24a1a8cd3119502e9dd912b8d786a9df25388f897922
civora,valcea-clar/site/runtime/artisti/ally-venable-band/index.html,4338,653420e791fd03bad11d5eb370020cfb5dd93cdef60ea459d188b024115bcd5f
civora,valcea-clar/site/runtime/artisti/amphitrio/index.html,4872,52deaced0b9268e400b34007971031515f8db352e834ad01a31d777d56f28537
civora,valcea-clar/site/runtime/artisti/analia-selis/index.html,4254,d991ef5e83eb16d62226cf8c91b943e6b4be93f1d55163e904b817d11c339741
civora,valcea-clar/site/runtime/artisti/anamaria-iorga/index.html,4314,c338de6363f45314657c5d266f904b12405516d453af0e88ca005653b7e9483c
civora,valcea-clar/site/runtime/artisti/anca-olteanu/index.html,4387,5288f813c5a553de050f7bb5df03f387367880298c0966a7cbf2339b1dc3bb22
civora,valcea-clar/site/runtime/artisti/andreea-grosu/index.html,4252,9d23735b4fb6da9ac8053652960fdde2f1c1ba13b8587a0b04a45369881d8b8f
civora,valcea-clar/site/runtime/artisti/andrei-grosu/index.html,4246,e8e8e9aa6544508e32e7431976b738e921454e6f9f1331b220cfbd5c457fe56d
civora,valcea-clar/site/runtime/artisti/andrew-maze/index.html,4740,9668bbbb8cab7ce6ea4df5bd27b6b55196ce0846d94ab0dc4f3a2ce31bb10f9d
civora,valcea-clar/site/runtime/artisti/anita-petruescu/index.html,4215,67f96dbc0e41ab58df0a9acf6006fb6d9d5fef0a5aabc79115aca3d5e5e7d76f
civora,valcea-clar/site/runtime/artisti/anna-lesko/index.html,4621,31215b6dfce20898047ea664b56e95fe0885aeff69bd651739719002600981a6
civora,valcea-clar/site/runtime/artisti/ansamblul-miorita-vaideeni/index.html,4388,6affc364adf3951dae08701ca553300cd93f6378375a9f45a93890018d8dda5f
civora,valcea-clar/site/runtime/artisti/antract/index.html,4376,b7b61ace1634f7ec0d34be1b7a249d3078ba462c80c0bdc217991ed2970b6324
civora,valcea-clar/site/runtime/artisti/arias/index.html,4881,fbc06368280587e431356ca02e2a2b79ffb1a975f0722909a9dc0be6acf0fea3
civora,valcea-clar/site/runtime/artisti/atlantico/index.html,3807,997e70c23d0aff2e675d505194ffaa8bb558e665ac28472c0c11d604abd3f1af
civora,valcea-clar/site/runtime/artisti/aurika/index.html,4192,a61146f080d757a4f646c5e265e1a07806ebc3823092208f7a29d0bcc3bc90ae
civora,valcea-clar/site/runtime/artisti/azur-nelu-vlad/index.html,4284,0606de9ad0990b062cb627c1f313fdd7ed82b1ee266706b186ef0f7d25784ebb
civora,valcea-clar/site/runtime/artisti/badd-g/index.html,4192,33c5204890318e251d4b02921f39cf1b424519d36368a5269f6579acfe1a5cef
civora,valcea-clar/site/runtime/artisti/benzol/index.html,3896,99c646dc46bb1abdaf014807680a2cc5155343d311f746adc3b07e5753c9f222
civora,valcea-clar/site/runtime/artisti/bette-smith/index.html,4443,0a39a423090865c750b23f17159f44b2907f76f65c9d27980d7c4d9ae85441d0
civora,valcea-clar/site/runtime/artisti/big-band-radio-romania/index.html,4259,c62fc6f642c280e8ee4a10ec5782365bc3b0bf5f4b1ea74e634607abee463dcc
civora,valcea-clar/site/runtime/artisti/blood-brothers/index.html,4265,a9cc0ce5c876af01e3df2908c501227704edb2ddcd29520e4cc96b03c2e74cd6
civora,valcea-clar/site/runtime/artisti/blues-progression/index.html,4283,ecc25eb6530525c98612254af76a1ba565c409a31fc88d7f477de95e921533a5
civora,valcea-clar/site/runtime/artisti/bogdan-cioranu/index.html,4314,c13febf7660ddeb3d6eda10ee9bb77fe2404c393a1496e6793fb762ec0a4b0ac
civora,valcea-clar/site/runtime/artisti/bosquito/index.html,4557,eab68b56de3eb76ca0b8ba9ae5ee43fe1e1959f75ca3ef4a5077318fcb641f9e
civora,valcea-clar/site/runtime/artisti/brad-brunner/index.html,3889,8bec1b0e5f9bbd97b1ccb5c3d704a6862bb2ec09975b86f7366ae98949302adb
civora,valcea-clar/site/runtime/artisti/bucovina/index.html,4931,57cb66df733b251c3709dceecb2ca8b7b897512317ab8c8bbccc8d9b44ced3a4
civora,valcea-clar/site/runtime/artisti/burning-rope/index.html,4463,4c37de54ce79f382d21679f12b7c6b0d1c5cc9c28d75cb3d948275d819a5132a
civora,valcea-clar/site/runtime/artisti/cargo/index.html,4208,7ffe3b231fed557c7840e0b9711dd3352702f3b8c4f9fde915ebb3efbdc1dbd9
civora,valcea-clar/site/runtime/artisti/carina-aghenie/index.html,4252,4ac0f7a31988aecc11d0062346eb732d6854f57ec043adda43ce113b1fbf89fb
civora,valcea-clar/site/runtime/artisti/carolyn-wonderland/index.html,4698,2c9c27b65d49961da28a449031c01dd7e78485bd2b7a8f068371437542c1a4a2
civora,valcea-clar/site/runtime/artisti/catalin-iancu/index.html,4320,f559f69bbb39bd56f76ae3369ebb070e029e4ee3c584c601ff14ca06878a391f
civora,valcea-clar/site/runtime/artisti/catalina-sima/index.html,4377,569e2554f6049249fadaed3f14d2ea1a9f9e6b67792e4401bb7308d4f36689dc
civora,valcea-clar/site/runtime/artisti/celelalte-cuvinte/index.html,4589,ad08dfc9da48016c39569f79b2fa67ee5403c9c2f6f79298d6f8f5caa3609ae1
civora,valcea-clar/site/runtime/artisti/chris-cheek-quartet/index.html,4015,64bf82708ceee0ce55e52f86a044dab5f13d1aa4529e76eef6ce9091709a65d1
civora,valcea-clar/site/runtime/artisti/ciprian-nita/index.html,4365,267de07141c69d34772367033d140d7d60c081ac960f19ab4773dfc1de695226
civora,valcea-clar/site/runtime/artisti/coco-montoya/index.html,4603,4967fe9d8229ab8214f79f7d291cdc2deaa11dd7dbb04f7109fcdd15e3a5af45
civora,valcea-clar/site/runtime/artisti/codrut-dumitru-scurtu/index.html,4411,99deea90c09a9d2db7eaba6e4ff14db37c79e73c3923c28eeff143c08e68190b
civora,valcea-clar/site/runtime/artisti/codruta-rodean/index.html,4320,2e67efcd29fee088120e3a55922814cd6d22b4ec9a7416d01f04ca6c1ba004b2
civora,valcea-clar/site/runtime/artisti/compact/index.html,4743,110ec53e8ee36fc84afb95eba4d607897fc00937cc22397598f5cc37430c13aa
civora,valcea-clar/site/runtime/artisti/connect-r/index.html,4513,5167a65daa852985d67f971ff9882df3d49b74427c9bf4dc9b8c7ae1fdd3463c
civora,valcea-clar/site/runtime/artisti/corul-euphonia/index.html,4248,b75ed89c76b847aca26b5d3f24d9a351520b0f13e6e4d7d17539d9d8f2220c46
civora,valcea-clar/site/runtime/artisti/cristina-hanes/index.html,4320,70092afcc4dca9d3b0064636a1619eb854d1ee5e63b88b73350490547ff198c8
civora,valcea-clar/site/runtime/artisti/danielle-nicole/index.html,4886,b1d9644e2bc979f43dafb7c143878868d171557e2803b160e67b6894cf572d7c
civora,valcea-clar/site/runtime/artisti/dave-andres/index.html,5076,eb2bdbe35f044ff96ff4cdd87e00596f5546fa0c17db7a8c52099d5beb9aaebb
civora,valcea-clar/site/runtime/artisti/david-crisan/index.html,4308,c6e1691ca08bf38d1fabd30eca55bbbc6ba7b3627b834197d5f382dcb705a9c8
civora,valcea-clar/site/runtime/artisti/dawn-tyler-watson/index.html,4509,4291cfabda202787cc56133da45ef754cbdb1252bccbfd0bcf4e2b56069a363b
civora,valcea-clar/site/runtime/artisti/delia/index.html,4950,3e578a12ecc77da4a5befb4e9c119aeb53d42029446c56b03719315d5b04b010
civora,valcea-clar/site/runtime/artisti/dirty-nano/index.html,4637,af3e56dac7f19530a2fee6cee10408f38548d53b1117470f6d1dd8491250ab41
civora,valcea-clar/site/runtime/artisti/dirty-shirt/index.html,5062,76bc0ff409b2e168cc29ae1ac1df919c7e5c1b422f6f8bcda7c10eaf20507796
civora,valcea-clar/site/runtime/artisti/dk-harrell/index.html,4243,c58a94ac600fa9043024c82235eb571d758ffef9eb572f643fc920aeff223936
civora,valcea-clar/site/runtime/artisti/dora-gaitanovici/index.html,4637,dcba2960f17e98e52a690747c566b8b0fffdabd2c07602507b7211dc8906a159
civora,valcea-clar/site/runtime/artisti/dorin-farcas/index.html,4460,0ecc838ce29c0b2d0af89e800c2904768ff6fb8cb8f665fc54ba184be8655b35
civora,valcea-clar/site/runtime/artisti/dumitru-teleaga/index.html,4326,3daf1fdbc378515ed724bbdf5813741b7bd3b93bc3e4a197c70161ac70c013f9
civora,valcea-clar/site/runtime/artisti/e-an-na/index.html,4220,7c0e1914229463475df1e53532adef4824e40dc37d235280830a3bc823ebe22e
civora,valcea-clar/site/runtime/artisti/efi/index.html,4138,f099d0a9ebd26c6cc2b4c7602c8c9d5f8b7af96aa0486542dcde12fe2a2b0de1
civora,valcea-clar/site/runtime/artisti/elena-pavelescu/index.html,4262,a1f7be74617510202e5893e0178c65dca2c39e49ead9d1aae27c733dc0b473f0
civora,valcea-clar/site/runtime/artisti/emilia-dorobantu/index.html,4599,db8359498627e561e63bbe22f5936503b67acba7477731ec8c03479d1f37be95
civora,valcea-clar/site/runtime/artisti/eric-gales/index.html,4757,4120112010b73479b0b8d616c1ea493d003274d9aaf7ff9d424111a30f472983
civora,valcea-clar/site/runtime/artisti/fantastic-negrito/index.html,5108,f0c127b61ba61b293c2526b5faffbc0836a14b5d6ede9e5184ee6f63a8cb7dc8
civora,valcea-clar/site/runtime/artisti/filjazz-pitesti-trio/index.html,4247,70636e8d72d9ec676b92fb7ce7887ee78de6a8dfd71733d42123fba3bb2a9225
civora,valcea-clar/site/runtime/artisti/filofteia-badea/index.html,4320,ca6bba4b9a7fb645b2b45b8135b70f2cee21810653a39b46d058a23387a94450
civora,valcea-clar/site/runtime/artisti/flavia-nitu/index.html,4244,4ac0ac43b1df71c0ba893c784a8a2bd5a4dc64f9213c6f6a8e241234b9256066
civora,valcea-clar/site/runtime/artisti/formatia-dan-limbasan/index.html,4374,745acd999ed2d34fea054f1119554f38749ea25429092766b7f51aa30c9258b4
civora,valcea-clar/site/runtime/artisti/gabriel-popescu/index.html,4365,93f90c899272c9add457cbf10e3b0617cb65fb6a89fa718e9bc3793e854b3de7
civora,valcea-clar/site/runtime/artisti/gary-moore-legacy-concert/index.html,4329,cb6315adac970c4213a0e835fdcc2335b3804222a30f764e854c229d232d6923
civora,valcea-clar/site/runtime/artisti/gelu-stratulat/index.html,4252,498a93ad60576b3e0d7bc394bd6e6d38da112a31a4e132634259b07f022bb6a2
civora,valcea-clar/site/runtime/artisti/georgiana-lobont/index.html,4085,64d912c43e94b3d27462bb323c4849b6aa7198ef8fbeb298569952c7d4d9c10d
civora,valcea-clar/site/runtime/artisti/georgiana-paducel/index.html,4278,dc853714d5b19e8b1a4e1d4491b2a928453698980d2ae126fcf65ad048c23096
civora,valcea-clar/site/runtime/artisti/gothic/index.html,4214,3ddb870113c1ad14e1e656db5675ad5d868789700ccf08b69aee0145be941215
civora,valcea-clar/site/runtime/artisti/grigore-teaca/index.html,4258,d5b849ffe7aeffe742e13202cb630b0dbbbc4102d3b80b02e40da787bc7769cb
civora,valcea-clar/site/runtime/artisti/hanno-hoefer-raul-kusak/index.html,4349,b76f2660e6d91af5f118401b92ca6f01dd00e48ad587657f1892b1172594f8ec
civora,valcea-clar/site/runtime/artisti/hvmza/index.html,3990,f59a0327db4ab1ba6571b7e0a5b62d32c0da22930302ca3b55e490f4dc30d005
civora,valcea-clar/site/runtime/artisti/ilia-rusnac/index.html,4444,239a2853ff6ea4f851102d9143edd06672c1565757ff1d73076b844185751b23
civora,valcea-clar/site/runtime/artisti/imago-mundi/index.html,4741,73933d1bb6f8c1351e7a7d6d40328d0761702830cd0ae5c97542e55fc3977094
civora,valcea-clar/site/runtime/artisti/index.html,30033,f4632f5fe4853b3cf828d827d222407e10565dc91a63f7d08205d15a95eabe81
civora,valcea-clar/site/runtime/artisti/ion-marinescu-tzurla/index.html,4258,fcf234238d1bc77547066e0642809f20380fe5c25691864be86b5d3d0d121ccd
civora,valcea-clar/site/runtime/artisti/ionut-fulea/index.html,4195,7465db83c0f41a4b6d8c01de8e30bd565e1fc3eaa803db634055270c8e42761e
civora,valcea-clar/site/runtime/artisti/ionut-mocanu/index.html,4355,0d08485b4c1657dc12fb67ed820c846364e264b21b7248c21d4b1cc93c794fcd
civora,valcea-clar/site/runtime/artisti/irina-stratulat/index.html,4254,2389bdd827ca78579224333526996db99157fc01d9645f9eef8440509f8aaf1b
civora,valcea-clar/site/runtime/artisti/iuliana-beregoi/index.html,4614,24b2b34217fc638fa641024e7138a83b2eb72d9e70bb07c0c62e2ae7dfc6ec4e
civora,valcea-clar/site/runtime/artisti/joe-rusi/index.html,4544,5c086dc93bf1b4f07b2cad178a02a42377aa0e7589b5069836b9faeb1c4b6b1f
civora,valcea-clar/site/runtime/artisti/johny-romano/index.html,4531,52b4d481bec08dee3f70b6d28d664bb804906d77904c8ec22f5f01fc72efb00f
civora,valcea-clar/site/runtime/artisti/jose-ramirez/index.html,4253,c24159cba1f0d56542479ccf9a4e94658cc6b2bc9f75e3914bc74d4d21a9ace6
civora,valcea-clar/site/runtime/artisti/ken-valdez/index.html,4243,5c3f404a365e93a4e867910c93dd407c52a5c47f408acf34d840501f73b0a25c
civora,valcea-clar/site/runtime/artisti/kenny-wayne-shepherd/index.html,4955,88710c27500cf53c19730d72c3216edfa0d627d72f15b6a28c9aad7ccec2e379
civora,valcea-clar/site/runtime/artisti/kevin-burt-big-medicine/index.html,4349,9103ff194255d97d90cdd4fcc86c2772aaddb49d7bf9157ee56d8c8454994eba
civora,valcea-clar/site/runtime/artisti/kitty-daisy-lewis/index.html,5134,e969c166a837f1168cc348b924b0750b895f1aad01df46dfe563c7797f1ba264
civora,valcea-clar/site/runtime/artisti/koszika-the-hotshots/index.html,4273,b1d58955f878126b1490e77b05b901886d0963a85953d5bb6301ae0ae5dcae60
civora,valcea-clar/site/runtime/artisti/kov/index.html,3833,ec44d82344d2327851f2aaaa28490ef09fecc0bf4b0bb0a094bbe0fa5b96f99f
civora,valcea-clar/site/runtime/artisti/krissy-matthews-band/index.html,4301,fbcaade38582480ad6d66b21139b2ae924924d45ac8d1ad7eb8b5bb208138e47
civora,valcea-clar/site/runtime/artisti/leo-de-la-rosiori/index.html,4264,60942f725560042d801d3e7cba5d0b1b0361d4b1f2fc80bf3b7e007e77826786
civora,valcea-clar/site/runtime/artisti/lidia-stratulat/index.html,4266,398c4c66965a77ddd46d6d03c05926430bc3ef6f600cb963caa47ff87a8bd52f
civora,valcea-clar/site/runtime/artisti/louis-king/index.html,4243,00c26cade893f08a2d1ea790e15e211fd6d28d92f09e587c68ee5ce74087535e
civora,valcea-clar/site/runtime/artisti/lovebite/index.html,4226,955c6eea10b4bcc535dfd187ebc21a6eb1c78cc2686fa8e25c6df661b4306569
civora,valcea-clar/site/runtime/artisti/luiza-zan/index.html,4184,5db0bc6cf60035afcf159c6111f771bb30f7e05e6892f691c02b4aaa63ad2533
civora,valcea-clar/site/runtime/artisti/madalina-floroaica/index.html,4407,9534207c77331541d5673a3c925a418e76f63f6e00a28d7f393306c2e24b49de
civora,valcea-clar/site/runtime/artisti/mahony/index.html,4177,60e8fc3668816c6467aa710e3f5d4c2fa4166ed123ef348551f511f5da6c67d7
civora,valcea-clar/site/runtime/artisti/mara-halunga-trio/index.html,4225,0d4bd8f540dca94f5d890b9b0f91ec1cbca18a0c371765884a6a77c65bc3e8c5
civora,valcea-clar/site/runtime/artisti/marc-rayen/index.html,4178,6a92be5b44f0f3574261e39e2885473464f6bb8a2c1640f9c83f6b4734f3221e
civora,valcea-clar/site/runtime/artisti/marcel-stefanet-ethno-republic/index.html,4382,5acee989b9ebda57ff6bcaa111218b19911c7cd97895012545f05bd33e39603b
civora,valcea-clar/site/runtime/artisti/marco-bartoccioni/index.html,4283,5a36b62fdd65c0ba9e131516a937c4a3dc4193327b81641301aeae52d9ffb5ca
civora,valcea-clar/site/runtime/artisti/marian-badulescu/index.html,4332,cc0361889a32292a35529d717bf5846c9f0fa75a2d898b6bb175eb6da1b9251a
civora,valcea-clar/site/runtime/artisti/marian-zamfir/index.html,4266,05ccbc297cf9e60d4ec4f6e2ac0238e0b7542aa1443b38aa94099190a0e81a80
civora,valcea-clar/site/runtime/artisti/mariano-castro/index.html,4098,da4d115fa0c108885de5436cb61af669c2cd8274a85fa80e5d4417759819fb97
civora,valcea-clar/site/runtime/artisti/marin-cazacu/index.html,4326,0cda20465586b410d088b7335b39aeda1001f497e85e5e95bc0b957b3a42e83e
civora,valcea-clar/site/runtime/artisti/marius-tugulescu/index.html,4332,2581d45059390d74707e2e351fbceb66841b6a067355a2ef2d827874d479836c
civora,valcea-clar/site/runtime/artisti/marquis-collective/index.html,4231,c86712bb8415c60a05da823b72c073dea2136eeeb4b7c17c1d3a459e57fdfe64
civora,valcea-clar/site/runtime/artisti/marsdelux-by-marina-arsene/index.html,4277,aeeefbaf7ee77d6c612d8c8f8eb221601cc0948dd752401bf311cc2dcad1df9e
civora,valcea-clar/site/runtime/artisti/medeea-vinereanu/index.html,4326,59fa32e7b6bc9172dd58c765842c0da954185f13f101789410adde3f42d71c3d
civora,valcea-clar/site/runtime/artisti/mihaela-mihai/index.html,4365,16ab1a565f581652af60b33545debb0d65062bce13f584b22b3aeaa6cf6e7aa0
civora,valcea-clar/site/runtime/artisti/mihai-rotariu/index.html,4260,ca8fbf9c62884e76dd08aa8e855ca9771fb1f019511a387dfb2e26024969c6a9
civora,valcea-clar/site/runtime/artisti/mihail-titoiu/index.html,4314,c3c40f1f2ca280fedaef1b561dc2d762aefed304bce866b5859fb60d6e84e12d
civora,valcea-clar/site/runtime/artisti/mihaita-barbus/index.html,4344,dc84b7e8c6abf3b674c545b4c96d795e6a64dc8e75549e7b2770f04b08884980
civora,valcea-clar/site/runtime/artisti/monica-valentina-scurtu/index.html,4421,a2dd4d858c9f65b4dbe4887c8a4a6f48ac6e4b37766ebc316582150a38e0997f
civora,valcea-clar/site/runtime/artisti/muguri-brancoveni/index.html,4240,29002d7fe41c9e2c9ac9b8c94ad1d3c49dc081edb53475c60ccf8e599c07cc82
civora,valcea-clar/site/runtime/artisti/nicki-m/index.html,4198,c9c4609518ecb487a0199e5abe74350104bb7d1da2183517882d562e653b2c74
civora,valcea-clar/site/runtime/artisti/nightlosers/index.html,4223,cd1100c268759c4cbc344d6a5724ec6881163a269aa1576bc7dd5a157362d3ee
civora,valcea-clar/site/runtime/artisti/octavian-dinca/index.html,4373,832ec22e0f6e227811acdcb2f5166bf776bf21563b993b83b6b216076c619acc
civora,valcea-clar/site/runtime/artisti/olga-barabas/index.html,4190,8bf2de972c91f780441ae563a87a12ca35315bda0b12378406539c63b32f9d02
civora,valcea-clar/site/runtime/artisti/olimpia-deaconescu/index.html,4395,87b928f24f5a71b039b9bde780d25c2adddd27f7d08953da3f530da347f8687f
civora,valcea-clar/site/runtime/artisti/olivia-trummer-trio/index.html,4360,9d5b48414d26fcf729b4074f057ec593f051d002c9bcc175e6b5ae82a631152c
civora,valcea-clar/site/runtime/artisti/om-la-luna/index.html,4933,304dea720cfc1a1a7729fd7323bebe864add9e0c3c96bea0c11eabf7a4870943
civora,valcea-clar/site/runtime/artisti/orchestra-rapsodia-valceana/index.html,4338,df39c9b96fe04ab4462fa5eee04bad217e9277e9f09b2ebf237b4979a9fdb5d1
civora,valcea-clar/site/runtime/artisti/orchestra-simfonica-a-filarmonicii-ion-dumitrescu/index.html,4470,4cf7d559090dd4d5788c6821ba7708124a85091532eb0af3ae867e50c9132641
civora,valcea-clar/site/runtime/artisti/outflow/index.html,4220,ad7c63ff61dfd02a4b511721ff71af850fd8ab4984025d4bdd55385dfe081589
civora,valcea-clar/site/runtime/artisti/overburn/index.html,4226,3c30681954de72bad140559fdb18313c0d85cb6c3619a085fb66ac924388c6b0
civora,valcea-clar/site/runtime/artisti/peppe-citarella/index.html,4358,5cf14d1b3ed0127a2e5a10b8fdc63aeec97773360e600e5752b9f57ec7472969
civora,valcea-clar/site/runtime/artisti/peter-kern/index.html,3873,2588ce6c9b6f4e7185ad8b49f1acbddc5d3d97f64a5ad780450c02f9b2220782
civora,valcea-clar/site/runtime/artisti/phil-jazz-band/index.html,4262,8021501a7f88221e975dbcb00134859ddae7b91174f4a8b58ac94203cf9d493d
civora,valcea-clar/site/runtime/artisti/phoenix/index.html,4220,385e90d3bdd3f39831c15db04bae58ba55db3ff9c5f5e88e2bb323b75e065c99
civora,valcea-clar/site/runtime/artisti/puya/index.html,4180,d91b2a7a506b8ceee9c4471a6023bf3c52f6813b0707a9b655016fbfe9babbc0
civora,valcea-clar/site/runtime/artisti/razvan-florescu/index.html,4221,e9ca485715020d3cfa7a675a7c5e44ddf699ea90e89cc37080a1748b54f9933d
civora,valcea-clar/site/runtime/artisti/reman/index.html,3949,59d8d3f7abb02261fd3a4157d724c4effa6d9e09fcf005d894c090f81f81cad0
civora,valcea-clar/site/runtime/artisti/revolter/index.html,4226,5b4290562fd0c2a1eb81ddc427ae1071231147152549859bfbd11b6b5f6cd788
civora,valcea-clar/site/runtime/artisti/robbert-duijf/index.html,3897,77746b70655e2d84bb2daa2a09bae3f8c15c9aebdac58986933c35fa30801668
civora,valcea-clar/site/runtime/artisti/robert-finley/index.html,4782,d5bd2a0b8a610613d61eecc6dceb8fd055182e3c33940d653cdd73a76fffff35
civora,valcea-clar/site/runtime/artisti/rodica-popa-comaniciu/index.html,4362,97ba43e88493f0ba2da6e56bcf6f7fa5414fda0787749ca2ac8011b3d14fb032
civora,valcea-clar/site/runtime/artisti/roger-correa-quartet/index.html,4241,3d2d18f91ceb91c08a63f95ee8c91b2c637d4c8b90bf0d36fa2953cebf796411
civora,valcea-clar/site/runtime/artisti/romanian-youth-jazz-orchestra/index.html,4295,c257c8b30ac56768da352e4208949c5dad08a565c7d58bd3f6be314257b97d6b
civora,valcea-clar/site/runtime/artisti/ron-hewitt/index.html,4216,150d41bc1de06f2911b39da51b96c8b12a6801f5d995473c9b116f7dd1d59da2
civora,valcea-clar/site/runtime/artisti/saguna/index.html,4154,49ffa5762c62c599e6fe8a2a066f010352966f62647b3975a49c9e880a4edccf
civora,valcea-clar/site/runtime/artisti/sakis-dovolis-trio/index.html,4166,b45b5532aeaafe47dd3667374a34aa89c1bf06e5e3a5b5ad31eb417cddc52cd3
civora,valcea-clar/site/runtime/artisti/scarlet-aura/index.html,4895,2103e93365430947ea711b92f6b1c5b90ac087e0367818b7e8a256bedac979fa
civora,valcea-clar/site/runtime/artisti/simin-tander-quartet/index.html,4241,e6aa8a4d072bbeebce399ff0def7c48ea76e0c7594f3c0cc6ab3e7a6f3d78bb5
civora,valcea-clar/site/runtime/artisti/sllash-doppe/index.html,4535,650d5b5604b5434aa164d73761a1380f2813ee5624640ee0045e2b334b3ce12b
civora,valcea-clar/site/runtime/artisti/stefan-savoiu/index.html,4320,f1495468c1d233f9f8c6fc023d0f41f04c3ccca5d86974f6ecc51cdcf7921153
civora,valcea-clar/site/runtime/artisti/subcarpati/index.html,4840,f2477651385bdaf72d3b07f530e9f4d8f086d880f9673b826babda6d4e9c4a57
civora,valcea-clar/site/runtime/artisti/sugaray-rayford/index.html,4271,ef66c453fadec6ee9171ce2a3d5feb6fbe53229d96845f7f6e6081e285047dc2
civora,valcea-clar/site/runtime/artisti/taj-farrant/index.html,4280,f0e2cb711f547a93efec303bfecf156d8869ff45c2490c4014b0c7baa15a9faf
civora,valcea-clar/site/runtime/artisti/tereza-catarov-quintet/index.html,4253,1bc8db5923b34ffa199987802250b159db0f981775d9e1f55a1cdf170e6e95ee
civora,valcea-clar/site/runtime/artisti/the-cinelli-brothers/index.html,4527,48dae60c7e3a8c131a1c21ca5d3877c525a75ccf362f68b042533a2857e23e08
civora,valcea-clar/site/runtime/artisti/the-see-see-riders/index.html,4289,eb96fe28947185845d98e9bd07ebbdf503f48a92e43566944fac41c7c7fa96c3
civora,valcea-clar/site/runtime/artisti/tiberiu-dragos-oprea/index.html,4294,af5953b277c96ec2d220cf9c56863d153de6f2b737df84a163f261c0c4073164
civora,valcea-clar/site/runtime/artisti/timpuri-noi/index.html,4693,f29a10bdc12a973b73a8e3da1b3ce4dddb435642694a3738501b1f1425376fc4
civora,valcea-clar/site/runtime/artisti/toby-lee/index.html,4233,1f2d8d5dffd9ef8cb23e1e778aaf45a6f23625f093604bba658bc12981e8ad46
civora,valcea-clar/site/runtime/artisti/trooper/index.html,4220,1909719a4af284ef084dadc569c93918e41981a73a1e42e7e2926bdfe83095c5
civora,valcea-clar/site/runtime/artisti/tudor-deejay/index.html,4228,1e34b8b2ba5ae08ec995fe9726e2b280d325140168de5ced285a0bbc96efb5e1
civora,valcea-clar/site/runtime/artisti/urban-lautaresque/index.html,4270,c68bf43913b5e209bd8519e979ff9cd3e7452ac0bdbf5382ef3b0c516f8eebf5
civora,valcea-clar/site/runtime/artisti/valentin-sanfira/index.html,4228,8f82a757eb671f09f11ecb8ce5778da15fec6cf25e958dd115aa4504709039e2
civora,valcea-clar/site/runtime/artisti/valeria-maurer-quartet/index.html,4253,d1579b0a7526d5837e8e314646ad5dfa0e86dbc2c094e5dff6ee316f40f91a87
civora,valcea-clar/site/runtime/artisti/vali-vijelie/index.html,4877,aa002c32de64b0f06682cd278b1bd3e479a08e27404f6b7db5bf75d15b5dda94
civora,valcea-clar/site/runtime/artisti/vanessa-collier/index.html,4482,3688781395221faafe7f523946e1376072d13e4d92defef1a525b139c56e2096
civora,valcea-clar/site/runtime/artisti/varer/index.html,4186,c45c416c224fd4a00a10eba23cff7e90f08a9282ad19b864a07eea65950d3bc3
civora,valcea-clar/site/runtime/artisti/vinyl-paradise/index.html,4265,f8c36e027d706b10e45b06d8cd5728db29554963cfa7ffc5cfad0902fa015657
civora,valcea-clar/site/runtime/artisti/violoncellissimo/index.html,4326,08973260927426b47d9d99e3e74f718263a84045374f8a7d250356cad1c8e9cb
civora,valcea-clar/site/runtime/artisti/yiorgos-bereris-trio/index.html,4241,f9e59697b9fefa96214a4bc276385522e62c3300a80eb30d4eb7a7157b7f5402
civora,valcea-clar/site/runtime/artisti/yugas/index.html,4215,432244dd0798fda5bee5fd11d5872c5095fb2952d60ed955c6c5ba22ea6c7f9c
civora,valcea-clar/site/runtime/artists.json,254183,5a275e65839cba1e4d828788bb6eb8fe1842881aeddab6e4afc93bbfb41cfe48
civora,valcea-clar/site/runtime/clarificam/index.html,9307,e7b2118684a3be07eaf2683b94fda55268c3980af793a8a37f8ca8586c630657
civora,valcea-clar/site/runtime/clarificam/restrictii-calimanesti-22-septembrie/index.html,10354,57f392a58413eecef6f46f3b9c2ef7ca55ee09f5567adf34d4dbcc8e7c7bb86b
civora,valcea-clar/site/runtime/clarificam/somaj-valcea-august-2026/index.html,11348,d359d353bd076b5a55f3b8430533f165a96963ac35c0f2f37b58f36ad4282e97
civora,valcea-clar/site/runtime/confidentialitate/index.html,13587,69df9a0db7b0ff46bbe4139fca54e0bafd8c7355e0c82067cf4bf89066537fc0
civora,valcea-clar/site/runtime/corectii/index.html,12407,600c6a0e508a726ad297ebfa067e0413206d076f8fcdb117b6a0e591f7f9d314
civora,valcea-clar/site/runtime/corectii/registru/index.html,8780,e31607802639ffb449df16cded17141f72c2497d4428dfff22e7ffca9d30f71e
civora,valcea-clar/site/runtime/despre/index.html,9828,aa1bb3bc0240d87daade8cf7808dd5774276f46a08cb24d8579329fa83253af1
civora,valcea-clar/site/runtime/dosare/index.html,9084,d88e90717607ebc5db519efc2e781ba84ce6bc80c564aace5841864f367615de
civora,valcea-clar/site/runtime/dosare/open-air-blues-brezoi-2026/index.html,11895,67c2649e8bff75c5564e9d3d4d2b1a63182c4b99bb9cd7cecf136302f8b2a88b
civora,valcea-clar/site/runtime/editia-curenta/index.html,7879,fd7abb978b0fdfc5d1f0e05d6b4ad1547c710131a545bd78bbac3a787835f97b
civora,valcea-clar/site/runtime/editia-de-dimineata/index.html,11776,79becb606ba4901c210d7ab5fea0706c2b969cfe4002c81c449b708972b770f1
civora,valcea-clar/site/runtime/editia-de-seara/index.html,7879,fd7abb978b0fdfc5d1f0e05d6b4ad1547c710131a545bd78bbac3a787835f97b
civora,valcea-clar/site/runtime/editii/2026-08-15-evening/index.html,14613,4ef5a9056dd21adf0bee6e83f89da30ba4af48659f7dc2ab5cecde4fca1a66f6
civora,valcea-clar/site/runtime/editii/2026-08-15-morning/index.html,23828,bbc5892c230a7dab7dffbb7b43f4a6eb3abf43fe03388f0434aeff057f205ab5
civora,valcea-clar/site/runtime/editii/2026-08-16-evening/index.html,12124,671fa844fd50bcf286619e7f88524a1184760ce4b89dd004c3ce4838ecee6ec5
civora,valcea-clar/site/runtime/editii/2026-08-16-morning/index.html,12149,ebdc6a93764b2666babfcd27904926068d570140772529d575b66296c4138182
civora,valcea-clar/site/runtime/editii/2026-08-18-evening/index.html,64892,297525f0f17089c1bcaab9bd76d1acc0cfe02b40bc8888a226c4ffaa4ef21a1e
civora,valcea-clar/site/runtime/editii/2026-08-18-morning/index.html,10930,c17462be911104fd3472603833c832da523f5be5d3bef6d3b556899b49ca903a
civora,valcea-clar/site/runtime/editii/2026-08-19-morning/index.html,63782,648848e5b5abbfe349cc7352f646e0a822b8f1024644278f18d24bb023c4e1be
civora,valcea-clar/site/runtime/editii/2026-08-20-evening/index.html,69279,e0a7b6f49dee97a9fb7476ee06d85b8bf8e1ccfc92c6c4fcabf62a0edae93198
civora,valcea-clar/site/runtime/editii/2026-08-20-morning/index.html,64518,2097c6db0b740851c32cdf30a4818312c03353b479d63e0f99d5773409a615cc
civora,valcea-clar/site/runtime/editii/2026-08-21-evening/index.html,75234,2518b4860a2a820214df46897ab241580db431a4d2f734211db777f2d8549a46
civora,valcea-clar/site/runtime/editii/2026-08-21-morning/index.html,70784,cb347727dd74eee2aebd3aa0a517c7341fd3d0ca2717d213bc278662fd73849d
civora,valcea-clar/site/runtime/editii/2026-08-22-evening/index.html,76021,81d989d5598ce75a774476589a09291399505584b551ee5292dcadeeac199368
civora,valcea-clar/site/runtime/editii/2026-08-22-morning/index.html,77777,7267c8bf1495cba4790d7e31ad3e27452872cefd1473989ccab71a331ec5cc48
civora,valcea-clar/site/runtime/editii/2026-08-23-evening/index.html,73765,04f87e7d9190eb8e4137a89a3d835265c53fed193d0e0d5a372d1e6b455ed848
civora,valcea-clar/site/runtime/editii/2026-08-23-morning/index.html,75832,de104ed1e945be023a94e292c136fb57ca75ded998dbb88a2baa8b79e48fc59a
civora,valcea-clar/site/runtime/editii/2026-08-24-morning/index.html,76846,3b1b805d7b761601845a285dd1f135c92499488d64d55bdeb0b07810ef8a9d15
civora,valcea-clar/site/runtime/editii/2026-08-25-morning/index.html,74809,1b24b4d7099c748a8988a98813c3e00d53fec12798ce9d164e94986495014d38
civora,valcea-clar/site/runtime/editii/2026-08-26-evening/index.html,74653,b82bf8dc877a3972e6ba949236f45215d40abcde244bfe81f873f2988a357ad7
civora,valcea-clar/site/runtime/editii/2026-08-26-morning/index.html,73279,7eaf623485473c2c52302d242f2ee9d183135e963cb8c154647a19ad790878e9
civora,valcea-clar/site/runtime/editii/2026-08-27-evening/index.html,78113,89d3f4001dbbe452781a1f5e22542010830637b7852e1d483f47a3caa1a1b4c5
civora,valcea-clar/site/runtime/editii/2026-08-27-morning/index.html,79435,27e493f47aca8e1ff17d312c52156d388c78fc09da3fbb6d437c5fb5aa4f726f
civora,valcea-clar/site/runtime/editii/2026-08-29-evening/index.html,77585,aadeabd446ea86461019ba433fae3da77f62df7fdfec10245872586b416de056
civora,valcea-clar/site/runtime/editii/2026-08-29-morning/index.html,80406,5a4125e77834f37aabca75fbffdfb7ec197c7991a65d8f98748ac8bb56a6cb4b
civora,valcea-clar/site/runtime/editii/2026-08-30-evening/index.html,79163,d1c79a2735ba012731dc599b85b8ddb319899ad39b31cf2d6ef02cb2c1d7bd38
civora,valcea-clar/site/runtime/editii/2026-08-30-morning/index.html,76645,f3fe53d718092b2378759206602c72c2dae767a27d5af26d109cdb175bce7dce
civora,valcea-clar/site/runtime/editii/2026-08-31-evening/index.html,80408,433d8fa5c4492123501cbd9e5fa4df4e74a4dc66cedfe5c2dea22ca7aa0437c4
civora,valcea-clar/site/runtime/editii/2026-08-31-morning/index.html,79188,a6e6ca6b44c90c6becd9a92259a5202fbb8b366c5c1e2c14ece5ab5f9df40dab
civora,valcea-clar/site/runtime/editii/2026-09-01-evening/index.html,76296,89780f2dfee7965039b73961c5032753c07c17e5eae2697e71dc69e2210d1464
civora,valcea-clar/site/runtime/editii/2026-09-01-morning/index.html,80245,62cd1df2eddf922966a68de4307372290d712228a140f65bd2661e1d810cd3be
civora,valcea-clar/site/runtime/editii/2026-09-02-evening/index.html,80253,643ccea1585fe39460e18b6c1fb299c3955bfd7649d926262fb6898b9cdd6219
civora,valcea-clar/site/runtime/editii/2026-09-03-evening/index.html,91656,cb913129484b7d256c1d745f2ef50659db57e8b82c302dff4cbc596ccbdff16a
civora,valcea-clar/site/runtime/editii/2026-09-03-morning/index.html,90157,c410c3f96436b8c32ccfc33b61edbab496f8b4a3c5a72ebb3ae5e918a0a56ed4
civora,valcea-clar/site/runtime/editii/2026-09-04-evening/index.html,93799,9496697d5e84ad6fa8b49dea1321e8d56ebbc38ee82cd3ae90efb2e7b850a6c9
civora,valcea-clar/site/runtime/editii/2026-09-04-morning/index.html,89445,8074a7617f53fc46dc874a21d0d3cb42ae489b701c97e189f700a4d9f661fa1e
civora,valcea-clar/site/runtime/editii/2026-09-05-evening/index.html,97054,8bd04ba350e240fb0e33dc3cb2a380281cd56dbbbef3a6b5c7bb72d2cb486737
civora,valcea-clar/site/runtime/editii/2026-09-05-morning/index.html,91216,2d230f4d39f0bcff017e113befb1e98442ad44e3c38e4c74d46b90d38cebcd26
civora,valcea-clar/site/runtime/editii/2026-09-06-evening/index.html,101885,64a5f739af7aa59bb5538b250c4a5edfb326ab22637dd3bfddc0fff34ffa00fd
civora,valcea-clar/site/runtime/editii/2026-09-06-morning/index.html,105976,70d7d1a06e55c9ccc6185b1c1b4cee018a9ae47471efbd6c70952a11c6173426
civora,valcea-clar/site/runtime/editii/2026-09-07-evening/index.html,96981,9d59b11383e48aab26e249a632b4166da0ec9180695188b4278b14eb0d175d59
civora,valcea-clar/site/runtime/editii/2026-09-07-morning/index.html,97325,88b5294c77a8ca195014cb495e5a5115292e039f5efe14534dfdf06038a0e391
civora,valcea-clar/site/runtime/editii/2026-09-08-evening/index.html,97512,1f2a0f425d5b3f926736014dc333d0c85ecb5d9986a62ed52461383fc7df2857
civora,valcea-clar/site/runtime/editii/2026-09-08-morning/index.html,98818,d70e1c9d326ef756afb799f74b1c2004c3880a0b293b736e9830090488404078
civora,valcea-clar/site/runtime/editii/2026-09-09-evening/index.html,97266,afbe8a50ffa2072841fecd8e804c12a0ffb6f1e74d5cb6e01a35c84d19dab864
civora,valcea-clar/site/runtime/editii/2026-09-09-morning/index.html,94598,87367500fced77ecd76f2ab03be09f616d9f0db2f1b7e05680f5f121fd536f1f
civora,valcea-clar/site/runtime/editii/2026-09-10-evening/index.html,95946,d7519661ac17f5f86ab7beb3c365b63812953cda58099542a7a2035af61bf284
civora,valcea-clar/site/runtime/editii/2026-09-10-morning/index.html,97296,4436e4d27b2a424238c7284dddf91014bac41b3174316e283e2343d47639016a
civora,valcea-clar/site/runtime/editii/2026-09-11-evening/index.html,93535,e7c01cb7b696406a83d15478bdde45f58a4c827a7d4c746c8a25b4637806a950
civora,valcea-clar/site/runtime/editii/2026-09-11-morning/index.html,93560,34d5fd1d9f9e976548b54ea2faf663056c6756d8dc4f7591afc890f979721822
civora,valcea-clar/site/runtime/editii/2026-09-12-evening/index.html,91392,9766c20bec0b0bba01918c12859ce8755617714f7a685b62d306f2c523f92a23
civora,valcea-clar/site/runtime/editii/2026-09-12-morning/index.html,92660,4b66f2a4799a6bfc47064ae4f147ce7c0ec891f72df15ef27bde519425bc5096
civora,valcea-clar/site/runtime/editii/2026-09-13-evening/index.html,88316,9e08033c02fd45b288280cfb70dfa6733bcf8f0d90eaaaefe8f4aef695c3057b
civora,valcea-clar/site/runtime/editii/2026-09-13-morning/index.html,89584,cb2112c4efb625c9b6d47d8de1e8e838404ddc3a17bf0280cb84586f9328e98d
civora,valcea-clar/site/runtime/editii/2026-09-14-evening/index.html,98231,e120595fe43f8cbfee11ef937e2626af7ab76528c4f4032c6b0a81b97af594ff
civora,valcea-clar/site/runtime/editii/2026-09-14-morning/index.html,88341,7a4b69117f08409b97bc3fe0d2d1405f5303d98a33cdddc3b9db67e154112bfc
civora,valcea-clar/site/runtime/editii/2026-09-15-evening/index.html,99782,cd58d6c52ab685f2128990565d50f2733fc3743d78907acb8cac5032854bdae5
civora,valcea-clar/site/runtime/editii/2026-09-15-morning/index.html,98256,b377b9317428bf8c0f0c3d2b20b6576e5732ec725993f440bf89845374e46a38
civora,valcea-clar/site/runtime/editii/2026-09-16-evening/index.html,99782,03345e58902ecc59fba188901be8b9ade96657b5c3ac200c1613c9d28b95b39a
civora,valcea-clar/site/runtime/editii/2026-09-16-morning/index.html,99807,36ccae798dc7c1f2f5f806c043c5c2fc9945ab5d8b2dae02f891de16ede701a6
civora,valcea-clar/site/runtime/editii/2026-09-17-evening/index.html,99782,e8d43c3579b3d9412c3d8aaa0cb397938efcb131f968ce6289c7a4962a14d406
civora,valcea-clar/site/runtime/editii/2026-09-17-morning/index.html,99807,a2ee28de003f8d5d6d23f9a9afc1407bc4f6b5f59166a985a72a4b0bcc145b34
civora,valcea-clar/site/runtime/editii/2026-09-18-evening/index.html,99698,08054f6e73aad47347e90ddf43ebf8eb6ddc04cb1e83d9e4ee27fa2a8a5e37ec
civora,valcea-clar/site/runtime/editii/2026-09-18-morning/index.html,101130,7db322fff7058fb17357992935fdb435378b1a5a404abfca97065536d2b5ab52
civora,valcea-clar/site/runtime/editii/2026-09-19-evening/index.html,98299,9401077986a614f53312f63e58c5ad07a64174061d5a42c650993c8572f848b7
civora,valcea-clar/site/runtime/editii/2026-09-20-evening/index.html,95907,b49fbbaec438aeaadadbb08c2cd724fc6798a3ac0bb0defab0614182309508d5
civora,valcea-clar/site/runtime/editii/2026-09-20-morning/index.html,96944,a17ce4fbbab21719d74d0604b84d7a777806df1894ffe732d0cc9e7cf13dcc4a
civora,valcea-clar/site/runtime/editii/2026-09-21-evening/index.html,88165,8ba5702f1ca1b51857b6f51f89d30737c4cdf64c94691c6b7997264599b01d90
civora,valcea-clar/site/runtime/editii/2026-09-21-morning/index.html,91653,7ebac8b7587ecdf96d773ba0fd07b3a361f8d48a8313076d1f4c73e7df8934b2
civora,valcea-clar/site/runtime/editii/2026-09-22-evening/index.html,92818,ffacfbe9423c21e6a7b13dc629c8f7a68924c121f919acb7d6d6436decac4850
civora,valcea-clar/site/runtime/editii/2026-09-22-morning/index.html,93678,6229db1338badb788b07e782309b02fb0e719bc86ebe3fd077945d1a86a52bed
civora,valcea-clar/site/runtime/editii/2026-09-23-evening/index.html,29200,5ac7c41edc35c9cc92a83eda7727e731aa53a8815ed99c160a4fc3334dc440ef
civora,valcea-clar/site/runtime/editii/2026-09-23-morning/index.html,86339,74a0f51917293997a767fd84d40edd43063aca29b4fc64def57e59df6f83dba1
civora,valcea-clar/site/runtime/editii/2026-09-24-evening/index.html,30661,4cdcdd7199e37910cd2e3bcdb5c7d07c1fdd8d50f60ed92e0b2d43edd707319e
civora,valcea-clar/site/runtime/editii/2026-09-24-morning/index.html,32101,d02e5eb686ca6508919b7764faacf260a46906de16f1748016d6179460d9bf35
civora,valcea-clar/site/runtime/editii/2026-09-25-evening/index.html,29283,b5093ee375afe5a5be3f43226af20242c00712fdf00bec5190ab98d7930c362d
civora,valcea-clar/site/runtime/editii/2026-09-25-morning/index.html,30686,02fe61dbfd0d35888c33419e522a07e98f2790f859262e5a35fd6de1f8ef47f3
civora,valcea-clar/site/runtime/editii/2026-09-26-evening/index.html,27613,9f0d2cb0d86055ee0e6489ab2127cb1f9b3a0f409bee75759a6c5cd9f49ed236
civora,valcea-clar/site/runtime/editii/2026-09-26-morning/index.html,29560,42344e56e4a1479504c0a426fe2c49ecf2616c5c56e016d9dcdbbd4fc30a089f
civora,valcea-clar/site/runtime/editii/2026-09-27-evening/index.html,26325,b382e21cb537115c41a4c5a8982f3fab141ad4a1ef57769432154c5133f051b8
civora,valcea-clar/site/runtime/editii/2026-09-27-morning/index.html,25144,a69f6f207b129e7f6e8e5c9f4c7b9553e1a5c7a607399ab4a508d8bebdb70d59
civora,valcea-clar/site/runtime/editii/2026-09-28-morning/index.html,31700,92d1a3465c36a8cd8cdb34cb37ce1fe802b6ed6777e4f6d1bce461a9a5b18902
civora,valcea-clar/site/runtime/editii/2026-09-29-evening/index.html,31469,e3c7967964e12613136742dce732a94e13ea96a518cc0adb464f4983c50d280f
civora,valcea-clar/site/runtime/editii/2026-09-29-morning/index.html,31700,bfaa19fe29c848331104656446342f9c291425b5ea1ce446f35f536983768175
civora,valcea-clar/site/runtime/editii/2026-09-30-evening/index.html,29176,994be6261d7d5d9c7ec44db3cdcd8c5fb805d1f812b4b630487aed0665ac1fd4
civora,valcea-clar/site/runtime/editii/2026-09-30-morning/index.html,31494,6366efef73934c5dc0c5ef604abeed4125d554c203fce32123b1e581857bec9b
civora,valcea-clar/site/runtime/editii/2026-10-01-morning/index.html,28023,7ae29f32399002f471a16905464944b6990251fff7b5079987b76cc4e5557d9e
civora,valcea-clar/site/runtime/editii/2026-10-02-morning/index.html,24771,acd59d6d16d7894907e90853fb4075fc9e7723c2eea5c2494356e04c90693891
civora,valcea-clar/site/runtime/editii/2026-10-03-morning/index.html,22957,50784d85897f902b86c95bbee2b3c523cccee1cb527ea6ccb7ea4c23c3309484
civora,valcea-clar/site/runtime/editii/2026-10-04-morning/index.html,21193,a03df571817e882514856d15eacffc4db61e6abbb29a98ff967e899a925608e8
civora,valcea-clar/site/runtime/editii/2026-10-05-morning/index.html,19615,128579346d6b0ca8a051f8c758ecb0f220a479ae87c6faa44b8c8a987b04f340
civora,valcea-clar/site/runtime/editii/2026-10-06-morning/index.html,14027,4e2d8b734c34759aa12b0d731548d251dfa229b3e34107e03bbe66f280995eda
civora,valcea-clar/site/runtime/editii/2026-10-07-evening/index.html,10515,08d3c73c97f990fc17086bdd3cd6de84e6c8d7020669ba60a900ba8c2e8e787f
civora,valcea-clar/site/runtime/editii/index.html,35089,ddcf38036629e3d3e16c7822bdc707f66c8d69a27c4f1d898ce46304c17d7910
civora,valcea-clar/site/runtime/editii/manifest.json,23403,f53fc81793aee2694ec79fdbca441b2375a490823b72d3549b8e225e0ad1eb1e
civora,valcea-clar/site/runtime/index.html,22736,9f93b1309fd396dd59dd9d5137251795f4761d4ca0d78a3f05e9c037ef1a6245
civora,valcea-clar/site/runtime/indexing_extra_routes.json,10020,b4f2e52f0dec327b5e55962d4319f78632afcfc4aaca77f546a759a589ff4fe6
civora,valcea-clar/site/runtime/live-feed.json,44995,1ab194b4aecd8f73694dddc16682bebb7d1d13881d5cae087d90d58b94db408f
civora,valcea-clar/site/runtime/localitati/calimanesti/index.html,8993,40b65e5dba54e0ca44ff3923d37731103059a20cbb9cb6f328aeca5785205d40
civora,valcea-clar/site/runtime/localitati/horezu/index.html,8942,4efb678601589ed679fde1068426286686ff4182e47a16bfde6cf6e08c00ab2a
civora,valcea-clar/site/runtime/localitati/index.html,8986,945e4b02311eddcf667f262c085269766dd07e1328f01b22383d875a0de135cc
civora,valcea-clar/site/runtime/media/social/editorial/facebook/babeni-izvorul-dorului-program-20260903-fb-cb1fb133074e.jpg,539553,9c1f7d99ab464b481815a4ea84ab37592750512309f7b712ba9f27cef49e0bc4
civora,valcea-clar/site/runtime/media/social/editorial/facebook/balcesti-incendiu-vegetatie-15ha-20260902-fb-bdf635b0a584.jpg,605153,5c3cad17a073b7bd64aa32b96154351fa79fa8dcab97b314699f28e2927cf06d
civora,valcea-clar/site/runtime/media/social/editorial/facebook/maciuca-ziua-regalitatii-2027-colocviu-bjai-20260827-fb-c81afa486b0b.jpg,324552,6949cb4724626c025ac613306dbb71295c60e0cdb70eaa479865d92ff5cd1270
civora,valcea-clar/site/runtime/media/social/editorial/facebook/rm-valcea-hcl-310-20260814-fb-8e04479f403a.jpg,478219,d1f4652ffd095e892b79aa0228455f2b5943e7a3e12d0d867cd1ec33a6e682a2
civora,valcea-clar/site/runtime/media/social/editorial/facebook/valcea-apa-canal-contract-152m-20260902-fb-d51ea93b323c.jpg,438644,61e7666bfc912bb431da32421028b71e8d0f059d00970643311ad8423f134596
civora,valcea-clar/site/runtime/media/social/editorial/instagram-text/a1-cisnadie-boita-inchidere-dn7-20261005-ig-text-2c8fd9a64e9c.jpg,114459,07da1160344bd1dc6a5af22c46ca9e9076504e0eebe20799b4d2ac2d783b5493
civora,valcea-clar/site/runtime/media/social/editorial/instagram-text/apavil-joburi-septembrie-2026-ig-text-6573221c7a9d.jpg,109482,d31dda77d63fead88b95b8f9bdb4998afef6a3881bb923e63aa6a6be7dd2f5df
civora,valcea-clar/site/runtime/media/social/editorial/instagram-text/auto-raliul-valcii-official-news-f6e28bbb1533-ig-text-a475510c6053.jpg,111598,7e6533e193853dc3802378e57db9b9a9c6c4efb1ffc56bb7d06dfba10f67452f
civora,valcea-clar/site/runtime/media/social/editorial/instagram-text/baile-olanesti-incendiu-iezer-13ha-20260925-ig-text-0ab405685195.jpg,121208,b0d9ffe20a52d7be12b523cec2aceb79163d6851e2c0bbc161861f0ceaf19834
civora,valcea-clar/site/runtime/media/social/editorial/instagram-text/brezoi-acces-ingrijire-domiciliu-selectie-20260923-ig-text-6d7192a0163c.jpg,119789,43e1bf0014e7a4ee0eaee9810eb8b2ab4e47a20ba73e8d84c57998b99f21b48f
civora,valcea-clar/site/runtime/media/social/editorial/instagram-text/brezoi-ziua-recoltei-pregatiri-20260922-ig-text-20108123caf9.jpg,89099,ee409ac60d2037d24118a0da2fa6b5bdd4f3770f7fdbe2ac97229b8999bba543
civora,valcea-clar/site/runtime/media/social/editorial/instagram-text/caineni-sef-serviciu-alimentare-apa-20261005-ig-text-0ea8e9e877f8.jpg,117503,2c92739e1122f42a97390b2993913136b3e13bd0823cdb564adc16704317404d
civora,valcea-clar/site/runtime/media/social/editorial/instagram-text/calimanesti-concurs-contabil-sef-20260921-ig-text-0152f41c3399.jpg,80726,033f0a8b22e15767cd98f60188ac070dfd9719003886991f82d975c21ad08d8a
civora,valcea-clar/site/runtime/media/social/editorial/instagram-text/calimanesti-restrictii-trotuare-20260922-ig-text-4646815102c8.jpg,97224,bea3ed435ad14569c9a13a3c82daa42f52f1a7999decd2e30dfb89698f659292
civora,valcea-clar/site/runtime/media/social/editorial/instagram-text/costesti-iluminat-public-achizitie-20260928-ig-text-c28df9d2cee7.jpg,120341,486f7b2e944fb4efd871b8fe7d802e943c21431054e263e222a9f3cc8abe33d8
civora,valcea-clar/site/runtime/media/social/editorial/instagram-text/fast-ipj-actiuni-pentru-siguranta-rutiera-in-judetul-valcea-4a4010226d-ig-text-8cd877c0654a.jpg,112642,9f55d1d573d42a0a41ec947ef8c034f55a2d116b0db0059f331eb398b74ae2c1
civora,valcea-clar/site/runtime/media/social/editorial/instagram-text/fast-ipj-depistat-de-politistii-serviciului-rutier1789460882-ddc5052abd-ig-text-1444880738c5.jpg,106915,f30d6db50b38163639cfd3208346dadb4eb57b5a120e1b693a15dfb9c23951e3
civora,valcea-clar/site/runtime/media/social/editorial/instagram-text/fast-ipj-retinut-pentru-24-de-ore1789723053-280c27b878-ig-text-22b122b34d44.jpg,102023,d846e7904ff598d677ecadb867ece1d1943640026cea9e5ed86e497bab74641d
civora,valcea-clar/site/runtime/media/social/editorial/instagram-text/fast-isu-incendiu-izbucnit-la-o-gospodarie-din-localitatea-lapu-b5068b7678-ig-text-96837ccfc8f9.jpg,113744,1d8811627f26cf799fd403e8159ec64ef43b222e1aa54976a8b9dc483afcd326
civora,valcea-clar/site/runtime/media/social/editorial/instagram-text/fixture-ig-text-aa283c2f3ffc.jpg,64799,1358902b29842b926f89cf245197ea97b765e820d3b92b8acfa9fad2e4326001
civora,valcea-clar/site/runtime/media/social/editorial/instagram-text/isu-valcea-interventii-zilnice-ig-text-4258aa684e0b.jpg,90866,d02b45b288bf0700546bc1f3c0e4cb0a52c6f88fdc3acda5219aefe475df5b8f
civora,valcea-clar/site/runtime/media/social/editorial/instagram-text/ramnicu-valcea-floarea-darurilor-20260926-ig-text-6e769c9cb408.jpg,80528,3bc02557f2d77f675484c46907bef1782bcfd88f29d3116ea32855fa7baaab4e
civora,valcea-clar/site/runtime/media/social/editorial/instagram-text/rm-valcea-hcl-343-20260916-ig-text-eb3e5e82e134.jpg,127507,9ee0333dffd6e65ff39810227cf2f19da62ae78c0dba1a0ed7a1c533d0e483b0
civora,valcea-clar/site/runtime/media/social/editorial/instagram-text/rm-valcea-hcl-344-20260916-ig-text-64d210815b65.jpg,126898,104a42e290e9790be75e5f1c3017b444bc64331bf461d20d92ff73ad14c0dbf2
civora,valcea-clar/site/runtime/media/social/editorial/instagram-text/rm-valcea-hcl-345-20260916-ig-text-51038c6c7573.jpg,125718,db8436af765c86053e60aedf3005454f8897c7d167a61121ea75c22006ba9149
civora,valcea-clar/site/runtime/media/social/editorial/instagram-text/scm-program-b77962d4af149f60d7e6-ig-text-634d051f6199.jpg,95010,664139fa714ce56828895dab65403dbba542b46661eeed4f6e81fadf6771d425
civora,valcea-clar/site/runtime/media/social/editorial/instagram-text/scm-program-dbd2c22d1578de50198c-ig-text-5985150d418e.jpg,96676,8f28a401c5f17424dc2dbb43849b111fcf807652b5cf5289982b5d919bf6368a
civora,valcea-clar/site/runtime/media/social/editorial/instagram-text/scm-valcea-fc-bihor-20260920-ig-text-e5b02f5bf735.jpg,90078,e0bc3a7924ceeda856a3ec30823c550e9f3ce200a341c3cff8313d03c26fd50f
civora,valcea-clar/site/runtime/media/social/editorial/instagram-text/tetoiu-otesani-incendii-20260921-ig-text-f54fb011f407.jpg,89760,3156e0a504a597cc0371411b809baba83d531230dc85c9f188262a4dc7f04bae
civora,valcea-clar/site/runtime/media/social/editorial/instagram-text/transalpina-program-0900-1800-20260926-ig-text-97411642d570.jpg,115849,c86f5a6556ca5fac1f19f3fb7c0bf7ade14eb933bbb619f327a9e5ceb1177663
civora,valcea-clar/site/runtime/media/social/editorial/instagram-text/transalpina-ranca-obarsia-lotrului-weather-20260923-ig-text-eb03aa6ebdf1.jpg,122327,d593de61f29920b5ba4e7e138012d2af7ad04244f71e22532bf2e4f99d8b43e5
civora,valcea-clar/site/runtime/media/social/editorial/instagram-text/valcea-campanie-antirabica-toamna-20260925-ig-text-5da904dc6fd4.jpg,124434,e2ec31e03fe1e74aee26965429118e3585e1dc45f2ee2db30a814149577ab393
civora,valcea-clar/site/runtime/media/social/editorial/instagram-text/valcea-intrerupere-curent-2026-09-21-budesti-ig-text-694c2e8cc53d.jpg,108774,bf0aae9d7fb55366849d41ec9a2fbd0fc74bfe57155cb15f3230d833213173a3
civora,valcea-clar/site/runtime/media/social/editorial/instagram-text/valcea-intrerupere-curent-2026-09-22-horezu-ig-text-d5c67bc73870.jpg,98855,7674fb77fe1df9a9a20ebc057a4cf36f46e0b06fd06a4d276cf174d571cc4bd2
civora,valcea-clar/site/runtime/media/social/editorial/instagram-text/valcea-intrerupere-curent-2026-09-23-ladesti-ig-text-066e09ba23c1.jpg,100354,f6fe08f1b22e00f254c2a17b251e9e75ac87fd9be05bd092fbc557c35ab21b9b
civora,valcea-clar/site/runtime/media/social/editorial/instagram-text/valcea-intrerupere-curent-2026-09-24-ionesti-ig-text-fbf0825b3930.jpg,103743,4152d20543ac35a45ee9c832f5d1f8d0015901fbcd114382e3b5a20f8539b467
civora,valcea-clar/site/runtime/media/social/editorial/instagram-text/valcea-intrerupere-curent-2026-09-25-baile-govora-ig-text-f14cfe87267f.jpg,98406,2b127e4ee05598b28f57eeb9ca9196bea313c4d2c017337bd98dd24be3f7c5d3
civora,valcea-clar/site/runtime/media/social/editorial/instagram-text/valcea-intrerupere-curent-2026-09-26-daesti-ig-text-3bde6c32ab23.jpg,94397,5b96db02f127758a9eae5e6502c4bcbd5fee027f3978b0ac776e63953ac78680
civora,valcea-clar/site/runtime/media/social/editorial/instagram-text/valcea-somaj-august-2026-ig-text-3003aa4db004.jpg,92932,aff3903a82a67e0c640ecd42b4deb1d69f9f6bd6228d0f1b03155d5d2f13d362
civora,valcea-clar/site/runtime/media/social/editorial/instagram-text/weekend-clar-20261003-ig-text-cfab43873c1b.jpg,106242,42137a1012fa2176b97c047e2c7afe772d4ec21f543891e1fa52be36163ae0b6
civora,valcea-clar/site/runtime/media/social/editorial/instagram/bjai-colocviile-forumului-cultural-20260903-ig-c45f0aab9c7d-01.jpg,448536,555cbb3b159737796fca8beaa032478bbeed3d2eaee333273df6dad1c282835b
civora,valcea-clar/site/runtime/media/social/editorial/instagram/maciuca-ziua-regalitatii-2027-colocviu-bjai-20260827-ig-6d260cd1ea42-01.jpg,296100,c27e5af9ca0985f67f78aa09aae6c379770497a79ad62b58287ea7bcdbd2d93a
civora,valcea-clar/site/runtime/media/social/editorial/instagram/valcea-apa-canal-contract-152m-20260902-ig-4338b1fd7c08-01.jpg,428763,24a86daf5f1fee71afd68646028b1d76ebd19589f4f52f67bc8a374a41eb6714
civora,valcea-clar/site/runtime/media/social/editorial/instagram/valcea-apa-canal-contract-152m-20260902-ig-4338b1fd7c08-02.jpg,104689,55639afa0dec8630824ef4acb9c35de5acf71f044e4047e5f5dc4841035fb866
civora,valcea-clar/site/runtime/media/social/editorial/instagram/valcea-apa-canal-contract-152m-20260902-ig-4338b1fd7c08-03.jpg,121327,c84faf11421a0c30e2c39e6a8fdd98fe21b068fb2490a85a48704ac492a7628b
civora,valcea-clar/site/runtime/media/social/editorial/instagram/valcea-apa-canal-contract-152m-20260902-ig-4338b1fd7c08-04.jpg,105643,dd147415649f3f62b63d678daeca3c10e8e6026affa598e14f3de37ca4107d73
civora,valcea-clar/site/runtime/media/social/editorial/s3/brezoi-ziua-recoltei-pregatiri-20260922-ig-f68f623e2a7d.jpg,60215,8860354fd2b1e59efb1b37d1db3a539cd11e3fd362706aa147bd2cb9a9dbfa14
civora,valcea-clar/site/runtime/media/social/editorial/s3/brezoi-ziua-recoltei-pregatiri-20260922-og-8cc7b2732fcf.jpg,59053,d4e6d1c052aff12df7865662f9110493844cc1d9e33f4f9b85e57832f34c4e8a
civora,valcea-clar/site/runtime/media/social/editorial/s3/calimanesti-concurs-contabil-sef-20260921-ig-12b0b385867a.jpg,60200,a756ffc09645bb9d5060a99ff66b0ae76b8caf6c46ffffa1c0d66d40c85d683a
civora,valcea-clar/site/runtime/media/social/editorial/s3/calimanesti-concurs-contabil-sef-20260921-og-d94b9e7b2007.jpg,58527,326c4627271b80bdad7a9704a7b484bf2ced04fe0fa122ba8a042810f08527d8
civora,valcea-clar/site/runtime/media/social/editorial/s3/calimanesti-restrictii-trotuare-20260922-ig-531f684310ce.jpg,74412,e97c63b48328d85ffa31da73f5ddcf6434605a4fdf6e2ff1f820e250eb49fa5c
civora,valcea-clar/site/runtime/media/social/editorial/s3/calimanesti-restrictii-trotuare-20260922-og-8aff0726c6ad.jpg,75629,f49a2920a906b1f3ec21053e640d1cad61369664a60190b1da54e1ce3017ce61
civora,valcea-clar/site/runtime/media/social/editorial/s3/ramnicu-valcea-floarea-darurilor-20260926-ig-48b320906c5a.jpg,54984,060ff3e299e9f67932b28b988dd15491e0573a56f43edf6c9f70ba1840284d8d
civora,valcea-clar/site/runtime/media/social/editorial/s3/ramnicu-valcea-floarea-darurilor-20260926-og-0267847eed0d.jpg,52572,ff394ad3fa08c6b625b4683595467353b9570aae22e58607aeddd4d58b0fe75e
civora,valcea-clar/site/runtime/media/social/editorial/s3/scm-valcea-fc-bihor-20260920-ig-6409abb4ace1.jpg,75628,34279f048f3f1f3359c5da49b33be7d871b53c0703a80a7e36e5fdba29d06f2f
civora,valcea-clar/site/runtime/media/social/editorial/s3/scm-valcea-fc-bihor-20260920-og-0455cbffdeac.jpg,74486,d7def4631017230192e9f3cbc42d9840280c6d412f84b4ada0ac2e3050a3c062
civora,valcea-clar/site/runtime/media/social/editorial/s3/tetoiu-otesani-incendii-20260921-ig-a9687af93f75.jpg,68510,6b42ad8a27448e94d9224acf526b51911937abe8e0c7cd7c2b8982f01a6c5a90
civora,valcea-clar/site/runtime/media/social/editorial/s3/tetoiu-otesani-incendii-20260921-og-4299a8050e78.jpg,67950,d439840afa0d49fc253b472425f65b99f0a09c9be093cf8a3c769f02aff79381
civora,valcea-clar/site/runtime/media/social/editorial/s3/valcea-intrerupere-curent-2026-09-22-horezu-ig-f046d50e3d42.jpg,88830,9f995e936acae89c9624d7031da13e48706536be128fe0f6c04c13936a08d4d7
civora,valcea-clar/site/runtime/media/social/editorial/s3/valcea-intrerupere-curent-2026-09-22-horezu-og-c460e76b59ec.jpg,87267,3e7fc6d5cc7d50f450e93cbcb966e772c960f7b36ff4293ba190abde1c2e5cf8
civora,valcea-clar/site/runtime/media/social/editorial/s3/valcea-somaj-august-2026-ig-8721a3f15051.jpg,90750,f48bedf7214c37996e5951ac8d80236c26a8608750a8a78cd03599e3fee60510
civora,valcea-clar/site/runtime/media/social/editorial/s3/valcea-somaj-august-2026-og-8feeaa219754.jpg,92347,ddbbbb15d39746328647d5cbbdc2e6b62b5d17a1a0fd6bbde470a1b4b1bcdf59
civora,valcea-clar/site/runtime/media/social/manifest.json,4579,4e57bdeb1ca9293dd1fc01b046d596776c729d45830f57a2352060768e650878
civora,valcea-clar/site/runtime/oameni/constantin-radulescu/index.html,4295,8584dd01b587103e0f9b0edb4f5ca2feb8de98f6bcdb262d5753a530588cc222
civora,valcea-clar/site/runtime/oameni/index.html,3892,bba0c71700b0f29859da23d0f13953d88a2b6645fd10466253258636da121399
civora,valcea-clar/site/runtime/oameni/marius-china/index.html,4038,cfcb07245002dd3d95fe7896bed00196fcb0769671cc3a3e5f9177b5e20799db
civora,valcea-clar/site/runtime/oameni/marius-matache/index.html,3902,fb078484e308460485d4045c90ebd46b3f3cda704189a99f9046b17293e966d8
civora,valcea-clar/site/runtime/oameni/mihai-razvan-mugescu/index.html,4110,9924552ac732cda481ab393d4ea39e816a3b1e49bab8c485288a29ced66ffdad
civora,valcea-clar/site/runtime/oameni/mircia-gutau/index.html,4307,198ce03f73a0569be870ea8d2d6c5f6c9b8cc8543259721809017a734c022bf6
civora,valcea-clar/site/runtime/oameni/robert-schell/index.html,3871,07127e5a4284be5c9b11ba9bb17bda4fd8158dc308a3dd134081e976ace02c61
civora,valcea-clar/site/runtime/oameni/vicentiu-mocanu/index.html,4381,a74d7bd45a3402641b9a350029cf33e0e42584b754c3a505baeb17112ba7dafb
civora,valcea-clar/site/runtime/people.json,31937,bdbc626983847756da4633a5134c1ef7eb367a648e1aa5b6d29df77d9c719c0d
civora,valcea-clar/site/runtime/robots.txt,69,3b2e1113b75de8eb08231a424b74cf227fa5cb0251a42a4867ecc5c77adf35ff
civora,valcea-clar/site/runtime/rss.xml,18368,d7e6dca5b654011296040f3adfe8d998bb70d1279c1f1e704a44e4f180903fd5
civora,valcea-clar/site/runtime/rubrici/actualitate/index.html,10686,4ed3af459466295e17fd084bbc7224d7d9ba97d1ab14736416fd940a4e3e9e66
civora,valcea-clar/site/runtime/rubrici/administratie/index.html,13458,b5cd55d97ae12ec9950e2bd57e2ec4601d89628113e42ce693a5e98f3297bc8f
civora,valcea-clar/site/runtime/rubrici/bani-publici/index.html,10231,ce8893b5a0117a96d5dfb898db432f0a418caee262693b901cc47bd284f1558e
civora,valcea-clar/site/runtime/rubrici/comunitate/index.html,9515,a49f69ae8cc5270a1ae3b149cea70eabe1ea0c0c061a023b98a7fc46e83e2394
civora,valcea-clar/site/runtime/rubrici/cultura/index.html,12315,d4d6fac276dfc59e750adba593861ee87c51e70bf852cbc984bd49ed4e89b0f9
civora,valcea-clar/site/runtime/rubrici/economie/index.html,8916,c89d45526a7d497b283a5cf59398d63de397651c8a4cf7fdd9fca23e3358a389
civora,valcea-clar/site/runtime/rubrici/energie/index.html,9095,90819cee72cd9c597d1ab1e5ba4b30ad5ba7ecd63b708a5d1b4e4bea65637fb6
civora,valcea-clar/site/runtime/rubrici/evenimente/index.html,15705,c6fca19faed60e64c8282796d5bd1a63b4d59e8d37aee31189b58b166107617b
civora,valcea-clar/site/runtime/rubrici/index.html,10654,37efbce9a3f11dfed734135c87f9a4799f4142c84f4c7517d01772a86c4b2544
civora,valcea-clar/site/runtime/rubrici/judet/index.html,9688,ab93f0f0ccd8c5835b6dc4009fe0e4cf1371c2e5a60b5382d818c6bc9ef81171
civora,valcea-clar/site/runtime/rubrici/locuri-de-munca/index.html,12835,aae0288f23b08efb79a2fbbf7a131c752b86d2cd0fa7429e61e5cd0b8c0fae66
civora,valcea-clar/site/runtime/rubrici/mediu/index.html,9007,b1117d857c53788665ff8f969cfe8f7c2758f49be1c500b8742872e77b3d05eb
civora,valcea-clar/site/runtime/rubrici/mobilitate/index.html,11744,d0d8eaa2ff8f777c9ce2b6a94bfecebd64f9a39a07f0e82f5d59d72b1d1b0109
civora,valcea-clar/site/runtime/rubrici/patrimoniu/index.html,9102,eaf01db73a1cc78c550f40bbe1c54786fd885a500ffb2f84507dc44916565ef1
civora,valcea-clar/site/runtime/rubrici/sanatate/index.html,9060,340f04262cae5b351a9a726cb597df9ad09b88da794f8a7faf32e9f96ebec910
civora,valcea-clar/site/runtime/rubrici/servicii/index.html,10295,6f70afc72e85ad245abaca64c40e1adf8788c02125a5a936ad7f2204245493e1
civora,valcea-clar/site/runtime/rubrici/siguranta/index.html,11753,a1fb6d7e3ba056f60aab4a0cae371013f3f3c9e4a89f279083de42d89cb0f6cb
civora,valcea-clar/site/runtime/rubrici/sport/index.html,11961,77f2068cb0535e6df2ee2dd45314806094e7f9aa5e4667aa96e63fc9ce8e7d23
civora,valcea-clar/site/runtime/rubrici/urgente/index.html,11256,e707afacd78d61c72bae53379ceb42b4dbf40ee58451e8d789b77c4f6f5c9345
civora,valcea-clar/site/runtime/rubrici/util/index.html,12638,195a6d35a960239eaee7e420e3b32329e17d868b6ff92ffa4decfa082436850a
civora,valcea-clar/site/runtime/rubrici/utilitar/index.html,9395,1db3d38020c7597288e1c39ccf610863d1b62d33832775a197dc71542d180767
civora,valcea-clar/site/runtime/rubrici/utilitate/index.html,8999,bd31ef605d3ea8cc6eb5a8cc3676c2d8b07df8ffd6b0920c707fb7c80e56a4a5
civora,valcea-clar/site/runtime/rubrici/weekend-clar/index.html,8976,26cae8997afe4218aa4dc96936446912266754b5e5601849aca6f502d375382f
civora,valcea-clar/site/runtime/runtime-status.json,306,ddd78795ae958b7b73664ecf52d8f8b9fd509fd9b930f7e660f5cb356d2a8244
civora,valcea-clar/site/runtime/sitemap.xml,31016,3280bf54dd4dea4ba64339e4bc3de1ddf3de1d107d8c7e23df99bf8bdae63e1a
civora,valcea-clar/site/runtime/stiri/a1-cisnadie-boita-inchidere-dn7-20261005/index.html,13398,98fcf84a6f9f57c7dcce17b0f8f88209964020f71cc1b3a85a0bfebfc9001ed4
civora,valcea-clar/site/runtime/stiri/alert-1cd2159b942ec2b672f7/index.html,12168,80387895419199f0994325639f43fb06898206eee5c4dc49b3461106559c6e80
civora,valcea-clar/site/runtime/stiri/alert-fdfdb85a579432f385f7/index.html,11767,ab4f15190ad2c9104ed2f14aa5341e5859494bb03c8c1cef9dbebe1efb40c2e9
civora,valcea-clar/site/runtime/stiri/alunu-educator-concurs-20260923/index.html,12123,db8f1fa9d7983fb7a5e5c077e28e046187c42f0650780650e2c14221c1e59115
civora,valcea-clar/site/runtime/stiri/ansambluri-rezidentiale-ramnicu-valcea/index.html,459,ae63ac564db7fc177857860c6f79e4b6bb4c45e538c595cea93b3bafbbb237ce
civora,valcea-clar/site/runtime/stiri/apavil-joburi-fara-experienta-20260818/index.html,13860,fa91eae7a9bd6aa23f3b35d7afb75089232370710939b39cb8a516b205aecbc5
civora,valcea-clar/site/runtime/stiri/apavil-joburi-septembrie-2026/index.html,13507,d7d68fb22e59375fa55beb638d7f3243e46e30ffa8a64cce76b213b0acb62a11
civora,valcea-clar/site/runtime/stiri/arutela-restaurare-controversa-pnrr-20260820/index.html,17688,ff4bc074502b112d2e1939d715b7a972c6e3c7d128a666bc01c2370a3c94382a
civora,valcea-clar/site/runtime/stiri/auto-raliul-valcii-official-news-f6e28bbb1533/index.html,13684,92d58a42e6f193c2b7755372056127affac18efafbea0fbd236c9582e5562e56
civora,valcea-clar/site/runtime/stiri/babeni-izvorul-dorului-program-20260903/index.html,13660,d4524c9092b1fb6f16ca446aece27547772dc1d8d195be1aea52b025f326b666
civora,valcea-clar/site/runtime/stiri/baile-govora-conferinta-inrmfb-16-19-septembrie-2026/index.html,12949,18eb204018934b634c1de1ec7ebbcd82e8a08a893957a4c17bca473c59b2328e
civora,valcea-clar/site/runtime/stiri/baile-olanesti-incendiu-iezer-13ha-20260925/index.html,12632,36b0d8f96cc93efaa838eb95ba2c3f5a734b193f450c9c0f9bd0cb258a519421
civora,valcea-clar/site/runtime/stiri/balcesti-incendiu-vegetatie-15ha-20260902/index.html,14130,12c761773d7a5c5b03b130244e8126c93f8dc388d3ffe936b9126546f7d5f1c1
civora,valcea-clar/site/runtime/stiri/bikers-for-humanity-rock-fest-2026-review-20260818/index.html,17430,459b686b2691bbbb31c1043e1e91b4d208391e6cc46eb728f9ad80f77ee8089a
civora,valcea-clar/site/runtime/stiri/brezoi-acces-ingrijire-domiciliu-selectie-20260923/index.html,13781,7155f5f963c0de0f176b6ba0105d138145a96c1f998a0581addca2771281963c
civora,valcea-clar/site/runtime/stiri/brezoi-ziua-recoltei-pregatiri-20260922/index.html,12333,7f47e6c1d69bfd161074d244f062b2f75a01c9c9843458a2aaec081d4392b923
civora,valcea-clar/site/runtime/stiri/buila-vanturarita-accident-20260822/index.html,15031,b0768ce1a3048c875e1f9048ba29e45e73ef8dbe6607bdecb6e3962b8ba43db7
civora,valcea-clar/site/runtime/stiri/bujoreni-11-zidari-4582-6000-20260818/index.html,13044,e9e56afb6db86fa37f70eb54d18edac97e5b9d42c951f1bec5ffc97a187e0af7
civora,valcea-clar/site/runtime/stiri/bunesti-terapeut-ocupational-concurs-20260925/index.html,12043,492b91572d46c4404eae06301bb769d152b00f93d245bceb7fa894c17288c529
civora,valcea-clar/site/runtime/stiri/caineni-cornetu-avrig-acord-mediu-20260921/index.html,12836,7699ae28a923bdf200c3f891ffab57ce6948eaa77f9fa2c664e51a6806d5cd60
civora,valcea-clar/site/runtime/stiri/caineni-sef-serviciu-alimentare-apa-20261005/index.html,12653,47f2b541c23029be8704edc685dc6e86edfaa6a1255013a09cd034841483e1ec
civora,valcea-clar/site/runtime/stiri/calimanesti-concurs-contabil-sef-20260921/index.html,12031,27b2bfadf5e384c1a8d66bffc3c94dabc6dec0d9a2547650ffca82dccccf6a5c
civora,valcea-clar/site/runtime/stiri/calimanesti-restrictii-trotuare-20260922/index.html,12516,e2167c9854eaaed09db1279474157bf84e09b7ca12c528d9d4a3eddd42cdd770
civora,valcea-clar/site/runtime/stiri/cantecele-oltului-2026-parada-concurs-20260822/index.html,15522,8ee74a5f9b2823bf49fdaadd06c1e3b45b120333d97c9abecfba61f91a242baa
civora,valcea-clar/site/runtime/stiri/cet-govora-cine-a-decis-oprirea-20260821/index.html,17694,37990fdc0f77f2d5cd88c26c06ede18960e74a505dd6598ad16b05b8f946d638
civora,valcea-clar/site/runtime/stiri/cj-valcea-cocos-rajdp-mandat-guvernanta-20260818/index.html,14526,96d1bb0203fbae37037c79cfec2851a9fb66b81163865c3158e3f9e7a3de18c2
civora,valcea-clar/site/runtime/stiri/cocosul-de-hurez-2026-dosar-20260818/index.html,15602,4cdd254cef0c1a715ced6dd237f85f175ea97fbb108b589ba36aa8c3246202bb
civora,valcea-clar/site/runtime/stiri/costesti-iluminat-public-achizitie-20260928/index.html,13327,6bcdb66e5c714ee99c99d47dc524f6dfc851b490b6c9df292e1d811ff39274d2
civora,valcea-clar/site/runtime/stiri/deep-forest-fest-2026-review-bani-publici-20260818/index.html,18284,8b33959f39b6749e69d047e60c13d634c5d9b7ab202a252a412dc29ad0976c6a
civora,valcea-clar/site/runtime/stiri/dn7-valea-oltului-restrictii-august-20260824/index.html,13379,1d7ad53e5ec51448d164c4fb4b8300247818a2af4f7109245a1f9bdb7e6df7f4
civora,valcea-clar/site/runtime/stiri/dragasani-ct-radiologie-program-clarificare-20260924/index.html,14000,1a9a70e5a380b202dd59010115ab2a3f27957a947c1df80b2de8feab02b20ade
civora,valcea-clar/site/runtime/stiri/fast-ipj-actiuni-pentru-siguranta-rutiera-in-judetul-valcea-4a4010226d/index.html,12860,713653ef22ad5ee409eb6f43132ed957383791437e60ebe322f586b6ed98e740
civora,valcea-clar/site/runtime/stiri/fast-ipj-depistat-de-politistii-serviciului-rutier1789460882-ddc5052abd/index.html,12787,24c048e1d92f6487307146f4225ce060e7a26831c010130aca14783a4ea25db4
civora,valcea-clar/site/runtime/stiri/fast-ipj-retinut-pentru-24-de-ore1788707527-9f766f21d9/index.html,12522,7dee9bac7161e338d2c5c48a76c73d0325ab0a15219184f0c4e6219e68b52bed
civora,valcea-clar/site/runtime/stiri/fast-ipj-retinut-pentru-24-de-ore1789723053-280c27b878/index.html,12214,33b28ede0cfd06feb9ec41d2b19f226df7e891a69b3a886d5f45ae2d16fea0ba
civora,valcea-clar/site/runtime/stiri/fast-ipj-retinuta-pentru-24-de-ore1788941100-c8f452db47/index.html,12653,9d1bee43114df6726d470c926b8075e177713ce697e0cae6ea96ae8206977224
civora,valcea-clar/site/runtime/stiri/fast-isu-incendiu-izbucnit-intr-o-gospodarie-din-localitatea-li-729005290f/index.html,12538,01a7e861e6a3d7e2712d395144015df3f017e6799dc43eb313f655366a6910cd
civora,valcea-clar/site/runtime/stiri/fast-isu-incendiu-izbucnit-la-o-gospodarie-din-localitatea-lapu-b5068b7678/index.html,12494,2be164e0a6dc4232845e02751f80521c5ec984f9bff44b38390f27c615722944
civora,valcea-clar/site/runtime/stiri/fast-isu-incendiu-locuinta-in-municipiul-ramnicu-valcea-777-968eefa444/index.html,12511,ad1b5ae2391c5c548cd89794fbd5323adc0aebab4beaf7688e604248e197699a
civora,valcea-clar/site/runtime/stiri/fii-cool-la-cule-2026-review-bani-publici-20260818/index.html,16259,3944718d0c4d16e7d1664e7af9caf534c89a340bcf7e75ab4a91cc7949157613
civora,valcea-clar/site/runtime/stiri/filarmonica-valcea-septembrie-2026-program-20260818/index.html,15693,a747e6a132404655dd4342007c2ac392f126c43ecaa19538088fb313d7e5467c
civora,valcea-clar/site/runtime/stiri/florile-govorei-20260816/index.html,11745,c636bf91dca6246651704f63e3daffc20ef246fcc01e2d746a89351c05157459
civora,valcea-clar/site/runtime/stiri/gusoeni-asistent-medical-comunitar-concurs-20260917/index.html,12639,d8681bd3c65c60bee5d997a0d17d620641a7acd79bab060f20f32563e2f2c1e9
civora,valcea-clar/site/runtime/stiri/gutau-mocanu-stefania-uta-cetatean-onoare-20260820/index.html,16465,df0ee1b5288d82d1257b452518a451793992c91e08be3456f605fe1ce7c31379
civora,valcea-clar/site/runtime/stiri/horezu-autobuze-electrice-energie-verde-20260903/index.html,14860,39c778bbea968102755166dc0adfe9a9ea446d182dba8bd9ac341899883119e1
civora,valcea-clar/site/runtime/stiri/horezu-drum-vf-roman-inchis-20260926/index.html,12597,87f757d11768ba1fca689fe967491a6ada4f116bea0ae5c7d6630200ffa1fce0
civora,valcea-clar/site/runtime/stiri/index.html,79153,e69e4356105016045df6b57518a3c4bc4b46c30c46dcc1107e4077d1ba3f5cec
civora,valcea-clar/site/runtime/stiri/invartita-dorului-2026-dosar-20260818/index.html,16003,12bd6dfe7ceea910702957e9be050a42793dfa5f52c2561b5a86a43e75e5eb2a
civora,valcea-clar/site/runtime/stiri/isu-valcea-interventii-zilnice/index.html,11680,72d63df42467f63c1501afc7ee51e55abbd9cd446046ff89528d939899a7c3ad
civora,valcea-clar/site/runtime/stiri/jazz-cave-festival-2026-review-bani-publici-20260818/index.html,15851,f672fe52a60d75b2553967504a005b1d406dcd86cb8c76e69a237c71444bc0d9
civora,valcea-clar/site/runtime/stiri/luminos-fest-zavoi-20260815/index.html,13222,eb4edf25e007c2b1845cce731bd6f4b9a384ea6ef6ae9ca73ec9fb696ed42282
civora,valcea-clar/site/runtime/stiri/maciuca-ziua-regalitatii-2027-colocviu-bjai-20260827/index.html,15578,18121e3ea876c521c538e8d437e0fe17bf8d6d876143a6447dc1550466b46c23
civora,valcea-clar/site/runtime/stiri/manifest.json,79141,3f203f5128f0f450f75c0baf271e0099178aa5749a4ad9d863605d03ab952093
civora,valcea-clar/site/runtime/stiri/muereasca-statii-incarcare-finantare-cj-20260831/index.html,12781,d418ef541170184b43aa5804edf353308577e047f6bd24ee75f207e5b869993b
civora,valcea-clar/site/runtime/stiri/musiclover-festival-2026-dosar-complet-20260818/index.html,15940,e014753cd041acaedea2622e71d942dcf2e2a59d2b5111bbec4c278cd2320041
civora,valcea-clar/site/runtime/stiri/musiclover-green-day-20260815/index.html,14251,aed18569b378079747dd9503a9613ddad852b2fc45cc56ea6faa3d4b7c857676
civora,valcea-clar/site/runtime/stiri/ocnele-mari-salina-program-septembrie-20260907/index.html,13814,d7012470ff83211c77fefe80ea5029a6cf63d72ce76760c09196320d21617468
civora,valcea-clar/site/runtime/stiri/open-air-blues-brezoi-2026-review-bani-publici-20260818/index.html,22903,94083ba7cbfaaf7a7ce16e1c4c84bb7daa73152db11859cdf03326b22f590429
civora,valcea-clar/site/runtime/stiri/ramnicu-fissura-lucis-casa-simian-20260903/index.html,12751,f40be0348bf9399242a95c30327ae9c5f7b4f909ae7d3b2fa605b7d55f3f9f37
civora,valcea-clar/site/runtime/stiri/ramnicu-parcare-nord-20260904/index.html,12853,ca4ac9cebd87aec6666e5888109a11f764b3d3d9f13b174704a8693a0672eb0f
civora,valcea-clar/site/runtime/stiri/ramnicu-uap-atelier-35-artex-20260904/index.html,13017,b470fc50dc6792fa69a9a30aed471d68b1bf9c70667a64883dc27bda79475645
civora,valcea-clar/site/runtime/stiri/ramnicu-valcea-floarea-darurilor-20260926/index.html,11891,e268d7ca9537700d1fba4482e9d0e76c84af2b897e0e9d1f4db7c131757815fb
civora,valcea-clar/site/runtime/stiri/ramnicu-valcea-remus-bellu-incendiu-autobuz-20260822/index.html,13381,606c9c1f3ba544ef320631e4299a08e4d04894e42ebec2f9df0156219824fb40
civora,valcea-clar/site/runtime/stiri/rm-valcea-gambling-authorizations-20260723/index.html,14791,752c529458ff2f48e90dc6afa3207c17adc2e05a22738b29e89851240c223d8b
civora,valcea-clar/site/runtime/stiri/rm-valcea-gambling-authorizations-20260831/index.html,15155,28b9567d5a9b93cc7b0d03201ff2954c75dbd8a31689b51d589b619ff923211d
civora,valcea-clar/site/runtime/stiri/rm-valcea-hcl-305-20260814/index.html,14319,7430faf1cbf2607fee738987706ceda4c8f8f6ed9a66bb7c1780075293a55712
civora,valcea-clar/site/runtime/stiri/rm-valcea-hcl-306-20260814/index.html,14724,441f94bb79f51a2b5e839228eb8d9e6284d239bab19f1be5d1e5cf12c0d86b14
civora,valcea-clar/site/runtime/stiri/rm-valcea-hcl-307-20260814/index.html,13247,5967d2843ef09517835d37e2ee8a085babfe996fb2b1b28c7d14a74c523c7a68
civora,valcea-clar/site/runtime/stiri/rm-valcea-hcl-308-20260814/index.html,13434,49c557bd53b3e1826b1641e842778b2f5c8e34b8d409de469f00a18f6d1650b1
civora,valcea-clar/site/runtime/stiri/rm-valcea-hcl-309-20260814/index.html,13420,2a7cbfb9ed63c8a670d63f3851361fddb9708c186a7ff2b1a56d66cb7b9b0146
civora,valcea-clar/site/runtime/stiri/rm-valcea-hcl-310-20260814/index.html,14897,8296cd92ac7f00b4be308982d7465adb643ce3999211d82df4cf483bc3764432
civora,valcea-clar/site/runtime/stiri/rm-valcea-hcl-311-20260814/index.html,13774,6eed38c7254a76b9126c30aa5c6ee04c0215143d89979dd31e2c2c2cbc1cf0ca
civora,valcea-clar/site/runtime/stiri/rm-valcea-hcl-312-20260814/index.html,15356,a37163680080232442d8e5ad7a6010f828503d269d85211f72b76100202e092e
civora,valcea-clar/site/runtime/stiri/runcu-eci-trei-posturi-septembrie-2026/index.html,12424,f3a520c9840fe16c72cb5a75e43beda277a04ac521993cf9dcb628c5ddd1118a
civora,valcea-clar/site/runtime/stiri/scm-program-b77962d4af149f60d7e6/index.html,11750,62ebf8126ac3e6e2a57a320c3bbf30e30358fe7e67dc85671d3710a1030371d5
civora,valcea-clar/site/runtime/stiri/scm-program-dbd2c22d1578de50198c/index.html,11795,03dc05fc5e5ef565deda763e033e169fb9e34d6fe8a42462b2fbd9291745f66f
civora,valcea-clar/site/runtime/stiri/scm-program-fdbf66a4a5bb7ef4f69b/index.html,13007,839fc08d33ecfde5e1c8f6d03b49bdef16d3a5b0c8082b45a0e996fa4f4c1c81
civora,valcea-clar/site/runtime/stiri/scm-valcea-fc-bihor-20260920/index.html,13418,125e3cce8020b94da647b97aa2d383c8037a2928f2f8537baca555f9a0516a83
civora,valcea-clar/site/runtime/stiri/scm-valcea-slatina-20260815/index.html,13054,a75511dbebed1b955fa36d1ace2d3a773ad777d23d001c7e6eb488f1e5dbcbaf
civora,valcea-clar/site/runtime/stiri/supercupa-damila-pietrari-20260822/index.html,15030,075ef7e64d11f1ff633f2f642377845ca41bb6025cffdc4ba3bedb0d78a55f0f
civora,valcea-clar/site/runtime/stiri/teatrele-valcii-ariel-anton-pann-2026-dosar-20260818/index.html,17108,c563abe832ca2d2ea130ed4b29b293b322a2862f92a0bb73c9b9c178c5ebac30
civora,valcea-clar/site/runtime/stiri/tetoiu-otesani-incendii-20260921/index.html,12384,4e5bef81b9ae79d08cdfad30539089903d87d532c0282d2f7d8c955db8d51dfe
civora,valcea-clar/site/runtime/stiri/transalpina-program-0900-1800-20260926/index.html,13290,31d88da72384bb06f3e07e006d56e4f3a5eabc95d67866efa09c923ee09ca99c
civora,valcea-clar/site/runtime/stiri/valcea-apa-canal-contract-152m-20260902/index.html,13101,7ef1b2937d4f6eb24262492cc00a54501441f1e0fe979bd79619eab107417f30
civora,valcea-clar/site/runtime/stiri/valcea-campanie-antirabica-toamna-20260925/index.html,13235,f7e57b79bcce6d39ef2b9272fdaebb577661a87e6f343f0f286f5f2d594cc278
civora,valcea-clar/site/runtime/stiri/valcea-intrerupere-curent-2026-09-21-budesti/index.html,12496,1f1c799606bd082cef970be4bfc6d2e99cac1c647d96970e5e7725bc9654f55a
civora,valcea-clar/site/runtime/stiri/valcea-intrerupere-curent-2026-09-22-horezu/index.html,12267,041f10cc3d4ab07d1eb29b695b0a6523f5077a68d75b888636339c15de7b4eed
civora,valcea-clar/site/runtime/stiri/valcea-intrerupere-curent-2026-09-23-ladesti/index.html,12321,e91b1109a854051dd0e18c1cca374c629af2b3e4ef3e88c0119aacc744d47e70
civora,valcea-clar/site/runtime/stiri/valcea-intrerupere-curent-2026-09-24-ionesti/index.html,12393,104b9fa6d468b637df34ea9316dd13c54c58947d7d9614430c3211ca1535306c
civora,valcea-clar/site/runtime/stiri/valcea-intrerupere-curent-2026-09-25-baile-govora/index.html,12287,9580eafd592a5a48f16054afd09f0b8223cb0986aba3daa71d2db0fe8e4ba69c
civora,valcea-clar/site/runtime/stiri/valcea-intrerupere-curent-2026-09-26-daesti/index.html,12203,06beedad7abfe4c048f711c31ecbe89d82334705568381db7a33f17227604438
civora,valcea-clar/site/runtime/stiri/valcea-romsilva-pnrr-torenti-20260831/index.html,13402,02a50e8ba2c2f3b5e3b016678ebfb6d535ce11892dda2c03e05fc41cf303da4b
civora,valcea-clar/site/runtime/stiri/valcea-somaj-august-2026/index.html,12278,6ba42259995c34c1e468a97afb5eea51647f2716c6e93f718efd75827014c4b1
civora,valcea-clar/site/runtime/stiri/weekend-clar-20261003/index.html,12709,772b568eefa1b258bf6cd4bb2f0d948682631a7462f5dbcea64e2a679b3f9bd3
civora,valcea-clar/site/runtime/termeni/index.html,12343,566b82eb869dc01f88c00cccc8bb159276c5571a415bdc1ff5d0ea58dd63388a
civora,valcea-clar/site/runtime/unde-iesim/cinema/index.html,2370,5420057ada66e650d9801ad4f764ad776116c402362e3436ade127ccd3ae74a9
civora,valcea-clar/site/runtime/unde-iesim/fitness/index.html,3239,9c28e8db617da9a7c66ff5aa74ddeff6c86368f1b76eeb0d35605e3dea5c0ec3
civora,valcea-clar/site/runtime/unde-iesim/index.html,15147,cb04591eff67e9befd010357e1f1bc9badeba79433ceeddb56bc009c79763ba7
civora,valcea-clar/site/runtime/unde-iesim/meniul-zilei/index.html,2363,15b72c4edd646b604167875d6b71d4f0c78cd737a2a55f4e4c032e7779f000d7
civora,valcea-clar/site/runtime/unde-iesim/sport/index.html,2489,b101537864f14d98af1267e95ec6226585a01bb5d379c972fa519071e850529b
civora,valcea-clar/site/runtime/unde-iesim/verificat/index.html,13257,d7c701a731a6d0eae302d0a1f1960180eaacc4e8317ce88e0b9af00562ced32f
civora,valcea-clar/site/story_archive.json,300032,1eac9962698568f6d2cf5edc4e0b06bb18c426a96d93d70c5e6c0dab218a772e
civora,valcea-clar/site/story_publication_event.json,564,d9fc9f2d7a8a9ef7958f6ac510a1d8d37d444841e4551a53a30a3570088cc36b
civora,valcea-clar/social/adapter_capabilities.json,3151,28b8273485212873555a2d182e35d213bcc60f211d9a90559bfb4d0e1da90bac
civora,valcea-clar/social/auth_refresh_probe.json,202,2c8fe66abf313ab054da60e3ac8e121a14d66d5a472ae490215b307fdff387b4
civora,valcea-clar/social/autonomy_acceptance.py,34253,a96a9d56aa525a318d6281d268f5734225738b06356e32d151a502439f7b8c01
civora,valcea-clar/social/build_current_edition_outbox.py,12117,b938f86e960e51174f400527c8d0ab9ef45724c45426883bbc7cdf1464625faa
civora,valcea-clar/social/build_editorial_dispatch_previews.py,10381,ccb4330a524659c142597fc0d1628e49404e9eeed9f502da0a0091e74a5a86ca
civora,valcea-clar/social/build_editorial_dispatch_previews_v1_1.py,1068,3d5158badf1ffcc09e955d2b3d851de9207d8762d4c755f555b6044fff2a7c86
civora,valcea-clar/social/build_live_story_outbox.py,17012,630ef04d74e45c0fcf6195b8099c1cc38d35f78ace0d228ecbb64d2830a527b1
civora,valcea-clar/social/build_outbox_only_story_products.py,18208,af21979983806c86d9da3659543b6857937bf487ca15844d1a17a3a71af58341
civora,valcea-clar/social/build_profile_identity_assets.py,11979,ef480926c80de7979a643a06cb71bc24fca1b0fb0019da2baff6fa4e6e47b7c8
civora,valcea-clar/social/build_social_media_assets.py,12515,fbbe33bc2cdd3d2f226146dc1b73e9f16188fcd9222d920aaa85adf9d25ef381
civora,valcea-clar/social/channel_registry.json,10780,25cb70080b7710989bb3deae5a1179c0ccf4c1022c3563f434d3f3b515cf202c
civora,valcea-clar/social/channels/facebook.json,3010,b04f3a84d2f0b2910768e9941d93b0a2188fbdcbd7854e5afc2131f12ee6060e
civora,valcea-clar/social/channels/instagram.json,3018,845f0a2742b1de07582a35f5b6a3bc39093ee8cefe279517a6874bad3b7e492f
civora,valcea-clar/social/channels/linkedin.json,2462,769fe6e817ad9bb4907baaaf62dc14982993f987a0483b8658e1df963bc1cdf7
civora,valcea-clar/social/channels/telegram.json,2432,05ba79e63e8235c4a6dd97251406398bbf7f15341136a9df4b9210a43ce0a9a7
civora,valcea-clar/social/channels/threads.json,2468,44b37e8e5a21355de48f6801f51487d95bbebc25bd4776dc8add3abb6e920eb9
civora,valcea-clar/social/channels/tiktok.json,2324,522e702834547f8fe37def9dc0e12693a1415485c0ef0823499d42b419971335
civora,valcea-clar/social/channels/whatsapp.json,2426,43a748423174790fcb5a5be0e12b265401cd1655bf55e2c156fdb0d7314c0c17
civora,valcea-clar/social/channels/x.json,2275,6dd73bb2468c8a225a5b23cdca3f471c25c0f57c50d3cfe1a5ec3fb023ec9352
civora,valcea-clar/social/channels/youtube.json,2090,8b451db8bc9a6fc7344e33f87314ca85c80375e5ad4d65ec9ea41951d536aaf5
civora,valcea-clar/social/contextual_story_media.json,16499,77725cffc14e3eaa03c6ac4d3286da3678d65d8caa71c1cca3094cc701f9992b
civora,valcea-clar/social/drive_owned_photo_ingest.py,15485,b05ac36bf20a5ff47ac7432e67e2ec19827d499a00601bb14c913c474428513e
civora,valcea-clar/social/editorial_asset_contract.py,6021,b19988f1db26b78c1195df5d0582b182460933e760797836dfc12979fba7a2ad
civora,valcea-clar/social/facebook_editorial_preview.py,16699,dec238a7446eabf4e4406beb31fed35c5288378ee2a372750b89ad5e93ca2804
civora,valcea-clar/social/facebook_editorial_preview_v1_1.py,6035,607f6eb28bc378904669543209cb9d119209f6c5bc7427e149e3436ab954df5c
civora,valcea-clar/social/facebook_editorial_publish.py,18459,ada486d9f8ef380099b414da14678d49dfd775c1b722132decf40b15e0e75528
civora,valcea-clar/social/facebook_featured_state.json,1120,62702025a2dee74d72dbfe2b1f64898b3b6d7751ba035f908dc31479e4384b62
civora,valcea-clar/social/facebook_intro_photo_state.json,665,236d35987963014b6fdae48e928461aade4e374141d058e0d6a072e33f80f3b4
civora,valcea-clar/social/facebook_outbox.json,366012,11a54d0a62725a5c1f2e097dcfacb64e1a4b500d873e8152b03e741a49874939
civora,valcea-clar/social/facebook_profile_state.json,2862,6913447d35d81d1caf90d4d84db90e2599bef1d3cedd9547070cce8c6f76bbae
civora,valcea-clar/social/facebook_profile_sync.py,13547,05023422f7636646734467ee49efb85a806f131fa3a7ce6419186b32628b73c5
civora,valcea-clar/social/facebook_publish.py,17714,35fc2ebd0d8c27992d638f7bbffccde3245263d7a184ce98bbf0c9ed862074da
civora,valcea-clar/social/facebook_state.json,52629,11a1b6595bc0538c438cb036b34cfd54692a3b7f28989f1dcb167e7d2843ded4
civora,valcea-clar/social/facebook_text_fallback.py,25421,831df570beacc27c39f85af3b16fb82b6e8c2edfbdd4e38fdc392cadb5082339
civora,valcea-clar/social/facebook_visual_system.json,3617,da0eb1fecfe064929a9a6fe667c494b426038436427ebae75bc1dffe5115d848
civora,valcea-clar/social/feed_identity_v1_1.py,16791,bfc7cf9e81fde9ce88267bb726ee8853004fe968a4392981a51d5d33a26de076
civora,valcea-clar/social/fetch_approved_photos.py,17308,e62d6c4591303dc89ceaec3359569d23e578402965c60c4422ab1388d6ac07b1
civora,valcea-clar/social/instagram_editorial_offline_selftest.py,4671,f1bdfd5168c06055fc67e295cf80d4a1907fd1f5f29e2703b05ad076382efbc4
civora,valcea-clar/social/instagram_editorial_preview.py,13438,fe2dac2fa7f93918d24a25158b4d60c2459a9c4449967818db94e8cb27d41143
civora,valcea-clar/social/instagram_editorial_publish.py,22568,114a784f43bb69a000c066762ee8a11554698e44a8f01a4daa9f11b95a02096f
civora,valcea-clar/social/instagram_editorial_v1.py,18183,717eafad64a5d3b458ab10074124d5a4c62108eeb8ec7a04c2d83990681d1207
civora,valcea-clar/social/instagram_editorial_v1_1.py,8708,66e90997fde19d659ad7bbb41eb615e9ebb6a138ab358dc964123b36011ee6c0
civora,valcea-clar/social/instagram_editorial_v1_2.py,7833,3732f7c8f292196c2a6261cb13b3717a28882961b9d0737efef0fab51ce9589e
civora,valcea-clar/social/instagram_fact_card_publish.py,26339,7b3cdcf6069dee94aa31fe70370a7070bcbd7db54ec5e3753b480817f7a6be61
civora,valcea-clar/social/instagram_fact_card_publish_v2.py,2185,86d3dc3dc8834e6e9d8b2f257a80c24a33be5bd98f6ba690824ef91606b4b6ab
civora,valcea-clar/social/instagram_premium_cet_diagnostic.json,438,e01e9e2479c2794dfe07a81ce990f357d0f392e584547e18584563913bf0f602
civora,valcea-clar/social/instagram_publish.py,28283,0b2d842aa09507b38283b6a7ef081410d6c524248b9aaaee361619f95b02c787
civora,valcea-clar/social/instagram_state.json,89223,45965b8022db777a0c5a9f6a28ee1621502efe3720a89df3ab9ce9544e86215b
civora,valcea-clar/social/instagram_visual_system.json,4459,5a4f3dfb44f828520254cf9e4fe289cf213c28ce8a5972d55da99448718f8e88
civora,valcea-clar/social/linkedin_editorial_materialize.py,11390,72ad90efafe89afdd94e15d3647018438e0041a64624aee84b0775bc6b460a71
civora,valcea-clar/social/linkedin_editorial_v1.py,17476,cc96c7d69566f8b673fd9a6c43c4fd6045f064e9914d90b30ab61f9623eebe0f
civora,valcea-clar/social/linkedin_outbox.json,286518,575f44ff8dafa98cec8b3dc23cf28b3b758595fa37661e18d0f4aeab546fcceb
civora,valcea-clar/social/linkedin_state.json,492,03ec20c7ccdec01f7e918b5915cc6a31a7aad55fa7a61b4517379737fc4a4b82
civora,valcea-clar/social/manual_distribution_audit.json,1316,fa2f573a19d9c236a93bc8760b4b8550180b83d336c842e2b18a5097e9f09044
civora,valcea-clar/social/materialize_owned_photo_story.py,17366,a6209e6661aeef29e68bea4f98b9e935f997d9eab2cfad97ef79264d82d53426
civora,valcea-clar/social/meta_auth_health.py,5526,4aacfa9bb2e2765bbf8999224de12fc7fe79fb89b64f66aba3921259baf11555
civora,valcea-clar/social/meta_auth_state.json,342,282d256171931e1683adc197eb42dd7555a33f6bbbbc29ac4c0640c910671dfd
civora,valcea-clar/social/native_identity.py,2602,e330075954f41dfd8a1104a07faf89d9ae2f4abffc8f1bdd213397c2de5ea3a9
civora,valcea-clar/social/native_platform_identity_system.json,9256,19863659fb70dcc0d9544b6d809db0bcc52506b83e7c0340a5327b0b1eed8b22
civora,valcea-clar/social/owned_photo_drive_config.json,2681,8aa4e5df02d4138f436eca9ab487c9100af6c5e90d3e148ee95ea24ff130cdd5
civora,valcea-clar/social/owned_photo_drive_snapshot.json,8938,c3c176baed66048ce0e669c9e98464e0c94fc273d60950739e50d9f305b9456b
civora,valcea-clar/social/owned_photo_live_acceptance.json,2115,e6768236048bd737834558d72c53eb46f3dc76381c4a26786ed2d1c0703bc07b
civora,valcea-clar/social/owned_photo_match_policy.json,3777,8dedb4a22129fd7aef4881560613c94295388bcd0e6d113cf92c1b1b83bd16d1
civora,valcea-clar/social/owned_photo_materialization_requests.json,436,07a92bdafff041fc6c56b6f9f0981bf065b84e10f9ca5f39641a6ed520977db9
civora,valcea-clar/social/owned_photo_runtime_contract.json,3121,127ff8d7c051fe52c8b27008d8d1894776f9161c29147d278d01a9dbc25c8a91
civora,valcea-clar/social/owned_photo_semantic_auto_policy.json,2302,073345f89c693ca6727ed42e8ecfb4b49054cf4564762a00cc7601f36cde1ff2
civora,valcea-clar/social/owned_photo_semantic_labels.json,10041,ddd189bcf3c644da9816fca0b5c24357637c17fd5a1f2c3b9ca0af81e6a50eb0
civora,valcea-clar/social/owned_photo_semantic_registry.py,15797,996551bcfdaf36918f254036c00d4531d525c55c96bba35f9a258b4c147eba2e
civora,valcea-clar/social/owned_photo_story_matcher.py,27557,0a2f40d6de73ea350eef3cdd48850a7f52215ae6a92d84c441992cda7560af7d
civora,valcea-clar/social/photo_atlas.json,11121,3d17ca0bdfd8ab0860fb83c639f49e727989432ec313cc595662866104195dc8
civora,valcea-clar/social/photo_atlas.py,18038,8e22f4451adee72f75b881ec4c24c9665ea5e8b3dbf1c320de20f59060ca652a
civora,valcea-clar/social/photo_atlas_owned_bridge.py,11376,54465921d2bbe2cf3961b414a79bf6487a65c3978678024693e7d6d2b017730d
civora,valcea-clar/social/photo_atlas_owned_source.json,1482,6db57cebe6edcfee1216299cb97d376353606fb591d476394b2f3e33f1ff7850
civora,valcea-clar/social/photo_candidate_policy.json,1902,324a34847bd9efe156a7ba72a614bbb8fd9759826e6c669fc813998b7786a5aa
civora,valcea-clar/social/photo_candidate_registry.json,104688,d745473f441cd082bf346496be893eb556b523fe8c606a111e4577043f8b2f5e
civora,valcea-clar/social/photo_candidate_resolver.py,24654,ebbbe1fe1daa5a980a336a36a82c279f6ab07f59bf0a4f08aef7b792ea11687f
civora,valcea-clar/social/photos/approved/README.md,1636,079404d4357f22cd25acb997053d432765754be7efd759ef96bc058d707af9ca
civora,valcea-clar/social/photos/approved/cet-govora-buican-facebook-20260821.jpg,13807,cd51a7ed521080fc4b23ddb63e4f750eabe791398f8dd117c93d30fe647537d6
civora,valcea-clar/social/photos/approved/cet-govora-context-2011.jpg,3046894,46b069cbaa192d5492fd02a775ac95a34d1109b2e86cc0087179942479172dc0
civora,valcea-clar/social/profile_identity_deployment.json,7035,4d4e48ec3b067b25359a5a6cab9e4f5adb79518bfd9ea9dc764c731f4f2322d5
civora,valcea-clar/social/profile_identity_system.json,9288,8ddf38589ffffd40516ebe23e7adebeb419f21ed9736a30371233b66d81841a8
civora,valcea-clar/social/profile_presence_system.json,7149,d1c13709080ee694fcc9d76f907c45a2ec30bd2187f015b2bd83a219ae95d963
civora,valcea-clar/social/real_photo_replacement_queue.json,2012,cd9afd1756e5c63e2262241c4859b922b60c4d5dc1104649d2d59129c5c90c3e
civora,valcea-clar/social/render_native_visual_identity_previews.py,13816,01aaffe6593476cbffe808cc501f6c4ca403e675c7e83a6d32f406eb5bd78ccb
civora,valcea-clar/social/series_registry.json,9735,924e8a39af71a883c413ba6e6bc6e5f2ba8e3bd7719ead921d0207adbc848129
civora,valcea-clar/social/social_brand_system.json,5886,b8e0dd68447118bc00c05a9efc63197eb8dc0bae99783327481fa4f7046abda4
civora,valcea-clar/social/social_common.py,13729,16b494b1b7527e3dfef5698743fa8aa26bb8f461d4cc3c5ea656cc6bdad25726
civora,valcea-clar/social/social_media_manifest.json,4579,4e57bdeb1ca9293dd1fc01b046d596776c729d45830f57a2352060768e650878
civora,valcea-clar/social/social_network_doctrine.json,8401,7d9f9423ecfea582800cfc7b2a792a0c5751aca4c381bd601695176d79068368
civora,valcea-clar/social/stamp_native_identity_outboxes.py,5933,8a082013f23a4157c6f7747cb62a2c8abfac128f59c3dd594e7d785baadc0e55
civora,valcea-clar/social/story_social_policy.py,5916,3e59a0105e35acd0ad60c454cfb4bcb76d69f038e1d04c8e2265e33345f68f30
civora,valcea-clar/social/story_video_media.json,628,fffc0ebf26ef0c641903bf65a29f5a48ebfc5fbcc4e1d354ece345a6c4629a13
civora,valcea-clar/social/story_visuals.json,15697,fddec3acf20d1b505dce8afd68198c4c35c8f25efd1448f902fcf1a27f645776
civora,valcea-clar/social/telegram_editorial_materialize.py,6472,dee0abf2343ee6dc4670a27cad924862ae40bb87283e9a40735d87b07d6d42ea
civora,valcea-clar/social/telegram_editorial_v1.py,8655,2e5e1805bfc69e657347b5b47264502f5ba6df92e265b4625e7f8f8b45b6e4cd
civora,valcea-clar/social/telegram_outbox.json,200972,4ce0c5dea1772d878d217735540b30fe1ec7b4ec0a9162026d4de3f38896737e
civora,valcea-clar/social/telegram_profile_identity_deploy.py,11531,ee3709995304bea032fe5d92cb714783ce055e2846e2c77cbd12ae794b9c872a
civora,valcea-clar/social/telegram_state.json,492,dde130acbb4d0215df3fc38e9f73aed0e73081bdbe0d4df540434b6a1e9f85a1
civora,valcea-clar/social/test_instagram_carousel_adapter.py,7398,0af3144f005776d375d6c26a02e5e58356b640cece3be6394f6dc8f2b8092194
civora,valcea-clar/social/test_tiktok_premium_photo_product.py,6014,34e4c22770a5bbc46478d271a62a8dd242808402b608ed4486736571e0a9a51c
civora,valcea-clar/social/test_tiktok_video_adapter.py,11905,d951b9af70e78d4d949b9e41012c89026b7842a7d35e436d4b10f3d907be78e1
civora,valcea-clar/social/threads_editorial_materialize.py,7919,d269b98df55e5d2336a0685d5693c28f9eb963ad7891e33a39dc9cf9e885fc9b
civora,valcea-clar/social/threads_editorial_v1.py,10900,9f0dbfe570d1f9ab30dc8287dbf71bcdf4dd77a7d8c08d1f8cee49de2a6278ff
civora,valcea-clar/social/threads_outbox.json,209045,660d35ec4459c5402d6b9fed02b860d644ca38ac823f100c85bee980c4e84176
civora,valcea-clar/social/threads_publish.py,15246,5c894530faab6bb8750ab4b5720fb509598e0d85d61802a7fca8da5d4b00c34b
civora,valcea-clar/social/threads_state.json,18678,35e0f63323729ebd4475bd1aa897b3bf5172dff4552a21fd1282646df6a4d53a
civora,valcea-clar/social/tiktok_editorial_v1.py,16990,cf5558cba02e1b667f5bb4231304a026ce8edc95f795ffe490cfff88237e7a1e
civora,valcea-clar/social/tiktok_publish.py,41524,650f68e6513d29383d381dd0bad40e547abb9c2e295436d495a5757877dee149
civora,valcea-clar/social/tiktok_state.json,159,b2a9d566259e9e4e28b4b86562ae8855befc38d28c328672547852f4438c4058
civora,valcea-clar/social/validate_facebook_single_writer.py,11237,c2140036c3f31e25f54fca13f403daa65c4e3dec3d8b11ead787d97ca8ddefe0
civora,valcea-clar/social/validate_native_platform_identity.py,18516,4ff9b78283e9f23b0c7ecd4f9e54aad097cc67386de494b051e47facb8a226c9
civora,valcea-clar/social/validate_profile_identity.py,12013,824b56e5eb4bbcc587e88a5ba4b08e4711c3a4bed023d2318b3353765487321a
civora,valcea-clar/social/validate_profile_identity_deployment.py,15382,c366c3d1647d5ac54cc5badc7dcf4df6268f76b48cf5f6c618f22d01bae537e0
civora,valcea-clar/social/validate_profile_presence.py,10809,f2607e532e182f71a7d76c820e3b9c450227c6cc4ce061e4c3c4a3195637d8d6
civora,valcea-clar/social/validate_social_doctrine.py,10833,855f9b12a06132666d3a2165481274e91cc7bfd35a6d2e429c41e32293d33175
civora,valcea-clar/social/validate_social_engine.py,16783,65de658d7762b2fe159e728859054987391bb6c54653ee9d17cceed1e750c47c
civora,valcea-clar/social/validate_visual_identity_contract.py,15248,ef989b2ba93abe19570a60fd5b07a0aceeb64b896bbdd8c42f4dcfc56fba2d9e
civora,valcea-clar/social/whatsapp_channel_presence.json,914,3a64ff723d4da4f5a51f55233cf358e1626681c42062eb4a49565f51b9ab609a
civora,valcea-clar/social/whatsapp_editorial_materialize.py,12705,a15f1770abaf5591eaf265af64f002072abf0f1dc1a487f33c10ca682945e755
civora,valcea-clar/social/whatsapp_editorial_v1.py,10088,3aa2ad000cd2a1e12fa88d61b79d8eb763b4ff148b8235a249c8151add608e88
civora,valcea-clar/social/whatsapp_outbox.json,244897,0bdd854288c9ca0614add7237c46daa651beac14cb7cdee95b2c442aa16f835c
civora,valcea-clar/social/whatsapp_profile_identity_deploy.py,15294,49b6264130110040b7b70596b1692052ab03c14f70a430bae573671be8567d89
civora,valcea-clar/social/whatsapp_state.json,1595,f688ab9768549968d1460b3e7ecbca0ce80b343d75069586aa62fb826824451a
civora,valcea-clar/social/x_outbox.json,221201,a262209b878a983c333c47fc474f2fb5788ea8528683802c156c95160e1d0198
civora,valcea-clar/social/x_publish.py,18200,dd865455419f4c8918b12fd128126a86068f9d411d995162efd9cd876aedfa89
civora,valcea-clar/social/x_state.json,1152,107c095d717352358c3924cc44741ba49481e43ebd36413844d7ec583aabf226
civora,valcea-clar/social/youtube_access_state.json,914,66da3acf68e4b4067e1ddd9a55f31e6527726cfc98b6426d62bafd493e2eceb8
civora,valcea-clar/social/youtube_auth_gate.py,11909,e944dad8c3e8ebeab4d8b7d52403382d7eeb70836b8c6457f5250a9059046665
civora,valcea-clar/social/youtube_editorial_materialize.py,15052,76f66c65c48e0b22a222302873934a041f6c1c7865192da4b333b623ba1c024b
civora,valcea-clar/social/youtube_editorial_v1.py,19215,cdd962b6fb30fdb4ae917b6a55140895b9c6e977616c996a099fd459c7209efc
civora,valcea-clar/social/youtube_outbox.json,322493,5643b4d86ff7d132e3ecd70c407c1fe0a233016be5183e03ba90dc5654bfec89
civora,valcea-clar/social/youtube_profile_identity_deploy.py,13846,8bb9a9fa5ef65229f45ad9b8290e3ebc3b1be052b468f985fbd7d4903b935d31
civora,valcea-clar/social/youtube_state.json,497,fe0315bf0ab69c90f2b0f2508835bce5c3537ebbfdec119408968b2c5d713d36
civora,valcea-clar/state/README.md,244,9e330668cee68cf88949bbd980bf5b4f5af63870d71aac7329351bd57a988539
civora,valcea-clar/state/festival_source_state.json,10901,7a1d2101310772f093c16d0b085e203c960e6e9ec91f1b7fdfbc5e6840bc4b17
civora,valcea-clar/state/performing_arts_source_state.json,5456,edc8c87bcd3a007f0570e8fd88ea8f63acd534da39f4f0b4aa8e3e46dfe1a211
civora,valcea-clar/state/persistence_reconciliation_trigger_state.json,447,a6216abcad0ea3807b918bf8c3b0c18f09da79f77bfe32c4b7f5eea82b7f2216
civora,valcea-clar/state/source_health.json,51436,326cf156c32f474dea0bb80973b529c7fcb3d6aea78afdf1355263ee8dda3bf2
civora,valcea-clar/validation/http-revalidation/2026-08-22-buila-vanturarita.json,379,baf7e8c8f916bf8e60f89fa9742be0f363c45d574ce14f3b8018f1fd899e857a
civora,valcea-clar/validation/latest_report.json,756,f317b4ead02448ee77042296b41c078cbf535f73510f5e53f3d1e13a0445ca8c
civora,valcea-clar/validation/public_http_latest.json,2020,ccc0c291bc4704aa65c69a288879ed9e3f9c27a306b424a9543682a25c3e200e
civora,valcea-clar/validation/validate.py,7084,26aa2692725056481bbe6c5ec3417ff9a5dbc89bcb2ddf3ecc802fe5980d415c
civora,valcea-clar/vercel.json,124,99495cd4615aa305db5cfc1a74a9724d26ab85ac449bc938ac348291509bef85
civora,valcea-clar/visuals/S3_VISUALS_CHANNELS.md,1271,aa7b44d0655ed75292113110a4add253c76bd50b060bc6b8730733c731b4aad6
civora,valcea-clar/visuals/s3_visual_briefs.json,4187,aeb5a1e59d792d6c7d8dfea892dd9244d9c3dba5c8b0821d18bf2b4e70b6f182
civora,valcea-clar/visuals/s3_visual_manifest.json,30085,2b5cab581ebdfdbcf4705f41542261285d71189a827f3b858b65ed78326189ed
civora,valcea-clar/visuals/s3_visual_pack.py,8203,e9315a299808bbf7a1086a833cf12ba81d37723a546c4e3666230f8d178a9086
civora,valcea-clar/visuals/site_visual_backfill_queue.json,5401,d2e9c1deaf68e2b0bbd10862d59aad0e3fa0ead086b2c4e26fab11adf73a42dc
civora,valcea-clar/web/app.js,8932,dc33bc636563154660a26ece91122ad480851b8723bba732958fb68e23984cf3
civora,valcea-clar/web/data/creators.json,60,7e34f646f449de4e0b34c59e9e27197f79ecc2c7c230c1e8c693e0528c68f236
civora,valcea-clar/web/data/meta.json,254,f9987d6e7064bd60baec807e24280a1decc01e7574f30d59f5d75ae4dd071fda
civora,valcea-clar/web/data/places.json,38375,06d8bf00e698a49eea04e60b4d0561b8d3a6cefd69a2235441e3a83c2e645354
civora,valcea-clar/web/index.html,6065,c28c8b7a12a808597cc4fa6856d36034e337a85462b2667770c297bacac75d6b
civora,valcea-clar/web/styles.css,10139,e537c7b97f9695d63c952e20b9d60d0050af1c5cf8a402378db3fccd7c603c21
civora,valcea-clar/web/unde-iesim.json,30580,357572ef9dfbf5fe5cdf28cf2f061986859e359760c0f628c88fa2906a8eb544
valcea-clar,.github/cutover-diagnostic-status,2094,688793951f0d083f593f010be5d902c3059915db0320925318e699d9954b1e26
valcea-clar,.github/cutover-status,151,66cccd055e63a8d42e5f404a081a309aa54b788be162fb28dbcf5329764f8a05
valcea-clar,.github/deploy-verify-status,391,4358b4d4dac4f0a4a2fba9982e80af08c1cc3a49fd12b42e0822639d86a0662b
valcea-clar,.github/pages-set-domain-status,685,b42bfa7730d4a433b1ceb6362569a6f17e70116f4c5d697191c544054c654706
valcea-clar,.github/pages-state-status,887,f135fa84cfec561ce285be4fa09929d78e0eab61d7a1f4af88b723d10718a041
valcea-clar,.github/pages-state-trigger,60,7b4d7eac43d4dac4ae1a58f6a8d051a462944531df913c85bc5422f58713f8c8
valcea-clar,.github/preview-deploy-status,165,6b1d24a7ebe56aca27d873a1a8123b917fbd9e478eaf4baca8ecb1bb0ef05578
valcea-clar,.github/workflows/civora-sync.yml,14138,38d5c5d787a0abf0d21befbb86acc40503c515d54a60142cb05050fa768c4313
valcea-clar,.github/workflows/deploy-pages.yml,1185,b366a44d9323edff364c7b013c33bfde36d1f279569da8e4234c7d9738e941ed
valcea-clar,.github/workflows/local-life-readback.yml,5373,36114631a185fb05e00073d118b3ca368dc25247e263350d3ea8c9819f903ba4
valcea-clar,.github/workflows/pages-state.yml,1717,f6ae042adee09316c324af82acccb7f7418be1538fd2f15316a05c2fb9868c2d
valcea-clar,.github/workflows/pr-validation.yml,2904,6cca4a992efca1f213b03a1d7e533d5197aa431e1868f30e8679fa888e9da962
valcea-clar,.github/workflows/quality.yml,743,60320e3097e93e1903a7f5941164a199f3ff66bb9d918542a7be347e663b04bc
valcea-clar,.gitignore,33,c94097b17b147a7d42189e78ab2cc7cc7b6e389bb44427cec9e276e75dff0f63
valcea-clar,README.md,4202,48a27dc1673d7e02dc9ed9358c351fe9fb675204d1b92c75ba6259fa04e95b07
valcea-clar,UX_CANON.md,4072,61a680e63aca207249ad905b076081bf9ac97783f7a0913d26ea23b2972ccfaf
valcea-clar,content/articles.json,261576,55790b0879979f7f641a741cdf22c2ecdf79041288d5e3d503cc77aae150a64e
valcea-clar,content/events.json,14153,59d018b9088fd6098e9758d524a5e0ba8c41c6a57fa42b838cb21233f7a42d92
valcea-clar,content/legal.json,2872,07478545280dbc283315e71548b5e2375d4ed1a656668aadc181c025254febc8
valcea-clar,content/local_life.json,4173,f9b5531f2cdd98592b11d002d48a22e31e67b954867ad139e8d87dafaec29f43
valcea-clar,content/media.json,1196,23b7b90970c7b7bb8dc6e80b7c03ab1a7debf806ef7c2914414f942832e71a7d
valcea-clar,content/site.css,45823,60afbca3f4bcfa6bf5d08bb5013efc039b74b5a7cbe0c1501b158b2ae3b7b973
valcea-clar,content/site.json,726,a37b337f54ff6936e6a3d14e58137c74d1256132bfa3b3585226f5c37314ac15
valcea-clar,media_source/administratie-ramnicu-valcea-20260819.webp.b64,5194,72ae1445d840f88b48ac1865315dc8db76a84b2afcdcf814d40ed62d128ef031
valcea-clar,media_source/centru-urban-20260819.webp.b64,5538,8afadcc4046c740861e1c2df9970560fd4053c6b46b284dbd56af00cdb062930
valcea-clar,media_source/manifest.json,269,8d2891139224fc210982c77397470f77bbd3abbea5a14791e5dd01cbfb8b8dcd
valcea-clar,scripts/build.py,49201,e9241fa2b2ca5bc1258ccf5532c8ddf5a3670e4ff9001d59633b3b8fa2f0fe48
valcea-clar,scripts/check_civora_projection_ready.py,7046,be1f7c653fc782333c4be81224e1292a0e075f23436ade3b8a56ac81baa27b75
valcea-clar,scripts/enrich_metadata.py,11438,4355704e508f65d8745c20b27a5f8db3ec3084a2e1e6b9cfc165bcaf01b4b3a7
valcea-clar,scripts/history_projection.py,2233,28b405052ae3bd2262e5edebd5f3a58c3e1670d83f16e5538907cf92d7f42b6e
valcea-clar,scripts/media_assets.py,9425,38be37bf6eeb13d23dead6ca011c70c07748311e86f2643fef5ad768a6242286
valcea-clar,scripts/readback_media.py,5249,6cc575be752d4d1e27fcb9178b87c2807cb8bf80f5696a215bb676c4b51aaacd
valcea-clar,scripts/reconcile_civora_currentness_events.py,27677,c4c5bb1fa03803578552b020c0049937849c7f914aa6b534f3019901d388c382
valcea-clar,scripts/sync_civora.py,22403,f931ddc4b1612d3c83bcd664e9d51aa144186ed157b9575a13f21f1c37c438b1
valcea-clar,scripts/verify.py,2024,88f56bf8187be2a910299cf1dc4565bbd25437c828b6f889dc5d25d318bad175
valcea-clar,strategy/checkpoints/latest.json,3882,a9e3be825b7ad865872d2154ed1b698c4b2fa2fda2cc3af940a1985c1f1ab16b
valcea-clar,strategy/growth_inventory.json,5790,1ff7f25f687ae4455a6083c318d349d4f380f48a152df7e8bf239f6cc5404c5a
valcea-clar,sync/civora_state.json,1641,a77a86538b3c2fbff89f100c25480fe8290b4fcb8578240261dae99eef0c1fce
valcea-clar,sync/run-now,228,f6460a3b69e98fa57abbbb39fbdcc8a92fcfa23443217bc47caecebf20573fb8
valcea-clar,tests/test_media_assets.py,3796,a48ee174c26f8accd207ac9da4081eeeecc245fde3817ab998d85c9e72ed635c
valcea-clar,tests/test_site_ux.py,12996,914c6124c8672f14a2a5ddd3b9fef115da6e1539b1c1a4aedd9b7f4eecaff178
valcea-clar,tests/test_sync_civora.py,12344,377eaf928ddf7de26b30dfcf3aed32f82e50323f29269b76fd6f2741d3d49055
