repository,path,name,triggers,cron,concurrency,permissions,scripts,effects,classification
civora,.github/workflows/civora-persistence-reconciliation.yml,CIVORA Persistence Reconciliation,"workflow_dispatch,workflow_run,pull_request,push",,"{""group"": ""civora-persistence-reconciliation-${{ github.event_name == 'workflow_run' && github.event.workflow_run.head_sha || github.sha }}"", ""cancel-in-progress"": false}","{""contents"": ""read"", ""statuses"": ""write""}",local-news-os/core/repository_scope_fingerprint.py;local-news-os/persistence/credential_safety.py;local-news-os/persistence/latest_state_promotion.py;local-news-os/persistence/persistence_health.py;local-news-os/persistence/persistence_writer.py;local-news-os/persistence/prs_042_drive_old_main_new_acceptance.py;local-news-os/persistence/prs_043_open_pr_unmerged_acceptance.py;local-news-os/persistence/prs_044_superseded_pr_later_merge_acceptance.py;local-news-os/persistence/prs_045_outbox_only_capability_acceptance.py;local-news-os/persistence/prs_046_profile_asset_no_remote_readback_acceptance.py;local-news-os/persistence/prs_047_no_progress_checkpoint_then_main_acceptance.py;local-news-os/persistence/prs_048_explicit_decision_replacement_acceptance.py;local-news-os/persistence/prs_049_consecutive_no_change_idempotency_acceptance.py;local-news-os/persistence/prs_050_current_social_truth_acceptance.py;local-news-os/persistence/prs_051_profile_state_separation_acceptance.py;local-news-os/persistence/prs_052_open_editorial_decision_acceptance.py;local-news-os/persistence/prs_053_low_latency_main_evidence_acceptance.py;local-news-os/persistence/prs_054_source_intelligence_workstream_acceptance.py;local-news-os/persistence/prs_055_monitor_fact_kernel_bridge_acceptance.py;local-news-os/persistence/prs_056_local_places_subcapability_acceptance.py;local-news-os/persistence/prs_057_operational_dashboard_recovery_acceptance.py;local-news-os/persistence/prs_058_self_improvement_component_acceptance.py;local-news-os/persistence/reconciliation_engine.py;local-news-os/persistence/validate_reconciliation_triggers.py,,INVESTIGATE
civora,.github/workflows/civora-scope-drift.yml,CIVORA Scope Drift,"workflow_dispatch,schedule,push",*/5 * * * *,"{""group"": ""civora-scope-drift-${{ github.sha }}"", ""cancel-in-progress"": false}","{""contents"": ""read"", ""statuses"": ""write""}",local-news-os/core/repository_scope_fingerprint.py,,INVESTIGATE
civora,.github/workflows/craiova-clar-public-safety-scheduler.yml,CRAIOVA CLAR Public Safety Scheduler,"workflow_dispatch,schedule,push","3,13,23,33,43,53 * * * *","{""group"": ""craiova-clar-runtime-writer"", ""cancel-in-progress"": false}","{""contents"": ""write""}",craiova-clar/run_facebook.py;craiova-clar/run_public_safety.py,repository mutation,INVESTIGATE
civora,.github/workflows/craiova-clar-utility-scheduler.yml,CRAIOVA CLAR Utility Scheduler,"workflow_dispatch,schedule,push",*/10 * * * *,"{""group"": ""craiova-clar-runtime-writer"", ""cancel-in-progress"": false}","{""contents"": ""write""}",craiova-clar/run_facebook.py;craiova-clar/run_utility.py,repository mutation,INVESTIGATE
civora,.github/workflows/eucons-ai4work-research.yml,EUCONS AI4WORK Research Gate,"pull_request,push,workflow_dispatch",,"{""group"": ""eucons-ai4work-research-${{ github.ref }}"", ""cancel-in-progress"": true}","{""contents"": ""read""}",,,INVESTIGATE
civora,.github/workflows/eucons-build.yml,EUCONS Build,"pull_request,push,workflow_dispatch",,"{""group"": ""eucons-build-${{ github.ref }}"", ""cancel-in-progress"": true}","{""contents"": ""read""}",eucons/ops/github_automation.py;eucons/preview/preview_engine.py;eucons/validation/validate_public_site.py;eucons/web/build_public_site.py,,INVESTIGATE
civora,.github/workflows/eucons-client-finder-commercial-scope-readiness.yml,EUCONS Client Finder Commercial Scope Readiness,"pull_request,push,workflow_dispatch",,"{""group"": ""eucons-client-finder-commercial-scope-readiness-${{ github.ref }}"", ""cancel-in-progress"": true}","{""contents"": ""read""}",eucons/validation/test_client_finder_commercial_scope_readiness_fail_closed.py,,INVESTIGATE
civora,.github/workflows/eucons-client-finder-evaluation-transition.yml,EUCONS Client Finder Evaluation Transition,"pull_request,push,workflow_dispatch",,"{""group"": ""eucons-client-finder-evaluation-transition-${{ github.ref }}"", ""cancel-in-progress"": true}","{""contents"": ""read""}",eucons/validation/test_client_finder_evaluation_transition_fail_closed.py,,INVESTIGATE
civora,.github/workflows/eucons-client-finder-final-offer-candidate-review.yml,EUCONS Client Finder Final Offer Candidate Review,"pull_request,push,workflow_dispatch",,"{""group"": ""eucons-client-finder-final-offer-candidate-review-${{ github.ref }}"", ""cancel-in-progress"": true}","{""contents"": ""read""}",eucons/validation/test_client_finder_final_offer_candidate_review_fail_closed.py,,INVESTIGATE
civora,.github/workflows/eucons-client-finder-final-offer-release-authorization.yml,EUCONS Client Finder Final Offer Release Authorization,"pull_request,push,workflow_dispatch",,"{""group"": ""eucons-client-finder-final-offer-release-authorization-${{ github.ref }}"", ""cancel-in-progress"": true}","{""contents"": ""read""}",eucons/validation/test_client_finder_final_offer_release_authorization_fail_closed.py,,INVESTIGATE
civora,.github/workflows/eucons-client-finder-final-offer-release-execution-authorization.yml,EUCONS Client Finder Final Offer Release Execution Authorization,"pull_request,push,workflow_dispatch",,"{""group"": ""eucons-client-finder-final-offer-release-execution-authorization-${{ github.ref }}"", ""cancel-in-progress"": true}","{""contents"": ""read""}",eucons/validation/test_client_finder_final_offer_release_execution_authorization_fail_closed.py,,INVESTIGATE
civora,.github/workflows/eucons-client-finder-final-offer-release-execution-commit-authorization.yml,EUCONS Client Finder Final Offer Release Execution Commit Authorization,"pull_request,push,workflow_dispatch",,"{""group"": ""eucons-client-finder-final-offer-release-execution-commit-authorization-${{ github.ref }}"", ""cancel-in-progress"": true}","{""contents"": ""read""}",eucons/validation/test_client_finder_final_offer_release_execution_commit_authorization_fail_closed.py,,INVESTIGATE
civora,.github/workflows/eucons-client-finder-final-offer-release-execution-commit-preparation.yml,EUCONS Client Finder Final Offer Release Execution Commit Preparation,"pull_request,push,workflow_dispatch",,"{""group"": ""eucons-client-finder-final-offer-release-execution-commit-preparation-${{ github.ref }}"", ""cancel-in-progress"": true}","{""contents"": ""read""}",eucons/validation/test_client_finder_final_offer_release_execution_commit_preparation_fail_closed.py,,INVESTIGATE
civora,.github/workflows/eucons-client-finder-final-offer-release-execution-commit-review.yml,EUCONS Client Finder Final Offer Release Execution Commit Review,"pull_request,push,workflow_dispatch",,"{""group"": ""eucons-client-finder-final-offer-release-execution-commit-review-${{ github.ref }}"", ""cancel-in-progress"": true}","{""contents"": ""read""}",eucons/validation/test_client_finder_final_offer_release_execution_commit_review_fail_closed.py,,INVESTIGATE
civora,.github/workflows/eucons-client-finder-final-offer-release-execution-gate.yml,EUCONS Client Finder Final Offer Release Execution Gate,"pull_request,push,workflow_dispatch",,"{""group"": ""eucons-client-finder-final-offer-release-execution-gate-${{ github.ref }}"", ""cancel-in-progress"": true}","{""contents"": ""read""}",eucons/validation/test_client_finder_final_offer_release_execution_gate_fail_closed.py,,INVESTIGATE
civora,.github/workflows/eucons-client-finder-final-offer-release-execution-review.yml,EUCONS Client Finder Final Offer Release Execution Review,"pull_request,push,workflow_dispatch",,"{""group"": ""eucons-client-finder-final-offer-release-execution-review-${{ github.ref }}"", ""cancel-in-progress"": true}","{""contents"": ""read""}",eucons/validation/test_client_finder_final_offer_release_execution_review_fail_closed.py,,INVESTIGATE
civora,.github/workflows/eucons-client-finder-final-offer-release-package-preparation.yml,EUCONS Client Finder Final Offer Release Package Preparation,"pull_request,push,workflow_dispatch",,"{""group"": ""eucons-client-finder-final-offer-release-package-preparation-${{ github.ref }}"", ""cancel-in-progress"": true}","{""contents"": ""read""}",eucons/validation/test_client_finder_final_offer_release_package_preparation_fail_closed.py,,INVESTIGATE
civora,.github/workflows/eucons-client-finder-final-offer-release-package-review.yml,EUCONS Client Finder Final Offer Release Package Review,"pull_request,push,workflow_dispatch",,"{""group"": ""eucons-client-finder-final-offer-release-package-review-${{ github.ref }}"", ""cancel-in-progress"": true}","{""contents"": ""read""}",eucons/validation/test_client_finder_final_offer_release_package_review_fail_closed.py,,INVESTIGATE
civora,.github/workflows/eucons-client-finder-final-offer-release-readiness.yml,EUCONS Client Finder Final Offer Release Readiness,"pull_request,push,workflow_dispatch",,"{""group"": ""eucons-client-finder-final-offer-release-readiness-${{ github.ref }}"", ""cancel-in-progress"": true}","{""contents"": ""read""}",eucons/validation/test_client_finder_final_offer_release_readiness_fail_closed.py,,INVESTIGATE
civora,.github/workflows/eucons-client-finder-internal-final-offer-candidate-generation.yml,EUCONS Client Finder Internal Final Offer Candidate Generation,"pull_request,push,workflow_dispatch",,"{""group"": ""eucons-client-finder-internal-final-offer-candidate-generation-${{ github.ref }}"", ""cancel-in-progress"": true}","{""contents"": ""read""}",eucons/validation/test_client_finder_internal_final_offer_candidate_generation_fail_closed.py,,INVESTIGATE
civora,.github/workflows/eucons-client-finder-internal-offer-draft-generation.yml,EUCONS Client Finder Internal Offer Draft Generation,"pull_request,push,workflow_dispatch",,"{""group"": ""eucons-client-finder-internal-offer-draft-generation-${{ github.ref }}"", ""cancel-in-progress"": true}","{""contents"": ""read""}",eucons/validation/test_client_finder_internal_offer_draft_generation_fail_closed.py,,INVESTIGATE
civora,.github/workflows/eucons-client-finder-match-explainability.yml,EUCONS Client Finder Match Explainability,"pull_request,push,workflow_dispatch",,"{""group"": ""eucons-client-finder-match-explainability-${{ github.ref }}"", ""cancel-in-progress"": true}","{""contents"": ""read""}",eucons/validation/test_client_finder_match_explainability_fail_closed.py,,INVESTIGATE
civora,.github/workflows/eucons-client-finder-offer-content-review.yml,EUCONS Client Finder Offer Content Review,"pull_request,push,workflow_dispatch",,"{""group"": ""eucons-client-finder-offer-content-review-${{ github.ref }}"", ""cancel-in-progress"": true}","{""contents"": ""read""}",eucons/validation/test_client_finder_offer_content_review_fail_closed.py,,INVESTIGATE
civora,.github/workflows/eucons-client-finder-offer-finalization-readiness.yml,EUCONS Client Finder Offer Finalization Readiness,"pull_request,push,workflow_dispatch",,"{""group"": ""eucons-client-finder-offer-finalization-readiness-${{ github.ref }}"", ""cancel-in-progress"": true}","{""contents"": ""read""}",eucons/validation/test_client_finder_offer_finalization_readiness_fail_closed.py,,INVESTIGATE
civora,.github/workflows/eucons-client-finder-offer-preparation-authorization.yml,EUCONS Client Finder Offer Preparation Authorization,"pull_request,push,workflow_dispatch",,"{""group"": ""eucons-client-finder-offer-preparation-authorization-${{ github.ref }}"", ""cancel-in-progress"": true}","{""contents"": ""read""}",eucons/validation/test_client_finder_offer_preparation_authorization_fail_closed.py,,INVESTIGATE
civora,.github/workflows/eucons-client-finder-operator-triage.yml,EUCONS Client Finder Operator Triage,"pull_request,push,workflow_dispatch",,"{""group"": ""eucons-client-finder-operator-triage-${{ github.ref }}"", ""cancel-in-progress"": true}","{""contents"": ""read""}",eucons/validation/test_client_finder_operator_triage_fail_closed.py,,INVESTIGATE
civora,.github/workflows/eucons-client-finder-research-evaluation-review.yml,EUCONS Client Finder Research Evaluation Review,"pull_request,push,workflow_dispatch",,"{""group"": ""eucons-client-finder-research-evaluation-review-${{ github.ref }}"", ""cancel-in-progress"": true}","{""contents"": ""read""}",eucons/validation/test_client_finder_research_evaluation_review_fail_closed.py,,INVESTIGATE
civora,.github/workflows/eucons-client-finder-source-authority-queue.yml,EUCONS Client Finder Source Authority Queue,"pull_request,push,workflow_dispatch",,"{""group"": ""eucons-client-finder-source-authority-queue-${{ github.ref }}"", ""cancel-in-progress"": true}","{""contents"": ""read""}",eucons/prospects/client_finder_source_authority_queue.py;eucons/validation/test_client_finder_source_authority_queue_fail_closed.py,,INVESTIGATE
civora,.github/workflows/eucons-health.yml,EUCONS Health,"pull_request,schedule,workflow_dispatch",41 */6 * * *,"{""group"": ""eucons-health-${{ github.ref }}"", ""cancel-in-progress"": true}","{""contents"": ""read""}",eucons/ops/github_automation.py,,INVESTIGATE
civora,.github/workflows/eucons-hygiene.yml,EUCONS Hygiene,"pull_request,push,workflow_dispatch",,"{""group"": ""eucons-hygiene-${{ github.ref }}"", ""cancel-in-progress"": true}","{""contents"": ""read""}",eucons/validation/validate_repo_hygiene.py,,INVESTIGATE
civora,.github/workflows/eucons-main-writer-serialization.yml,EUCONS Main Writer Serialization,"pull_request,push,workflow_dispatch",,"{""group"": ""eucons-main-writer-serialization-${{ github.ref }}"", ""cancel-in-progress"": true}","{""contents"": ""read""}",eucons/validation/test_main_writer_serialization_fail_closed.py;eucons/validation/validate_main_writer_serialization.py,,INVESTIGATE
civora,.github/workflows/eucons-official-source-operator-queue.yml,EUCONS Official Source Operator Queue,"pull_request,push,workflow_dispatch",,"{""group"": ""eucons-official-source-operator-queue-${{ github.ref }}"", ""cancel-in-progress"": true}","{""contents"": ""read""}",eucons/opportunities/official_source_operator_queue.py;eucons/validation/test_official_source_operator_queue_fail_closed.py;eucons/validation/test_opportunity_matching_fail_closed.py;eucons/validation/validate_opportunity_matching.py,,INVESTIGATE
civora,.github/workflows/eucons-opportunity-official-source-authority.yml,EUCONS Opportunity Official Source Authority,"pull_request,push,workflow_dispatch",,"{""group"": ""eucons-opportunity-official-source-authority-${{ github.ref }}"", ""cancel-in-progress"": true}","{""contents"": ""read""}",eucons/crm/pipeline_engine.py;eucons/opportunities/match_opportunities.py;eucons/prospects/prospect_opportunity_match.py;eucons/validation/test_opportunity_matching_fail_closed.py;eucons/validation/test_pipeline_fail_closed.py;eucons/validation/test_prospect_opportunity_match_fail_closed.py;eucons/validation/validate_opportunity_matching.py;eucons/validation/validate_pipeline.py;eucons/validation/validate_prospect_opportunity_match.py,,INVESTIGATE
civora,.github/workflows/eucons-php-runtime.yml,EUCONS PHP Runtime,"pull_request,push,workflow_dispatch",,{},"{""contents"": ""read""}",eucons/validation/validate_php_runtime.py,,INVESTIGATE
civora,.github/workflows/eucons-provenance-freshness.yml,EUCONS Provenance Freshness,"pull_request,push,workflow_dispatch",,"{""group"": ""eucons-provenance-freshness-${{ github.ref }}"", ""cancel-in-progress"": true}","{""contents"": ""read""}",eucons/validation/test_client_finder_provenance_freshness_fail_closed.py,,INVESTIGATE
civora,.github/workflows/eucons-provenance-triage-explainability.yml,EUCONS Provenance Triage Explainability,"pull_request,push,workflow_dispatch",,"{""group"": ""eucons-provenance-triage-explainability-${{ github.ref }}"", ""cancel-in-progress"": true}","{""contents"": ""read""}",eucons/validation/test_client_finder_provenance_triage_explainability_fail_closed.py,,INVESTIGATE
civora,.github/workflows/eucons-quality.yml,EUCONS Quality,"pull_request,push,workflow_dispatch",,"{""group"": ""eucons-quality-${{ github.ref }}"", ""cancel-in-progress"": true}","{""contents"": ""read""}",eucons/opportunities/build_projection.py;eucons/validation/test_action_pack_fail_closed.py;eucons/validation/test_adversarial_qa_fail_closed.py;eucons/validation/test_analytics_engine_fail_closed.py;eucons/validation/test_authority_loop_fail_closed.py;eucons/validation/test_case_study_fail_closed.py;eucons/validation/test_client_finder_contract_fail_closed.py;eucons/validation/test_client_finder_engine_fail_closed.py;eucons/validation/test_client_finder_source_adapter_fail_closed.py;eucons/validation/test_client_finder_triage_view_fail_closed.py;eucons/validation/test_closed_dev_fail_closed.py;eucons/validation/test_crm_lite_fail_closed.py;eucons/validation/test_customer_demand_model_fail_closed.py;eucons/validation/test_design_system.py;eucons/validation/test_editorial_loop_fail_closed.py;eucons/validation/test_email_engine_fail_closed.py;eucons/validation/test_evidence_fail_closed.py;eucons/validation/test_facebook_adapter_fail_closed.py;eucons/validation/test_full_acceptance_fail_closed.py;eucons/validation/test_github_automation_fail_closed.py;eucons/validation/test_inbound_runtime_fail_closed.py;eucons/validation/test_information_architecture.py;eucons/validation/test_jtbd_ux_fail_closed.py;eucons/validation/test_knowledge_engine_fail_closed.py;eucons/validation/test_lead_engine_fail_closed.py;eucons/validation/test_linkedin_adapter_fail_closed.py;eucons/validation/test_offer_engine_fail_closed.py;eucons/validation/test_opportunity_bridge_fail_closed.py;eucons/validation/test_opportunity_matching_fail_closed.py;eucons/validation/test_people_fail_closed.py;eucons/validation/test_persistence_fail_closed.py;eucons/validation/test_pipeline_fail_closed.py;eucons/validation/test_preview_production_fail_closed.py;eucons/validation/test_privacy_security_fail_closed.py;eucons/validation/test_prospect_opportunity_match_fail_closed.py;eucons/validation/test_prospect_scoring_fail_closed.py;eucons/validation/test_public_site_fail_closed.py;eucons/validation/test_recovery_fail_closed.py;eucons/validation/test_seo_engine_fail_closed.py;eucons/validation/test_service_proof_architecture_fail_closed.py;eucons/validation/validate_action_pack.py;eucons/validation/validate_adversarial_qa.py;eucons/validation/validate_analytics_engine.py;eucons/validation/validate_authority_loop.py;eucons/validation/validate_bootstrap.py;eucons/validation/validate_case_study_registry.py;eucons/validation/validate_client_finder_contract.py;eucons/validation/validate_client_finder_engine.py;eucons/validation/validate_client_finder_source_adapter.py;eucons/validation/validate_closed_dev.py;eucons/validation/validate_commercial_canon.py;eucons/validation/validate_crm_lite.py;eucons/validation/validate_customer_demand_model.py;eucons/validation/validate_design_system.py;eucons/validation/validate_editorial_loop.py;eucons/validation/validate_email_engine.py;eucons/validation/validate_evidence_base.py;eucons/validation/validate_facebook_adapter.py;eucons/validation/validate_full_acceptance.py;eucons/validation/validate_github_automation.py;eucons/validation/validate_inbound_runtime.py;eucons/validation/validate_information_architecture.py;eucons/validation/validate_jtbd_ux.py;eucons/validation/validate_knowledge_engine.py;eucons/validation/validate_lead_engine.py;eucons/validation/validate_linkedin_adapter.py;eucons/validation/validate_offer_engine.py;eucons/validation/validate_opportunity_bridge.py;eucons/validation/validate_opportunity_matching.py;eucons/validation/validate_people_registry.py;eucons/validation/validate_persistence.py;eucons/validation/validate_pipeline.py;eucons/validation/validate_preview_production.py;eucons/validation/validate_privacy_security.py;eucons/validation/validate_prospect_opportunity_match.py;eucons/validation/validate_prospect_scoring.py;eucons/validation/validate_public_site.py;eucons/validation/validate_recovery.py;eucons/validation/validate_seo_engine.py;eucons/validation/validate_service_proof_architecture.py;eucons/validation/validate_service_registry.py;eucons/web/build_public_site.py,,INVESTIGATE
civora,.github/workflows/eucons-reconciliation.yml,EUCONS Reconciliation,"pull_request,schedule,workflow_dispatch",29 2 * * *,"{""group"": ""eucons-reconciliation-${{ github.ref }}"", ""cancel-in-progress"": true}","{""contents"": ""read""}",eucons/ops/github_automation.py,,INVESTIGATE
civora,.github/workflows/eucons-scheduler.yml,EUCONS Scheduler,"pull_request,schedule,workflow_dispatch",17 */6 * * *,"{""group"": ""eucons-scheduler-${{ github.ref }}"", ""cancel-in-progress"": true}","{""contents"": ""read""}",eucons/opportunities/build_projection.py;eucons/ops/github_automation.py;eucons/validation/validate_analytics_engine.py;eucons/validation/validate_editorial_loop.py;eucons/validation/validate_email_engine.py;eucons/validation/validate_opportunity_bridge.py;eucons/validation/validate_privacy_security.py,,INVESTIGATE
civora,.github/workflows/eucons-source-freshness-recovery.yml,EUCONS Source Freshness Recovery,"pull_request,push,workflow_dispatch",,"{""group"": ""eucons-source-freshness-recovery-${{ github.ref }}"", ""cancel-in-progress"": true}","{""contents"": ""read""}",eucons/opportunities/source_freshness_recovery.py;eucons/validation/test_source_freshness_recovery_fail_closed.py,,INVESTIGATE
civora,.github/workflows/local-news-os-authorization-sealed-harvest-receipt.yml,LOCAL NEWS OS Authorization-Sealed Harvest Receipt,"push,pull_request,workflow_dispatch",,{},"{""contents"": ""read""}",local-news-os/social/authorization_sealed_harvest_receipt.py;local-news-os/social/fleet_metrics_authorization_seal.py;local-news-os/social/metrics_harvest_runtime.py;local-news-os/social/test_authorization_sealed_harvest_receipt.py;local-news-os/social/test_fleet_metrics_authorization_seal.py;local-news-os/social/test_metrics_harvest_runtime.py,,INVESTIGATE
civora,.github/workflows/local-news-os-authorization-sealed-harvest-recovery.yml,LOCAL NEWS OS Authorization-Sealed Harvest Recovery,"pull_request,push",,"{""group"": ""local-news-os-authorization-sealed-harvest-recovery-${{ github.ref }}"", ""cancel-in-progress"": false}","{""contents"": ""read""}",local-news-os/social/authorization_sealed_harvest_receipt.py;local-news-os/social/authorization_sealed_harvest_recovery.py;local-news-os/social/metrics_harvest_runtime.py;local-news-os/social/observed_metrics_collector.py;local-news-os/social/test_authorization_sealed_harvest_recovery.py,,INVESTIGATE
civora,.github/workflows/local-news-os-core-hardcoding.yml,LOCAL NEWS OS CORE_GENERIC Hardcoding Guard,"workflow_dispatch,pull_request,push",,{},"{""contents"": ""read""}",local-news-os/core/check_core_generic_hardcoding.py,,INVESTIGATE
civora,.github/workflows/local-news-os-core.yml,LOCAL NEWS OS Core Validation,"workflow_dispatch,pull_request,push",,{},"{""contents"": ""read""}",local-news-os/core/article_structured_data.py;local-news-os/core/build_instance_manifest.py;local-news-os/core/date_provenance.py;local-news-os/core/discover_primary_source_facts.py;local-news-os/core/discovery_health.py;local-news-os/core/generate_verified_edition.py;local-news-os/core/instance_bootstrap.py;local-news-os/core/related_stories.py;local-news-os/core/render_frontpage.py;local-news-os/core/repository_scope_fingerprint.py;local-news-os/core/resolve_source_pack.py;local-news-os/core/temporal_freshness.py;local-news-os/core/validate_coverage_plan.py;local-news-os/core/validate_instance_config.py;local-news-os/core/verified_story_media.py;valcea-clar/scripts/source_intelligence_discover.py,,INVESTIGATE
civora,.github/workflows/local-news-os-correction-dispatch-router.yml,LOCAL NEWS OS Correction Dispatch Router,"workflow_dispatch,pull_request,push",,"{""group"": ""local-news-os-correction-dispatch-router-${{ github.ref }}"", ""cancel-in-progress"": true}","{""contents"": ""read""}",local-news-os/social/adapter_capability_gate.py;local-news-os/social/correction_dispatch_router.py;local-news-os/social/correction_propagation.py;local-news-os/social/test_correction_dispatch_router.py;local-news-os/social/test_correction_propagation.py,,INVESTIGATE
civora,.github/workflows/local-news-os-correction-outbox-materializer.yml,LOCAL NEWS OS Correction Outbox Materializer,"workflow_dispatch,pull_request,push",,"{""group"": ""local-news-os-correction-outbox-materializer-${{ github.ref }}"", ""cancel-in-progress"": true}","{""contents"": ""read""}",local-news-os/social/correction_dispatch_router.py;local-news-os/social/correction_outbox_materializer.py;local-news-os/social/test_correction_dispatch_router.py;local-news-os/social/test_correction_outbox_materializer.py,,INVESTIGATE
civora,.github/workflows/local-news-os-durable-feedback-snapshot.yml,LOCAL NEWS OS Durable Feedback Snapshot,"workflow_dispatch,pull_request,push",,"{""group"": ""local-news-os-durable-feedback-snapshot-${{ github.ref }}"", ""cancel-in-progress"": true}","{""contents"": ""read""}",local-news-os/social/durable_feedback_snapshot.py;local-news-os/social/observed_feedback_application.py;local-news-os/social/observed_metrics.py;local-news-os/social/production_runtime.py;local-news-os/social/test_durable_feedback_snapshot.py;local-news-os/social/test_observed_feedback_application.py;local-news-os/social/test_observed_feedback_production_runtime.py;local-news-os/social/test_observed_metrics.py,,INVESTIGATE
civora,.github/workflows/local-news-os-fleet-harvest-recovery.yml,LOCAL NEWS OS Fleet Harvest Recovery,"schedule,workflow_dispatch,pull_request,push",18 * * * *,"{""group"": ""local-news-os-fleet-observed-metrics-harvest-${{ github.ref }}"", ""cancel-in-progress"": false}","{""contents"": ""read""}",local-news-os/social/authorization_sealed_harvest_receipt.py;local-news-os/social/authorization_sealed_harvest_recovery.py;local-news-os/social/fleet_metrics_authorization_seal.py;local-news-os/social/fleet_metrics_recovery_orchestrator.py;local-news-os/social/fleet_reread_materialization_recovery_routing.py;local-news-os/social/metrics_harvest_runtime.py;local-news-os/social/metrics_harvest_scheduler.py;local-news-os/social/native_metrics_transport.py;local-news-os/social/observed_metrics_collector.py;local-news-os/social/publication_metrics_catalog.py;local-news-os/social/reread_materialization_crash_reconciliation.py;local-news-os/social/test_fleet_metrics_recovery_orchestrator.py;local-news-os/social/test_fleet_reread_materialization_recovery_routing.py;local-news-os/social/test_reread_materialization_crash_reconciliation.py,repository mutation,INVESTIGATE
civora,.github/workflows/local-news-os-fleet-reread-authorization-handoff.yml,LOCAL NEWS OS Fleet Provider Reread Handoff,"workflow_dispatch,pull_request,push",,"{""group"": ""local-news-os-fleet-provider-reread-handoff-${{ github.ref }}"", ""cancel-in-progress"": true}","{""contents"": ""read""}",local-news-os/social/authorization_sealed_harvest_receipt.py;local-news-os/social/authorization_sealed_harvest_recovery.py;local-news-os/social/fleet_metrics_reread_authorization_handoff.py;local-news-os/social/metrics_harvest_runtime.py;local-news-os/social/observed_metrics_collector.py;local-news-os/social/test_fleet_metrics_reread_authorization_handoff.py,,INVESTIGATE
civora,.github/workflows/local-news-os-metrics-harvest-runtime.yml,LOCAL NEWS OS Metrics Harvest Runtime,"workflow_dispatch,pull_request,push",,"{""group"": ""local-news-os-metrics-harvest-runtime-${{ github.ref }}"", ""cancel-in-progress"": true}","{""contents"": ""read""}",local-news-os/social/durable_feedback_snapshot.py;local-news-os/social/metrics_harvest_runtime.py;local-news-os/social/metrics_harvest_scheduler.py;local-news-os/social/native_metrics_transport.py;local-news-os/social/observed_metrics.py;local-news-os/social/observed_metrics_collector.py;local-news-os/social/test_metrics_harvest_runtime.py,,INVESTIGATE
civora,.github/workflows/local-news-os-metrics-harvest-scheduler.yml,LOCAL NEWS OS Metrics Harvest Scheduler,"workflow_dispatch,pull_request,push",,"{""group"": ""local-news-os-metrics-harvest-scheduler-${{ github.ref }}"", ""cancel-in-progress"": true}","{""contents"": ""read""}",local-news-os/social/durable_feedback_snapshot.py;local-news-os/social/metrics_harvest_scheduler.py;local-news-os/social/native_metrics_transport.py;local-news-os/social/observed_metrics.py;local-news-os/social/observed_metrics_collector.py;local-news-os/social/test_metrics_harvest_scheduler.py,,INVESTIGATE
civora,.github/workflows/local-news-os-native-metrics-transport.yml,LOCAL NEWS OS Native Metrics Transport,"workflow_dispatch,pull_request,push",,"{""group"": ""local-news-os-native-metrics-transport-${{ github.ref }}"", ""cancel-in-progress"": true}","{""contents"": ""read""}",local-news-os/social/native_metrics_transport.py;local-news-os/social/observed_metrics.py;local-news-os/social/observed_metrics_collector.py;local-news-os/social/test_native_metrics_transport.py,,INVESTIGATE
civora,.github/workflows/local-news-os-native-series-compositor.yml,LOCAL NEWS OS Native Series Compositor,"workflow_dispatch,pull_request,push",,"{""group"": ""local-news-os-native-series-compositor-${{ github.ref }}"", ""cancel-in-progress"": true}","{""contents"": ""read""}",local-news-os/social/content_atomizer.py;local-news-os/social/hook_engine.py;local-news-os/social/native_series_compositor.py;local-news-os/social/recurring_series.py;local-news-os/social/recurring_series_runtime.py;local-news-os/social/test_content_atomizer.py;local-news-os/social/test_hook_engine.py;local-news-os/social/test_native_series_compositor.py;local-news-os/social/test_recurring_series_runtime.py,,INVESTIGATE
civora,.github/workflows/local-news-os-observed-feedback-application.yml,LOCAL NEWS OS Observed Feedback Application,"workflow_dispatch,pull_request,push",,"{""group"": ""local-news-os-observed-feedback-${{ github.ref }}"", ""cancel-in-progress"": true}","{""contents"": ""read""}",local-news-os/social/observed_feedback_application.py;local-news-os/social/observed_metrics.py;local-news-os/social/production_runtime.py;local-news-os/social/test_observed_feedback_application.py;local-news-os/social/test_observed_feedback_production_runtime.py;local-news-os/social/test_observed_metrics.py;local-news-os/social/test_production_runtime.py;local-news-os/social/test_virality_engine.py;local-news-os/social/virality_engine.py,,INVESTIGATE
civora,.github/workflows/local-news-os-observed-metrics-collector.yml,LOCAL NEWS OS Observed Metrics Collector,"workflow_dispatch,pull_request,push",,"{""group"": ""local-news-os-observed-metrics-collector-${{ github.ref }}"", ""cancel-in-progress"": true}","{""contents"": ""read""}",local-news-os/social/durable_feedback_snapshot.py;local-news-os/social/observed_feedback_application.py;local-news-os/social/observed_metrics.py;local-news-os/social/observed_metrics_collector.py;local-news-os/social/test_observed_metrics_collector.py,,INVESTIGATE
civora,.github/workflows/local-news-os-publication-metrics-catalog.yml,LOCAL NEWS OS Publication Metrics Catalog,"workflow_dispatch,pull_request,push",,"{""group"": ""local-news-os-publication-metrics-catalog-${{ github.ref }}"", ""cancel-in-progress"": true}","{""contents"": ""read""}",local-news-os/social/publication_metrics_catalog.py;local-news-os/social/test_publication_metrics_catalog.py,,INVESTIGATE
civora,.github/workflows/local-news-os-publication-metrics-handoff.yml,LOCAL NEWS OS Publication Metrics Handoff,"workflow_dispatch,pull_request,push",,"{""group"": ""local-news-os-publication-metrics-handoff-${{ github.ref }}"", ""cancel-in-progress"": true}","{""contents"": ""read""}",local-news-os/social/metrics_harvest_scheduler.py;local-news-os/social/publication_metrics_catalog.py;local-news-os/social/publication_metrics_handoff.py;local-news-os/social/test_publication_metrics_handoff.py,,INVESTIGATE
civora,.github/workflows/local-news-os-recurring-series-runtime.yml,LOCAL NEWS OS Recurring Series Runtime,"workflow_dispatch,pull_request,push",,"{""group"": ""local-news-os-recurring-series-runtime-${{ github.ref }}"", ""cancel-in-progress"": true}","{""contents"": ""read""}",local-news-os/social/recurring_series.py;local-news-os/social/recurring_series_runtime.py;local-news-os/social/test_recurring_series.py;local-news-os/social/test_recurring_series_runtime.py,,INVESTIGATE
civora,.github/workflows/local-news-os-reread-attempt-provenance.yml,LOCAL NEWS OS Reread Attempt Provenance,"workflow_dispatch,pull_request,push",,"{""group"": ""local-news-os-reread-attempt-provenance-${{ github.ref }}"", ""cancel-in-progress"": true}","{""contents"": ""read""}",local-news-os/social/authorization_sealed_harvest_receipt.py;local-news-os/social/authorization_sealed_harvest_recovery.py;local-news-os/social/fleet_metrics_reread_authorization_handoff.py;local-news-os/social/metrics_harvest_runtime.py;local-news-os/social/test_reread_attempt_provenance_binding.py,,INVESTIGATE
civora,.github/workflows/local-news-os-reread-materialization-crash-reconciliation.yml,LOCAL NEWS OS Reread Materialization Crash Reconciliation,"workflow_dispatch,pull_request,push",,"{""group"": ""local-news-os-reread-materialization-crash-reconciliation-${{ github.ref }}"", ""cancel-in-progress"": false}","{""contents"": ""read""}",local-news-os/social/authorization_sealed_harvest_receipt.py;local-news-os/social/durable_feedback_snapshot.py;local-news-os/social/observed_metrics_collector.py;local-news-os/social/reread_materialization_crash_reconciliation.py;local-news-os/social/reread_provider_outcome_binding.py;local-news-os/social/reread_result_materialization_binding.py;local-news-os/social/reread_spend_reauthorization.py;local-news-os/social/reread_spend_reclaim_binding.py;local-news-os/social/test_reread_materialization_crash_reconciliation.py,,INVESTIGATE
civora,.github/workflows/local-news-os-reread-provider-outcome-binding.yml,LOCAL NEWS OS Reread Provider Outcome Binding,"workflow_dispatch,pull_request,push",,"{""group"": ""local-news-os-reread-provider-outcome-binding-${{ github.ref }}"", ""cancel-in-progress"": true}","{""contents"": ""read""}",local-news-os/social/authorization_sealed_harvest_receipt.py;local-news-os/social/fleet_metrics_authorization_seal_with_reread_spend.py;local-news-os/social/reread_provider_outcome_binding.py;local-news-os/social/reread_result_materialization_binding.py;local-news-os/social/reread_spend_reauthorization.py;local-news-os/social/reread_spend_reclaim_binding.py;local-news-os/social/reread_spend_reservation_recovery.py;local-news-os/social/test_reread_provider_outcome_binding.py,,INVESTIGATE
civora,.github/workflows/local-news-os-reread-result-materialization-binding.yml,LOCAL NEWS OS Reread Result Materialization Binding,"workflow_dispatch,pull_request,push",,"{""group"": ""local-news-os-reread-result-materialization-binding-${{ github.ref }}"", ""cancel-in-progress"": true}","{""contents"": ""read""}",local-news-os/social/authorization_sealed_harvest_receipt.py;local-news-os/social/durable_feedback_snapshot.py;local-news-os/social/fleet_metrics_authorization_seal_with_reread_spend.py;local-news-os/social/observed_metrics_collector.py;local-news-os/social/reread_provider_outcome_binding.py;local-news-os/social/reread_result_materialization_binding.py;local-news-os/social/test_reread_result_materialization_binding.py,,INVESTIGATE
civora,.github/workflows/local-news-os-reread-spend-reauthorization.yml,LOCAL NEWS OS Reread Spend Reauthorization,"workflow_dispatch,pull_request,push",,"{""group"": ""local-news-os-reread-spend-reauthorization-${{ github.ref }}"", ""cancel-in-progress"": true}","{""contents"": ""read""}",local-news-os/social/authorization_sealed_harvest_receipt.py;local-news-os/social/authorization_sealed_harvest_recovery.py;local-news-os/social/fleet_metrics_authorization_seal_with_reread_spend.py;local-news-os/social/fleet_metrics_reread_authorization_handoff.py;local-news-os/social/metrics_harvest_runtime.py;local-news-os/social/reread_spend_reauthorization.py;local-news-os/social/test_reread_spend_reauthorization.py,,INVESTIGATE
civora,.github/workflows/local-news-os-reread-spend-reclaim-binding.yml,LOCAL NEWS OS Reread Spend Reclaim Binding,"workflow_dispatch,pull_request,push",,"{""group"": ""local-news-os-reread-spend-reclaim-binding-${{ github.ref }}"", ""cancel-in-progress"": true}","{""contents"": ""read""}",local-news-os/social/authorization_sealed_harvest_receipt.py;local-news-os/social/fleet_metrics_authorization_seal_with_reread_spend.py;local-news-os/social/reread_spend_reauthorization.py;local-news-os/social/reread_spend_reclaim_binding.py;local-news-os/social/reread_spend_reservation_recovery.py;local-news-os/social/test_reread_spend_reclaim_binding.py,,INVESTIGATE
civora,.github/workflows/local-news-os-reread-spend-reservation-recovery.yml,LOCAL NEWS OS Reread Spend Reservation Recovery,"workflow_dispatch,pull_request,push",,"{""group"": ""local-news-os-reread-spend-reservation-recovery-${{ github.ref }}"", ""cancel-in-progress"": true}","{""contents"": ""read""}",local-news-os/social/authorization_sealed_harvest_receipt.py;local-news-os/social/fleet_metrics_authorization_seal_with_reread_spend.py;local-news-os/social/reread_spend_reauthorization.py;local-news-os/social/reread_spend_reservation_recovery.py;local-news-os/social/test_reread_spend_reservation_recovery.py,,INVESTIGATE
civora,.github/workflows/local-news-os-series-adapter-dispatch-handoff.yml,LOCAL NEWS OS Series Adapter-Gated Dispatch Handoff,"workflow_dispatch,pull_request,push",,"{""group"": ""local-news-os-series-adapter-dispatch-handoff-${{ github.ref }}"", ""cancel-in-progress"": true}","{""contents"": ""read""}",local-news-os/social/adapter_capability_gate.py;local-news-os/social/adapter_dispatch_bridge.py;local-news-os/social/cadence_fatigue.py;local-news-os/social/content_atomizer.py;local-news-os/social/hook_engine.py;local-news-os/social/native_series_compositor.py;local-news-os/social/publishing_adapters.py;local-news-os/social/series_adapter_dispatch_handoff.py;local-news-os/social/series_publication_state_bridge.py;local-news-os/social/series_visual_router.py;local-news-os/social/test_adapter_capability_gate.py;local-news-os/social/test_adapter_dispatch_bridge.py;local-news-os/social/test_series_adapter_dispatch_handoff.py;local-news-os/social/test_series_publication_state_bridge.py;local-news-os/social/visual_router.py,publisher-capable invocation: inspect gates,INVESTIGATE
civora,.github/workflows/local-news-os-series-async-dispatch.yml,LOCAL NEWS OS Series Async Remote Dispatch,"workflow_dispatch,pull_request,push",,"{""group"": ""local-news-os-series-async-dispatch-${{ github.ref }}"", ""cancel-in-progress"": true}","{""contents"": ""read""}",local-news-os/social/async_remote_dispatch.py;local-news-os/social/durable_dispatch_executor.py;local-news-os/social/publication_state.py;local-news-os/social/series_adapter_dispatch_handoff.py;local-news-os/social/series_async_remote_dispatch.py;local-news-os/social/series_durable_dispatch_executor.py;local-news-os/social/series_publication_state_bridge.py;local-news-os/social/test_async_remote_dispatch.py;local-news-os/social/test_series_adapter_dispatch_handoff.py;local-news-os/social/test_series_async_remote_dispatch.py;local-news-os/social/test_series_durable_dispatch_executor.py;local-news-os/social/test_series_publication_state_bridge.py,,INVESTIGATE
civora,.github/workflows/local-news-os-series-durable-dispatch.yml,LOCAL NEWS OS Series Durable Dispatch,"workflow_dispatch,pull_request,push",,"{""group"": ""local-news-os-series-durable-dispatch-${{ github.ref }}"", ""cancel-in-progress"": true}","{""contents"": ""read""}",local-news-os/social/durable_dispatch_executor.py;local-news-os/social/publication_state.py;local-news-os/social/series_adapter_dispatch_handoff.py;local-news-os/social/series_durable_dispatch_executor.py;local-news-os/social/series_publication_state_bridge.py;local-news-os/social/test_durable_dispatch_executor.py;local-news-os/social/test_series_adapter_dispatch_handoff.py;local-news-os/social/test_series_durable_dispatch_executor.py;local-news-os/social/test_series_publication_state_bridge.py,,INVESTIGATE
civora,.github/workflows/local-news-os-series-publication-state-bridge.yml,LOCAL NEWS OS Series Publication-State Bridge,"workflow_dispatch,pull_request,push",,"{""group"": ""local-news-os-series-publication-state-bridge-${{ github.ref }}"", ""cancel-in-progress"": true}","{""contents"": ""read""}",local-news-os/social/cadence_fatigue.py;local-news-os/social/content_atomizer.py;local-news-os/social/hook_engine.py;local-news-os/social/native_series_compositor.py;local-news-os/social/series_publication_state_bridge.py;local-news-os/social/series_visual_router.py;local-news-os/social/test_series_publication_state_bridge.py;local-news-os/social/visual_router.py,,INVESTIGATE
civora,.github/workflows/local-news-os-series-visual-router.yml,LOCAL NEWS OS Series Visual Router,"workflow_dispatch,pull_request,push",,"{""group"": ""local-news-os-series-visual-router-${{ github.ref }}"", ""cancel-in-progress"": true}","{""contents"": ""read""}",local-news-os/social/content_atomizer.py;local-news-os/social/hook_engine.py;local-news-os/social/native_series_compositor.py;local-news-os/social/series_visual_router.py;local-news-os/social/test_native_series_compositor.py;local-news-os/social/test_series_visual_router.py;local-news-os/social/test_visual_router.py;local-news-os/social/visual_router.py,,INVESTIGATE
civora,.github/workflows/local-news-os-social-adapter-capabilities.yml,LOCAL NEWS OS Adapter Capability Gate,"workflow_dispatch,pull_request,push",,"{""group"": ""local-news-os-adapter-capabilities-${{ github.ref }}"", ""cancel-in-progress"": true}","{""contents"": ""read""}",local-news-os/social/adapter_capability_gate.py;local-news-os/social/adapter_dispatch_bridge.py;local-news-os/social/async_remote_dispatch.py;local-news-os/social/durable_dispatch_executor.py;local-news-os/social/production_runtime.py;local-news-os/social/publishing_adapters.py;local-news-os/social/test_adapter_capability_gate.py;local-news-os/social/test_adapter_dispatch_bridge.py;local-news-os/social/test_async_remote_dispatch.py;local-news-os/social/test_durable_dispatch_executor.py;valcea-clar/social/instagram_publish.py;valcea-clar/social/test_instagram_carousel_adapter.py;valcea-clar/social/test_tiktok_video_adapter.py;valcea-clar/social/tiktok_publish.py,publisher-capable invocation: inspect gates,INVESTIGATE
civora,.github/workflows/local-news-os-social-core.yml,LOCAL NEWS OS Social Core,"workflow_dispatch,pull_request,push",,"{""group"": ""local-news-os-social-core-${{ github.ref }}"", ""cancel-in-progress"": true}","{""contents"": ""read""}",local-news-os/social/adapter_dispatch_bridge.py;local-news-os/social/async_remote_dispatch.py;local-news-os/social/cadence_fatigue.py;local-news-os/social/channel_fit.py;local-news-os/social/content_atomizer.py;local-news-os/social/correction_propagation.py;local-news-os/social/durable_dispatch_executor.py;local-news-os/social/e2e_acceptance.py;local-news-os/social/fleet_metrics_harvest_orchestrator.py;local-news-os/social/format_engine.py;local-news-os/social/hook_engine.py;local-news-os/social/metrics_harvest_runtime.py;local-news-os/social/metrics_harvest_scheduler.py;local-news-os/social/multi_instance_isolation.py;local-news-os/social/native_metrics_transport.py;local-news-os/social/observed_feedback_application.py;local-news-os/social/observed_metrics.py;local-news-os/social/observed_metrics_collector.py;local-news-os/social/operational_metrics_harvest_trigger.py;local-news-os/social/production_runtime.py;local-news-os/social/publication_metrics_catalog.py;local-news-os/social/publication_state.py;local-news-os/social/publishing_adapters.py;local-news-os/social/recurring_series.py;local-news-os/social/test_adapter_dispatch_bridge.py;local-news-os/social/test_async_remote_dispatch.py;local-news-os/social/test_cadence_fatigue.py;local-news-os/social/test_channel_fit.py;local-news-os/social/test_content_atomizer.py;local-news-os/social/test_correction_propagation.py;local-news-os/social/test_durable_dispatch_executor.py;local-news-os/social/test_e2e_acceptance.py;local-news-os/social/test_fleet_metrics_harvest_orchestrator.py;local-news-os/social/test_format_engine.py;local-news-os/social/test_hook_engine.py;local-news-os/social/test_linkedin_outbox_channel.py;local-news-os/social/test_metrics_harvest_scheduler.py;local-news-os/social/test_multi_instance_isolation.py;local-news-os/social/test_native_metrics_transport.py;local-news-os/social/test_observed_feedback_application.py;local-news-os/social/test_observed_feedback_production_runtime.py;local-news-os/social/test_observed_metrics.py;local-news-os/social/test_observed_metrics_collector.py;local-news-os/social/test_production_runtime.py;local-news-os/social/test_publication_state.py;local-news-os/social/test_publishing_adapters.py;local-news-os/social/test_recurring_series.py;local-news-os/social/test_telegram_outbox_channel.py;local-news-os/social/test_threads_outbox_channel.py;local-news-os/social/test_virality_engine.py;local-news-os/social/test_visual_router.py;local-news-os/social/test_whatsapp_outbox_channel.py;local-news-os/social/test_youtube_outbox_channel.py;local-news-os/social/validate_channel_config.py;local-news-os/social/virality_engine.py;local-news-os/social/visual_router.py,publisher-capable invocation: inspect gates,INVESTIGATE
civora,.github/workflows/local-news-os-vnext-build-state.yml,LOCAL NEWS OS vNext Build State,"pull_request,push",,{},"{""contents"": ""read""}",local-news-os/vnext/runtime/build_state_consistency.py,,INVESTIGATE
civora,.github/workflows/local-news-os-vnext-distribution.yml,LOCAL NEWS OS vNext Distribution,"workflow_dispatch,pull_request,push",,{},"{""contents"": ""read""}",local-news-os/vnext/core/distribution_engine.py;local-news-os/vnext/core/distribution_runtime.py;local-news-os/vnext/core/instance_model.py;local-news-os/vnext/core/test_distribution_engine.py,,INVESTIGATE
civora,.github/workflows/local-news-os-vnext-editorial-qa.yml,LOCAL NEWS OS vNext Editorial QA Validation,"workflow_dispatch,pull_request,push",,{},"{""contents"": ""read""}",local-news-os/vnext/core/editorial_qa.py;local-news-os/vnext/core/fact_kernel_engine.py;local-news-os/vnext/core/newsworthiness_engine.py;local-news-os/vnext/core/primary_resolver.py;local-news-os/vnext/core/runtime_store.py;local-news-os/vnext/core/signal_engine.py;local-news-os/vnext/core/story_engine.py,publisher-capable invocation: inspect gates,INVESTIGATE
civora,.github/workflows/local-news-os-vnext-instance-bootstrap.yml,LOCAL NEWS OS vNext Instance Bootstrap,"workflow_dispatch,pull_request,push",,{},"{""contents"": ""read""}",local-news-os/vnext/core/instance_bootstrap.py;local-news-os/vnext/core/instance_model.py;local-news-os/vnext/core/release_control.py;local-news-os/vnext/core/runtime_store.py;local-news-os/vnext/runtime/p17_second_instance_acceptance.py,,INVESTIGATE
civora,.github/workflows/local-news-os-vnext-knowledge-graph.yml,LOCAL NEWS OS vNext Knowledge Graph,"workflow_dispatch,pull_request,push",,{},"{""contents"": ""read""}",local-news-os/vnext/core/knowledge_graph.py;local-news-os/vnext/core/knowledge_runtime.py,publisher-capable invocation: inspect gates,INVESTIGATE
civora,.github/workflows/local-news-os-vnext-media-intelligence.yml,LOCAL NEWS OS vNext Media Intelligence,"workflow_dispatch,pull_request,push",,{},"{""contents"": ""read""}",local-news-os/vnext/core/instance_model.py;local-news-os/vnext/core/media_intelligence.py;local-news-os/vnext/core/media_runtime.py,,INVESTIGATE
civora,.github/workflows/local-news-os-vnext-release-control.yml,LOCAL NEWS OS vNext Release Control,"workflow_dispatch,pull_request,push",,{},"{""contents"": ""read""}",local-news-os/vnext/core/instance_model.py;local-news-os/vnext/core/release_control.py;local-news-os/vnext/core/release_runtime.py,,INVESTIGATE
civora,.github/workflows/local-news-os-vnext-scheduler.yml,LOCAL NEWS OS vNext Scheduler,"workflow_dispatch,pull_request,push",,{},"{""contents"": ""read""}",local-news-os/vnext/core/instance_model.py;local-news-os/vnext/core/scheduler_engine.py;local-news-os/vnext/core/scheduler_runtime.py,,INVESTIGATE
civora,.github/workflows/local-news-os-vnext-site-publication.yml,LOCAL NEWS OS vNext Site Publication Validation,"workflow_dispatch,pull_request,push",,{},"{""contents"": ""read""}",local-news-os/vnext/core/editorial_qa.py;local-news-os/vnext/core/fact_kernel_engine.py;local-news-os/vnext/core/newsworthiness_engine.py;local-news-os/vnext/core/primary_resolver.py;local-news-os/vnext/core/runtime_store.py;local-news-os/vnext/core/signal_engine.py;local-news-os/vnext/core/site_publication.py;local-news-os/vnext/core/story_engine.py,repository mutation,INVESTIGATE
civora,.github/workflows/local-news-os-vnext-valcea-shadow-migration.yml,LOCAL NEWS OS vNext Vâlcea Shadow Migration,"workflow_dispatch,pull_request,push",,"{""group"": ""local-news-os-vnext-valcea-shadow-migration-${{ github.event_name == 'pull_request' && github.event.pull_request.head.sha || 'main-writer' }}"", ""cancel-in-progress"": false}","{""contents"": ""write""}",local-news-os/vnext/instances/valcea/migration/p18_shadow_migration.py,repository mutation,INVESTIGATE
civora,.github/workflows/local-news-os-vnext-valcea-shadow-projection.yml,LOCAL NEWS OS vNext Vâlcea Shadow Projection,"workflow_dispatch,push",,{},"{""contents"": ""write""}",local-news-os/vnext/core/public_route_compat.py;local-news-os/vnext/instances/valcea/migration/p18_shadow_migration.py;local-news-os/vnext/instances/valcea/migration/p18_shadow_projection_diff.py,repository mutation,INVESTIGATE
civora,.github/workflows/local-news-os-vnext.yml,LOCAL NEWS OS vNext Validation,"workflow_dispatch,pull_request,push",,{},"{""contents"": ""read""}",local-news-os/vnext/core/fact_kernel_engine.py;local-news-os/vnext/core/instance_model.py;local-news-os/vnext/core/newsworthiness_engine.py;local-news-os/vnext/core/primary_resolver.py;local-news-os/vnext/core/runtime_store.py;local-news-os/vnext/core/signal_engine.py;local-news-os/vnext/core/site_runtime.py;local-news-os/vnext/core/source_adapters.py;local-news-os/vnext/core/story_engine.py,publisher-capable invocation: inspect gates,INVESTIGATE
civora,.github/workflows/local-news-vnext-runtime-db.yml,LOCAL NEWS OS vNext Runtime DB,"pull_request,push,workflow_dispatch",,{},"{""contents"": ""read""}",local-news-os/vnext/core/database_backend.py;local-news-os/vnext/core/deployment_preflight.py;local-news-os/vnext/core/production_app.py;local-news-os/vnext/core/runtime_store.py;local-news-os/vnext/vercel_app.py,,INVESTIGATE
civora,.github/workflows/needs-factory-need-synthesis.yml,Needs Factory Need Synthesis,"push,pull_request,workflow_dispatch",,{},"{""contents"": ""read""}",partener-eu/needs-factory/tests/fixtures/fake_semantic_need_provider.py;partener-eu/needs-factory/tools/build_research_request.py;partener-eu/needs-factory/tools/run_need_synthesis.py;partener-eu/needs-factory/tools/run_research_gate_fixture.py,,INVESTIGATE
civora,.github/workflows/needs-factory-primary-research-pack.yml,Needs Factory Primary Research Pack,"push,pull_request,workflow_dispatch",,{},"{""contents"": ""read""}",partener-eu/needs-factory/tools/export_primary_research_pack.py;partener-eu/needs-factory/tools/run_research_gate_fixture.py,,INVESTIGATE
civora,.github/workflows/needs-factory-quality.yml,Needs Factory Quality,"push,pull_request,workflow_dispatch",,{},"{""contents"": ""read""}",partener-eu/needs-factory/tools/run_fixture.py;partener-eu/needs-factory/tools/run_research_gate_fixture.py;partener-eu/needs-factory/tools/run_resume_fixture.py,,INVESTIGATE
civora,.github/workflows/needs-factory-release-handoff.yml,Needs Factory Release Handoff,"push,pull_request,workflow_dispatch",,{},"{""contents"": ""read""}",partener-eu/needs-factory/tools/run_release_fixture.py;partener-eu/needs-factory/tools/run_research_gate_fixture.py,,INVESTIGATE
civora,.github/workflows/needs-factory-research-adapters.yml,Needs Factory Research Adapters,"push,pull_request,workflow_dispatch",,{},"{""contents"": ""read""}",partener-eu/needs-factory/tools/build_research_request.py;partener-eu/needs-factory/tools/run_research_gate_fixture.py,,INVESTIGATE
civora,.github/workflows/needs-factory-research-orchestrator.yml,Needs Factory Research Orchestrator,"push,pull_request,workflow_dispatch",,{},"{""contents"": ""read""}",partener-eu/needs-factory/tests/fixtures/fake_civora_provider.py;partener-eu/needs-factory/tools/build_research_request.py;partener-eu/needs-factory/tools/run_research_cycle.py;partener-eu/needs-factory/tools/run_research_gate_fixture.py,,INVESTIGATE
civora,.github/workflows/needs-factory-standalone-needs.yml,Needs Factory Standalone Needs Analysis,"push,pull_request,workflow_dispatch",,{},"{""contents"": ""read""}",partener-eu/needs-factory/tools/run_research_gate_fixture.py,,INVESTIGATE
civora,.github/workflows/partener-edge-local.yml,PARTENER.EU Edge Local Acquisition,"push,issues,workflow_dispatch",,"{""group"": ""partener-edge-local-acquisition"", ""cancel-in-progress"": false}","{""contents"": ""read""}",,,INVESTIGATE
civora,.github/workflows/partener-eu-afir-ingest.yml,PARTENER.EU AFIR Ingestion,"workflow_dispatch,schedule,push,pull_request",31 * * * *,"{""group"": ""partener-eu-afir-ingest-${{ github.event_name == 'pull_request' && github.head_ref || 'main' }}"", ""cancel-in-progress"": true}","{""contents"": ""write""}",partener-eu/ingest/afir_ingest.py;partener-eu/ingest/apply_afir_current_authoritative_dossiers.py;partener-eu/ingest/apply_step_lll_authoritative_dossier.py;partener-eu/ingest/build_afir_live_funds.py;partener-eu/ingest/build_afir_material_resolution_queue.py;partener-eu/ingest/build_decision_products.py;partener-eu/ingest/finalize_decision_products.py;partener-eu/ingest/intelligence_index.py;partener-eu/ingest/localize_decision_products.py;partener-eu/ingest/polish_decision_products.py;partener-eu/ingest/sync_decision_products_projection.py;partener-eu/ops/fix_afir_decision_extraction.py;partener-eu/ops/recover_decision_products_lkg.py;partener-eu/ops/test_afir_current_dossiers.py;partener-eu/ops/test_afir_live_funds.py;partener-eu/ops/test_afir_material_resolution_queue.py;partener-eu/ops/test_decision_products.py;partener-eu/ops/test_public_language.py;partener-eu/ops/test_step_lll_dossier.py;partener-eu/ops/validate_decision_products_lkg.py,repository mutation,INVESTIGATE
civora,.github/workflows/partener-eu-afir-pages-bridge.yml,PARTENER.EU AFIR Coverage Pages Bridge,"pull_request,push,workflow_run,workflow_dispatch",,"{""group"": ""partener-eu-afir-pages-bridge-${{ github.event.pull_request.number || 'main' }}"", ""cancel-in-progress"": true}","{""actions"": ""write"", ""contents"": ""read""}",partener-eu/ops/test_pages_trigger_contract.py,workflow dispatch,INVESTIGATE
civora,.github/workflows/partener-eu-afir-september-coverage.yml,PARTENER.EU AFIR September Coverage,"workflow_dispatch,pull_request,push,workflow_run",,"{""group"": ""partener-eu-afir-september-coverage"", ""cancel-in-progress"": true}","{""contents"": ""write""}",partener-eu/ingest/apply_afir_september_2026_updates.py;partener-eu/ingest/finalize_afir_september_2026_updates.py;partener-eu/ops/test_afir_september_2026_updates.py;partener-eu/ops/test_decision_products.py;partener-eu/ops/test_public_language.py;partener-eu/ops/validate_decision_products_lkg.py,repository mutation,INVESTIGATE
civora,.github/workflows/partener-eu-anaf-financial-smoke.yml,PARTENER.EU ANAF Financial Smoke,"pull_request,workflow_dispatch",,{},"{""contents"": ""read""}",partener-eu/ingest/anaf_company_financials.py,,INVESTIGATE
civora,.github/workflows/partener-eu-consultant-v3.yml,PARTENER.EU Consultant Workspace v3 QA,"workflow_dispatch,push,pull_request",,"{""group"": ""partener-eu-consultant-v3-qa-${{ github.event.pull_request.number || github.ref }}"", ""cancel-in-progress"": true}","{""contents"": ""read""}",partener-eu/ops/test_consultant_crud_v4.py;partener-eu/ops/test_consultant_runtime_v5.py;partener-eu/ops/test_consultant_workspace_v3.py,,INVESTIGATE
civora,.github/workflows/partener-eu-creative-europe-calls.yml,PARTENER.EU Creative Europe Call Index CI,"pull_request,workflow_dispatch",,{},"{""contents"": ""read"", ""actions"": ""read""}",partener-eu/ingest/creative_europe_call_fetch.py;partener-eu/ingest/creative_europe_call_index.py;partener-eu/ingest/creative_europe_ft_competitive_admission.py;partener-eu/ingest/creative_europe_ft_competitive_exact.py;partener-eu/ingest/creative_europe_ft_competitive_handoff.py;partener-eu/ingest/creative_europe_ft_competitive_projection.py;partener-eu/ingest/creative_europe_ft_competitive_reconcile.py;partener-eu/ingest/creative_europe_ft_exact.py;partener-eu/ingest/creative_europe_ft_handoff.py;partener-eu/ingest/creative_europe_ft_reconcile.py;partener-eu/ingest/creative_europe_ft_watch.py;partener-eu/ingest/creative_europe_ft_watch_reconcile.py;partener-eu/ops/test_creative_europe_call_fetch.py;partener-eu/ops/test_creative_europe_call_index.py;partener-eu/ops/test_creative_europe_ft_competitive.py;partener-eu/ops/test_creative_europe_ft_competitive_admission.py;partener-eu/ops/test_creative_europe_ft_competitive_handoff.py;partener-eu/ops/test_creative_europe_ft_competitive_projection.py;partener-eu/ops/test_creative_europe_ft_exact.py;partener-eu/ops/test_creative_europe_ft_handoff.py;partener-eu/ops/test_creative_europe_ft_reconcile.py;partener-eu/ops/test_creative_europe_ft_watch.py,,INVESTIGATE
civora,.github/workflows/partener-eu-cui-profile-smoke.yml,PARTENER.EU Persistent CUI Profile,"pull_request,workflow_dispatch",,{},"{""contents"": ""read""}",partener-eu/ingest/anaf_company_financials.py;partener-eu/ingest/anaf_company_identity.py;partener-eu/ingest/cui_profile_resolver.py,,INVESTIGATE
civora,.github/workflows/partener-eu-decision-products.yml,PARTENER.EU Decision Products,"workflow_dispatch,schedule,push,workflow_run",53 * * * *,"{""group"": ""partener-eu-decision-products"", ""cancel-in-progress"": true}","{""contents"": ""write""}",partener-eu/ingest/apply_afir_current_authoritative_dossiers.py;partener-eu/ingest/apply_step_lll_authoritative_dossier.py;partener-eu/ingest/build_call_lifecycle.py;partener-eu/ingest/build_decision_products.py;partener-eu/ingest/build_mipe_canonical_calls.py;partener-eu/ingest/build_mipe_enrichment_seeds.py;partener-eu/ingest/enrich_mipe_canonical_facts.py;partener-eu/ingest/finalize_decision_products.py;partener-eu/ingest/localize_decision_products.py;partener-eu/ingest/merge_mipe_canonical_dossiers.py;partener-eu/ingest/polish_decision_products.py;partener-eu/ingest/refine_afir_public_dossiers.py;partener-eu/ingest/refine_mipe_canonical_calls.py;partener-eu/ingest/score_dossier_depth.py;partener-eu/ingest/sync_decision_products_projection.py;partener-eu/ops/test_afir_current_dossiers.py;partener-eu/ops/test_call_lifecycle.py;partener-eu/ops/test_decision_products.py;partener-eu/ops/test_dossier_autonomy.py;partener-eu/ops/test_mipe_canonical_pipeline.py;partener-eu/ops/test_public_language.py;partener-eu/ops/test_step_lll_dossier.py;tmp/apply_afir_current_authoritative_dossiers.py;tmp/build_call_lifecycle.py;tmp/build_decision_products.py;tmp/build_mipe_canonical_calls.py;tmp/build_mipe_enrichment_seeds.py;tmp/enrich_mipe_canonical_facts.py;tmp/merge_mipe_canonical_dossiers.py;tmp/refine_afir_public_dossiers.py;tmp/refine_mipe_canonical_calls.py;tmp/score_dossier_depth.py;tmp/sync_decision_products_projection.py,repository mutation,INVESTIGATE
civora,.github/workflows/partener-eu-editorial-daily.yml,PARTENER.EU Editorial Daily Products,"workflow_dispatch,schedule,workflow_run,push",35 4 * * *,"{""group"": ""partener-eu-editorial-daily"", ""cancel-in-progress"": true}","{""contents"": ""write""}",partener-eu/ingest/build_daily_brief.py;partener-eu/ingest/build_people_policy.py;partener-eu/ingest/people_policy_official_ingest.py;partener-eu/ingest/refine_people_policy.py;partener-eu/ops/test_editorial_automation.py;partener-eu/ops/test_people_policy_source_intelligence.py,repository mutation,INVESTIGATE
civora,.github/workflows/partener-eu-eea-csf-live.yml,PARTENER.EU EEA Civil Society Live Evidence,"pull_request,workflow_dispatch,schedule",17 */6 * * *,"{""group"": ""partener-eu-eea-csf-live"", ""cancel-in-progress"": false}","{""contents"": ""read""}",partener-eu/ingest/eea_civil_society_fetch.py;partener-eu/ingest/eea_civil_society_reconcile.py;partener-eu/p11/eea_civil_society_stage.py,,INVESTIGATE
civora,.github/workflows/partener-eu-esc-source.yml,PARTENER.EU ESC Source Gate,"workflow_dispatch,pull_request,push,schedule","41 4,16 * * *","{""group"": ""partener-eu-esc-source-${{ github.event_name == 'pull_request' && github.event.pull_request.number || github.ref }}"", ""cancel-in-progress"": false}","{""contents"": ""read""}",partener-eu/ingest/esc_action_fetch.py;partener-eu/ops/test_esc_action_fetch.py;partener-eu/ops/test_esc_action_router.py,,INVESTIGATE
civora,.github/workflows/partener-eu-eu4health-hadea-ci.yml,PARTENER.EU EU4Health HaDEA Call CI,"pull_request,workflow_dispatch",,{},"{""contents"": ""read""}",partener-eu/ingest/eu4health_hadea_call.py;partener-eu/ingest/eu4health_hadea_ft_reconcile.py;partener-eu/ops/test_eu4health_hadea_call.py;partener-eu/ops/test_eu4health_hadea_ft_reconcile.py,,INVESTIGATE
civora,.github/workflows/partener-eu-eui-calls.yml,PARTENER.EU EUI Call Index Gate,"workflow_dispatch,pull_request,push",,"{""group"": ""partener-eu-eui-calls-${{ github.event_name == 'pull_request' && github.event.pull_request.number || github.ref }}"", ""cancel-in-progress"": false}","{""contents"": ""read""}",partener-eu/ingest/eui_call_fetch.py;partener-eu/ingest/eui_call_index.py;partener-eu/ops/test_eui_call_fetch.py;partener-eu/ops/test_eui_call_index.py,,INVESTIGATE
civora,.github/workflows/partener-eu-ft-programme-coverage.yml,PARTENER.EU F&T Programme Coverage Watch,"pull_request,workflow_dispatch",,{},"{""contents"": ""read"", ""actions"": ""read""}",partener-eu/ingest/eu_direct_cef_ft_exact.py;partener-eu/ingest/eu_direct_cef_ft_reconcile.py;partener-eu/ingest/eu_direct_ft_coverage_receipt.py;partener-eu/ingest/eu_direct_ft_programme_taxonomy.py;partener-eu/ingest/eu_direct_ft_programme_watch.py;partener-eu/ingest/eu_direct_life_ft_exact.py;partener-eu/ingest/eu_direct_life_ft_reconcile.py;partener-eu/ops/test_eu_direct_cef_ft_exact.py;partener-eu/ops/test_eu_direct_cef_ft_reconcile.py;partener-eu/ops/test_eu_direct_ft_coverage_receipt.py;partener-eu/ops/test_eu_direct_ft_programme_taxonomy.py;partener-eu/ops/test_eu_direct_ft_programme_watch.py;partener-eu/ops/test_eu_direct_life_ft_exact.py;partener-eu/ops/test_eu_direct_life_ft_reconcile.py,,INVESTIGATE
civora,.github/workflows/partener-eu-funding-tenders-live.yml,PARTENER.EU Funding & Tenders Live Evidence,"workflow_dispatch,pull_request,schedule",41 */6 * * *,"{""group"": ""partener-eu-funding-tenders-live"", ""cancel-in-progress"": false}","{""contents"": ""read""}",partener-eu/ingest/funding_tenders_api.py;partener-eu/ingest/funding_tenders_fetch.py;partener-eu/ingest/funding_tenders_reconcile.py;partener-eu/ops/test_funding_tenders_live_fetch.py;partener-eu/ops/test_funding_tenders_reconcile.py;partener-eu/ops/test_funding_tenders_structured_adapter.py;partener-eu/p11/funding_tenders_programme_resolution.py;partener-eu/p11/funding_tenders_projection_gate.py;partener-eu/p11/funding_tenders_run_gate.py;partener-eu/p11/funding_tenders_stage.py;partener-eu/p11/test_funding_tenders_programme_resolution.py;partener-eu/p11/test_funding_tenders_projection_gate.py;partener-eu/p11/test_funding_tenders_run_gate.py;partener-eu/p11/test_funding_tenders_stage.py,,INVESTIGATE
civora,.github/workflows/partener-eu-go-live.yml,PARTENER.EU Go Live,"issues,workflow_dispatch",,"{""group"": ""partener-eu-pages-v2"", ""cancel-in-progress"": false}","{""contents"": ""write"", ""pages"": ""write"", ""id-token"": ""write"", ""issues"": ""read""}",,repository mutation;Pages deploy,INVESTIGATE
civora,.github/workflows/partener-eu-legislatie-api.yml,PARTENER.EU Portal Legislativ API,"workflow_dispatch,schedule,push",47 */6 * * *,"{""group"": ""partener-eu-legislatie-api"", ""cancel-in-progress"": false}","{""contents"": ""write""}",partener-eu/ingest/legislatie_api_probe.py;partener-eu/ops/test_legislatie_api_policy.py,repository mutation,INVESTIGATE
civora,.github/workflows/partener-eu-mff-2028.yml,PARTENER.EU MFF 2028-2034 Monitor,"schedule,workflow_dispatch,push",17 */6 * * *,{},"{""contents"": ""write""}",partener-eu/ingest/mff_2028_probe.py,repository mutation,INVESTIGATE
civora,.github/workflows/partener-eu-mipe-collector-probe.yml,PARTENER.EU MIPE Trusted Collector Probe,"workflow_dispatch,push",,"{""group"": ""partener-eu-mipe-collector-probe"", ""cancel-in-progress"": true}","{""contents"": ""read""}",,,INVESTIGATE
civora,.github/workflows/partener-eu-mipe-dual-cache.yml,PARTENER.EU MIPE Dual Cache,"workflow_dispatch,push",,"{""group"": ""partener-eu-mipe-dual-cache"", ""cancel-in-progress"": true}","{""contents"": ""read""}",partener-eu/ingest/mipe_dual_cache.py,repository mutation,INVESTIGATE
civora,.github/workflows/partener-eu-mipe-dual-relay.yml,PARTENER.EU MIPE Dual Relay Diagnostic,workflow_dispatch,,"{""group"": ""partener-eu-mipe-dual-relay-diagnostic"", ""cancel-in-progress"": true}","{""contents"": ""read""}",partener-eu/ingest/mipe_resilient_ingest.py;partener-eu/ops/test_mipe_resilient_ingest.py,,INVESTIGATE
civora,.github/workflows/partener-eu-mipe-engine-v3.yml,PARTENER.EU MIPE Engine v3,"workflow_run,workflow_dispatch",,"{""group"": ""partener-eu-mipe-engine-v3"", ""cancel-in-progress"": false}","{""actions"": ""read"", ""contents"": ""write""}",partener-eu/ingest/build_call_lifecycle.py;partener-eu/ingest/build_decision_products.py;partener-eu/ingest/build_mipe_canonical_calls.py;partener-eu/ingest/build_mipe_enrichment_seeds.py;partener-eu/ingest/enrich_mipe_canonical_facts.py;partener-eu/ingest/finalize_decision_products.py;partener-eu/ingest/intelligence_index.py;partener-eu/ingest/localize_decision_products.py;partener-eu/ingest/merge_mipe_canonical_dossiers.py;partener-eu/ingest/polish_decision_products.py;partener-eu/ingest/project_mipe_v3_corpus.py;partener-eu/ingest/refine_afir_public_dossiers.py;partener-eu/ingest/refine_mipe_canonical_calls.py;partener-eu/ingest/score_dossier_depth.py;partener-eu/ops/test_dossier_autonomy.py;partener-eu/ops/test_mipe_canonical_pipeline.py;partener-eu/ops/test_mipe_enrichment_seed_quality.py;partener-eu/ops/test_mipe_v3_projection.py,,INVESTIGATE
civora,.github/workflows/partener-eu-mipe-final-cleanup-qa.yml,PARTENER.EU MIPE Final Cleanup QA,"workflow_dispatch,pull_request,push",,"{""group"": ""partener-eu-mipe-final-cleanup-${{ github.ref }}"", ""cancel-in-progress"": true}","{""contents"": ""read""}",partener-eu/ingest/apply_step_lll_authoritative_dossier.py;partener-eu/ingest/build_call_lifecycle.py;partener-eu/ingest/build_decision_products.py;partener-eu/ingest/build_mipe_canonical_calls.py;partener-eu/ingest/build_mipe_enrichment_seeds.py;partener-eu/ingest/enrich_mipe_canonical_facts.py;partener-eu/ingest/finalize_decision_products.py;partener-eu/ingest/intelligence_index.py;partener-eu/ingest/localize_decision_products.py;partener-eu/ingest/merge_mipe_canonical_dossiers.py;partener-eu/ingest/mipe_direct_only_ingest.py;partener-eu/ingest/mipe_resilient_ingest.py;partener-eu/ingest/mipe_windows_crawl_v3.py;partener-eu/ingest/normalize_mipe_health.py;partener-eu/ingest/polish_decision_products.py;partener-eu/ingest/project_mipe_v3_corpus.py;partener-eu/ingest/refine_afir_public_dossiers.py;partener-eu/ingest/refine_mipe_canonical_calls.py;partener-eu/ingest/score_dossier_depth.py;partener-eu/ops/audit_mipe_legacy.py;partener-eu/ops/p10_monitor_integrity.py;partener-eu/ops/test_dossier_autonomy.py;partener-eu/ops/test_frontend_regression.py;partener-eu/ops/test_mipe_canonical_pipeline.py;partener-eu/ops/test_mipe_decision_products_determinism_cleanup.py;partener-eu/ops/test_mipe_enrichment_seed_quality.py;partener-eu/ops/test_mipe_final_cleanup.py;partener-eu/ops/test_mipe_lifecycle_alias_cleanup.py;partener-eu/ops/test_mipe_lifecycle_monotonic_cleanup.py;partener-eu/ops/test_mipe_lifecycle_result_evidence_cleanup.py;partener-eu/ops/test_mipe_resilient_ingest.py;partener-eu/ops/test_mipe_route_arbitration.py;partener-eu/ops/test_mipe_v3_projection.py;partener-eu/ops/test_p10_policy_regression.py;partener-eu/ops/test_step_lll_dossier.py,,INVESTIGATE
civora,.github/workflows/partener-eu-mipe-ingest.yml,PARTENER.EU MIPE Ingestion,"workflow_dispatch,schedule,pull_request,push",17 * * * *,"{""group"": ""${{ github.event_name == 'pull_request' && format('partener-eu-mipe-ingest-pr-{0}', github.event.pull_request.number) || 'partener-eu-mipe-ingest-production' }}"", ""cancel-in-progress"": true}","{""contents"": ""write""}",partener-eu/ingest/build_mysmis_consultant_registry.py;partener-eu/ingest/intelligence_index.py;partener-eu/ingest/mipe_direct_only_ingest.py;partener-eu/ingest/mipe_discovery_ingest.py;partener-eu/ingest/mipe_resilient_ingest.py;partener-eu/ingest/mysmis_reporting_transport_scout.py;partener-eu/ingest/mysmis_transport_handoff.py;partener-eu/ingest/normalize_mipe_health.py;partener-eu/ingest/test_mipe_discovery_transport_gate.py;partener-eu/ingest/test_mysmis_transport_handoff.py;partener-eu/ops/test_mipe_resilient_ingest.py;partener-eu/ops/test_mipe_route_arbitration.py,repository mutation,INVESTIGATE
civora,.github/workflows/partener-eu-mipe-ro-crawl-v3.yml,PARTENER.EU MIPE Windows Crawl v3,"schedule,workflow_dispatch,push",17 */3 * * *,"{""group"": ""partener-eu-mipe-ro-crawl-v3"", ""cancel-in-progress"": true}","{""contents"": ""read""}",partener-eu/ingest/mipe_windows_crawl_v3_entry.py,,INVESTIGATE
civora,.github/workflows/partener-eu-mipe-ro-v3-scheduler.yml,PARTENER.EU MIPE Romania v3 Scheduler,workflow_dispatch,,"{""group"": ""partener-eu-mipe-ro-v3-scheduler"", ""cancel-in-progress"": true}","{""actions"": ""write"", ""contents"": ""read""}",,,INVESTIGATE
civora,.github/workflows/partener-eu-mipe-source-replay.yml,PARTENER.EU MIPE Persistent Source Replay,"workflow_dispatch,push",,"{""group"": ""partener-eu-mipe-source-replay"", ""cancel-in-progress"": true}","{""contents"": ""write""}",partener-eu/ingest/build_people_policy.py;partener-eu/ingest/people_policy_mipe_corpus_replay.py;partener-eu/ingest/people_policy_official_ingest.py;partener-eu/ingest/refine_people_policy.py;partener-eu/ops/test_people_policy_mipe_corpus_replay.py,repository mutation,INVESTIGATE
civora,.github/workflows/partener-eu-mipe-transport-scout.yml,PARTENER.EU MIPE Transport Scout,"workflow_dispatch,pull_request,push",,"{""group"": ""partener-eu-mipe-transport-scout-${{ github.ref }}"", ""cancel-in-progress"": true}","{""contents"": ""read""}",partener-eu/ingest/mipe_transport_scout.py;partener-eu/ingest/mysmis_reporting_transport_scout.py;partener-eu/ops/test_mysmis_reporting_transport_scout.py,repository mutation,INVESTIGATE
civora,.github/workflows/partener-eu-p11.yml,PARTENER.EU P11 Quality Gate,"push,pull_request,workflow_dispatch",,"{""group"": ""partener-eu-p11-${{ github.event_name }}-${{ github.ref }}"", ""cancel-in-progress"": true}","{""contents"": ""read""}",partener-eu/ops/quality_gate.py;partener-eu/p11/apply_resolutions.py;partener-eu/p11/build_public_projection.py;partener-eu/p11/build_staging_ledger.py;partener-eu/p11/validate_admission_batch.py;partener-eu/p11/validate_corpus.py,,INVESTIGATE
civora,.github/workflows/partener-eu-pages-diagnostic.yml,PARTENER.EU Pages Diagnostic,"workflow_dispatch,push",,"{""group"": ""partener-eu-pages-diagnostic"", ""cancel-in-progress"": true}","{""contents"": ""read"", ""pages"": ""read""}",,repository mutation,INVESTIGATE
civora,.github/workflows/partener-eu-pages.yml,PARTENER.EU Pages,"push,workflow_run,workflow_dispatch",,"{""group"": ""partener-eu-pages-v2"", ""cancel-in-progress"": false}","{""contents"": ""write"", ""pages"": ""write"", ""id-token"": ""write""}",partener-eu/ops/build_public_static_pages.py;partener-eu/ops/prove_public_deploy.py;partener-eu/ops/recover_decision_products_lkg.py;partener-eu/ops/sanitize_public_prepare_cards.py;partener-eu/ops/test_brand_civic_intelligence_v1.py;partener-eu/ops/test_public_language.py;partener-eu/ops/test_public_static_pages.py;partener-eu/ops/test_romana_pentru_munca_home_hero.py,repository mutation;Pages deploy,INVESTIGATE
civora,.github/workflows/partener-eu-peo-calendar.yml,PARTENER.EU PEO Calendar,"workflow_dispatch,schedule,push",37 * * * *,"{""group"": ""partener-eu-peo-calendar"", ""cancel-in-progress"": false}","{""contents"": ""write""}",partener-eu/ingest/intelligence_index.py;partener-eu/ingest/peo_calendar_ingest.py;partener-eu/ops/test_peo_calendar_identity.py;partener-eu/ops/test_peo_calendar_transport.py,repository mutation,INVESTIGATE
civora,.github/workflows/partener-eu-source-intelligence-ci.yml,PARTENER.EU Source Intelligence CI,"pull_request,workflow_dispatch",,{},"{""contents"": ""read""}",partener-eu/ingest/build_people_policy.py;partener-eu/ingest/people_policy_mipe_corpus_replay.py;partener-eu/ingest/people_policy_official_ingest.py;partener-eu/ingest/refine_people_policy.py;partener-eu/ops/test_people_policy_actor_boundaries.py;partener-eu/ops/test_people_policy_anre_source.py;partener-eu/ops/test_people_policy_ec_fitto_source.py;partener-eu/ops/test_people_policy_mipe_corpus_replay.py;partener-eu/ops/test_people_policy_ms_source_transport.py;partener-eu/ops/test_people_policy_signal_history.py;partener-eu/ops/test_people_policy_source_intelligence.py;partener-eu/ops/test_people_policy_statement_cue_parity.py,,INVESTIGATE
civora,.github/workflows/partener-eu-source-reconciliation-trigger.yml,PARTENER.EU Source Reconciliation Trigger,"workflow_dispatch,push",,"{""group"": ""partener-eu-source-reconciliation-trigger"", ""cancel-in-progress"": false}","{""actions"": ""write"", ""contents"": ""read""}",,workflow dispatch,INVESTIGATE
civora,.github/workflows/partener-eu-source-registry-ci.yml,PARTENER.EU Source Registry CI,"pull_request,workflow_dispatch",,{},"{""contents"": ""read""}",partener-eu/ingest/eea_civil_society_calls.py;partener-eu/ingest/eea_civil_society_fetch.py;partener-eu/ingest/eea_civil_society_reconcile.py;partener-eu/ingest/funding_tenders_api.py;partener-eu/ingest/funding_tenders_fetch.py;partener-eu/ingest/regiocentru_actions_fetch.py;partener-eu/ingest/source_registry_probe.py;partener-eu/ops/p10_validate.py;partener-eu/ops/test_eea_civil_society_calls.py;partener-eu/ops/test_eea_civil_society_fetch.py;partener-eu/ops/test_eea_civil_society_reconcile.py;partener-eu/ops/test_funding_tenders_live_fetch.py;partener-eu/ops/test_funding_tenders_structured_adapter.py;partener-eu/ops/test_interreg_rohu_pipeline_split.py;partener-eu/ops/test_p10_policy_regression.py;partener-eu/ops/test_regiocentru_actions_fetch.py;partener-eu/ops/test_source_registry_alias_fallback.py;partener-eu/ops/test_source_registry_current_hosts.py;partener-eu/ops/test_source_registry_external_expansion.py;partener-eu/ops/test_source_registry_low_info.py;partener-eu/p11/candidate_staging.py;partener-eu/p11/eea_civil_society_stage.py;partener-eu/p11/test_eea_civil_society_stage.py,,INVESTIGATE
civora,.github/workflows/partener-eu-source-registry.yml,PARTENER.EU Verified Source Registry,"workflow_dispatch,pull_request,push,schedule",23 */2 * * *,"{""group"": ""partener-eu-source-registry"", ""cancel-in-progress"": false}","{""contents"": ""write""}",partener-eu/ingest/intelligence_index.py;partener-eu/ingest/interreg_call_live_fetch.py;partener-eu/ingest/interreg_programming_live_fetch.py;partener-eu/ingest/source_registry_probe.py;partener-eu/ops/test_interreg_call.py;partener-eu/ops/test_interreg_call_live_fetch.py;partener-eu/ops/test_interreg_call_reconcile.py;partener-eu/ops/test_interreg_programming_intelligence.py;partener-eu/ops/test_interreg_programming_live_fetch.py;partener-eu/ops/test_interreg_rohu_pipeline_split.py;partener-eu/ops/test_source_registry_alias_fallback.py;partener-eu/ops/test_source_registry_external_expansion.py;partener-eu/ops/test_source_registry_low_info.py;partener-eu/ops/test_source_registry_task_revert.py;partener-eu/p11/interreg_call_stage.py;partener-eu/p11/test_interreg_call_stage.py,repository mutation,INVESTIGATE
civora,.github/workflows/partener-eu-ux-consolidated-v1-v4.yml,PARTENER.EU UX vNext QA,"workflow_dispatch,pull_request,push",,"{""group"": ""partener-eu-ux-vnext-${{ github.ref }}"", ""cancel-in-progress"": true}","{""contents"": ""read""}",partener-eu/ops/build_public_static_pages.py;partener-eu/ops/test_frontend_regression.py;partener-eu/ops/test_home_concierge_browser_vnext.py;partener-eu/ops/test_home_concierge_vnext.py;partener-eu/ops/test_public_boot_performance.py;partener-eu/ops/test_public_static_pages.py;partener-eu/ops/test_ux_browser_v1.py;partener-eu/ops/test_ux_card_scannability_v4.py;partener-eu/ops/test_ux_mobile_density_v3.py;partener-eu/ops/test_ux_optimization_v1.py;partener-eu/ops/test_ux_orientation_v2.py,,INVESTIGATE
civora,.github/workflows/partener-eu-validation.yml,PARTENER.EU Production Validation,"push,workflow_dispatch,schedule,workflow_run",17 */6 * * *,"{""group"": ""partener-eu-production-validation"", ""cancel-in-progress"": false}","{""contents"": ""write""}",partener-eu/ingest/build_mysmis_consultant_registry.py;partener-eu/ingest/intelligence_index.py;partener-eu/ingest/mysmis_call_inventory_scout.py;partener-eu/ops/check_public_site.py;partener-eu/ops/fix_consultant_workspace_v3.py;partener-eu/ops/mysmis_candidate_gate.py;partener-eu/ops/p10_acceptance_sync.py;partener-eu/ops/p10_monitor_integrity.py;partener-eu/ops/p10_resolution_tasks.py;partener-eu/ops/p10_validate.py;partener-eu/ops/quality_gate.py;partener-eu/ops/test_afir_ingest_policy.py;partener-eu/ops/test_consultant_workspace_v3.py;partener-eu/ops/test_decision_products.py;partener-eu/ops/test_frontend_regression.py;partener-eu/ops/test_mipe_engine_workflow_paths.py;partener-eu/ops/test_mipe_resilient_ingest.py;partener-eu/ops/test_mysmis_candidate_gate.py;partener-eu/ops/test_p10_policy_regression.py;partener-eu/ops/test_public_site_transport.py;partener-eu/ops/test_recovery.py;partener-eu/ops/test_validation_persistence_guard.py;partener-eu/ops/validation_persistence_guard.py;partener-eu/p11/apply_resolutions.py;partener-eu/p11/build_public_projection.py,repository mutation,INVESTIGATE
civora,.github/workflows/partener-eu-web-qa.yml,PARTENER.EU Web QA,"workflow_dispatch,push,pull_request",,"{""group"": ""partener-eu-web-qa-${{ github.event.pull_request.number || github.ref }}"", ""cancel-in-progress"": true}","{""contents"": ""read""}",partener-eu/ingest/apply_afir_current_authoritative_dossiers.py;partener-eu/ingest/apply_step_lll_authoritative_dossier.py;partener-eu/ingest/build_decision_products.py;partener-eu/ingest/finalize_decision_products.py;partener-eu/ingest/localize_decision_products.py;partener-eu/ingest/merge_mipe_canonical_dossiers.py;partener-eu/ingest/polish_decision_products.py;partener-eu/ingest/refine_afir_public_dossiers.py;partener-eu/ingest/score_dossier_depth.py;partener-eu/ingest/sync_decision_products_projection.py;partener-eu/ops/build_public_static_pages.py;partener-eu/ops/test_ask_partener_v2.py;partener-eu/ops/test_brand_civic_intelligence_v1.py;partener-eu/ops/test_consultant_crud_v4.py;partener-eu/ops/test_consultant_runtime_v5.py;partener-eu/ops/test_consultant_workspace_v3.py;partener-eu/ops/test_decision_products.py;partener-eu/ops/test_frontend_regression.py;partener-eu/ops/test_home_concierge_vnext.py;partener-eu/ops/test_public_boot_performance.py;partener-eu/ops/test_public_language.py;partener-eu/ops/test_public_product_v3.py;partener-eu/ops/test_public_site_transport.py;partener-eu/ops/test_public_static_pages.py;partener-eu/ops/test_romana_pentru_munca_home_hero.py;partener-eu/ops/test_web_hygiene.py,,INVESTIGATE
civora,.github/workflows/public-presence-os-ci.yml,PUBLIC PRESENCE OS CI,"pull_request,push,workflow_dispatch",,{},"{""contents"": ""read""}",scripts/build_release.py,,INVESTIGATE
civora,.github/workflows/public-presence-shadow.yml,PUBLIC PRESENCE SHADOW PREFLIGHT,workflow_dispatch,,"{""group"": ""public-presence-shadow-preflight"", ""cancel-in-progress"": true}","{""contents"": ""read""}",,,INVESTIGATE
civora,.github/workflows/rpm-lead-api.yml,Deploy RPM Lead API,"workflow_dispatch,push",,{},"{""contents"": ""read""}",,,INVESTIGATE
civora,.github/workflows/valcea-clar-ajofm-valcea-labour-market-references.yml,VÂLCEA CLAR AJOFM Vâlcea Labour Market References,"workflow_dispatch,pull_request,push",,"{""group"": ""valcea-clar-ajofm-valcea-labour-market-references-${{ github.ref }}"", ""cancel-in-progress"": true}","{""contents"": ""read""}",valcea-clar/scripts/ajofm_valcea_labor_market_index_adapter.py;valcea-clar/scripts/ajofm_valcea_labour_market_reference_adapter.py,,INVESTIGATE
civora,.github/workflows/valcea-clar-apavil-scheduled-water-interruption-references.yml,VÂLCEA CLAR APAVIL Scheduled Water Interruption References,"pull_request,workflow_dispatch",,"{""group"": ""valcea-clar-apavil-scheduled-water-interruption-references-${{ github.ref }}"", ""cancel-in-progress"": true}","{""contents"": ""read""}",valcea-clar/scripts/apavil_scheduled_water_interruption_reference_adapter.py,,INVESTIGATE
civora,.github/workflows/valcea-clar-apavil-signals.yml,VÂLCEA CLAR APAVIL Signals,"workflow_dispatch,pull_request,push",,"{""group"": ""valcea-clar-apavil-signals-${{ github.ref }}"", ""cancel-in-progress"": true}","{""contents"": ""read""}",valcea-clar/scripts/apavil_valcea_service_thread_state.py;valcea-clar/scripts/apavil_valcea_signal_adapter.py,,INVESTIGATE
civora,.github/workflows/valcea-clar-artist-story-links.yml,VÂLCEA CLAR Artist Story Links Compatibility Check,"workflow_dispatch,pull_request",,{},"{""contents"": ""read""}",valcea-clar/scripts/link_artist_profiles.py;valcea-clar/scripts/overlay_runtime_export.py,,INVESTIGATE
civora,.github/workflows/valcea-clar-babeni-municipal-announcement-document-references.yml,VÂLCEA CLAR Băbeni Municipal Announcement Document References,"pull_request,workflow_dispatch",,"{""group"": ""valcea-clar-babeni-municipal-announcement-document-references-${{ github.ref }}"", ""cancel-in-progress"": true}","{""contents"": ""read""}",valcea-clar/scripts/babeni_municipal_announcement_document_reference_adapter.py,,INVESTIGATE
civora,.github/workflows/valcea-clar-bjai-events-desk.yml,VÂLCEA CLAR BJAI Events Desk,"workflow_dispatch,pull_request,push",,"{""group"": ""valcea-clar-bjai-events-desk-${{ github.ref }}"", ""cancel-in-progress"": true}","{""contents"": ""read""}",valcea-clar/scripts/bjai_valcea_events_desk_normalizer.py;valcea-clar/scripts/bjai_valcea_events_signal_adapter.py,,INVESTIGATE
civora,.github/workflows/valcea-clar-bjai-events-signals.yml,VÂLCEA CLAR BJAI Event Signals,"workflow_dispatch,pull_request,push",,"{""group"": ""valcea-clar-bjai-events-${{ github.ref }}"", ""cancel-in-progress"": true}","{""contents"": ""read""}",valcea-clar/scripts/bjai_valcea_events_signal_adapter.py,,INVESTIGATE
civora,.github/workflows/valcea-clar-bjai-valcea-event-references.yml,VÂLCEA CLAR BJAI Vâlcea Event References,"workflow_dispatch,pull_request,push",,"{""group"": ""valcea-clar-bjai-valcea-event-references-${{ github.ref }}"", ""cancel-in-progress"": true}","{""contents"": ""read""}",valcea-clar/scripts/bjai_valcea_event_reference_adapter.py,,INVESTIGATE
civora,.github/workflows/valcea-clar-canonical-export.yml,VÂLCEA CLAR Canonical Runtime Acceptance,"workflow_dispatch,pull_request",,"{""group"": ""valcea-clar-canonical-runtime-${{ github.ref }}"", ""cancel-in-progress"": true}","{""contents"": ""read""}",valcea-clar/scripts/build_legal_pages.py;valcea-clar/scripts/build_public_data.py;valcea-clar/scripts/gambling_story_presentation.py;valcea-clar/scripts/newsroom_decide.py;valcea-clar/scripts/overlay_runtime_export.py;valcea-clar/scripts/public_ux_currentness.py;valcea-clar/scripts/public_ux_legal.py;valcea-clar/scripts/public_ux_manifest.py;valcea-clar/scripts/public_ux_story_integrity.py;valcea-clar/scripts/render_news_index.py;valcea-clar/scripts/render_rich_story_sections.py;valcea-clar/scripts/repair_continuous_frontpage.py;valcea-clar/scripts/smoke_web.py,,INVESTIGATE
civora,.github/workflows/valcea-clar-cas-provider-directory-recency.yml,VÂLCEA CLAR CAS Provider Directory Recency,"workflow_dispatch,pull_request,push",,"{""group"": ""valcea-clar-cas-provider-directory-recency-${{ github.ref }}"", ""cancel-in-progress"": true}","{""contents"": ""read""}",valcea-clar/scripts/cas_valcea_provider_directory_recency_state.py,,INVESTIGATE
civora,.github/workflows/valcea-clar-cas-provider-directory-reference-change.yml,VÂLCEA CLAR CAS Provider Directory Reference Change,"workflow_dispatch,pull_request,push",,"{""group"": ""valcea-clar-cas-provider-directory-reference-change-${{ github.ref }}"", ""cancel-in-progress"": true}","{""contents"": ""read""}",valcea-clar/scripts/cas_valcea_provider_directory_reference_change_state.py,,INVESTIGATE
civora,.github/workflows/valcea-clar-cas-provider-document-metadata.yml,VÂLCEA CLAR CAS Provider Document Metadata,"workflow_dispatch,pull_request,push",,"{""group"": ""valcea-clar-cas-provider-document-metadata-${{ github.ref }}"", ""cancel-in-progress"": true}","{""contents"": ""read""}",valcea-clar/scripts/cas_valcea_provider_document_metadata_state.py,,INVESTIGATE
civora,.github/workflows/valcea-clar-cas-service-signals.yml,VÂLCEA CLAR CAS Service Signals,"pull_request,workflow_dispatch",,{},"{""contents"": ""read""}",valcea-clar/scripts/cas_valcea_service_access_signal_adapter.py,,INVESTIGATE
civora,.github/workflows/valcea-clar-ccd-professional-development-signals.yml,VÂLCEA CLAR CCD Professional Development Signals,"workflow_dispatch,pull_request,push",,"{""group"": ""valcea-clar-ccd-professional-development-signals-${{ github.ref }}"", ""cancel-in-progress"": true}","{""contents"": ""read""}",valcea-clar/scripts/ccd_valcea_professional_development_signal_adapter.py,,INVESTIGATE
civora,.github/workflows/valcea-clar-cci-signals.yml,VÂLCEA CLAR CCI Vâlcea Signals,"workflow_dispatch,pull_request,push",,"{""group"": ""valcea-clar-cci-signals-${{ github.ref }}"", ""cancel-in-progress"": true}","{""contents"": ""read""}",valcea-clar/scripts/cci_valcea_signal_adapter.py,,INVESTIGATE
civora,.github/workflows/valcea-clar-cfr-craiova-speed-restriction-references.yml,VÂLCEA CLAR CFR Craiova Speed Restriction References,"workflow_dispatch,pull_request,push",,"{""group"": ""valcea-clar-cfr-craiova-speed-restriction-references-${{ github.ref }}"", ""cancel-in-progress"": true}","{""contents"": ""read""}",valcea-clar/scripts/cfr_craiova_speed_restriction_reference_adapter.py,,INVESTIGATE
civora,.github/workflows/valcea-clar-cfr-craiova-valcea-reference-change.yml,VÂLCEA CLAR CFR Craiova Vâlcea Reference Change,"workflow_dispatch,pull_request,push",,"{""group"": ""valcea-clar-cfr-craiova-valcea-reference-change-${{ github.ref }}"", ""cancel-in-progress"": true}","{""contents"": ""read""}",valcea-clar/scripts/cfr_craiova_valcea_reference_change_state.py,,INVESTIGATE
civora,.github/workflows/valcea-clar-cfr-craiova-valcea-scope.yml,VÂLCEA CLAR CFR Craiova Vâlcea Scope,"workflow_dispatch,pull_request,push",,"{""group"": ""valcea-clar-cfr-craiova-valcea-scope-${{ github.ref }}"", ""cancel-in-progress"": true}","{""contents"": ""read""}",valcea-clar/scripts/cfr_craiova_valcea_scope_validator.py,,INVESTIGATE
civora,.github/workflows/valcea-clar-cj-roadworks-signals.yml,VÂLCEA CLAR CJ Roadworks Signals,"workflow_dispatch,pull_request,push",,"{""group"": ""valcea-clar-cj-roadworks-signals-${{ github.ref }}"", ""cancel-in-progress"": true}","{""contents"": ""read""}",valcea-clar/scripts/cj_valcea_roadworks_signal_adapter.py,,INVESTIGATE
civora,.github/workflows/valcea-clar-cj-valcea-adopted-decision-reference.yml,VÂLCEA CLAR CJ Vâlcea Adopted Decision References,"workflow_dispatch,pull_request,push",,"{""group"": ""valcea-clar-cj-valcea-adopted-decision-reference-${{ github.ref }}"", ""cancel-in-progress"": true}","{""contents"": ""read""}",valcea-clar/scripts/cj_valcea_adopted_decision_reference_adapter.py,,INVESTIGATE
civora,.github/workflows/valcea-clar-cj-valcea-executive-disposition-register-reference.yml,VÂLCEA CLAR CJ Vâlcea Executive Disposition Register References,"workflow_dispatch,pull_request,push",,"{""group"": ""valcea-clar-cj-valcea-executive-disposition-register-reference-${{ github.ref }}"", ""cancel-in-progress"": true}","{""contents"": ""read""}",valcea-clar/scripts/cj_valcea_executive_disposition_register_reference_adapter.py,,INVESTIGATE
civora,.github/workflows/valcea-clar-cj-valcea-session-announcement-reference.yml,VÂLCEA CLAR CJ Vâlcea Session Announcement References,"workflow_dispatch,pull_request,push",,"{""group"": ""valcea-clar-cj-valcea-session-announcement-reference-${{ github.ref }}"", ""cancel-in-progress"": true}","{""contents"": ""read""}",valcea-clar/scripts/cj_valcea_session_announcement_reference_adapter.py,,INVESTIGATE
civora,.github/workflows/valcea-clar-cjrae-education-support-signals.yml,VÂLCEA CLAR CJRAE Education Support Signals,"workflow_dispatch,pull_request,push",,"{""group"": ""valcea-clar-cjrae-education-support-signals-${{ github.ref }}"", ""cancel-in-progress"": true}","{""contents"": ""read""}",valcea-clar/scripts/cjrae_valcea_education_support_signal_adapter.py,,INVESTIGATE
civora,.github/workflows/valcea-clar-djm-valcea-environment-permit-register-reference.yml,VÂLCEA CLAR DJM Vâlcea Environment Permit Register References,"workflow_dispatch,pull_request,push",,"{""group"": ""valcea-clar-djm-valcea-environment-permit-register-reference-${{ github.ref }}"", ""cancel-in-progress"": true}","{""contents"": ""read""}",valcea-clar/scripts/djm_valcea_environment_permit_register_reference_adapter.py,,INVESTIGATE
civora,.github/workflows/valcea-clar-dragasani-public-service-directory-references.yml,VÂLCEA CLAR Drăgășani Public Service Directory References,"pull_request,workflow_dispatch",,"{""group"": ""valcea-clar-dragasani-public-service-directory-references-${{ github.ref }}"", ""cancel-in-progress"": true}","{""contents"": ""read""}",valcea-clar/scripts/dragasani_public_service_directory_reference_adapter.py,,INVESTIGATE
civora,.github/workflows/valcea-clar-dsp-health-signals.yml,VÂLCEA CLAR DSP Health Signals,"workflow_dispatch,pull_request,push",,"{""group"": ""valcea-clar-dsp-health-signals-${{ github.ref }}"", ""cancel-in-progress"": true}","{""contents"": ""read""}",valcea-clar/scripts/dsp_valcea_health_signal_adapter.py,,INVESTIGATE
civora,.github/workflows/valcea-clar-dsp-public-health-signals.yml,VÂLCEA CLAR DSP Public Health Signals,"workflow_dispatch,pull_request,push",,"{""group"": ""valcea-clar-dsp-public-health-signals-${{ github.ref }}"", ""cancel-in-progress"": true}","{""contents"": ""read""}",valcea-clar/scripts/dsp_valcea_public_health_signal_adapter.py,,INVESTIGATE
civora,.github/workflows/valcea-clar-edition-delivery.yml,VÂLCEA CLAR S1 Edition Delivery,"workflow_dispatch,workflow_run,schedule,pull_request,push",12 * * * *,"{""group"": ""valcea-clar-s1-edition-delivery"", ""cancel-in-progress"": false}","{""contents"": ""write""}",valcea-clar/delivery/edition_delivery.py,repository mutation,KEEP
civora,.github/workflows/valcea-clar-edition-recovery.yml,VÂLCEA CLAR Edition Recovery,"workflow_dispatch,push,pull_request",,"{""group"": ""valcea-clar-edition-recovery-${{ github.event.pull_request.number || 'manual' }}"", ""cancel-in-progress"": false}","{""contents"": ""write""}",valcea-clar/scripts/build_live_feed.py;valcea-clar/scripts/editorial_writer.py;valcea-clar/scripts/generate_edition.py;valcea-clar/scripts/overlay_runtime_export.py;valcea-clar/scripts/render_frontpage.py,repository mutation,KEEP
civora,.github/workflows/valcea-clar-editions.yml,VÂLCEA CLAR Autonomous Editions,"workflow_dispatch,push,schedule","45,55 4,5,6 * * *;30,40 15,16,17 * * *","{""group"": ""valcea-clar-autonomous-editions"", ""cancel-in-progress"": false}","{""contents"": ""write""}",local-news-os/core/discover_primary_source_facts.py;valcea-clar/ingest/venue_ingest.py;valcea-clar/scripts/build_live_feed.py;valcea-clar/scripts/build_public_data.py;valcea-clar/scripts/generate_edition.py;valcea-clar/scripts/overlay_runtime_export.py;valcea-clar/scripts/probe_sources.py;valcea-clar/scripts/reconcile_ingest.py;valcea-clar/scripts/render_frontpage.py;valcea-clar/validation/validate.py,repository mutation,KEEP
civora,.github/workflows/valcea-clar-editorial-dispatch-contracts.yml,VÂLCEA CLAR Editorial Dispatch Contracts,"pull_request,workflow_dispatch",,{},"{""contents"": ""read""}",valcea-clar/social/build_editorial_dispatch_previews_v1_1.py;valcea-clar/social/editorial_asset_contract.py;valcea-clar/social/fetch_approved_photos.py,,INVESTIGATE
civora,.github/workflows/valcea-clar-editorial-opportunity-engine.yml,VÂLCEA CLAR Editorial Opportunity Engine,"workflow_dispatch,push,pull_request",,"{""group"": ""valcea-clar-editorial-opportunity-engine-${{ github.event.pull_request.number || 'main' }}"", ""cancel-in-progress"": true}","{""contents"": ""write""}",valcea-clar/scripts/editorial_opportunity_engine.py;valcea-clar/scripts/performing_arts_opportunity_adapter.py;valcea-clar/scripts/prune_volatile_json_changes.py,repository mutation,KEEP
civora,.github/workflows/valcea-clar-editorial-writer.yml,VÂLCEA CLAR Editorial Writer,"workflow_dispatch,pull_request,push",,{},"{""contents"": ""read""}",valcea-clar/scripts/build_live_feed.py;valcea-clar/scripts/build_public_data.py;valcea-clar/scripts/editorial_integrity.py;valcea-clar/scripts/editorial_writer.py;valcea-clar/scripts/generate_edition.py;valcea-clar/scripts/newsroom_candidate_diagnostic.py;valcea-clar/scripts/newsroom_decide.py;valcea-clar/scripts/render_frontpage.py;valcea-clar/scripts/render_story_pages.py,,KEEP
civora,.github/workflows/valcea-clar-editorial-writing-quality.yml,VÂLCEA CLAR Editorial Writing Quality,"pull_request,push,workflow_dispatch",,{},"{""contents"": ""read""}",valcea-clar/editorial/editorial_writing_quality.py;valcea-clar/scripts/editorial_quality_corpus_audit.py;valcea-clar/scripts/editorial_writer.py;valcea-clar/scripts/editorial_writer_quality_gate.py,,INVESTIGATE
civora,.github/workflows/valcea-clar-engine-guard.yml,VÂLCEA CLAR Site Engine Ownership Guard,"workflow_dispatch,pull_request,push,schedule",11 2 * * *,"{""group"": ""valcea-clar-site-engine-ownership-${{ github.ref }}"", ""cancel-in-progress"": true}","{""contents"": ""read""}",valcea-clar/scripts/audit_automation_surface.py;valcea-clar/scripts/validate_site_engine_ownership.py;valcea-clar/social/validate_social_engine.py,,KEEP
civora,.github/workflows/valcea-clar-eta-bus-route-directory-references.yml,VÂLCEA CLAR ETA Bus Route Directory References,"pull_request,workflow_dispatch",,"{""group"": ""valcea-clar-eta-bus-route-directory-references-${{ github.ref }}"", ""cancel-in-progress"": true}","{""contents"": ""read""}",valcea-clar/scripts/eta_bus_route_directory_reference_adapter.py,,INVESTIGATE
civora,.github/workflows/valcea-clar-eta-bus-service-announcement-references.yml,VÂLCEA CLAR ETA Bus Service Announcement References,"pull_request,workflow_dispatch",,"{""group"": ""valcea-clar-eta-bus-service-announcement-references-${{ github.ref }}"", ""cancel-in-progress"": true}","{""contents"": ""read""}",valcea-clar/scripts/eta_bus_service_announcement_reference_adapter.py,,INVESTIGATE
civora,.github/workflows/valcea-clar-eta-event-transport-detail-evidence.yml,VÂLCEA CLAR ETA Event Transport Detail Evidence,"pull_request,push,workflow_dispatch",,"{""group"": ""valcea-clar-eta-event-transport-${{ github.event.pull_request.number || github.ref }}"", ""cancel-in-progress"": true}","{""contents"": ""read""}",valcea-clar/scripts/eta_valcea_event_transport_detail_evidence.py;valcea-clar/scripts/eta_valcea_transport_archive_reference_adapter.py;valcea-clar/scripts/eta_valcea_transport_detail_evidence.py;valcea-clar/scripts/eta_valcea_transport_reference_adapter.py,,INVESTIGATE
civora,.github/workflows/valcea-clar-eta-historical-detail-reconciliation.yml,VÂLCEA CLAR ETA Historical Detail Reconciliation,"pull_request,push,workflow_dispatch",,"{""group"": ""valcea-clar-eta-historical-detail-${{ github.event.pull_request.number || github.ref }}"", ""cancel-in-progress"": true}","{""contents"": ""read""}",valcea-clar/scripts/eta_valcea_transport_archive_reference_adapter.py;valcea-clar/scripts/eta_valcea_transport_detail_evidence.py;valcea-clar/scripts/eta_valcea_transport_historical_detail_reconciliation.py;valcea-clar/scripts/eta_valcea_transport_reference_adapter.py,,INVESTIGATE
civora,.github/workflows/valcea-clar-eta-service-news-temporal-gate.yml,VÂLCEA CLAR ETA Service News Temporal Gate,"pull_request,push,workflow_dispatch",,"{""group"": ""valcea-clar-eta-service-temporal-${{ github.event.pull_request.number || github.ref }}"", ""cancel-in-progress"": true}","{""contents"": ""read""}",valcea-clar/scripts/eta_valcea_service_news_temporal_gate.py;valcea-clar/scripts/eta_valcea_transport_archive_reference_adapter.py;valcea-clar/scripts/eta_valcea_transport_detail_evidence.py;valcea-clar/scripts/eta_valcea_transport_historical_detail_reconciliation.py;valcea-clar/scripts/eta_valcea_transport_reference_adapter.py,,INVESTIGATE
civora,.github/workflows/valcea-clar-eta-signals.yml,VÂLCEA CLAR ETA Signals,"workflow_dispatch,pull_request,push",,"{""group"": ""valcea-clar-eta-signals-${{ github.ref }}"", ""cancel-in-progress"": true}","{""contents"": ""read""}",valcea-clar/scripts/eta_valcea_service_thread_state.py;valcea-clar/scripts/eta_valcea_signal_adapter.py,,INVESTIGATE
civora,.github/workflows/valcea-clar-eta-transport-archive-references.yml,VÂLCEA CLAR ETA Transport Archive References,"pull_request,push,workflow_dispatch",,"{""group"": ""valcea-clar-eta-transport-archive-${{ github.event.pull_request.number || github.ref }}"", ""cancel-in-progress"": true}","{""contents"": ""read""}",valcea-clar/scripts/eta_valcea_transport_archive_reference_adapter.py;valcea-clar/scripts/eta_valcea_transport_reference_adapter.py,,INVESTIGATE
civora,.github/workflows/valcea-clar-eta-transport-detail-evidence.yml,VÂLCEA CLAR ETA Transport Detail Evidence,"pull_request,push,workflow_dispatch",,"{""group"": ""valcea-clar-eta-transport-detail-${{ github.event.pull_request.number || github.ref }}"", ""cancel-in-progress"": true}","{""contents"": ""read""}",valcea-clar/scripts/eta_valcea_transport_detail_evidence.py;valcea-clar/scripts/eta_valcea_transport_reference_adapter.py,,INVESTIGATE
civora,.github/workflows/valcea-clar-eta-transport-references.yml,VÂLCEA CLAR ETA Transport References,"pull_request,push,workflow_dispatch",,"{""group"": ""valcea-clar-eta-transport-${{ github.event.pull_request.number || github.ref }}"", ""cancel-in-progress"": true}","{""contents"": ""read""}",valcea-clar/scripts/eta_valcea_transport_reference_adapter.py,,INVESTIGATE
civora,.github/workflows/valcea-clar-facebook-editorial-adapter.yml,VÂLCEA CLAR Facebook Editorial Adapter,"pull_request,workflow_dispatch",,{},"{""contents"": ""read""}",valcea-clar/social/facebook_editorial_preview_v1_1.py;valcea-clar/social/facebook_editorial_publish.py;valcea-clar/social/facebook_text_fallback.py;valcea-clar/social/feed_identity_v1_1.py;valcea-clar/social/fetch_approved_photos.py,publisher-capable invocation: inspect gates,INVESTIGATE
civora,.github/workflows/valcea-clar-facebook-profile-sync.yml,VÂLCEA CLAR Facebook Profile Sync,workflow_dispatch,,"{""group"": ""valcea-clar-facebook-profile-sync"", ""cancel-in-progress"": false}","{""contents"": ""write""}",valcea-clar/social/facebook_profile_sync.py,repository mutation,INVESTIGATE
civora,.github/workflows/valcea-clar-facebook-single-writer-guard.yml,VÂLCEA CLAR Facebook Single Writer Guard,"workflow_dispatch,pull_request",,"{""group"": ""valcea-clar-facebook-single-writer-${{ github.event.pull_request.number || 'manual' }}"", ""cancel-in-progress"": true}","{""contents"": ""read""}",valcea-clar/social/validate_facebook_single_writer.py,,INVESTIGATE
civora,.github/workflows/valcea-clar-fact-kernel.yml,VÂLCEA CLAR Fact Kernel Builder,"workflow_dispatch,schedule,pull_request,push","4,19,34,49 * * * *","{""group"": ""valcea-clar-fact-kernel-${{ github.event.pull_request.number || 'main' }}"", ""cancel-in-progress"": true}","{""contents"": ""write"", ""actions"": ""write""}",valcea-clar/scripts/fact_kernel_orchestrator.py;valcea-clar/scripts/promote_manual_publish_queue.py;valcea-clar/scripts/prune_volatile_json_changes.py,repository mutation;workflow dispatch;publisher-capable invocation: inspect gates,KEEP
civora,.github/workflows/valcea-clar-festival-intelligence-monitor.yml,VÂLCEA CLAR Cultural Sources Monitor,"workflow_dispatch,push,pull_request,schedule",13 */2 * * *;29 */6 * * *,"{""group"": ""valcea-clar-cultural-sources-${{ github.event.pull_request.number || 'main' }}"", ""cancel-in-progress"": true}","{""contents"": ""write"", ""actions"": ""write""}",valcea-clar/scripts/monitor_festival_sources.py;valcea-clar/scripts/monitor_performing_arts_sources.py;valcea-clar/scripts/promote_performing_arts_monitors.py;valcea-clar/scripts/prune_volatile_json_changes.py,repository mutation;workflow dispatch,KEEP
civora,.github/workflows/valcea-clar-filarmonica-valcea-upcoming-event-references.yml,VÂLCEA CLAR Filarmonica Vâlcea Upcoming Event References,"workflow_dispatch,pull_request,push",,"{""group"": ""valcea-clar-filarmonica-valcea-upcoming-event-references-${{ github.ref }}"", ""cancel-in-progress"": true}","{""contents"": ""read""}",valcea-clar/scripts/filarmonica_valcea_upcoming_event_reference_adapter.py,,INVESTIGATE
civora,.github/workflows/valcea-clar-health-service-crossref.yml,VÂLCEA CLAR Health Service Crossref,"workflow_dispatch,pull_request,push",,"{""group"": ""valcea-clar-health-service-crossref-${{ github.ref }}"", ""cancel-in-progress"": true}","{""contents"": ""read""}",valcea-clar/scripts/health_service_valcea_crossref_state.py,,INVESTIGATE
civora,.github/workflows/valcea-clar-health-workforce-context.yml,VÂLCEA CLAR Health Workforce Context,"pull_request,push,workflow_dispatch",,"{""group"": ""valcea-clar-health-workforce-context-${{ github.event.pull_request.number || github.ref }}"", ""cancel-in-progress"": true}","{""contents"": ""read""}",valcea-clar/scripts/health_workforce_detail_reconciliation.py;valcea-clar/scripts/health_workforce_reference_context_engine.py;valcea-clar/scripts/ms_valcea_health_workforce_reference_adapter.py;valcea-clar/scripts/posturi_gov_valcea_reference_adapter.py,,INVESTIGATE
civora,.github/workflows/valcea-clar-hold-projection.yml,VÂLCEA CLAR Publication Hold Projection,"push,workflow_dispatch",,"{""group"": ""valcea-clar-publication-hold-projection"", ""cancel-in-progress"": false}","{""contents"": ""write""}",valcea-clar/scripts/newsroom_decide.py;valcea-clar/scripts/overlay_runtime_export.py;valcea-clar/scripts/repair_continuous_frontpage.py,repository mutation,KEEP
civora,.github/workflows/valcea-clar-horezu-municipal-announcement-references.yml,VÂLCEA CLAR Horezu Municipal Announcement References,"pull_request,workflow_dispatch",,"{""group"": ""valcea-clar-horezu-municipal-announcement-references-${{ github.ref }}"", ""cancel-in-progress"": true}","{""contents"": ""read""}",valcea-clar/scripts/horezu_municipal_announcement_reference_adapter.py,,INVESTIGATE
civora,.github/workflows/valcea-clar-infotrafic-breaking-candidates.yml,VÂLCEA CLAR INFOTRAFIC Breaking Candidates,"workflow_dispatch,pull_request,push",,"{""group"": ""valcea-clar-infotrafic-breaking-candidates-${{ github.ref }}"", ""cancel-in-progress"": true}","{""contents"": ""read""}",valcea-clar/scripts/infotrafic_valcea_breaking_candidates.py;valcea-clar/scripts/infotrafic_valcea_newsroom_review_envelope.py;valcea-clar/scripts/test_infotrafic_valcea_breaking_candidates.py;valcea-clar/scripts/test_infotrafic_valcea_newsroom_review_envelope.py,,INVESTIGATE
civora,.github/workflows/valcea-clar-infotrafic-valcea-references.yml,VÂLCEA CLAR INFOTRAFIC Vâlcea References,"pull_request,workflow_dispatch",,"{""group"": ""valcea-clar-infotrafic-valcea-references-${{ github.ref }}"", ""cancel-in-progress"": true}","{""contents"": ""read""}",valcea-clar/scripts/infotrafic_valcea_recent_reference_adapter.py,,INVESTIGATE
civora,.github/workflows/valcea-clar-instagram-editorial-adapter.yml,VÂLCEA CLAR Instagram Editorial Adapter,"pull_request,workflow_dispatch",,{},"{""contents"": ""read""}",valcea-clar/social/feed_identity_v1_1.py;valcea-clar/social/fetch_approved_photos.py;valcea-clar/social/instagram_editorial_offline_selftest.py;valcea-clar/social/instagram_editorial_publish.py;valcea-clar/social/instagram_editorial_v1_1.py;valcea-clar/social/instagram_editorial_v1_2.py;valcea-clar/social/instagram_fact_card_publish.py,publisher-capable invocation: inspect gates,INVESTIGATE
civora,.github/workflows/valcea-clar-instagram-visual-preview.yml,VÂLCEA CLAR Instagram Visual Preview,"pull_request,workflow_dispatch",,{},"{""contents"": ""read""}",valcea-clar/social/fetch_approved_photos.py;valcea-clar/social/instagram_editorial_preview.py,,INVESTIGATE
civora,.github/workflows/valcea-clar-ipj-news-signals.yml,VÂLCEA CLAR IPJ News Signals,"workflow_dispatch,pull_request,push",,"{""group"": ""valcea-clar-ipj-news-signals-${{ github.ref }}"", ""cancel-in-progress"": true}","{""contents"": ""read""}",valcea-clar/scripts/ipj_valcea_news_signal_adapter.py,,INVESTIGATE
civora,.github/workflows/valcea-clar-ipj-public-safety-detail-evidence.yml,VÂLCEA CLAR IPJ Public Safety Detail Evidence,"pull_request,push,workflow_dispatch",,"{""group"": ""valcea-clar-ipj-public-safety-detail-${{ github.event.pull_request.number || github.ref }}"", ""cancel-in-progress"": true}","{""contents"": ""read""}",valcea-clar/scripts/ipj_valcea_public_safety_detail_evidence.py;valcea-clar/scripts/ipj_valcea_public_safety_reference_adapter.py,,INVESTIGATE
civora,.github/workflows/valcea-clar-ipj-public-safety-references.yml,VÂLCEA CLAR IPJ Public Safety References,"pull_request,push,workflow_dispatch",,"{""group"": ""valcea-clar-ipj-public-safety-${{ github.event.pull_request.number || github.ref }}"", ""cancel-in-progress"": true}","{""contents"": ""read""}",valcea-clar/scripts/ipj_valcea_public_safety_reference_adapter.py,,INVESTIGATE
civora,.github/workflows/valcea-clar-ipj-valcea-road-traffic-references.yml,VÂLCEA CLAR IPJ Vâlcea Road Traffic References,"pull_request,workflow_dispatch",,"{""group"": ""valcea-clar-ipj-valcea-road-traffic-references-${{ github.ref }}"", ""cancel-in-progress"": true}","{""contents"": ""read""}",valcea-clar/scripts/ipj_valcea_road_traffic_news_reference_adapter.py,,INVESTIGATE
civora,.github/workflows/valcea-clar-isj-education-deadlines.yml,VÂLCEA CLAR ISJ Education Deadlines,"workflow_dispatch,pull_request,push",,"{""group"": ""valcea-clar-isj-education-deadlines-${{ github.ref }}"", ""cancel-in-progress"": true}","{""contents"": ""read""}",valcea-clar/scripts/isj_valcea_education_deadline_state.py;valcea-clar/scripts/isj_valcea_education_signal_adapter.py,,INVESTIGATE
civora,.github/workflows/valcea-clar-isj-education-detail-evidence.yml,VÂLCEA CLAR ISJ Education Detail Evidence,"pull_request,push,workflow_dispatch",,"{""group"": ""valcea-clar-isj-education-detail-evidence-${{ github.event.pull_request.number || github.ref }}"", ""cancel-in-progress"": true}","{""contents"": ""read""}",valcea-clar/scripts/isj_valcea_education_detail_evidence.py;valcea-clar/scripts/isj_valcea_education_reference_adapter.py,,INVESTIGATE
civora,.github/workflows/valcea-clar-isj-education-references.yml,VÂLCEA CLAR ISJ Education References,"pull_request,push,workflow_dispatch",,"{""group"": ""valcea-clar-isj-education-references-${{ github.event.pull_request.number || github.ref }}"", ""cancel-in-progress"": true}","{""contents"": ""read""}",valcea-clar/scripts/isj_valcea_education_reference_adapter.py,,INVESTIGATE
civora,.github/workflows/valcea-clar-isj-education-signals.yml,VÂLCEA CLAR ISJ Education Signals,"workflow_dispatch,pull_request,push",,"{""group"": ""valcea-clar-isj-education-signals-${{ github.ref }}"", ""cancel-in-progress"": true}","{""contents"": ""read""}",valcea-clar/scripts/isj_valcea_education_signal_adapter.py,,INVESTIGATE
civora,.github/workflows/valcea-clar-isj-signals.yml,VÂLCEA CLAR ISJ Signals,"workflow_dispatch,pull_request,push",,"{""group"": ""valcea-clar-isj-signals-${{ github.ref }}"", ""cancel-in-progress"": true}","{""contents"": ""read""}",valcea-clar/scripts/isj_valcea_signal_adapter.py,,INVESTIGATE
civora,.github/workflows/valcea-clar-isj-valcea-education-home-references.yml,VÂLCEA CLAR ISJ Vâlcea Education Home References,"workflow_dispatch,pull_request,push",,"{""group"": ""valcea-clar-isj-valcea-education-home-references-${{ github.ref }}"", ""cancel-in-progress"": true}","{""contents"": ""read""}",valcea-clar/scripts/isj_valcea_education_home_reference_adapter.py,,INVESTIGATE
civora,.github/workflows/valcea-clar-isj-valcea-education-reference-change.yml,VÂLCEA CLAR ISJ Vâlcea Education Reference Change,"workflow_dispatch,pull_request,push",,"{""group"": ""valcea-clar-isj-valcea-education-reference-change-${{ github.ref }}"", ""cancel-in-progress"": true}","{""contents"": ""read""}",valcea-clar/scripts/isj_valcea_education_reference_change_state.py,,INVESTIGATE
civora,.github/workflows/valcea-clar-isu-avizare-autorizare.yml,VÂLCEA CLAR ISU Avizare-Autorizare References,"workflow_dispatch,pull_request,push",,"{""group"": ""valcea-clar-isu-avizare-autorizare-${{ github.ref }}"", ""cancel-in-progress"": true}","{""contents"": ""read""}",valcea-clar/scripts/isu_valcea_avizare_autorizare_reference_adapter.py,,INVESTIGATE
civora,.github/workflows/valcea-clar-isu-cjsu-decisions.yml,VÂLCEA CLAR ISU CJSU Decision References,"workflow_dispatch,pull_request,push",,"{""group"": ""valcea-clar-isu-cjsu-decisions-${{ github.ref }}"", ""cancel-in-progress"": true}","{""contents"": ""read""}",valcea-clar/scripts/isu_valcea_cjsu_decision_reference_adapter.py,,INVESTIGATE
civora,.github/workflows/valcea-clar-isu-emergency-detail-evidence.yml,VÂLCEA CLAR ISU Emergency Detail Evidence,"pull_request,push,workflow_dispatch",,"{""group"": ""valcea-clar-isu-emergency-detail-${{ github.event.pull_request.number || github.ref }}"", ""cancel-in-progress"": true}","{""contents"": ""read""}",valcea-clar/scripts/isu_valcea_emergency_detail_evidence.py;valcea-clar/scripts/isu_valcea_emergency_reference_adapter.py,,INVESTIGATE
civora,.github/workflows/valcea-clar-isu-emergency-references.yml,VÂLCEA CLAR ISU Emergency References,"pull_request,push,workflow_dispatch",,"{""group"": ""valcea-clar-isu-emergency-${{ github.event.pull_request.number || github.ref }}"", ""cancel-in-progress"": true}","{""contents"": ""read""}",valcea-clar/scripts/isu_valcea_emergency_reference_adapter.py,,INVESTIGATE
civora,.github/workflows/valcea-clar-isu-incident-thread-state.yml,VÂLCEA CLAR ISU Incident Thread State,"workflow_dispatch,pull_request,push",,"{""group"": ""valcea-clar-isu-incident-thread-state-${{ github.ref }}"", ""cancel-in-progress"": true}","{""contents"": ""read""}",valcea-clar/scripts/isu_valcea_incident_thread_state.py,,INVESTIGATE
civora,.github/workflows/valcea-clar-isu-local-news-signals.yml,VÂLCEA CLAR ISU Local News Signals,"workflow_dispatch,pull_request,push",,"{""group"": ""valcea-clar-isu-local-news-signals-${{ github.ref }}"", ""cancel-in-progress"": true}","{""contents"": ""read""}",valcea-clar/scripts/isu_valcea_local_news_signal_adapter.py,,INVESTIGATE
civora,.github/workflows/valcea-clar-isu-preventive-info.yml,VÂLCEA CLAR ISU Preventive Information,"workflow_dispatch,pull_request,push",,"{""group"": ""valcea-clar-isu-preventive-info-${{ github.ref }}"", ""cancel-in-progress"": true}","{""contents"": ""read""}",valcea-clar/scripts/isu_valcea_preventive_info_signal_adapter.py,,INVESTIGATE
civora,.github/workflows/valcea-clar-isu-safety-signals.yml,VÂLCEA CLAR ISU Safety Signals,"workflow_dispatch,pull_request,push",,"{""group"": ""valcea-clar-isu-safety-signals-${{ github.ref }}"", ""cancel-in-progress"": true}","{""contents"": ""read""}",valcea-clar/scripts/isu_valcea_public_safety_signal_adapter.py,,INVESTIGATE
civora,.github/workflows/valcea-clar-isu-valcea-press-release-references.yml,VÂLCEA CLAR ISU Vâlcea Press Release References,"pull_request,workflow_dispatch",,"{""group"": ""valcea-clar-isu-valcea-press-release-references-${{ github.ref }}"", ""cancel-in-progress"": true}","{""contents"": ""read""}",valcea-clar/scripts/isu_valcea_press_release_reference_adapter.py,,INVESTIGATE
civora,.github/workflows/valcea-clar-itm-valcea-public-information-references.yml,VÂLCEA CLAR ITM Vâlcea Public Information References,"workflow_dispatch,pull_request,push",,"{""group"": ""valcea-clar-itm-valcea-public-information-references-${{ github.ref }}"", ""cancel-in-progress"": true}","{""contents"": ""read""}",valcea-clar/scripts/itm_valcea_public_information_reference_adapter.py,,INVESTIGATE
civora,.github/workflows/valcea-clar-linkedin-editorial.yml,VÂLCEA CLAR LinkedIn Editorial Compatibility Check,"workflow_dispatch,pull_request",,"{""group"": ""valcea-clar-linkedin-editorial-check-${{ github.ref }}"", ""cancel-in-progress"": true}","{""contents"": ""read""}",valcea-clar/social/linkedin_editorial_materialize.py;valcea-clar/social/linkedin_editorial_v1.py,,INVESTIGATE
civora,.github/workflows/valcea-clar-live-http.yml,VÂLCEA CLAR Live HTTP Verification (manual diagnostic),workflow_dispatch,,"{""group"": ""valcea-clar-live-http-manual-${{ github.ref }}"", ""cancel-in-progress"": true}","{""contents"": ""read"", ""statuses"": ""write""}",,,INVESTIGATE
civora,.github/workflows/valcea-clar-live-newsroom-operator.yml,VÂLCEA CLAR Live Newsroom Operator Bridge,"push,workflow_dispatch",,"{""group"": ""valcea-clar-live-newsroom-operator-bridge"", ""cancel-in-progress"": false}","{""contents"": ""read"", ""actions"": ""write"", ""statuses"": ""write""}",,workflow dispatch,KEEP
civora,.github/workflows/valcea-clar-local-life-sync.yml,VÂLCEA CLAR Local Life Sync,"push,workflow_dispatch",,"{""group"": ""valcea-clar-local-life-sync"", ""cancel-in-progress"": false}","{""contents"": ""write""}",valcea-clar/scripts/repair_local_life_event_projection.py;valcea-clar/scripts/sync_local_life_events.py;valcea-clar/scripts/sync_local_life_surfaces.py,repository mutation,KEEP
civora,.github/workflows/valcea-clar-manual-publish.yml,VÂLCEA CLAR Manual Publish Intake,"workflow_dispatch,pull_request",,{},"{""contents"": ""read"", ""actions"": ""write""}",valcea-clar/scripts/promote_manual_publish_queue.py,workflow dispatch;publisher-capable invocation: inspect gates,INVESTIGATE
civora,.github/workflows/valcea-clar-monitor-ledger.yml,VÂLCEA CLAR Monitor Ledger,"workflow_dispatch,schedule,push,pull_request",11 * * * *,"{""group"": ""valcea-clar-monitor-ledger-${{ github.event.pull_request.number || 'main' }}"", ""cancel-in-progress"": true}","{""contents"": ""write""}",valcea-clar/scripts/council_watch_rm_valcea_v2.py;valcea-clar/scripts/infrastructure_watch.py;valcea-clar/scripts/market_intelligence_watch.py;valcea-clar/scripts/monitor_ledger.py;valcea-clar/scripts/promote_performing_arts_monitors.py;valcea-clar/scripts/validate_monitor_registry.py,repository mutation,KEEP
civora,.github/workflows/valcea-clar-ms-health-workforce-references.yml,VÂLCEA CLAR Ministry Health Workforce References,"pull_request,push,workflow_dispatch",,"{""group"": ""valcea-clar-ms-health-workforce-${{ github.event.pull_request.number || github.ref }}"", ""cancel-in-progress"": true}","{""contents"": ""read""}",valcea-clar/scripts/ms_valcea_health_workforce_reference_adapter.py,,INVESTIGATE
civora,.github/workflows/valcea-clar-ms-hospital-network-reference.yml,VÂLCEA CLAR MS Hospital Network Reference,"workflow_dispatch,pull_request,push",,"{""group"": ""valcea-clar-ms-hospital-network-reference-${{ github.ref }}"", ""cancel-in-progress"": true}","{""contents"": ""read""}",valcea-clar/scripts/ms_valcea_hospital_network_reference_adapter.py,,INVESTIGATE
civora,.github/workflows/valcea-clar-muzee-valcea-public-information-references.yml,VÂLCEA CLAR Muzee Vâlcea Public Information References,"workflow_dispatch,pull_request,push",,"{""group"": ""valcea-clar-muzee-valcea-public-information-references-${{ github.ref }}"", ""cancel-in-progress"": true}","{""contents"": ""read""}",valcea-clar/scripts/muzee_valcea_public_information_reference_adapter.py,,INVESTIGATE
civora,.github/workflows/valcea-clar-native-visual-identity-preview.yml,VÂLCEA CLAR Native Visual Identity Preview,"workflow_dispatch,pull_request",,"{""group"": ""valcea-clar-native-visual-identity-${{ github.event.pull_request.number || 'manual' }}"", ""cancel-in-progress"": true}","{""contents"": ""read""}",valcea-clar/social/native_identity.py;valcea-clar/social/render_native_visual_identity_previews.py;valcea-clar/social/validate_native_platform_identity.py,,INVESTIGATE
civora,.github/workflows/valcea-clar-newsroom-live.yml,VÂLCEA CLAR Live Newsroom,"workflow_dispatch,workflow_run,push,schedule",*/5 * * * *,"{""group"": ""valcea-clar-live-newsroom"", ""cancel-in-progress"": false}","{""contents"": ""write"", ""actions"": ""write""}",local-news-os/core/discover_primary_source_facts_fast.py;local-news-os/core/discovery_health.py;valcea-clar/scripts/build_live_feed.py;valcea-clar/scripts/build_public_data.py;valcea-clar/scripts/discovery_snapshot_material.py;valcea-clar/scripts/generate_edition.py;valcea-clar/scripts/newsroom_decide.py;valcea-clar/scripts/overlay_runtime_export.py;valcea-clar/scripts/render_frontpage.py;valcea-clar/scripts/render_story_pages.py;valcea-clar/scripts/repair_continuous_frontpage.py,repository mutation,KEEP
civora,.github/workflows/valcea-clar-newsroom-transaction-diagnostic.yml,VÂLCEA CLAR Live Newsroom Transaction Diagnostic,"workflow_dispatch,pull_request",,"{""group"": ""valcea-clar-newsroom-transaction-diagnostic-${{ github.event.pull_request.number || 'manual' }}"", ""cancel-in-progress"": true}","{""contents"": ""read""}",valcea-clar/scripts/newsroom_transaction_diagnostic.py,,INVESTIGATE
civora,.github/workflows/valcea-clar-observed-metrics-harvest.yml,LOCAL NEWS OS Fleet Observed Metrics Harvest,"schedule,workflow_dispatch,pull_request,push",23 * * * *,"{""group"": ""local-news-os-fleet-observed-metrics-harvest-${{ github.ref }}"", ""cancel-in-progress"": false}","{""contents"": ""read""}",local-news-os/social/durable_feedback_snapshot.py;local-news-os/social/fleet_metrics_authorization_seal.py;local-news-os/social/fleet_metrics_authorization_seal_with_reread_spend.py;local-news-os/social/fleet_metrics_credential_binding.py;local-news-os/social/fleet_metrics_harvest_orchestrator.py;local-news-os/social/fleet_metrics_transport_capability_gate.py;local-news-os/social/metrics_harvest_runtime.py;local-news-os/social/metrics_harvest_scheduler.py;local-news-os/social/metrics_transport_capability_registry.py;local-news-os/social/multi_instance_isolation.py;local-news-os/social/native_metrics_transport.py;local-news-os/social/observed_metrics_collector.py;local-news-os/social/operational_metrics_harvest_trigger.py;local-news-os/social/publication_metrics_catalog.py;local-news-os/social/test_fleet_metrics_authorization_seal.py;local-news-os/social/test_fleet_metrics_credential_binding.py;local-news-os/social/test_fleet_metrics_harvest_orchestrator.py;local-news-os/social/test_metrics_transport_capability_registry.py;local-news-os/social/test_operational_metrics_harvest_trigger.py,repository mutation,KEEP
civora,.github/workflows/valcea-clar-olanesti-investigation-monitor.yml,VÂLCEA CLAR — Olănești investigation monitor,"workflow_dispatch,push,schedule","17 4,14 * * *","{""group"": ""valcea-clar-olanesti-investigation-monitor"", ""cancel-in-progress"": false}","{""contents"": ""write"", ""issues"": ""write""}",valcea-clar/investigations/olanesti-omniasig/common.py;valcea-clar/investigations/olanesti-omniasig/engine.py;valcea-clar/investigations/olanesti-omniasig/monitor.py,repository mutation,KEEP
civora,.github/workflows/valcea-clar-owned-photo-ingest.yml,VÂLCEA CLAR Owned Photo Drive Ingest,"workflow_dispatch,pull_request",,"{""group"": ""valcea-clar-owned-photo-drive-ingest-${{ github.event.pull_request.number || 'manual' }}"", ""cancel-in-progress"": true}","{""contents"": ""read""}",valcea-clar/social/drive_owned_photo_ingest.py;valcea-clar/social/materialize_owned_photo_story.py;valcea-clar/social/owned_photo_semantic_registry.py;valcea-clar/social/owned_photo_story_matcher.py;valcea-clar/social/photo_atlas.py;valcea-clar/social/photo_atlas_owned_bridge.py,,INVESTIGATE
civora,.github/workflows/valcea-clar-people-intelligence.yml,VÂLCEA CLAR Identity Intelligence,"workflow_dispatch,schedule,push,pull_request",29 */6 * * *,"{""group"": ""valcea-clar-identity-intelligence-${{ github.event.pull_request.number || 'main' }}"", ""cancel-in-progress"": true}","{""contents"": ""write""}",valcea-clar/scripts/build_person_profiles.py;valcea-clar/scripts/discover_person_sources.py;valcea-clar/scripts/enrich_festival_artists.py;valcea-clar/scripts/render_artist_pages.py;valcea-clar/scripts/render_person_pages.py,repository mutation,KEEP
civora,.github/workflows/valcea-clar-persistence-scope-runtime.yml,VÂLCEA CLAR Persistence Scope Runtime Guard,"workflow_dispatch,pull_request",,"{""group"": ""valcea-clar-persistence-scope-runtime-${{ github.event.pull_request.number || 'manual' }}"", ""cancel-in-progress"": true}","{""contents"": ""read""}",valcea-clar/scripts/validate_persistence_scope_runtime_outputs.py,,INVESTIGATE
civora,.github/workflows/valcea-clar-person-candidate-discovery.yml,VÂLCEA CLAR Person Candidate Discovery,"workflow_dispatch,push,pull_request",,"{""group"": ""valcea-clar-person-candidate-discovery-${{ github.event.pull_request.number || 'main' }}"", ""cancel-in-progress"": true}","{""contents"": ""write""}",valcea-clar/scripts/discover_person_candidates.py,repository mutation,KEEP
civora,.github/workflows/valcea-clar-person-story-links.yml,VÂLCEA CLAR Person Story Links Compatibility Check,"workflow_dispatch,pull_request",,{},"{""contents"": ""read""}",valcea-clar/scripts/link_person_profiles.py;valcea-clar/scripts/overlay_runtime_export.py,,INVESTIGATE
civora,.github/workflows/valcea-clar-photo-atlas.yml,VÂLCEA CLAR Photo Atlas,"workflow_dispatch,pull_request",,"{""group"": ""valcea-clar-photo-atlas-${{ github.event.pull_request.number || 'manual' }}"", ""cancel-in-progress"": true}","{""contents"": ""read""}",valcea-clar/social/photo_atlas.py,,INVESTIGATE
civora,.github/workflows/valcea-clar-photo-candidate-discovery.yml,VÂLCEA CLAR Photo Candidate Discovery,"workflow_dispatch,pull_request,push",,"{""group"": ""valcea-clar-photo-candidate-discovery-${{ github.event.pull_request.number || 'main' }}"", ""cancel-in-progress"": true}","{""contents"": ""write""}",valcea-clar/social/photo_candidate_resolver.py,repository mutation,KEEP
civora,.github/workflows/valcea-clar-posturi-gov-references.yml,VÂLCEA CLAR Posturi.gov.ro References,"pull_request,workflow_dispatch",,"{""group"": ""valcea-clar-posturi-gov-${{ github.event.pull_request.number || github.ref }}"", ""cancel-in-progress"": true}","{""contents"": ""read""}",valcea-clar/scripts/posturi_gov_valcea_reference_adapter.py,,INVESTIGATE
civora,.github/workflows/valcea-clar-presentation-http-handoff.yml,VÂLCEA CLAR Presentation HTTP Handoff,workflow_dispatch,,"{""group"": ""valcea-clar-presentation-http-handoff"", ""cancel-in-progress"": true}","{""contents"": ""read"", ""actions"": ""write""}",,workflow dispatch,INVESTIGATE
civora,.github/workflows/valcea-clar-profile-identity-deployment.yml,VÂLCEA CLAR Profile Identity Deployment,"pull_request,workflow_dispatch",,"{""group"": ""valcea-clar-profile-deployment-${{ github.event.pull_request.number || 'manual' }}"", ""cancel-in-progress"": true}","{""contents"": ""read""}",valcea-clar/social/build_profile_identity_assets.py;valcea-clar/social/telegram_profile_identity_deploy.py;valcea-clar/social/validate_profile_identity_deployment.py;valcea-clar/social/whatsapp_profile_identity_deploy.py;valcea-clar/social/youtube_profile_identity_deploy.py,,INVESTIGATE
civora,.github/workflows/valcea-clar-profile-identity.yml,VÂLCEA CLAR Profile Identity Acceptance,"workflow_dispatch,pull_request",,"{""group"": ""valcea-clar-profile-identity-${{ github.event.pull_request.number || 'manual' }}"", ""cancel-in-progress"": true}","{""contents"": ""read""}",valcea-clar/social/build_profile_identity_assets.py;valcea-clar/social/native_identity.py;valcea-clar/social/validate_native_platform_identity.py;valcea-clar/social/validate_profile_identity.py;valcea-clar/social/validate_visual_identity_contract.py,,INVESTIGATE
civora,.github/workflows/valcea-clar-profile-presence.yml,VÂLCEA CLAR Profile Presence,"workflow_dispatch,pull_request",,{},"{""contents"": ""read""}",valcea-clar/social/validate_profile_presence.py,,INVESTIGATE
civora,.github/workflows/valcea-clar-public-health.yml,VÂLCEA CLAR Public HTTP Health,"workflow_dispatch,workflow_run,schedule,push,pull_request","23,53 * * * *","{""group"": ""valcea-clar-public-http-health-${{ github.event.pull_request.number || 'main' }}"", ""cancel-in-progress"": true}","{""contents"": ""read"", ""statuses"": ""write""}",valcea-clar/scripts/probe_public_site.py,,KEEP
civora,.github/workflows/valcea-clar-public-media-health.yml,VÂLCEA CLAR Public Article Media Health,"workflow_dispatch,workflow_run,schedule,push,pull_request","12,42 * * * *","{""group"": ""valcea-clar-public-article-media-${{ github.event.pull_request.number || 'main' }}"", ""cancel-in-progress"": true}","{""contents"": ""read"", ""statuses"": ""write""}",valcea-clar/scripts/probe_public_story_media.py,,INVESTIGATE
civora,.github/workflows/valcea-clar-public-safety-crosslink.yml,VÂLCEA CLAR Public Safety Crosslink,"workflow_dispatch,pull_request,push",,"{""group"": ""valcea-clar-public-safety-crosslink-${{ github.ref }}"", ""cancel-in-progress"": true}","{""contents"": ""read""}",valcea-clar/scripts/public_safety_valcea_crosslink_state.py,,INVESTIGATE
civora,.github/workflows/valcea-clar-public-ux-archive-invariant.yml,VÂLCEA CLAR Public UX Archive Invariant,"workflow_dispatch,pull_request",,"{""group"": ""valcea-clar-public-ux-archive-invariant-${{ github.event.pull_request.number || 'manual' }}"", ""cancel-in-progress"": true}","{""contents"": ""read""}",valcea-clar/scripts/public_ux_manifest.py;valcea-clar/scripts/public_ux_reset.py;valcea-clar/scripts/public_ux_story_integrity.py,,INVESTIGATE
civora,.github/workflows/valcea-clar-quality.yml,VÂLCEA CLAR Quality,"workflow_dispatch,pull_request,push",,"{""group"": ""valcea-clar-quality-${{ github.ref }}"", ""cancel-in-progress"": true}","{""contents"": ""read""}",valcea-clar/scripts/build_legal_pages.py;valcea-clar/scripts/build_public_data.py;valcea-clar/scripts/newsroom_decide.py;valcea-clar/scripts/overlay_runtime_export.py;valcea-clar/scripts/probe_sources.py;valcea-clar/scripts/public_ux_manifest.py;valcea-clar/scripts/public_ux_reset.py;valcea-clar/scripts/public_ux_story_integrity.py;valcea-clar/scripts/reconcile_ingest.py;valcea-clar/scripts/repair_continuous_frontpage.py;valcea-clar/scripts/smoke_web.py;valcea-clar/scripts/test_infotrafic_valcea_event_normalizer.py;valcea-clar/scripts/test_infotrafic_valcea_thread_state.py;valcea-clar/scripts/validate_data.py;valcea-clar/scripts/validate_public_legal_bridge.py;valcea-clar/scripts/validate_site_engine_ownership.py;valcea-clar/social/facebook_publish.py;valcea-clar/social/validate_social_engine.py,publisher-capable invocation: inspect gates,KEEP
civora,.github/workflows/valcea-clar-rajdp-network-reference.yml,VÂLCEA CLAR RAJDP Network Reference,"workflow_dispatch,pull_request,push",,"{""group"": ""valcea-clar-rajdp-network-reference-${{ github.ref }}"", ""cancel-in-progress"": true}","{""contents"": ""read""}",valcea-clar/scripts/rajdp_valcea_network_reference_adapter.py,,INVESTIGATE
civora,.github/workflows/valcea-clar-ramnicu-valcea-local-council-decision-reference.yml,VÂLCEA CLAR Râmnicu Vâlcea Local Council Decision References,"workflow_dispatch,pull_request,push",,"{""group"": ""valcea-clar-ramnicu-valcea-local-council-decision-reference-${{ github.ref }}"", ""cancel-in-progress"": true}","{""contents"": ""read""}",valcea-clar/scripts/ramnicu_valcea_local_council_decision_reference_adapter.py,,INVESTIGATE
civora,.github/workflows/valcea-clar-s2-research-writing.yml,VÂLCEA CLAR S2 Research & Writing,"workflow_dispatch,pull_request",,{},"{""contents"": ""read""}",valcea-clar/scripts/validate_s2_research_writing.py,,KEEP
civora,.github/workflows/valcea-clar-s3-visuals.yml,VÂLCEA CLAR S3 Visuals & Channels,"workflow_dispatch,pull_request,push",,"{""group"": ""valcea-clar-live-newsroom"", ""cancel-in-progress"": false}","{""contents"": ""write""}",valcea-clar/scripts/public_ux_media.py;valcea-clar/scripts/public_ux_story_integrity.py;valcea-clar/scripts/render_story_pages.py;valcea-clar/scripts/validate_s3_visuals_channels.py;valcea-clar/visuals/s3_visual_pack.py,repository mutation,KEEP
civora,.github/workflows/valcea-clar-s4-publication-ux.yml,VÂLCEA CLAR S4 Publication Experience,"workflow_dispatch,pull_request,push",,"{""group"": ""valcea-clar-live-newsroom"", ""cancel-in-progress"": false}","{""contents"": ""write""}",valcea-clar/scripts/public_ux_media.py;valcea-clar/scripts/public_ux_reset.py;valcea-clar/scripts/public_ux_story_integrity.py;valcea-clar/scripts/s4_publication_experience.py,repository mutation,KEEP
civora,.github/workflows/valcea-clar-s5-distinctive-products.yml,VÂLCEA CLAR S5 Distinctive Products,"workflow_dispatch,pull_request,push",,"{""group"": ""valcea-clar-live-newsroom"", ""cancel-in-progress"": false}","{""contents"": ""write""}",valcea-clar/scripts/public_ux_media.py;valcea-clar/scripts/public_ux_story_integrity.py;valcea-clar/scripts/s4_publication_experience.py;valcea-clar/scripts/s5_distinctive_products.py,repository mutation,KEEP
civora,.github/workflows/valcea-clar-s6-operations-governance.yml,VÂLCEA CLAR S6 Operations & Governance,"workflow_dispatch,schedule,push,pull_request",37 * * * *,"{""group"": ""valcea-clar-s6-governance-${{ github.event.pull_request.number || 'main' }}"", ""cancel-in-progress"": false}","{""contents"": ""write""}",valcea-clar/scripts/public_ux_story_integrity.py;valcea-clar/scripts/s4_publication_experience.py;valcea-clar/scripts/s5_distinctive_products.py;valcea-clar/scripts/s6_governance.py;valcea-clar/scripts/s6_runtime_rollback.py,repository mutation,KEEP
civora,.github/workflows/valcea-clar-saj-valcea-workforce-signals.yml,VÂLCEA CLAR SAJ Vâlcea Workforce Signals,"workflow_dispatch,pull_request,push",,"{""group"": ""valcea-clar-saj-valcea-workforce-signals-${{ github.ref }}"", ""cancel-in-progress"": true}","{""contents"": ""read""}",valcea-clar/scripts/saj_valcea_workforce_signal_adapter.py,,INVESTIGATE
civora,.github/workflows/valcea-clar-scm-newsroom-diagnostic.yml,VÂLCEA CLAR SCM Newsroom Acceptance Diagnostic,"workflow_dispatch,pull_request",,"{""group"": ""valcea-clar-scm-newsroom-diagnostic-${{ github.event.pull_request.number || 'manual' }}"", ""cancel-in-progress"": true}","{""contents"": ""read""}",valcea-clar/scripts/newsroom_candidate_diagnostic.py,,INVESTIGATE
civora,.github/workflows/valcea-clar-sga-valcea-water-permit-register-reference.yml,VÂLCEA CLAR SGA Vâlcea Water Permit Register References,"workflow_dispatch,pull_request,push",,"{""group"": ""valcea-clar-sga-valcea-water-permit-register-reference-${{ github.ref }}"", ""cancel-in-progress"": true}","{""contents"": ""read""}",valcea-clar/scripts/sga_valcea_water_permit_register_reference_adapter.py,,INVESTIGATE
civora,.github/workflows/valcea-clar-sju-hospital-reference.yml,VÂLCEA CLAR SJU Hospital Reference,"workflow_dispatch,pull_request,push",,"{""group"": ""valcea-clar-sju-hospital-reference-${{ github.ref }}"", ""cancel-in-progress"": true}","{""contents"": ""read""}",valcea-clar/scripts/sju_valcea_hospital_reference_adapter.py,,INVESTIGATE
civora,.github/workflows/valcea-clar-sju-service-reference-signals.yml,VÂLCEA CLAR SJU Service Reference Signals,"pull_request,workflow_dispatch",,{},"{""contents"": ""read""}",valcea-clar/scripts/ms_sju_valcea_service_reference_adapter.py,,INVESTIGATE
civora,.github/workflows/valcea-clar-sju-workforce-signals.yml,VÂLCEA CLAR SJU Workforce Signals,"pull_request,workflow_dispatch",,{},"{""contents"": ""read""}",valcea-clar/scripts/ms_sju_valcea_career_signal_adapter.py,,INVESTIGATE
civora,.github/workflows/valcea-clar-social-doctrine.yml,VÂLCEA CLAR Social Doctrine,"workflow_dispatch,pull_request",,{},"{""contents"": ""read""}",local-news-os/social/validate_channel_config.py;valcea-clar/social/validate_social_doctrine.py,,INVESTIGATE
civora,.github/workflows/valcea-clar-social-publishing.yml,VÂLCEA CLAR Social Publication Engine,"workflow_dispatch,pull_request,push,schedule","7,22,37,52 * * * *","{""group"": ""valcea-clar-social-publication-engine"", ""cancel-in-progress"": false}","{""contents"": ""write""}",local-news-os/social/validate_channel_config.py;valcea-clar/scripts/probe_public_site.py;valcea-clar/scripts/validate_site_engine_ownership.py;valcea-clar/social/build_live_story_outbox.py;valcea-clar/social/build_outbox_only_story_products.py;valcea-clar/social/build_social_media_assets.py;valcea-clar/social/editorial_asset_contract.py;valcea-clar/social/facebook_editorial_preview.py;valcea-clar/social/facebook_editorial_preview_v1_1.py;valcea-clar/social/facebook_editorial_publish.py;valcea-clar/social/facebook_publish.py;valcea-clar/social/facebook_text_fallback.py;valcea-clar/social/fetch_approved_photos.py;valcea-clar/social/instagram_editorial_publish.py;valcea-clar/social/instagram_editorial_v1.py;valcea-clar/social/instagram_editorial_v1_1.py;valcea-clar/social/instagram_editorial_v1_2.py;valcea-clar/social/instagram_fact_card_publish.py;valcea-clar/social/instagram_publish.py;valcea-clar/social/meta_auth_health.py;valcea-clar/social/social_common.py;valcea-clar/social/tiktok_publish.py;valcea-clar/social/validate_social_engine.py;valcea-clar/social/whatsapp_editorial_materialize.py,repository mutation;publisher-capable invocation: inspect gates,KEEP
civora,.github/workflows/valcea-clar-source-radar.yml,VÂLCEA CLAR Source Radar,"workflow_dispatch,schedule,push,pull_request",*/10 * * * *;23 * * * *;47 */6 * * *,"{""group"": ""valcea-clar-source-radar-${{ github.event.pull_request.number || 'main' }}"", ""cancel-in-progress"": false}","{""contents"": ""write""}",local-news-os/core/primary_signal_verifier.py;local-news-os/core/primary_signal_verifier_ranked.py;local-news-os/core/primary_signal_verifier_ranked_strict.py;local-news-os/core/primary_signal_verifier_routed_strict.py;local-news-os/core/primary_signal_verifier_strict.py;local-news-os/core/signal_radar.py;local-news-os/core/signal_radar_routed.py;local-news-os/core/signal_routing_contract.py;valcea-clar/scripts/probe_sources.py;valcea-clar/scripts/prune_volatile_json_changes.py;valcea-clar/scripts/source_intelligence_discover.py;valcea-clar/scripts/validate_signal_routing_regressions.py;valcea-clar/scripts/validate_source_intelligence_seed_registry.py,repository mutation,KEEP
civora,.github/workflows/valcea-clar-story-social-metadata.yml,VÂLCEA CLAR Story Social Metadata,"workflow_dispatch,schedule,workflow_run,push,pull_request",13 * * * *,"{""group"": ""valcea-clar-live-newsroom"", ""cancel-in-progress"": false}","{""contents"": ""write"", ""actions"": ""write""}",valcea-clar/scripts/build_live_feed.py;valcea-clar/scripts/public_ux_fresh_rank.py;valcea-clar/scripts/public_ux_manifest.py;valcea-clar/scripts/public_ux_media.py;valcea-clar/scripts/public_ux_media_integrity.py;valcea-clar/scripts/public_ux_reset.py;valcea-clar/scripts/render_story_pages.py;valcea-clar/scripts/validate_public_ux_freshness.py,repository mutation;workflow dispatch,KEEP
civora,.github/workflows/valcea-clar-structured-alerts.yml,VÂLCEA CLAR Structured Primary Alerts,"workflow_dispatch,schedule,push,pull_request","2,22,42 * * * *","{""group"": ""valcea-clar-structured-alerts-${{ github.event.pull_request.number || 'main' }}"", ""cancel-in-progress"": false}","{""contents"": ""write"", ""actions"": ""write""}",local-news-os/core/structured_alert_ingest.py;local-news-os/core/structured_alert_runtime.py;local-news-os/core/structured_electricity_interruption_parser.py;local-news-os/core/structured_electricity_schedule_adapter.py;local-news-os/core/structured_heat_interruption_parser.py;valcea-clar/scripts/compose_structured_alerts.py;valcea-clar/scripts/prune_volatile_json_changes.py,repository mutation;workflow dispatch,KEEP
civora,.github/workflows/valcea-clar-teatrul-anton-pann-journal-references.yml,VÂLCEA CLAR Teatrul Anton Pann Journal References,"workflow_dispatch,pull_request,push",,"{""group"": ""valcea-clar-teatrul-anton-pann-journal-references-${{ github.ref }}"", ""cancel-in-progress"": true}","{""contents"": ""read""}",valcea-clar/scripts/teatrul_anton_pann_journal_reference_adapter.py,,INVESTIGATE
civora,.github/workflows/valcea-clar-telegram-editorial.yml,VÂLCEA CLAR Telegram Editorial Compatibility Check,"workflow_dispatch,pull_request",,"{""group"": ""valcea-clar-telegram-editorial-check-${{ github.ref }}"", ""cancel-in-progress"": true}","{""contents"": ""read""}",valcea-clar/social/telegram_editorial_materialize.py;valcea-clar/social/telegram_editorial_v1.py,,INVESTIGATE
civora,.github/workflows/valcea-clar-threads-editorial.yml,VÂLCEA CLAR Threads Editorial,"workflow_dispatch,pull_request,push",,"{""group"": ""valcea-clar-threads-editorial-${{ github.event.pull_request.number || 'main' }}"", ""cancel-in-progress"": false}","{""contents"": ""write""}",valcea-clar/scripts/prune_volatile_json_changes.py;valcea-clar/social/threads_editorial_materialize.py;valcea-clar/social/threads_editorial_v1.py;valcea-clar/social/threads_publish.py,repository mutation;publisher-capable invocation: inspect gates,KEEP
civora,.github/workflows/valcea-clar-tiktok-editorial-preview.yml,VÂLCEA CLAR TikTok Editorial Preview,"pull_request,workflow_dispatch",,{},"{""contents"": ""read""}",valcea-clar/social/build_live_story_outbox.py;valcea-clar/social/build_social_media_assets.py;valcea-clar/social/social_common.py;valcea-clar/social/test_tiktok_premium_photo_product.py;valcea-clar/social/tiktok_editorial_v1.py;valcea-clar/social/tiktok_publish.py,publisher-capable invocation: inspect gates,INVESTIGATE
civora,.github/workflows/valcea-clar-traffic-dossier-thread-candidates.yml,VÂLCEA CLAR Traffic Dossier Thread Candidates,"pull_request,workflow_dispatch",,"{""group"": ""valcea-clar-traffic-dossier-thread-candidates-${{ github.ref }}"", ""cancel-in-progress"": true}","{""contents"": ""read""}",valcea-clar/scripts/traffic_dossier_thread_candidate_engine.py,,INVESTIGATE
civora,.github/workflows/valcea-clar-traffic-explicit-temporal-evidence.yml,VÂLCEA CLAR Traffic Explicit Temporal Evidence,"pull_request,workflow_dispatch",,"{""group"": ""valcea-clar-traffic-explicit-temporal-evidence-${{ github.ref }}"", ""cancel-in-progress"": true}","{""contents"": ""read""}",valcea-clar/scripts/traffic_dossier_thread_candidate_engine.py;valcea-clar/scripts/traffic_explicit_temporal_evidence_adapter.py,,INVESTIGATE
civora,.github/workflows/valcea-clar-traffic-reference-correlation.yml,VÂLCEA CLAR Traffic Reference Correlation,"pull_request,workflow_dispatch",,"{""group"": ""valcea-clar-traffic-reference-correlation-${{ github.ref }}"", ""cancel-in-progress"": true}","{""contents"": ""read""}",valcea-clar/scripts/traffic_reference_correlator.py,,INVESTIGATE
civora,.github/workflows/valcea-clar-traffic-temporal-evidence-flow.yml,VÂLCEA CLAR Traffic Temporal Evidence Flow,"pull_request,workflow_dispatch",,"{""group"": ""valcea-clar-traffic-temporal-evidence-flow-${{ github.ref }}"", ""cancel-in-progress"": true}","{""contents"": ""read""}",valcea-clar/scripts/infotrafic_valcea_recent_reference_adapter.py;valcea-clar/scripts/ipj_valcea_road_traffic_news_reference_adapter.py;valcea-clar/scripts/traffic_dossier_thread_candidate_engine.py;valcea-clar/scripts/traffic_explicit_temporal_evidence_adapter.py;valcea-clar/scripts/traffic_reference_correlator.py;valcea-clar/scripts/traffic_temporal_evidence_flow.py,,INVESTIGATE
civora,.github/workflows/valcea-clar-venues-ingest.yml,VÂLCEA CLAR — UNDE IEȘIM ingest,"workflow_dispatch,pull_request,push,schedule",23 */6 * * *,"{""group"": ""valcea-clar-unde-iesim-ingest"", ""cancel-in-progress"": false}","{""contents"": ""write""}",valcea-clar/ingest/discovery_overlay_guard.py;valcea-clar/ingest/venue_discovery.py;valcea-clar/ingest/venue_ingest.py;valcea-clar/scripts/build_public_data.py;valcea-clar/scripts/promote_verified_venues.py;valcea-clar/scripts/quarantine_venue_identity_collisions.py;valcea-clar/scripts/reconcile_ingest.py;valcea-clar/scripts/validate_data.py;valcea-clar/validation/validate.py,repository mutation,KEEP
civora,.github/workflows/valcea-clar-whatsapp-editorial.yml,VÂLCEA CLAR WhatsApp Editorial Compatibility Check,"workflow_dispatch,pull_request",,"{""group"": ""valcea-clar-whatsapp-editorial-check-${{ github.ref }}"", ""cancel-in-progress"": true}","{""contents"": ""read""}",valcea-clar/social/whatsapp_editorial_materialize.py;valcea-clar/social/whatsapp_editorial_v1.py,,INVESTIGATE
civora,.github/workflows/valcea-clar-x-api-gate.yml,VÂLCEA CLAR X API Compatibility Check,"workflow_dispatch,pull_request",,"{""group"": ""valcea-clar-x-api-check-${{ github.ref }}"", ""cancel-in-progress"": true}","{""contents"": ""read""}",local-news-os/social/validate_channel_config.py;valcea-clar/social/x_publish.py,publisher-capable invocation: inspect gates,INVESTIGATE
civora,.github/workflows/valcea-clar-x-native-outbox.yml,VÂLCEA CLAR X Native Outbox,"pull_request,workflow_dispatch",,{},"{""contents"": ""read""}",local-news-os/social/validate_channel_config.py;valcea-clar/social/build_outbox_only_story_products.py;valcea-clar/social/validate_social_doctrine.py,,INVESTIGATE
civora,.github/workflows/valcea-clar-youtube-api-gate.yml,VÂLCEA CLAR YouTube API Gate,"pull_request,workflow_dispatch",,"{""group"": ""valcea-clar-youtube-api-gate-${{ github.event.pull_request.number || 'manual' }}"", ""cancel-in-progress"": false}","{""contents"": ""write""}",local-news-os/social/validate_channel_config.py;valcea-clar/social/youtube_auth_gate.py,repository mutation,INVESTIGATE
civora,.github/workflows/valcea-clar-youtube-editorial.yml,VÂLCEA CLAR YouTube Editorial Compatibility Check,"workflow_dispatch,pull_request",,"{""group"": ""valcea-clar-youtube-editorial-check-${{ github.ref }}"", ""cancel-in-progress"": true}","{""contents"": ""read""}",valcea-clar/social/youtube_editorial_materialize.py;valcea-clar/social/youtube_editorial_v1.py,,INVESTIGATE
valcea-clar,.github/workflows/civora-sync.yml,VÂLCEA CLAR — CIVORA Public Sync,"workflow_dispatch,schedule,push","1,16,31,46 * * * *","{""group"": ""valcea-clar-civora-public-sync"", ""cancel-in-progress"": false}","{""contents"": ""write"", ""pages"": ""write"", ""id-token"": ""write""}",scripts/build.py;scripts/check_civora_projection_ready.py;scripts/enrich_metadata.py;scripts/history_projection.py;scripts/readback_media.py;scripts/reconcile_civora_currentness_events.py;scripts/sync_civora.py;scripts/verify.py,repository mutation;Pages deploy,KEEP
valcea-clar,.github/workflows/deploy-pages.yml,deploy-pages-manual,workflow_dispatch,,"{""group"": ""pages"", ""cancel-in-progress"": false}","{""contents"": ""read"", ""pages"": ""write"", ""id-token"": ""write""}",scripts/build.py;scripts/enrich_metadata.py;scripts/history_projection.py;scripts/sync_civora.py;scripts/verify.py,Pages deploy,KEEP
valcea-clar,.github/workflows/local-life-readback.yml,local-life-public-readback,"push,workflow_dispatch,schedule","8,23,38,53 * * * *",{},"{""contents"": ""read"", ""actions"": ""write""}",,workflow dispatch,KEEP
valcea-clar,.github/workflows/pages-state.yml,pages-state,push,,{},"{""contents"": ""write"", ""pages"": ""write""}",,repository mutation,KEEP
valcea-clar,.github/workflows/pr-validation.yml,PR validation harness,pull_request,,{},"{""contents"": ""read""}",scripts/build.py;scripts/enrich_metadata.py;scripts/history_projection.py;scripts/sync_civora.py;scripts/verify.py,,KEEP
valcea-clar,.github/workflows/quality.yml,quality,"push,pull_request",,{},"{""contents"": ""read""}",scripts/build.py;scripts/check_civora_projection_ready.py;scripts/enrich_metadata.py;scripts/history_projection.py;scripts/sync_civora.py;scripts/verify.py,,KEEP
